:020000040800F2
:1000000000000220813C0008492900084B29000813
:100010004D2900084F290008512900080000000060
:10002000000000000000000000000000532900084C
:100030005529000800000000572900085929000828
:10004000D13C0008D13C0008D13C0008D13C00085C
:10005000D13C00086729000869290008D13C000844
:10006000732900087D29000887290008D13C000871
:10007000D13C0008D13C0008D13C0008D13C00082C
:10008000D13C0008D13C0008D13C00080000000031
:10009000000000000000000000000000912900089E
:1000A000D13C0008D13C0008D13C0008D13C0008FC
:1000B000D13C00089D290008AD290008D13C00086A
:1000C000D13C0008D13C0008D13C0008D13C0008DC
:1000D000D13C0008D13C0008D13C000800000000E1
:1000E000D13C0008D13C0008D13C000800000000D1
:1000F000000000000000000000000000D13C0008EB
:1001000000000000D13C0008D13C0008D13C0008B0
:1001100000000000000000000000000000000000DF
:10012000D13C0008BD290008D13C0008D13C0008A2
:10013000D13C0008000000000000000000000000AA
:10014000000000000000000000000000D13C00089A
:10015000D13C0008D13C0008D13C0008D13C00084B
:10016000D13C0008D13C0008000000000000000065
:10017000000000000000000000000000000000007F
:1001800000000000D13C000800000000000000005A
:08019000CD290008D13C000854
:1001A00010B5054C237833B9044B13B10448AFF3B1
:1001B00000800123237010BDC40200200000000055
:1001C000B450030808B5034B1BB103490348AFF310
:1001D000008008BD00000000C8020020B4500308E1
:1001E00010F8012B11F8013B012A28BF9A42F7D0E1
:1001F000D01A70470000000000000000000000005E
:1002000001F0FF01102A2BDB10F0070F08D010F8C7
:10021000013B013A8B422DD010F0070F42B3F6D1CB
:10022000F0B441EA012141EA014122F007047FF0E4
:1002300000070023F0E80256083C85EA010586EA3B
:10024000010685FA47F5A3FA87F586FA47F6A5FA77
:1002500087F68EB9EED1F0BC01F0FF0102F0070283
:1002600032B110F8013B013A83EA010313B1F8D12E
:100270000020704701387047002D06BF354603380F
:10028000073815F0010F07D1013015F4807F02BF48
:10029000013015F4C03F0130F0BC0138704700BF99
:1002A000034613F8012B002AFBD1181A01387047B6
:1002B00081F0004102E000BF83F0004330B54FEA17
:1002C00041044FEA430594EA050F08BF90EA020F84
:1002D0001FBF54EA000C55EA020C7FEA645C7FEA17
:1002E000655C00F0E2804FEA5454D4EB5555B8BF3A
:1002F0006D420CDD2C4480EA020281EA030382EAAB
:10030000000083EA010180EA020281EA0303362D3C
:1003100088BF30BD11F0004F4FEA01314FF4801C0F
:100320004CEA113102D0404261EB410113F0004F21
:100330004FEA03334CEA133302D0524263EB4303D8
:1003400094EA050F00F0A780A4F10104D5F1200E76
:100350000DDB02FA0EFC22FA05F2801841F10001D1
:1003600003FA0EF2801843FA05F359410EE0A5F1A5
:1003700020050EF1200E012A03FA0EFC28BF4CF0D6
:10038000020C43FA05F3C01851EBE37101F000458C
:1003900007D54FF0000EDCF1000C7EEB00006EEB99
:1003A0000101B1F5801F1BD3B1F5001F0CD3490823
:1003B0005FEA30004FEA3C0C04F101044FEA44527A
:1003C00012F5800F80F09A80BCF1004F08BF5FEA01
:1003D000500C50F1000041EB045141EA050130BDE1
:1003E0005FEA4C0C404141EB0101013C28BFB1F5F3
:1003F000801FE9D291F0000F04BF01460020B1FA3E
:1004000081F308BF2033A3F10B03B3F120020CDA10
:100410000C3208DD02F1140CC2F10C0201FA0CF0EE
:1004200021FA02F10CE002F11402D8BFC2F1200C53
:1004300001FA02F120FA0CFCDCBF41EA0C01904009
:10044000E41AA2BF01EB0451294330BD6FEA040452
:100450001F3C1CDA0C340EDC04F11404C4F120023D
:1004600020FA04F001FA02F340EA030021FA04F34F
:1004700045EA030130BDC4F10C04C4F1200220FAA6
:1004800002F001FA04F340EA0300294630BD21FAE4
:1004900004F0294630BD94F0000F83F4801306BFAA
:1004A00081F480110134013D4EE77FEA645C18BF9E
:1004B0007FEA655C29D094EA050F08BF90EA020F35
:1004C00005D054EA000C04BF1946104630BD91EA2D
:1004D000030F1EBF0021002030BD5FEA545C05D130
:1004E0004000494128BF41F0004130BD14F580046F
:1004F0003CBF01F5801130BD01F0004545F0FE41E3
:1005000041F470014FF0000030BD7FEA645C1ABF17
:10051000194610467FEA655C1CBF0B46024650EA4E
:10052000013406BF52EA033591EA030F41F400217A
:1005300030BD00BF90F0000F04BF0021704730B500
:100540004FF4806404F132044FF000054FF00001D5
:1005500050E700BF90F0000F04BF0021704730B596
:100560004FF4806404F1320410F0004548BF40426B
:100570004FF000013EE700BF42004FEAE2014FEAC0
:1005800031014FEA02701FBF12F07F4393F07F4F9B
:1005900081F06051704732F07F4208BF704793F09E
:1005A0007F4F04BF41F40021704730B54FF46074B1
:1005B00001F0004521F000411CE700BF50EA0102B4
:1005C00008BF704730B54FF000050AE050EA01025D
:1005D00008BF704730B511F0004502D5404261EBCD
:1005E00041014FF4806404F132045FEA915C3FF40E
:1005F000D8AE4FF003025FEADC0C18BF03325FEAAB
:10060000DC0C18BF033202EBDC02C2F1200300FA5B
:1006100003FC20FA02F001FA03FE40EA0E0021FA80
:1006200002F11444BDE600BF70B54FF0FF0C4CF46E
:10063000E06C1CEA11541DBF1CEA135594EA0C0F20
:1006400095EA0C0F00F0DEF82C4481EA030621EA5B
:100650004C5123EA4C5350EA013518BF52EA033596
:1006600041F4801143F4801338D0A0FB02CE4FF048
:100670000005E1FB02E506F00042E0FB03E54FF078
:100680000006E1FB03569CF0000F18BF4EF0010E70
:10069000A4F1FF04B6F5007F64F5407404D25FEA6C
:1006A0004E0E6D4146EB060642EAC62141EA55511F
:1006B0004FEAC52040EA5E504FEACE2EB4F1FD0C61
:1006C00088BFBCF5E06F1ED8BEF1004F08BF5FEADF
:1006D000500E50F1000041EB045170BD06F0004691
:1006E00046EA010140EA020081EA0301B4EB5C043E
:1006F000C2BFD4EB0C0541EA045170BD41F4801136
:100700004FF0000E013C00F3AB8014F1360FDEBF5A
:10071000002001F0004170BDC4F10004203C35DA36
:100720000C341BDC04F11404C4F1200500FA05F3B9
:1007300020FA04F001FA05F240EA020001F000425A
:1007400021F0004110EBD37021FA04F642EB0601D0
:100750005EEA430E08BF20EAD37070BDC4F10C04FA
:10076000C4F1200500FA04F320FA05F001FA04F2BE
:1007700040EA020001F0004110EBD37041F10001AA
:100780005EEA430E08BF20EAD37070BDC4F12005B5
:1007900000FA05F24EEA020E20FA04F301FA05F21D
:1007A00043EA020321FA04F001F0004121FA04F2C5
:1007B00020EA020000EBD3705EEA430E08BF20EA95
:1007C000D37070BD94F0000F0FD101F000464000CF
:1007D00041EB010111F4801F08BF013CF7D041EA51
:1007E000060195F0000F18BF704703F00046520055
:1007F00043EB030313F4801F08BF013DF7D043EA26
:100800000603704794EA0C0F0CEA135518BF95EADB
:100810000C0F0CD050EA410618BF52EA4306D1D162
:1008200081EA030101F000414FF0000070BD50EA81
:10083000410606BF1046194652EA430619D094EA0B
:100840000C0F02D150EA013613D195EA0C0F05D1F5
:1008500052EA03361CBF104619460AD181EA030149
:1008600001F0004141F0FE4141F470014FF0000001
:1008700070BD41F0FE4141F4780170BD70B54FF09C
:10088000FF0C4CF4E06C1CEA11541DBF1CEA13551C
:1008900094EA0C0F95EA0C0F00F0A7F8A4EB0504FE
:1008A00081EA030E52EA03354FEA013100F08880F5
:1008B0004FEA03334FF0805545EA131343EA1263BE
:1008C0004FEA022245EA111545EA10654FEA002673
:1008D0000EF000419D4208BF964244F1FD0404F52C
:1008E000407402D25B084FEA3202B61A65EB030588
:1008F0005B084FEA32024FF480104FF4002CB6EB45
:10090000020E75EB030E22BFB61A754640EA0C00C4
:100910005B084FEA3202B6EB020E75EB030E22BF04
:10092000B61A754640EA5C005B084FEA3202B6EB45
:10093000020E75EB030E22BFB61A754640EA9C0004
:100940005B084FEA3202B6EB020E75EB030E22BFD4
:10095000B61A754640EADC0055EA060E18D04FEA92
:10096000051545EA16754FEA06164FEAC30343EA32
:1009700052734FEAC2025FEA1C1CC0D111F4801FFF
:100980000BD141EA00014FF000004FF0004CB6E7F8
:1009900011F4801F04BF01430020B4F1FD0C88BF97
:1009A000BCF5E06F3FF6AFAEB5EB030C04BFB6EBA2
:1009B000020C5FEA500C50F1000041EB045170BD95
:1009C0000EF0004E4EEA113114EB5C04C2BFD4EBC2
:1009D0000C0541EA045170BD41F480114FF0000E46
:1009E000013C90E645EA060E8DE60CEA135594EAC2
:1009F0000C0F08BF95EA0C0F3FF43BAF94EA0C0FC5
:100A00000AD150EA01347FF434AF95EA0C0F7FF439
:100A100025AF104619462CE795EA0C0F06D152EA8D
:100A200003353FF4FDAE1046194622E750EA410671
:100A300018BF52EA43067FF4C5AE50EA41047FF482
:100A40000DAF52EA43057FF4EBAE12E74FF0FF3CE7
:100A500006E000BF4FF0010C02E000BF4FF0010CB8
:100A60004DF804CD4FEA410C7FEA6C5C4FEA430C31
:100A700018BF7FEA6C5C1BD001B050EA410C0CBF80
:100A800052EA430C91EA030F02BF90EA020F0020E2
:100A9000704710F1000F91EA030F58BF994208BF49
:100AA00090422CBFD8176FEAE37040F00100704706
:100AB0004FEA410C7FEA6C5C02D150EA013C07D15D
:100AC0004FEA430C7FEA6C5CD6D152EA033CD3D0A8
:100AD0005DF8040B704700BF8446104662468C46A2
:100AE0001946634600E000BF01B5FFF7B7FF0028D5
:100AF00048BF10F1000F01BD4DF808EDFFF7F4FFFE
:100B00000CBF012000205DF808FB00BF4DF808ED88
:100B1000FFF7EAFF34BF012000205DF808FB00BFAB
:100B20004DF808EDFFF7E0FF94BF012000205DF8CD
:100B300008FB00BF4DF808EDFFF7CEFF94BF012082
:100B400000205DF808FB00BF4DF808EDFFF7C4FF7B
:100B500034BF012000205DF808FB00BF4FEA410CC4
:100B60007FEA6C5C02D150EA013C0AD14FEA430CA7
:100B70007FEA6C5C02D152EA033C02D14FF00000E4
:100B800070474FF0010070474FEA410212F5001222
:100B900015D211D56FF47873B3EB625212D94FEAC4
:100BA000C12343F0004343EA505311F0004F23FAAE
:100BB00002F018BF404270474FF00000704750EA03
:100BC000013005D111F0004008BF6FF000407047C0
:100BD0004FF00000704700BF4A0011D212F500121A
:100BE00011D20DD56FF47873B3EB62520ED44FEA85
:100BF000C12343F0004343EA505323FA02F0704705
:100C00004FF00000704750EA013002D14FF0FF3042
:100C100070474FF0000070474FEA4102B2F1E043E5
:100C200024BFB3F5001CDCF1FE5C0DD901F0004CD3
:100C30004FEAC0024CEA5070B2F1004F40EB830023
:100C400008BF20F00100704711F0804F21D113F14F
:100C50003872BCBF01F00040704741F480114FEA88
:100C60005252C2F11802C2F1200C10FA0CF320FA11
:100C700002F018BF40F001004FEAC1234FEAD3232E
:100C800003FA0CFC40EA0C0023FA02F34FEA430398
:100C9000CCE77FEA625307D150EA01331EBF4FF021
:100CA000FE4040F44000704701F0004040F0FE403C
:100CB00040F40000704700BF53B94AB9002908BF8B
:100CC00000281CBF4FF0FF314FF0FF3000F0BEB9DD
:100CD000ADF1080C6DE904CE00F03CF8DDF804E05D
:100CE000DDE9022304B0704738B500220023044632
:100CF0000D46FFF70BFF28B920462946BDE83840CE
:100D000000F00AB8204605F1004100F005F8404225
:100D100061EB410138BD00BFD0B50C4B0022064647
:100D20000F46FFF781FCFFF757FF0446FFF702FC71
:100D3000074B0022FFF778FC02460B463046394647
:100D4000FFF7BAFAFFF748FF2146D0BD0000F03D9B
:100D50000000F0412DE9F047089D0F4604468C46FF
:100D6000002B48D18A42164661D9B2FA82F34BB1C0
:100D7000C3F1200201FA03FC20FA02F29E4042EA8B
:100D80000C0C9C404FEA164EB7B2BCFBFEF1220C95
:100D90000EFB11CC42EA0C4201FB07F0904209D94C
:100DA000B21801F1FF3C80F0EE80904240F2EB80FF
:100DB00002393244121AA4B2B2FBFEF00EFB10222A
:100DC00044EA024400FB07F7A74209D9341900F1AD
:100DD000FF3280F0DA80A74240F2D78034440238F4
:100DE00040EA0140E41B00211DB1DC400023C5E9BD
:100DF0000043BDE8F0878B4206D90DB1C5E900017B
:100E000000210846BDE8F087B3FA83F1002948D1F4
:100E1000BB4202D3824200F20781841A67EB0302CD
:100E200001209446002DE4D0C5E9004CE1E7002AFA
:100E300000F09280B2FA82F3002B40F0A8808A1A68
:100E40004FEA164E1FFA86FC0121200CB2FBFEF77A
:100E50000EFB172240EA02420CFB07F0904207D932
:100E6000B21807F1FF3802D2904200F2E280474602
:100E7000121AA4B2B2FBFEF00EFB102244EA0244A6
:100E80000CFB00FCA44507D9341900F1FF3202D253
:100E9000A44500F2CB801046A4EB0C0440EA0740C6
:100EA000A2E7C1F120068B4022FA06FC4CEA030CB3
:100EB00007FA01F420FA06F3F7404FEA1C492343EE
:100EC00000FA01F81FFA8CFEB7FBF9F01C0C09FBC5
:100ED000107744EA074400FB0EF7A74202FA01F23A
:100EE0000AD91CEB040400F1FF3A80F09B80A74272
:100EF00040F2988002386444E41B9FB2B4FBF9F3DB
:100F000009FB134447EA044403FB0EFEA64509D936
:100F10001CEB040403F1FF3780F08280A6457FD9E3
:100F2000023B644443EA0040A4EB0E04A0FB02E74A
:100F3000BC427346B94663D360D05DB1B8EB0302DF
:100F400064EB090404FA06F622FA01F31E43CC40CE
:100F5000C5E9006400214CE76208480842EAC17113
:100F60000B0C43EA00438AB242EA0342B3FBF6F1B8
:100F7000E407B4463746B6461F23B0FBF6F0D21B53
:100F800041EA004161E7614614E7104628E7C3F1F2
:100F9000200120FA01F29E4027FA01F19F403A43D6
:100FA0004FEA164E1FFA86FCB1FBFEF70EFB171038
:100FB000110C41EA004107FB0CF8884504FA03F4E0
:100FC0003AD9711807F1FF3001D288451FD8A1EB3B
:100FD0000801B1FBFEF808FB0CF70EFB181192B2EA
:100FE00042EA0142BA422FD2B21808F1FF31C6D20A
:100FF000BA42C4D2A8F102013244C0E7F0459CD203
:10100000BEEB020367EB0C070138B94695E7A6EB88
:1010100008084144B81EB1FBFEF808FB0CF7DCE7FA
:101020003B467FE7504667E70846FBE63444023814
:1010300032E7023F32441BE7A1EB08013846B1FB1F
:10104000FEF808FB0CF7C8E7414698E7704700BF79
:1010500010B582B066238DF8043099238DF80530E1
:101060000A4C00220121204603F086FA6423022262
:1010700001A9074804F04FFD01221146204603F064
:101080007BFA642002F004FF02B010BD00040240AD
:101090008CCD002030B583B09F238DF80730124CE3
:1010A00000220121204603F067FA104D642301223B
:1010B0000DF10701284604F02EFD6423032201A947
:1010C000284604F02BFF01221146204603F054FA73
:1010D0009DF804209DF805301B0243EA02439DF869
:1010E0000600184303B030BD000402408CCD002040
:1010F000F0B583B015461C460B238DF80030C0F3C5
:101100000F238DF801308DF802008DF803100022B6
:101110008DF804200C4E0121304603F02DFA0B4FC0
:10112000642305226946384604F0F5FC6423AAB21C
:101130002146384604F0F2FE01221146304603F003
:101140001BFA03B0F0BD00BF000402408CCD0020AC
:1011500010B582B006238DF807300A4C0022012119
:10116000204603F009FA642301220DF10701064825
:1011700004F0D1FC01221146204603F0FDF902B033
:1011800010BD00BF000402408CCD002010B582B01D
:1011900004238DF807300A4C00220121204603F079
:1011A000EBF9642301220DF10701064804F0B3FCBA
:1011B00001221146204603F0DFF902B010BD00BF46
:1011C000000402408CCD002010B582B00403FFF76C
:1011D000BFFF20238DF80030230C8DF80130240A46
:1011E0008DF8024000228DF803200C4C012120468E
:1011F00003F0C2F9642304226946094804F08BFC19
:1012000001221146204603F0B7F94FF4E17002F0D5
:101210003FFEFFF7BBFF02B010BD00BF000402405D
:101220008CCD00202DE9F04FC7B083460C46174601
:101230009A46531E0B444FEA1328C0F30F1500EBD8
:101240001322C5F1010303EB12139BB243B12B44EC
:101250009EB228460135ADB2FFF7B6FFB542F8D1D0
:101260000BF10103434401934FF00008DFF8D490E1
:101270001DE000220121484603F07EF96423324636
:1012800003A92F4804F047FC01221146484603F009
:1012900073F90BF1010BA4B23F1BA044052002F02F
:1012A000F7FDFFF773FF0024019B5B4544D004EB7F
:1012B0000B26E319FF2B8CBFC4F580743C46A5B206
:1012C000FFF746FF02228DF80C20320C8DF80D201E
:1012D000320A8DF80E208DF80F602E1DB6B2002D4B
:1012E000C7D008F1FF3353440DF10F02681E0AEB1B
:1012F000080111FA80F013F8011F02F8011F834260
:10130000F9D1C82EB5D900220121484603F034F99D
:1013100064231A4603A90A4804F0FDFBA5F1600204
:10132000642392B21CA9064804F0F5FB0122114681
:10133000484603F021F9ACE747B0BDE8F08F00BFA5
:101340008CCD00200004024000B583B08C46088894
:101350004988BCF8063001335B1ABCF804C00CF1B4
:10136000010CACEB000C00929BB21FFA8CF201F066
:1013700030F903B000BD0000044B054A12681A8022
:10138000044A12685A80044A5A607047600B002071
:10139000080000200C000020E00A0020094B19681A
:1013A000094B1B6803FB01F151B1831E074A00EB97
:1013B0004100023833F9021F22F8021B8342F9D19F
:1013C000704700BF0C00002008000020E00A002049
:1013D0002DE9F04F83B0284B1B6803F1FF3E274BEC
:1013E0001A68274B1B68002B43DD4FEA0E58013A61
:1013F00015054FF0000A234EDFF87C9001954FEA67
:101400000A5202F500221D49096801FB02F292FB13
:10141000F3F2A2F5002222EAE272019B9342A8BFF6
:1014200013469B463368002B1DDD0024164D0AFB36
:101430000347210501F50021D9F8002002FB01F145
:1014400091FBF3F1A1F5002121EAE1715A464145F2
:10145000A8BF41460D4802F03CFC25F817000134B6
:101460003368A342E3DC0AF1010A054B1B685345CC
:10147000C5DC03B0BDE8F08F0C00002008000020A0
:101480000000002004000020E0020020600B00208B
:1014900030B5002809DBB0F5967F28DA154B83FBC1
:1014A0000023C017C0EBA30000E00020124C00EBAB
:1014B000400023185A7814F800C04FEADC0C9878E2
:1014C000C0080E4C04EB410E550914F8113065F3B9
:1014D00002036CF3C70304F811309EF8013060F387
:1014E0000403920862F347138EF8013030BD1D20CB
:1014F000DCE700BF67666666405A0308E8A3002081
:101500002E4B5B69002B58D02DE9F04F93B000298A
:1015100014BF0425082500FB05F505FB05F94FF070
:10152000910898FBF5F8B9F1000F10DD961E002424
:10153000234F36F9020F87FB0023C017C0EBA3002F
:10154000214600B2FFF7A4FF0134A145F1D104A860
:101550000FF09AFA0023ADF81030ADF830309D420C
:1015600028DD0023DFF85CB00FFA88F6DFF84CA026
:1015700003FB05F903FB08F73FB20024039309EBD3
:1015800004033BF81330ADF81430691E091B08FB47
:1015900001F104AB0193009633463A4609B2DAF8FA
:1015A000140028F096FC0134A542E8DC039B0133CB
:1015B0009D42DDDC13B0BDE8F08F7047B89201208A
:1015C00067666666E8A3002070B50601164D2B46D7
:1015D00040F20442002106F16400FFF789FD0A2071
:1015E00002F056FC114C23464FF48062042106F1B0
:1015F0006800FFF77DFD95F802240D4B1A6095F801
:1016000003240C4B1A606A1E611E0B4805F2FF3C56
:1016100012F8014F11F8013F43EA042320F8023F7A
:101620006245F5D170BD00BFECBF0020ECBB0020CF
:10163000D4A30020D8A30020CA9B002008B5000135
:10164000643000290DDD0E4B0E4A03EB410133F9E6
:1016500002CBCCF3072E02F801EB82F803C48B42D5
:10166000F5D1084B084A126883F80224074A126829
:1016700083F8032440F604020021FFF7D3FD08BDE0
:10168000E0020020F4C30020E4A300204C0000206E
:1016900010B594B008AC30220021204630F0F1F9AA
:1016A00000230393049305930693079301931E4A23
:1016B000116C41F080511164126C02F08052019261
:1016C000019A0293194A116841F44041116012686D
:1016D00002F440420292029A0222089201210B91E6
:1016E00010210C910E920F930823109364231193F1
:1016F000129204231393204603F09EFD80B90F231A
:10170000039302230493002305934FF4805206921F
:101710000793032103A803F0DFFF18B914B010BD2D
:1017200072B6FEE772B6FEE7003802400070004075
:1017300038B5254C00224FF48071204602F01CFF82
:10174000642002F0A5FB01224FF48071204602F0D4
:1017500013FF01228021204602F00EFF642002F0D8
:1017600097FB00228021204602F006FF174C5223EF
:1017700023801749204601F00BFB164D28702046A8
:1017800001F04CFF28700121204601F0F1FE287085
:10179000114B1B685BB94021204601F067FE2870A1
:1017A0000F21204602F058FA0A4B187038BD074C3A
:1017B0001021204601F05AFE064B18703C212046AD
:1017C00002F04AFAF0E700BF0004024038B10020FE
:1017D000E9BB0020EABB0020E4A300202DE98048FB
:1017E00095B002F029FBFFF753FF0DAF00240D94D5
:1017F0000E940F94109411940394B94D2B6B43F0F5
:1018000004032B632B6B03F004030393039B0494E7
:101810002B6B43F080032B632B6B03F0800304934B
:10182000049B05942B6B43F001032B632B6B03F09C
:1018300001030593059B06942B6B43F002032B6376
:101840002B6B03F002030693069BA64E22464FF431
:101850000051304602F090FEDFF8B8A2224640F276
:101860008711504602F088FEDFF8AC9222464FF412
:10187000B851484602F080FE4FF400530D934FF0EC
:101880000108CDF838800F9410943946304602F0A4
:101890008BFD0D230D934FF404130E9302260F9628
:1018A0003946484602F080FD10230D934FF488130B
:1018B0000E930F963946484602F076FDCDF83480F7
:1018C000CDF83880CDF83C804FF0030BCDF840B018
:1018D0003946504602F068FD4FF4C3730D93CDF8BE
:1018E00038800F9410943946504602F05DFD4FF455
:1018F000A0630D93CDF838800F9610943946484672
:1019000002F052FD4FF400720D92CDF838800F9422
:1019100010963946484602F047FD4FF480530D9328
:10192000CDF838800F96CDF840B03946484602F0E1
:101930003BFD40230D934FF404130E930F9439464F
:10194000504602F031FD32463146062002F0C6FA1A
:10195000062002F0F9FA32463146082002F0BEFABB
:10196000082002F0F1FA32463146092002F0B6FAB8
:10197000092002F0E9FA224631460A2002F0AEFAC6
:101980000A2002F0E1FA42463146172002F0A6FA98
:10199000172002F0D9FA02942B6B43F480032B63D7
:1019A0002B6B03F480030293029B4246414639208D
:1019B00002F094FA392002F0C7FA4B484B4B03600F
:1019C0004FF4827343608460C460046144614FF4E7
:1019D000007282612023C3610462446284620A232C
:1019E000C36204F039F8002840F04D814048414B73
:1019F0000360414B436000238360C3604FF4804227
:101A0000026143618361C361036202F09DFF0028AC
:101A100040F03B8100230D930E930F931093099395
:101A20000A933648364A026041F287324260836048
:101A30006322C2600361836104F0AEFE002840F0BF
:101A400026814FF480530D930DA92C4804F0A5FF77
:101A5000002840F01E81002309930A9309A9274812
:101A600005F050F8002840F016812648264B036008
:101A70004FF4827343604FF4004383600023C360DC
:101A8000036143614FF400728261C3610362436288
:101A900083620A23C36203F0DFFF002840F0FD8069
:101AA00000230D930E930F93109309930A931748F5
:101AB000174A026031224260836046F67712C260A4
:101AC0000361836104F068FE002840F0E8804FF471
:101AD00080530D930DA90D4804F05FFF1EE000BF79
:101AE00000380240000802408CCD00200030014048
:101AF000E4CD002000580040801A060044CC0020AD
:101B00000004004034CD002000340140FCCB002014
:101B1000000800400004024000000240002840F09D
:101B2000C080002309930A9309A9784804F0EAFFCA
:101B3000002840F0B880002309930A930B930C937C
:101B4000079308930D930E930F9310931193129391
:101B500013936F484FF080420260436083604FF000
:101B6000FF32C2600361836104F016FE002840F07A
:101B70009C804FF48053099309A9654804F00DFF38
:101B8000002840F09480624804F032FE002840F0C3
:101B9000908000230793089307A95D4804F0B2FFE3
:101BA000002840F0888060230D9300220E920F924F
:101BB00011920DA9564804F075FE00287DD15448B5
:101BC00000F098FE00F088FC002000F0F7FC06F022
:101BD0003DFA504D4FF4486300224F49284621F00A
:101BE000E3FB4E4C204621F0B7FBA023238080234B
:101BF00063804B4B6361E560204621F0E3FB2EF0F0
:101C0000CDFE01202EF0B0FE24F020FCFFF720FADC
:101C1000FFF740FA434B1860FFF78AFD642002F09B
:101C200037F9414B586930B104230093692391225D
:101C30003E4928F02FF93C4B986910B13C492AF0F5
:101C40008DFC394BD86910B13A492AF087FC3A48E3
:101C500001F050FB394C2346012200210846FFF7D2
:101C600047FA2278364B1A60364B01221A60364802
:101C700004F006FC02202EF077FE24F0E7FB334C44
:101C8000334D344E26E072B6FEE772B6FEE772B60A
:101C9000FEE772B6FEE772B6FEE772B6FEE772B610
:101CA000FEE772B6FEE772B6FEE772B6FEE772B600
:101CB000FEE772B6FEE772B6FEE772B6FEE7306880
:101CC00001281BD0244A254B1968FFF719FC052071
:101CD00002F0DEF824F0BAFB2EF068FE2378002B29
:101CE000F5D0002323702B78002BE8D01C4A1D4B25
:101CF00019681D4B1868FFF703FCE8E71B4A174BF0
:101D000019680120FFF7FCFBE1E700BFFCCB0020D6
:101D10008CCC0020609B0020608200207C9B0020F7
:101D200049130008F8CB0020B8920120680B00206E
:101D3000400000203400002038B10020E8BB002023
:101D4000DCA30020E0A3002044CC00205C82002023
:101D50005A8200204C000020E0020020E4A3002072
:101D6000CC9B0020D4A30020D8A30020ACAF00203F
:101D700008B50368324A934203D0324A934247D0AF
:101D800008BD314B1B68042B0AD8DFE803F00309B8
:101D90001E173A00062002F0D7F8172002F0D4F8F8
:101DA000294B64221A60294804F0A4FB284B1B68C5
:101DB000012BE5D1274804F063FBE1E7092002F09D
:101DC000C3F8172002F0C0F8EAE7082002F0BCF8D8
:101DD000214B1B68012BE3D1204B214A92E80300E1
:101DE000186019711F4B204A92E80300186099800F
:101DF0001E4A1F4B07CA03C31A701E4B01221A70DA
:101E0000CEE70A2002F0A0F8172002F09DF8C7E7FD
:101E10004FF40051184802F0B5FB184B1B68012B1A
:101E200006D1174B00221A70164B01221A70A7E731
:101E30001548FFF7B3FAFFF79FFAFFF7C9FAF0E783
:101E4000000800400004004050000020FCCB0020AF
:101E5000E0A3002044CC0020CCA3002040000020C0
:101E600064540308340000206C54030874540308BD
:101E7000280000205B820020000802404C00002067
:101E80005A8200205C820020ACAF002010B582B0E6
:101E900004468B4804F02EFB102C15D8D4B1013C1D
:101EA0000F2C17D8DFE814F01B00160016003C01B9
:101EB0001600160016008000160016001600160008
:101EC000160016001600E200402C03D17D497E4822
:101ED00001F022F87D4804F0D3FA02B010BD0620CC
:101EE00002F040F8172002F03DF8794B00221A600A
:101EF000784B1B68BBB1784B1868784B1B689842CD
:101F0000B4BF01300020744B1860FFF75DFB012364
:101F1000734A1370734A1370172002F015F80620E5
:101F200002F012F8D6E7684800F063FF6E4B1B68BA
:101F3000012B21D0022B2BD06B4B01221A606B4B53
:101F40006B4A92E8030018609980090C9971664BFE
:101F50001A68684B1B6802FB03F367490B60674B09
:101F60001B6802FB03F3664A1360664B01221A707A
:101F7000554801F0BFF9CFE75B4B02221A605B4B7B
:101F8000614A92E8030018609980090C9971DEE7B4
:101F9000554B04221A60554B5C4A92E803001860C6
:101FA0009980090C9971D2E7092001F0DBFF172015
:101FB00001F0D8FF464B03221A60464B1B68BBB1A9
:101FC000454B18680028CEBF00F1FF30434B18681E
:101FD000414B1860FFF7F8FA0123414A1370414A58
:101FE0001370172001F0B0FF062001F0ADFF71E77C
:101FF000354800F0FEFE464B1B682BBB444B0122CC
:102000001A601021304801F031FA0423394A136074
:102010003A4A13603F4A404B07CA03C31A80324B07
:102020001A68344B1B6802FB03F333490B60334BD4
:102030001B6802FB03F3324A1360324B01221A7011
:10204000214801F057F9CCE7314B00221A604021BA
:102050001D4801F00BFA0823264A1360274A136033
:102060002E4A2D4B07CA03C31A80D8E7172001F068
:1020700079FF0A2001F076FF134800F0BAFE144BF6
:1020800004221A60154C23688DF807300DF1070300
:10209000012200210846FFF7C5F84FF4806120684F
:1020A000FFF7CCFA23680C4A1360092BD4BF013325
:1020B00000230A4A1360044801F01CF90AE700BF34
:1020C00044CC0020E8AB002038B10020FCCB00203D
:1020D00050000020CCA30020D0A30020DCA30020CF
:1020E0005A8200205C8200204C000020100000205A
:1020F000905403080C000020040000200800002079
:10210000000000205B8200208054030888540308EC
:10211000E4A30020985403081C000020A4540308E2
:10212000082001F01FFF244B02221A60234B1B687A
:10213000002B2BD0214B00221A60214B01221A6068
:10214000204B1B68002B31D11F4A204B07CA03C309
:102150001A801F4B1B68012B1E4B1F4A92E803007D
:1021600018609980090C99711C4A1D4B07CA03C35A
:102170001A801C4B01221A701B4801F0BBF80A2080
:1021800001F0E2FE172001F0DFFEA3E60A2001F0D5
:10219000E9FE172001F0E6FE094B00221A60074B0A
:1021A00001221A60104800F024FE93E60F4A074B04
:1021B00007CA03C31A80CCE750000020CCA300203C
:1021C000E0A30020E4A30020A45403081C00002086
:1021D0004C0000201000002090540308B054030865
:1021E000280000205B82002038B1002098540308AA
:1021F00000487047BC540308004870474000002066
:102200000048704734000020004870471C00002040
:10221000004870471000002008B50368054A934243
:1022200004D0A2F58062934200D008BD024821F09C
:10223000A9F9FAE7003401407C9B002072B6FEE762
:10224000F0B585B0044615460B0A8DF80C308DF8B4
:102250000D100A4E64270097022303AA0188304616
:1022600002F034FC0097012302AA2188304602F0D4
:1022700031FD9DF808302B7005B0F0BDE4CD002095
:1022800000B585B00B0A8DF80C308DF80D108DF867
:102290000E20018864230093032303AA024802F05E
:1022A00015FC05B000BD00BFE4CD002000B585B031
:1022B0008C4601884FF6FF7002909BB2019300920A
:1022C00010236246024802F003FF05B000BD00BFC4
:1022D000E4CD0020F0B585B0044615461E460B0A35
:1022E0008DF80C308DF80D1002880D4B1A800D4BB7
:1022F0001D600D4B1E600D4F64230093022303AA43
:102300000188384602F0E2FB4FF47A730093B3B2CF
:102310002A462188384602F0DDFC002005B0F0BDD9
:1023200040CE00203CCE002038CE0020E4CD00205E
:1023300099B102464B1E23F0030304301844117870
:1023400053781B0443EA0163D1780B43917843EA45
:10235000012342F8043B8242F1D1704708B5084698
:1023600001F096FD002008BD08B5002202210248B8
:1023700002F002F908BD00BF0004024008B50122C6
:102380000221024802F0F8F808BD00BF0004024034
:1023900010B5074C00220421204602F0EDF805207C
:1023A00001F076FD01220421204602F0E5F810BD7F
:1023B0000004024000B583B08DF8070000224FF4FE
:1023C0000071064802F0D8F84FF0FF3301220DF1FA
:1023D0000701034803F09FFB03B000BD000002406B
:1023E00034CD002038B504460D4601224FF400716B
:1023F000054802F0C1F84FF0FF33AAB22146034866
:1024000003F089FB38BD00BF0000024034CD00203E
:1024100038B504460D4601224FF40071044802F01D
:10242000ABF8AAB22146034803F040FE38BD00BF16
:102430000000024034CD0020F8B5064616F8013BF6
:102440005C1EE4B29BB9F8BD39462846FFF7CAFFC7
:102450003D4415E02E4616F8010BFF2808BF4FF447
:10246000FA7001F015FD013CE4B2FF2CEBD03546CB
:1024700015F8020BFFF79EFF767816F07F07E3D181
:1024800016F0800FE6D12E46EDE7F0B583B0074693
:102490000D4616461C462A20FFF78CFF00238DF8B8
:1024A00004308DF805708DF806308DF8076001AEA8
:1024B00004213046FFF796FF2B20FFF77BFF8DF8B6
:1024C00005508DF8074004213046FFF78BFF2C2084
:1024D000FFF770FF03B0F0BD08B5FFF745FFFFF74A
:1024E00057FF0648FFF7A8FF0548FFF7A5FF054877
:1024F000FFF7A2FFFFF742FF08BD00BFD85A03084D
:10250000C85A03089C5A03082DE9F04782B0BDF869
:1025100028609F284AD804460D46914698467F2950
:1025200044D88318A02BC4BFC0F1A0091FFA89F9B1
:1025300001EB0803802BC4BFC1F180081FFA88F8A3
:10254000FFF712FFE0B2E9B24B1E4344421E4A4479
:10255000DBB2D2B2FFF799FF330A8DF804308DF861
:10256000056001224FF40071124802F005F8B8F13D
:10257000000F19D0CA4601AF0F4E11E05446022594
:102580002A463946304603F091FD013CA4B2002CA6
:10259000F6D108F1FF381FFA88F8B8F1000F03D020
:1025A000B9F1000FEAD1F4E7FFF7E8FE02B0BDE8A9
:1025B000F08700BF0000024034CD002000B583B09A
:1025C00000908023A02200210846FFF79DFF03B062
:1025D00000BD9F2820D8F8B504460D4617461E4674
:1025E0007F2905D88318A02B02DC8B19802B00DDF6
:1025F000F8BDFFF7B9FEE0B2E9B2731E0B447A1ED4
:102600000244DBB2D2B2FFF740FF06FB07F14900FC
:102610000698FFF7FDFEEBE77047000010B582B0AB
:1026200000240094134B5A6C42F480425A645A6C52
:1026300002F480420092009A01941A6C42F0805297
:102640001A641B6C03F080530193019B052001F079
:1026500033FC012203216FF0010001F03FFC224610
:102660002146052001F03AFC052001F06DFC02B086
:1026700010BD00BF003802402DE9F04389B00023AF
:102680000393049305930693079302681E4B9A42A3
:1026900002D009B0BDE8F083002501951B4C236BE7
:1026A00043F002032363236B03F002030193019BB6
:1026B0004FF4806303934FF01209CDF810904FF060
:1026C0000308CDF818800423079303AF104E394652
:1026D000304601F069FE08230393CDF810900123E2
:1026E0000593CDF81880092307933946304601F049
:1026F0005BFE0295236C43F480032364236C03F494
:1027000080030293029BC4E7005800400038024057
:10271000000402402DE9F0418AB00023059306939E
:102720000793089309930368464A934206D00446E8
:10273000454A934225D00AB0BDE8F08100210091BE
:10274000424B5A6C42F480525A645A6C02F48052E2
:102750000092009A01911A6B42F001021A631B6BFE
:1027600003F001030193019BE023059302230693E9
:10277000032308930523099305A9354801F014FEA6
:10278000D9E700250295314B5A6C42F400525A6445
:102790005A6C02F400520292029A03951A6B42F0AC
:1027A00001021A631A6B02F001020392039A049564
:1027B0001A6B42F002021A631B6B03F002030493CC
:1027C000049B0226059606964FF00308CDF820805C
:1027D0000523099305AF39461D4801F0E5FD4FF487
:1027E0000053059306960795CDF82080062309939C
:1027F0003946184801F0D8FD1748184B03604FF0D0
:102800000063436040238360C5604FF480630361CD
:1028100045618561C5614FF440330362456201F053
:10282000E5FB58B90C4BA3649C63012200215420A2
:1028300001F054FB542001F087FB7CE7FFF7FEFC1E
:10284000F0E700BF00300140003401400038024092
:102850000000024000040240D4CC00202864024062
:1028600000B585B00368B3F1804F07D01E4A93428C
:1028700011D01E4A934222D005B000BD002301931F
:102880001B4B1A6C42F001021A641B6C03F001032B
:102890000193019BF0E700220292154B196C41F065
:1028A000020119641B6C03F002030293029B0321D3
:1028B0001D2001F013FB1D2001F046FBDCE7002288
:1028C00003920B4B196C41F0040119641B6C03F06B
:1028D00004030393039B01211E2001F0FFFA1E2035
:1028E00001F032FBC8E700BF0004004000080040D0
:1028F0000038024000B587B0002301930293039390
:10290000049305930368B3F1804F01D007B000BD75
:10291000002300930A4B1A6B42F001021A631B6BEF
:1029200003F001030093009B4FF400430193022343
:1029300002930123059301A9024801F035FDE5E763
:102940000038024000000240FEE7FEE7FEE7FEE737
:10295000FEE770477047704708B501F087FA01201D
:1029600020F058FE08BD704708B5012001F014FEA4
:1029700008BD08B5042001F00FFE08BD08B5082009
:1029800001F00AFE08BD08B5102001F005FE08BDE3
:1029900008B5402001F000FE08BD000008B502485F
:1029A00003F0C6FD08BD00BF44CC002008B50248B6
:1029B00003F0BEFD08BD00BFFCCB002008B50248F7
:1029C00001F004FC08BD00BFD4CC002008B50248CB
:1029D00003F02CFC08BD00BF34CD0020012070475F
:1029E00008B52FF0B1F8162303604FF0FF3008BD93
:1029F00008B52FF0A9F816230360FEE770B5161E80
:102A000007DD0C468D19AFF3008004F8010BA542D9
:102A1000F9D1304670BD70B5161E07DD0C468D1914
:102A200014F8010BAFF30080A542F9D1304670BD18
:102A30004FF0FF3070474FF400534B600020704759
:102A4000012070470020704708B503460C4A126801
:102A500052B10B4A106803440A4A0B49521A934276
:102A600006D8074A136008BD054A08491160F0E717
:102A70002FF06AF80C2303604FF0FF30F3E700BF3C
:102A800044CE002000000220000400003094012009
:102A9000034AD2F8883043F47003C2F88830704794
:102AA00000ED00E02DE9F04F83B081460F46009322
:102AB0009DF830B09DF834A0C926002400F5A0632D
:102AC000019300EB020808E044F001041FE098F8CD
:102AD00000350BEA0303534519D03B46019A009990
:102AE0004846FFF7F7FB05460A214846FFF736FC44
:102AF00005432543ECB2013E16F0FF06E4D0032F58
:102B0000E5D999F802357E2BE1D944F042042046FC
:102B100003B0BDE8F08F00002DE9F04FE9B00446A6
:102B20000E4606AA554B93E8030082E8030004AA68
:102B3000083393E8030082E8030004F5A0654FF42E
:102B4000F47204F1100128462FF033F8102E27D02C
:102B500004F2FF4304F2E3615A7A03F8012F8B4237
:102B6000FAD104AB03CBC4F8E006C4F8E4164FF482
:102B7000F4732A4642F618612046FFF797FB054694
:102B800003230193FF2300934FF4305301220421C8
:102B90002046FFF787FF2843C0B269B0BDE8F08F39
:102BA00006AB03CBC4F81005C4F814154FF4F47148
:102BB0002846FFF7BDFB04F23C5A28AE4FF4807262
:102BC000514630462EF0F5FF04F5C86B0DF1200993
:102BD0008022594648462EF0ECFFC8460DF1C00E43
:102BE00000270395AEF120024D464146304602943F
:102BF000136854682344146A2344546A23449B088A
:102C000040F8043BB1F90030B1F902C09C44B1F97D
:102C100010306344B1F912C013EB0C0348BF033307
:102C20009B1025F8023B083204317245E0D1029C2A
:102C3000103608F1200809F1080904370EF1400E9A
:102C4000102FCFD1039D6022002110A82EF019FF74
:102C5000C022002138A82EF014FF4FF4807228A95A
:102C600050462EF0A6FF802208A958462EF0A1FF5C
:102C70004FF4F4712846FFF75BFB69E7D050030877
:102C8000F0B5C7B004460E463E4B93E8030046AB92
:102C900003E9030042AB3C4A92E8030083E80300E7
:102CA00004F5A0654FF4427204F5FC7128462EF03D
:102CB00080FF102E17D04FF442732A4642F6F84197
:102CC0002046FFF7F3FA054603230193FF23009301
:102CD0004FF43053012204212046FFF7E3FE28433E
:102CE000C0B247B0F0BD44AB03CBC4F80805C4F88C
:102CF0000C1542AB03CBC4F82005C4F824154FF4DF
:102D000042712846FFF714FB04F2345602AF4FF429
:102D10008072314638462EF04CFF38460DF1280CB3
:102D20004FF0000EACF120020146136857683B4497
:102D3000176A3B44576A3B449B0841F8043B0832FE
:102D40006245F2D110300EF1040E0CF1400CBEF1D0
:102D5000100FE7D1C022002112A82EF092FE4FF4EE
:102D6000807202A930462EF024FF4FF442712846AB
:102D7000FFF7DEFA054BC4F834360023C4F8783583
:102D800099E700BFCC540308E0500308A0FC010001
:102D900070B582B006460D46002247F6FF71FFF778
:102DA0006FFA04460DF1070200213046FFF748FA9A
:102DB0000443E4B20DF1060201213046FFF740FA68
:102DC0000443E4B2022247F6FF713046FFF758FA97
:102DD0002043C0B29DF80730F02B03D000232B70A6
:102DE00002B070BD9DF80630022B14BF00230123F2
:102DF000F5E72DE9F04782B0054600238DF807304E
:102E0000009304236A4642F6FC71FFF763FA044616
:102E1000009A40F2FF439A4202D095F8AC3A9BB335
:102E20000DF1070206212846FFF70AFA0443E4B22F
:102E30009DF90730002B5EDB002247F6FF71284624
:102E4000FFF71EFA0443E4B2002214212846FFF7DC
:102E500017FA0443E4B2002215212846FFF710FABE
:102E60000443E4B2042209212846FFF709FA044387
:102E7000E4B2022247F6FF712846FFF701FA204329
:102E8000C0B202B0BDE8F087002247F6FF712846C5
:102E9000FFF7F6F90646162215212846FFF7F0F946
:102EA00006433443E4B2012214212846FFF7E8F92F
:102EB0000443E4B240F2F5170DF1070A4FF006099A
:102EC0004FF00A089DF90730002BA9DB524649460E
:102ED0002846FFF7B5F9064641462846FFF73EFA71
:102EE00006432643F4B2013FBFB2002FEAD19DF85A
:102EF00007301C4394E70DF1070207212846FFF72E
:102F00009FF90443E4B29DF8072002F17C03DBB291
:102F1000012B88BF14438FE72DE9F84F05460C4677
:102F200000F5A06743683A460021FFF7D3F906464B
:102F300095F80035AB70A9883846FFF7F9F96B684A
:102F4000102B40F29A8010274DF6C4394EF2440AF5
:102F50004EF2840B39E04DF65802934200F0848023
:102F60004DF6843293422BD107F204514246294454
:102F700004F582702EF01DFE22E053456BD010D870
:102F80004DF6C46293425DD04DF64472934217D120
:102F900007F204514246294404F571702EF009FEEF
:102FA0000EE05B450CD107F204514246294404F27D
:102FB00084402EF0FEFD03E0EB1993F80C352370EE
:102FC000043747446B68BB4257D907F5A062A8187D
:102FD000AB5C03F00F0303F10E0101F00F010A29AE
:102FE00035F80280C8F30B1898BF03FB08F8438834
:102FF0004B451ED0C1D845F2D052934210D0AAD82A
:1030000045F2B4429342D7D045F2D0429342D7D151
:1030100007F2045142462944201D2EF0CAFDCFE795
:1030200007F204514246294404F5A2702EF0C1FD76
:10303000C6E707F204514246294404F511702EF008
:10304000B8FDBDE707F204514246294404F551702A
:103050002EF0AFFDB4E707F204514246294404F2D2
:1030600044402EF0A6FDABE707F204514246294446
:1030700004F2C4402EF09DFDA2E704F580712346C2
:1030800053F8042FD20A1A608B42F9D104F2423E5F
:1030900004F2434004F5107104F2C23C67464FF05D
:1030A00000080CF1020CBCF900301A46002BB8BF26
:1030B000DA1C9210ACF8002013F1030FACBF13B26E
:1030C0004346ACF8003010F8013F5B0803703EF84F
:1030D000023FDB09AEF8003051F8043FDB0A0B6019
:1030E000BE45DED104F2031304F24311FF2001E0D8
:1030F0008B4206D013F8012F002AF9D183F8800300
:10310000F6E704F2CC4204F24C540F4952F8043F63
:10311000A1FB0303DB0B1360A242F7D195F808056E
:103120006B682B4493F8FC1495F8092593F8FD344B
:1031300042EA002243EA01239A421CBF46F00206FB
:10314000F6B23046BDE8F88F018000802DE9F043EB
:1031500087B007460C4616461D46294B93E80700E4
:1031600006AB03E90700B5F5B46F04D9FF26304676
:1031700007B0BDE8F083330A8DF80C308DF80D6090
:103180002B118DF80E302B018DF80F300C230DEB29
:10319000030242F6F4713846FFF788F80646032327
:1031A0000193FF2300934FF430530122042138464A
:1031B000FFF778FC0643F6B207F5A06805F10C09A5
:1031C0004B46424642F604413846FFF783F8064331
:1031D000F6B21FFA89F14046FFF7AAF82BB2002B8E
:1031E000C5DD07F20352611E07F20457013D17FACD
:1031F00085F512F8013F01F8013FAA42F9D1B6E77F
:10320000E850030838B504460D46082345F25042FD
:1032100000F5A061FFF79AFF94F8003594F80125B6
:1032200013FB02F32B7038BD2DE9F04184B0B3F5E8
:10323000B46F04D9FF25284604B0BDE8F0810546E7
:103240000E461C46DFB2130A8DF80C308DF80D20A7
:1032500023118DF80E303B018DF80F30214630469A
:10326000FFF766F8621E12B2002A0CDB531C3344CF
:1032700002F2055CAC4413F8011D0CF8011D013A83
:1032800012B2002AF7DA039BC5F8003504F20451A4
:103290006B1800226A545A709A700F22DA70052255
:1032A0001A714FF0010883F8058004F10802121228
:1032B0009A710837DF71C4F53F51343104F10C03C2
:1032C00005F5A06289B22846FEF7F0FF0746032302
:1032D0000193FF2300934FF43053424604212846C4
:1032E000FFF7E0FB47EA0005EDB221463046FFF765
:1032F0001FF8A0E72DE9F04F99B004460027159775
:1033000016974FF4407314930DF15F01FFF77AFFA6
:1033100081466760FF23A370534D10AE05F124036F
:103320000FCB86E80F0004AE34350FCD0FC60FCD9E
:103330000FC695E80F0086E80F0040F6FF73109364
:1033400003AB3A4640F6FF7608E00088616801EB7F
:1033500010110431616001320C2A1BD0043318466D
:1033600019680029F7D026FA02F111F0010FF2D006
:10337000197811F00F0FE8D001F00F050C2DE4D8EB
:103380009DF85F00198860F30F111980616800FBD8
:103390000511DEE763681833636030234DF6801251
:1033A00004A92046FFF740FF8246636815930D236A
:1033B000169308234DF6681215A92046FFF734FF2F
:1033C000834610234DF6701210A92046FFF72CFFFC
:1033D0008046002247F6FF712046FEF751FF074660
:1033E000052209212046FEF74BFF0646022247F63A
:1033F000FF712046FEF744FF0290042314AA42F610
:10340000FC712046FEF752FF039003230193FF2334
:1034100000934FF43053012204212046FFF742FB72
:1034200005460C2345F2404204F5A0612046FFF713
:103430008DFEB4F8082563689A4203D0FF2019B0C6
:10344000BDE8F08F4AEA0B0A49EA0A0948EA090886
:1034500047EA08073E43029B3343039A1A43154346
:10346000284300F0FF00EAE7D05003082DE9F041BF
:1034700005460E46102903D0402944D07F2434E06D
:1034800000F5A06710234AF638523946FFF75EFE72
:103490000446402385F8043585F806354FF00408C6
:1034A00085F8098510234AF6385239462846FFF731
:1034B000BBFE0443E4B2082345F250423946284695
:1034C000FFF744FE0443E4B285F8008585F80185E2
:1034D000082385F8043585F8053545F2504239460C
:1034E0002846FFF7A1FE0443E4B231462846FFF721
:1034F00013FB0443E4B231462846FFF7C1FB2043E7
:10350000C0B2BDE8F08100F5A06710234AF638523A
:103510003946FFF71BFE0446102385F8043585F86D
:103520000635012285F809254AF6385239462846DB
:10353000FFF77AFE0443E4B2082345F250423946CD
:103540002846FFF703FE0443E4B2082385F800355C
:1035500085F80135042285F8042585F8052545F20E
:10356000504239462846FFF75FFE0443E4B2BCE709
:10357000F0B583B006460D460023019300F5A06721
:1035800008234AF630523946FFF7E0FD0446012D84
:1035900003D0032D1ED07F2407E0012386F80135D8
:1035A000032386F803350023019308234AF630529B
:1035B00039463046FFF738FE0443E4B204234DF6A3
:1035C00064120DEB03013046FFF72EFE2043C0B21C
:1035D00003B0F0BD032386F80135022386F80335D6
:1035E00001230193E1E72DE9F04106460D46174618
:1035F0009846FFF7ABFD0446BDF81C200699BDF8C0
:10360000200028442EF0D5FA43463A462946304653
:10361000FFF70AFE2043C0B2BDE8F0812DE9F04774
:1036200088B005464FF00113069301260596554BC9
:10363000C360554B8360002780F8AC7A3A4647F662
:10364000FF71FEF71DFE0446042209212846FEF7FD
:1036500017FE0443E4B240220F212846FEF710FE75
:103660000443E4B203220A212846FEF709FE04437C
:10367000E4B20DF11F0247F6FF712846FEF7E0FDA8
:103680000443E4B232460C212846FEF7F9FD044318
:10369000E4B23A4640F201112846FEF7F1FD044338
:1036A000E4B23A464FF481712846FEF7E9FD04433F
:1036B000E4B232464FF485712846FEF7E1FD04433B
:1036C000E4B2324644F202012846FEF7D9FD044333
:1036D000E4B23A4644F202012846FEF7D1FD044323
:1036E000E4B203224FF485712846FEF7C9FD044376
:1036F000E4B2324640F203112846FEF7C1FD04430E
:10370000E4B23A460C212846FEF7BAFD0443E4B27F
:1037100043220F212846FEF7B3FD0443E4B23146AD
:103720002846FEF71BFE0443E4B240220F21284640
:10373000FEF7A6FD0443E4B232460A212846FEF70E
:103740009FFD0443E4B264212846FEF707FE0443CC
:10375000E4B23A4647F6FF712846FEF791FD04436E
:10376000E4B20196FF23009306233A4631462846E9
:10377000FFF798F9044314F0FF0407D0204608B07F
:10378000BDE8F087545B03085C5E030832460E21F7
:103790002846FEF775FD0446022247F6FF712846CB
:1037A000FEF76EFD0443E4B20D2203212846FEF726
:1037B00067FD0443E4B2324647F6FF712846FEF740
:1037C0005FFD0443E4B210260196009621233A4699
:1037D00001212846FFF766F90443E4B23A4647F66A
:1037E000FF712846FEF74CFD0443E4B20DF11F07BC
:1037F0003A4647F6FF712846FEF722FD0443E4B23D
:1038000001220C212846FEF73BFD0443E4B20022CE
:1038100047F6FF712846FEF733FD0443E4B2002269
:1038200040F201112846FEF72BFD0443E4B20022CA
:103830004FF481712846FEF723FD0443E4B20122D0
:103840004FF485712846FEF71BFD0443E4B20122C4
:1038500044F202012846FEF713FD0443E4B20022BD
:1038600044F202012846FEF70BFD0443E4B20322B2
:103870004FF485712846FEF703FD0443E4B20122AC
:1038800040F203112846FEF7FBFC0443E4B2002299
:1038900044F20F012846FEF7F3FC0443E4B243224E
:1038A00040F21A212846FEF7EBFC0443E4B203225F
:1038B00040F21A212846FEF7E3FC0443E4B2012259
:1038C00040F21A212846FEF7DBFC0443E4B2002252
:1038D00040F21A212846FEF7D3FC0443E4B200224A
:1038E00040F219212846FEF7CBFC0443E4B2002243
:1038F00040F21B212846FEF7C3FC0443E4B2002239
:1039000047F6FF712846FEF7BBFC0443E4B23A4693
:1039100047F6FF712846FEF793FC0443E4B2002209
:103920000C212846FEF7ACFC0443E4B2012247F622
:10393000FF712846FEF7A4FC0443E4B207222021CD
:103940002846FEF79DFC0443E4B2062220212846C7
:10395000FEF796FC0443E4B2092247F6FF712846BD
:10396000FEF78EFC0443E4B2B84F4FF400433A46EE
:1039700000212846FEF79AFC0443E4B20A2247F6E7
:10398000FF712846FEF77CFC0443E4B24FF4004389
:10399000FA1800212846FEF789FC0443E4B20B2202
:1039A00047F6FF712846FEF76BFC0443E4B24FF480
:1039B000A04307F5803200212846FEF777FC044338
:1039C000E4B2012247F6FF712846FEF759FC044392
:1039D000E4B2022247F6FF712846FEF751FC044389
:1039E000E4B20D2203212846FEF74AFC0443E4B268
:1039F000012247F6FF712846FEF742FC0443E4B279
:103A0000019600962123002201212846FFF74AF85B
:103A1000044314F0FF047FF4B1AE002247F6FF71B7
:103A20002846FEF72DFC07460DF11F06324647F6E5
:103A3000FF712846FEF704FC0743FFB201220C2168
:103A40002846FEF71DFC0743FFB2002247F6FF7130
:103A50002846FEF715FC0743FFB200224FF48A7197
:103A60002846FEF70DFC0743FFB2002240F2151175
:103A70002846FEF705FC0743FFB242224FF48B7144
:103A80002846FEF7FDFB0743FFB2002240F2171164
:103A90002846FEF7F5FB0743FFB200220B2128461C
:103AA000FEF7EEFB0743FFB2324647F6FF712846AA
:103AB000FEF7C6FB0743FFB200220C212846FEF7A3
:103AC000DFFB0743FFB201220B212846FEF7D8FB9C
:103AD0000743FFB24FF4FA760DF112094FF00608D2
:103AE0004FF0010A4A4641462846FEF7A9FB20430B
:103AF000C4B29DF91230002B0DDB51462846FEF76B
:103B00002DFC9DF8123013F0010F0FD1013EB6B21B
:103B1000002EE7D10AE00DF1130207212846FEF737
:103B20008FFB9DF8133023430343DCB23C437FF407
:103B300025AE022247F6FF712846FEF7A1FB044698
:103B40002823434A42F6D8712846FEF7AFFB0443C8
:103B5000E4B202230193FF2700974FF43053002271
:103B600004212846FEF79EFF0443E4B205F5A06653
:103B70004FF4F673324642F604412846FEF7AAFB9C
:103B80000443E4B24FF4F472314605F110002EF014
:103B900010F810212846FEF7BFFF0443E4B24FF4AB
:103BA00042722C4905F5FC702EF003F810212846CE
:103BB000FFF766F80443E4B24FF47373AA6842F661
:103BC00034412846FEF772FB0443E4B20323019319
:103BD00000974FF43053012204212846FEF762FF7C
:103BE0000443E4B204234DF6803206A92846FFF7C9
:103BF0001BFB0443E4B204234DF6641205A92846D6
:103C0000FFF712FB0443E4B201278DF81F7026234F
:103C1000029301970DF11F08CDF8008028234EF282
:103C2000081231462846FFF7DEFC0443E4B22523A0
:103C300002930197CDF8008028234EF208123146F6
:103C40002846FFF7D0FC0443E4B297E52862030856
:103C50002C5B03083451030800B587B08DF81710AA
:103C60000123029301930DF117030093042345F2FE
:103C7000584200F5A061FFF7B6FC07B000BD000098
:103C8000DFF834D0FEF704FF0C480D490D4A00233D
:103C900002E0D458C4500433C4188C42F9D30A4A01
:103CA0000A4C002301E013600432A242FBD32DF042
:103CB00051FFFDF793FD7047000002200000002037
:103CC000C4020020DC490508C40200203094012011
:103CD000FEE70B1500F181802DE9F04345886C1E4D
:103CE0009C427CDD5FEA225E7CD40488013C744502
:103CF0007ADD4468C1F3130105FB0EFE0EEB0309E8
:103D0000C2F31302AE449E44C1F57F2C0CF6FF7C37
:103D10004FEAEC75C2F57F2000F6FF70C61734F944
:103D200019304FEAE37803FB05F70CFB0877A3FB98
:103D30000C3847441B0943EA07734FEAE37803FB57
:103D400006F700FB0877A3FB00831F4404EB490937
:103D5000B9F902304FEAE37903FB06F600FB096686
:103D6000A3FB003006441B0943EA0673D817A3FBE4
:103D7000013601FB006613EB080047EB060634F939
:103D80001E30DF1703FB05F50CFB0755A3FB0C3CAE
:103D900065441B0943EA0573DF17A3FB023502FBE9
:103DA000075513EB000C45EB060504EB4E04B4F984
:103DB0000230DC17A3FB013001FB04011B0943EABD
:103DC0000173D917A3FB023002FB010013EB0C03B4
:103DD00040EB050040F30F1002E000207047002088
:103DE000BDE8F0830020FBE70020F9E710B50446AA
:103DF0000E4B1A784FF47A73B3FBF2F30C4A106847
:103E0000B0FBF3F000F0C0F868B90F2C01D9012025
:103E10000AE0002221464FF0FF3000F05FF8054B2A
:103E20001C60002000E0012010BD00BF58000020F1
:103E3000540000205C00002008B50B4B1A6842F4C7
:103E400000721A601A6842F480621A601A6842F4BA
:103E500080721A60032000F02FF80020FFF7C6FFE1
:103E6000FEF7DCFB002008BD003C0240034A11685D
:103E7000034B1B780B441360704700BF48CE0020F3
:103E800058000020014B1868704700BF48CE002042
:103E900038B50446FFF7F6FF0546B4F1FF3F02D000
:103EA000044B1B781C44FFF7EDFF401BA042FAD3E4
:103EB00038BD00BF580000200749CA68030203F458
:103EC000E06322F4E0621204120C134343F0BF6378
:103ED00043F40033CB60704700ED00E000B5184BB1
:103EE000DB68C3F30223C3F1070CBCF1040F28BF46
:103EF0004FF0040C03F1040EBEF1060F8CBF033B20
:103F000000234FF0FF3E0EFA0CFC21EA0C01994011
:103F10000EFA03FE22EA0E021143002808DB090113
:103F2000C9B200F1604000F5614080F8001300BDA7
:103F300000F00F000901C9B2024B1954F7E700BFA6
:103F400000ED00E014ED00E0002807DB410900F07F
:103F50001F0001238340024A42F82130704700BF0E
:103F600000E100E000280CDB430900F01F00012203
:103F700082402033034941F82320BFF34F8FBFF322
:103F80006F8F704700E100E00138B0F1807F0BD205
:103F90004FF0E0235861054AF02182F823100020F9
:103FA000986107221A6170470120704700ED00E018
:103FB00010B402460368D8B210380A49A1FB004188
:103FC0000909094C615CD1655F2887BF6FF309035C
:103FD000181D23F47F7020F0030090655DF8044BFA
:103FE000704700BFABAAAAAA28B2040838B5044695
:103FF000FFF748FF002C00F08A800546022384F872
:104000003530002384F834302268136823F001032C
:10401000136023681A6812F0010F0AD0FFF732FF0D
:10402000431B052BF5D920236365032084F8350055
:1040300038BD1A68374911406268A0680243E068D9
:1040400002432069024360690243A0690243E069B8
:104050000243206A02430A43616A042924D01A6099
:1040600021684B6923F00703626A1343042A0DD1C8
:10407000A26A1343E06A48B1A56905BB012A18D0BA
:1040800032F0020202D1C0F3006018BB4B6120463F
:10409000FFF78EFFE26D3F23934083600020606551
:1040A000012384F83530C3E7E16A206B01430A43FA
:1040B000D5E7B0F1C07F14BF00200120E5E7B5F5DA
:1040C000005F0DD0022A05D9032ADFD1C0F30060BA
:1040D0000028DBD040236365012084F83500A7E782
:1040E000032AD3D801A555F822F000BFD540000817
:1040F000FD400008D540000803410008C0F30060FF
:10410000E6E7B0F1C07F14BF00200120E0E7012006
:104110008EE700BF3F8010F070B4846D90F834C01B
:10412000BCF1010F3DD04FF0010C80F834C090F885
:1041300035C0BCF1010F05D0002380F834300220D7
:1041400070BC7047022580F835500025456506682B
:10415000356825F48025356005686B608368402BE1
:104160001AD0036899600368DA60C26D3F239340F8
:10417000A3600268136843F016031360036C23B155
:104180000268136843F0080313600268136843F081
:10419000010313600020D3E703689A600368D960C5
:1041A000E3E70220CCE790F83530022B03D08023E0
:1041B000436501207047052380F835300268136895
:1041C00023F001031360002070470000F0B583B0B6
:1041D000044600230193724B1E68876D3D68C26DD3
:1041E000082393402B4210D003681A6812F0040F82
:1041F0000BD01A6822F004021A60C26D08239340A3
:10420000BB60436D43F001034365E26D01239340BE
:104210002B4209D02268526912F0800F04D0BB6093
:10422000636D43F002036365E26D042393402B4208
:1042300009D02268126812F0020F04D0BB60636DCF
:1042400043F004036365E26D102393402B4224D0B6
:104250002268126812F0080F1FD0BB6023681A682A
:1042600012F4802F0DD01B6813F4002F04D1236C9F
:104270009BB12046984710E0A36C73B12046984745
:104280000BE01A6812F4807F03D11A6822F008024A
:104290001A60236C0BB120469847E26D20239340AF
:1042A0002B4254D02268126812F0100F4FD0BB601E
:1042B00094F83530052B0ED023681A6812F4802F3D
:1042C00033D01B6813F4002F2AD1636C002B3ED02F
:1042D000204698473BE02268136823F016031360DA
:1042E0002268536923F080035361236CA3B12268D1
:1042F000136823F008031360E26D3F239340BB6013
:10430000012384F83530002384F83430236D002BEA
:1043100043D02046984740E0A36C002BE7D1EBE761
:10432000E36BA3B12046984711E01A6812F4807F2E
:1043300009D11A6822F010021A60012384F835307E
:10434000002384F83430E36B0BB120469847636D4B
:104350001BB3636D13F0010F1BD0124BA3FB06368A
:10436000B60A052384F835302268136823F0010368
:104370001360019B01330193B34204D823681B6887
:1043800013F0010FF5D1012384F83530002384F8B0
:104390003430E36C0BB12046984703B0F0BD00BF4A
:1043A00054000020B5814E1B2DE9F04F83B0002250
:1043B00013464FF0010E03254FF00F086B4C4BE0F6
:1043C000876805FA02FA27EA0A0ACF68974047EA9F
:1043D0000A078760476827EA0C0C4F68C7F3001785
:1043E0009F4047EA0C07476044E04FF0000C0CFA8E
:1043F0000BFC4CEA0A0CC7F808C0A7686FEA090C66
:104400004E6816F4801F0CBF0CEA070749EA07073D
:10441000A760E7684E6816F4001F0CBF0CEA070798
:1044200049EA0707E76067684E6816F4003F0CBF6B
:104430000CEA070749EA0707676027684E6816F421
:10444000803F0CBF0CEA070749EA070727600133E2
:104450000232102B00F086800EFA03FC0F680CEA83
:1044600007093CEA0707F2D14F6807F00307013F4D
:10447000012FA5D94F6807F00307032F23D0C76882
:1044800005FA02FC27EA0C0C8F68974047EA0C07F4
:10449000C7604F6807F00307022F14D14FEAD30C0F
:1044A00000EB8C0CDCF8207003F0070B4FEA8B0B51
:1044B00008FA0BFA27EA0A0A0F6907FA0BF747EA24
:1044C0000A07CCF82070076805FA02FC27EA0C0CF2
:1044D0004F6807F00307974047EA0C0707604F68EB
:1044E00017F4403FB3D000270197214E776C47F473
:1044F00080477764776C07F480470197019F23F02A
:10450000030707F1804707F59C37D7F808A003F0A9
:10451000030B4FEA8B0B08FA0BFC2AEA0C0AA6F5F0
:104520006056B0423FF461AF06F58066B04210D0ED
:1045300006F58066B0420FD0DFF838C060450ED077
:104540000CF5806C604514BF4FF0070C4FF0040C65
:104550004DE74FF0010C4AE74FF0020C47E74FF0F0
:10456000030C44E703B0BDE8F08F00BF003C0140FE
:1045700000380240000C02400AB181617047090412
:1045800081617047436901EA030221EA030141EABC
:10459000024181617047000008B5054B5B69034229
:1045A00000D108BD024B5861FDF770FCF9E700BF70
:1045B000003C014003685A6912F4806F01D1002069
:1045C00070476FF480625A6100230363202280F8F1
:1045D0003D2080F83E30026C42F00402026480F814
:1045E0003C30012070472DE9F04105460C46164647
:1045F0001F46C1F30748B8F1010F2B680CBF5B6978
:104600009B6924EA030C1FFA8CFCBCFA8CFC4FEA71
:104610005C1C664527D1B7F1FF3FECD0FFF732FCB9
:10462000069BC01AB84201D8002FE4D1B8F1010F9F
:104630002B680CBF5B699B6924EA03039BB2B3FA46
:1046400083F35B099E42D6D100232B63202285F899
:104650003D2085F83E302A6C42F020022A6485F81D
:104660003C30012000E00020BDE8F0812DE9F84356
:1046700005460E4617469946C1F30748B8F1010FA3
:104680002B680CBF5C699C6926EA0404A4B2003C58
:1046900018BF0124002C43D02B685A6912F4806F94
:1046A00027D1B7F1FF3FE9D0FFF7ECFBA0EB090002
:1046B000B84201D8002FE1D1B8F1010F2B680CBF2F
:1046C0005B699B6926EA03039BB2003B18BF012389
:1046D000002BD3D000232B63202285F83D2085F8C2
:1046E0003E302A6C42F020022A6485F83C300120DA
:1046F00017E01A6842F400721A602B686FF4806247
:104700005A6100232B63202285F83D2085F83E3036
:104710002A6C42F004022A6485F83C30012000E053
:104720000020BDE8F88370B504460D4616462368A0
:104730005B6913F0800F21D12046FFF73BFFF8B9EA
:10474000B5F1FF3FF3D0FFF79DFB801BA84201D8D6
:10475000002DECD123685B6913F0800FE7D10023B3
:104760002363202284F83D2084F83E30226C42F0FE
:104770002002226484F83C30012000E0002070BD5B
:104780000120FCE72DE9F04385B004460D46914633
:104790001F46DDF830800D9E0368196841F4807172
:1047A00019600096434600224FF00111FFF71BFFEE
:1047B00070B9236805F0FE051D613346424628495D
:1047C0002046FFF753FF68B1012005B0BDE8F08334
:1047D00023681B6813F4807F40D04FF40073236478
:1047E0000320F2E70023039323685A6903929B692D
:1047F0000393039B324641462046FFF794FF30B9AE
:10480000012F10D123685FFA89F61E61DDE7236C62
:10481000042B01D00120D8E72268136843F4007309
:1048200013600120D1E723684FEA19221A6132464A
:1048300041462046FFF777FF20B923685FFA89F6E3
:104840001E61C2E7236C042B01D00120BDE7226862
:10485000136843F4007313600120B6E70320B4E744
:104860000200010070B504460D46164623685B69D8
:1048700013F0040F21D12046FFF79CFEF8B9B5F1E3
:10488000FF3FF3D0FFF7FEFA801BA84201D8002DAE
:10489000ECD123685B6913F0040FE7D10023236395
:1048A000202284F83D2084F83E30226C42F0200221
:1048B000226484F83C30012000E0002070BD01201B
:1048C000FCE770B504460D46164603685A6912F0B7
:1048D000400F1BD000200EE06FF010025A61002341
:1048E0002363202284F83D2084F83E30226C226429
:1048F00084F83C30012070BD23685B6913F0400FE1
:1049000010D02368586910F0400F1AD1586910F080
:10491000100FE1D1FFF7B6FA801BA842ECD8002DAA
:10492000EFD1E9E700232363202284F83D2084F8B7
:104930003E30226C42F02002226484F83C30012098
:10494000D9E70020D7E70000002800F0B08070B55C
:10495000044690F83D30002B73D0242384F83D307A
:104960002268136823F0010313602268136843F47C
:10497000004313602268136823F40043136000F0BF
:104980005DFF62684C4B9A4260D84C4B984240F2B3
:1049900090804B49A1FB00318B0C25686A6822F09E
:1049A0003F0242EA91426A6021680A6A22F03F02AD
:1049B000414D6668AE424ED8013313430B62216805
:1049C000CA6922F44F4222F0FF0265683A4B9D42C9
:1049D0004BD8431E6D00B3FBF5F3013340F6FC707A
:1049E00003425ED0C3F30B031A43CA6121680A680D
:1049F000E369206A034322F0C00213430B6021687D
:104A00008A682369E068034322F4034222F0FF022C
:104A100013438B602168CA686369A069034322F06D
:104A2000FF021343CB602268136843F00103136055
:104A300000202064202384F83D30206384F83E0069
:104A400070BD80F83C30FDF717FE86E71D4B98429D
:104A50009FD80120F4E74FF4967505FB03F31A4D38
:104A6000A5FB03539B090133A7E7A3685BB9431E6A
:104A700005EB4505B3FBF5F30133C3F30B0393B12A
:104A800043F40043B0E7431E05EB850505EB8505C0
:104A9000B3FBF5F30133C3F30B0333B143F44043EA
:104AA000A2E70423A0E701239EE701239CE701205E
:104AB00070470120C4E700BFA08601007F841E006C
:104AC00083DE1B43FF083D00D34D62102DE9F04308
:104AD00085B004460F46904699460C9EFFF7D2F9E2
:104AE00094F83D10202904D00227384605B0BDE8CF
:104AF000F083054600901923012272492046FFF7F2
:104B000072FD002840F0D78094F83C30012B00F073
:104B1000D480012384F83C3023681A6812F0010F16
:104B200003D11A6842F001021A602268136823F464
:104B300000631360212384F83D30102384F83E3055
:104B400000232364C4F82480A4F82A90638D23856D
:104B50005D4BE362E36A082B0DD0012B0BD013F5FC
:104B6000803F08D0236B122B0AD12268136843F4CC
:104B70008073136004E02268136843F48073136049
:104B80000095334600224FF001112046FFF72BFD20
:104B9000D0B92369B3F5804F20D1236807F0FE0711
:104BA0001F612B46324649492046FFF75FFD074605
:104BB000002840F084800023039323685A690392FD
:104BC0009B690393039B2FE023681B6813F4807F8A
:104BD00002D04FF400732364012786E72268FB119B
:104BE00003F0060343F0F00313612B4632463849C5
:104BF0002046FFF73BFD0028EED12368FFB21F617E
:104C0000CFE7236C042B01D001276EE722681368DD
:104C100043F400731360012767E72A4631462046B4
:104C2000FFF720FE00282CD1238D002B35D02A46FB
:104C300031462046FFF777FD0028E2D12368626AFB
:104C400012781A61626A531C6362618D013989B2FC
:104C50006185218D013989B221852368586910F059
:104C6000040FDAD00029D8D052781A61636A013370
:104C70006362638D013B9BB26385238D013B23857A
:104C8000CBE7236C042B01D001272EE722681368A1
:104C900043F400731360012727E72268136843F485
:104CA00000731360202384F83D30002384F83E30E5
:104CB00084F83C3019E7022717E7022715E7012798
:104CC00013E700BF020010000000FFFF0200010018
:104CD000080001002DE9F04389B004460F469046D4
:104CE0009946109EFFF7CEF894F83D10202905D084
:104CF0004FF00209484609B0BDE8F0830546009030
:104D00001923012287492046FFF76DFC002840F057
:104D1000C78194F83C30012B00F0C581012384F851
:104D20003C3023681A6812F0010F03D11A6842F070
:104D300001021A602268136823F4006313602223BF
:104D400084F83D30102384F83E3000232364C4F8F7
:104D50002480A4F82A90638D2385734BE362E26A72
:104D600021680B6843F480630B60082A0DD0012A88
:104D70000BD012F5803F08D0236B112B0AD122688B
:104D8000136843F48073136004E02268136843F4EB
:104D9000807313600095334600224FF001112046C6
:104DA000FFF721FC40BB2369B3F5804F2DD1236869
:104DB00047F00107FFB21F612B4632465B49204690
:104DC000FFF754FC8146002840F07081238D002BB2
:104DD0005AD1039323685A6903929A690392039AFA
:104DE0001A6842F400721A60218D002900F04F8188
:104DF000DFF840810027CCE023681B6813F4807F34
:104E000012D04FF4007323640EE04FEAE71808F065
:104E10000608236848F0F0021A612B4632464449DE
:104E20002046FFF723FC10B14FF0010962E7236829
:104E3000FFB21F612B4632463C492046FFF716FC65
:104E40000028F1D1002207922368596907919969D6
:104E500007910799196841F48071196000953346EC
:104E60004FF001112046FFF7BEFB20B9226848F041
:104E7000F1031361A0E723681B6813F4807FD3D08C
:104E80004FF400732364CFE7012B0FD0022B1FD008
:104E90002268136843F48063136000230693236839
:104EA0005A6906929B690693069B9DE722681368E0
:104EB00023F4806313600023049323685A690492E7
:104EC0009A690492049A1A6842F400721A608BE795
:104ED0002268136823F4806313602268136843F424
:104EE000006313600023059323685A6905929B6948
:104EF0000593059B78E72A4631462046FFF7E1FCFB
:104F0000002840F0D68023681A69636A1A70636AC1
:104F100001336362238D013B2385638D013B9BB28B
:104F2000638533E0020010000000FFFF0200010073
:104F30000800010004000100009533463A4641464E
:104F40002046FFF750FB002840F0B6802268136827
:104F500043F40073136023681A69636A1A70626A03
:104F6000531C6362238D013B2385638D013B9BB200
:104F7000638523681B695370636A01336362238D01
:104F8000013B2385638D013B9BB26385218D002905
:104F90007DD003294AD80129ADD00229CCD0009573
:104FA00033463A4641462046FFF71DFB002840F0B5
:104FB00086802268136823F48063136023681A696B
:104FC000636A1A70636A01336362238D013B238530
:104FD000638D013B9BB26385009533463A4641465B
:104FE0002046FFF700FB00286CD12268136843F4C9
:104FF0000073136023681A69636A1A70626A531C2B
:105000006362238D013B2385638D013B9BB26385E6
:1050100023681B695370636A01336362238D013B0C
:105020002385638D013B9BB26385AFE72A463146FA
:105030002046FFF746FC002847D123681A69636AB7
:105040001A70636A01336362238D013B9BB223852F
:10505000628D013A92B262852268516911F0040FA3
:1050600094D0032B0ED023681A69636A1A70636A9E
:1050700001336362238D013B2385638D013B9BB22A
:10508000638583E7136823F480631360EBE72023D1
:1050900084F83D30002384F83E3084F83C3029E623
:1050A0004FF0020926E64FF0020923E64FF001090E
:1050B00020E64FF001091DE64FF001091AE64FF016
:1050C000010917E64FF0010914E64FF0010911E656
:1050D0002DE9F04383B004460F46904699460C9E56
:1050E000FEF7D0FE94F83D20202A03D0022003B022
:1050F000BDE8F08305460090192301224C49204663
:10510000FFF771FA002840F08D8094F83C30012BB5
:1051100000F08A80012384F83C3023681A6812F07A
:10512000010F03D11A6842F001021A602268136865
:1051300023F400631360212384F83D30402384F876
:105140003E30002323640A9B6362BDF82C306385E4
:10515000638D2385374BE362019500964B464246AB
:1051600039462046FFF70EFB00285FD1238DD3B9C7
:105170002A4631462046FFF775FB002844D0236CB1
:10518000042B3AD00120B2E7236C042B01D001207C
:10519000ADE72268136843F4007313600120A6E7AB
:1051A000238D002BE4D02A4631462046FFF7BBFA78
:1051B0000028E9D12368626A12781A61606A431C88
:1051C0006362238D013B9BB22385618D013989B2D6
:1051D00061852268516911F0040FE1D0002BC7D01E
:1051E00043781361636A01336362238D013B238536
:1051F000638D013B9BB26385D2E72268136843F459
:1052000000731360012072E72268136843F400738F
:105210001360202384F83D30002384F83E3084F866
:105220003C3064E7022062E7022060E701205EE78D
:10523000020010000000FFFF002800F0E1812DE9CE
:10524000F04182B00446036813F0010F3BD09F4B3E
:105250009B6803F00C03042B2CD09C4B9B6803F041
:105260000C03082B21D06368B3F5803F4FD0B3F512
:10527000A02F52D0954B1A6822F480321A601A6817
:1052800022F480221A606368002B50D0FEF7FAFDEA
:1052900005468E4E336813F4003F14D1FEF7F2FD3D
:1052A000401B6428F6D90320B1E1884B5B6813F4F6
:1052B000800FD8D0854B1B6813F4003F03D0636880
:1052C000002B00F09F81236813F0020F54D07F4B16
:1052D0009B6813F00C0F3ED07C4B9B6803F00C03D3
:1052E000082B33D0E368002B68D0794B01221A6079
:1052F000FEF7C8FD0546754E336813F0020F54D112
:10530000FEF7C0FD401B0228F6D903207FE16F4A5B
:10531000136843F480331360B5E76C4B1A6842F4AA
:1053200080221A601A6842F480321A60ABE7FEF7F6
:10533000A9FD0546654E336813F4003FC3D0FEF760
:10534000A1FD401B6428F6D9032060E15F4B5B6838
:1053500013F4800FC6D15D4B1B6813F0020F03D00E
:10536000E368012B40F05081584A1368216923F00B
:10537000F80343EAC1031360236813F0080F42D017
:1053800063696BB3524B0122C3F8802EFEF77AFD9E
:1053900005464E4E736F13F0020F34D1FEF772FDC7
:1053A000401B0228F6D9032031E1484A13682169DD
:1053B00023F0F80343EAC1031360DDE7444B002206
:1053C0001A60FEF75FFD0546404E336813F0020F8A
:1053D000D2D0FEF757FD401B0228F6D9032016E174
:1053E0003B4B0022C3F8802EFEF74CFD0546374E9E
:1053F000736F13F0020F06D0FEF744FD401B022826
:10540000F6D9032003E1236813F0040F76D02F4B65
:105410001B6C13F0805F33D1002301932B4B1A6C6C
:1054200042F080521A641B6C03F080530193019B7D
:105430000125284B1B6813F4807F23D0A368012B20
:1054400034D0052B38D0214B1A6F22F001021A6795
:105450001A6F22F004021A67A368002B3CD0FEF7F3
:1054600011FD0646194F41F288383B6F13F0020FC9
:1054700043D1FEF707FD801B4045F6D90320C6E067
:105480000025D6E7134A136843F480731360FEF7D0
:10549000F9FC06460F4F3B6813F4807FCED1FEF730
:1054A000F1FC801B0228F6D90320B0E0074A136FF5
:1054B00043F001031367CFE7044B1A6F42F0040275
:1054C0001A671A6F42F001021A67C5E700380240F6
:1054D0000000474200700040FEF7D4FC0646524FE1
:1054E00041F288383B6F13F0020F06D0FEF7CAFC7A
:1054F000801B4045F6D9032089E0EDB9A369002B54
:1055000000F08480484A926802F00C02082A51D0C8
:10551000022B17D0454B00221A66FEF7B3FC044657
:10552000414D2B6813F0007F42D0FEF7ABFC001B0F
:105530000228F6D903206AE03B4A136C23F080531B
:105540001364DBE7394B00221A66FEF79BFC054625
:10555000354E336813F0007F06D0FEF793FC401BF6
:105560000228F6D9032052E0E369226A1343626AF3
:1055700043EA8213E26A43EA0263A26A5208013AEA
:1055800043EA0243284A5360284B01221A66FEF779
:1055900079FC0446244D2B6813F0007F06D1FEF7FA
:1055A00071FC001B0228F6D9032030E000202EE019
:1055B00000202CE0012B2DD01B4B5B6803F48001F5
:1055C000E269914228D103F03F02216A8A4225D143
:1055D000616A47F6C0721A40B2EB811F20D103F412
:1055E0004031A26A5208013AB1EB024F1AD1E26A85
:1055F00003F07063B3EB026F14BF0120002006E0DC
:1056000001207047012002E0012000E0002002B0EC
:10561000BDE8F0810120FAE70120F8E70120F6E774
:105620000120F4E70120F2E7003802400000474281
:1056300008B5264B9B6803F00C03042B41D0082BC4
:1056400041D1224B5A6802F03F025B6813F4800F8D
:1056500012D01E4B5968C1F388111D480023A1FBCD
:105660000001FBF729FB194B5B68C3F301430133CE
:105670005B00B0FBF3F008BD144B5868C0F3881012
:105680004FEA401CBCEB000C6EEB0E0E4FEA8E1383
:1056900043EA9C634FEA8C11B1EB0C0163EB0E0300
:1056A000DB0043EA5173C90011EB000C43F1000326
:1056B000990200234FEA8C2041EA9C51FBF7FCFA47
:1056C000D1E70348D7E70348D5E700BF00380240D9
:1056D00040787D010024F400002800F09D802DE931
:1056E000F0410D460446504B1B6803F007038B4204
:1056F00008D2CBB24C4A1370136803F007038B42F5
:1057000040F08C80236813F0020F17D013F0040FC1
:1057100004D0464A936843F4E0539360236813F03F
:10572000080F04D0414A936843F4604393603F4AB2
:10573000936823F0F003A1680B439360236813F090
:10574000010F32D06268012A21D0931E012B25D986
:10575000364B1B6813F0020F62D034498B6823F07C
:10576000030313438B60FEF78DFB06462F4F41F278
:105770008838BB6803F00C036268B3EB820F14D067
:10578000FEF780FB801B4045F3D9032042E0274B06
:105790001B6813F4003FE0D101203BE0234B1B6862
:1057A00013F0007FD9D1012034E01F4B1B6803F0B8
:1057B0000703AB4207D9EAB21B4B1A701B6803F010
:1057C0000703AB422ED1236813F0040F06D0174A0B
:1057D000936823F4E053E1680B439360236813F06C
:1057E000080F07D0114A9368216923F4604343EA04
:1057F000C1039360FFF71CFF0C4B9B68C3F30313BB
:105800000B4AD35CD8400B4B18600B4B1868FEF763
:10581000EDFA0020BDE8F081012070470120F9E792
:105820000120F7E70120F5E7003C02400038024084
:105830001C5B0308540000205C000020044B9B68A4
:10584000C3F38223034AD35C034A1068D8407047ED
:1058500000380240145B0308540000202DE9F04397
:1058600083B080460C4615461F46FEF70BFB0A9E8A
:105870003E44361AFEF706FB8146324B1A68C2F3E5
:10588000CB3206FB02F20192D8F80020936834EA8A
:1058900003030CBF01230023AB4251D0B7F1FF3FFC
:1058A0000AD0FEF7EFFAA0EB0900B04210D2019B3C
:1058B000002B41D11E46E7E7936834EA03030CBF8F
:1058C00001230023AB42F7D1002003B0BDE8F083F1
:1058D000D8F80020536823F0E0035360D8F8043070
:1058E000B3F5827F0CD0D8F82830B3F5005F16D01E
:1058F000012388F85130002388F850300320E4E772
:10590000D8F80830B3F5004F02D0B3F5806FEAD174
:10591000D8F80020136823F040031360E3E7D8F8B9
:105920000020136823F400531360D8F80020136894
:1059300043F400531360DBE7019B013B0193A3E7B2
:105940000020C2E75400002070B584B004460D4624
:10595000164600920B4601220221FFF77FFFD0B9C5
:10596000174B1B68174AA2FB03235B0D4FF47A7297
:1059700002FB03F303936368B3F5827F11D0039BAB
:105980003BB1039B013B039323689B6813F0800F9B
:10599000F5D104B070BD636D43F02003636503204F
:1059A000F7E700962B46002280212046FFF756FF9E
:1059B0000028EED0636D43F0200363650320E8E721
:1059C00054000020819F5E1610B582B004460B463D
:1059D0004168B1F5827F09D0009200220121204662
:1059E000FFF73CFF002831D102B010BD8168B1F54E
:1059F000004F02D0B1F5806F0CD12068016821F012
:105A0000400101606168B1F5827FE5D1A168B1F51F
:105A1000806F0DD00092002280212046FFF71EFFEC
:105A20000028E1D0636D43F0200363650320DBE7CA
:105A30000092002201212046FFF710FF0028D3D05A
:105A4000636D43F0200363650320CDE7636D43F08E
:105A5000200363650320C7E700285AD010B5044629
:105A6000436A33B94368B3F5827F05D00023C3612D
:105A700002E00023036143610023A36294F85130E4
:105A8000002B40D0022384F851302268136823F0A1
:105A9000400313602268636803F48273A16801F411
:105AA00004410B43E16801F400610B43216901F0FB
:105AB00002010B43616901F001010B43A16901F48B
:105AC00000710B43E16901F038010B43216A01F0D9
:105AD00080010B43A16A01F400510B43136021685C
:105AE000638B03F00403626A02F0100213434B60FD
:105AF0002268D36923F40063D36100206065012329
:105B000084F8513010BD84F850302046FCF702FE76
:105B1000B8E7012070472DE9F04182B0044688467D
:105B200017461D46FEF7AEF994F85130012B40F0B0
:105B3000C8800646D8B2B8F1000F00F0C380002F2D
:105B400000F0C08094F85030012B00F0BE8001239B
:105B500084F85030032384F8513000236365C4F87F
:105B60003080A786E786A363A387E3876364236403
:105B7000A368B3F5004F3BD023681A6812F0400FBA
:105B800003D11A6842F040021A60E368B3F5006F6F
:105B900039D063680BB1012F0AD12368226B1278C8
:105BA0001A73236B01332363E38E013B9BB2E386BD
:105BB000E38E9BB2002B6FD1324629462046FFF779
:105BC000C3FE08B120236365A36833B9019323683A
:105BD000DA6801929B680193019B012384F851309C
:105BE000002384F85030606DC01A18BF012069E0AE
:105BF0002268136823F0400313602268136843F49B
:105C000080431360B8E763680BB1012F0AD12368A2
:105C1000226B1288DA60236B02332363E38E013B2D
:105C20009BB2E386E38E9BB263B9C5E7FEF72AF920
:105C3000801BA84202D3B5F1FF3F13D1E38E9BB284
:105C4000002BB9D023689A6812F0020FEED0226BB5
:105C50001288DA60236B02332363E38E013B9BB22D
:105C6000E386EBE7012384F85130002384F85030B9
:105C7000032027E0226B12781A73236B013323630E
:105C8000B4F836C00CF1FF3C1FFA8CFCA4F836C007
:105C9000E18E89B200298FD023689A6812F0020F32
:105CA000E8D1FEF7EFF8801BA842F1D3B5F1FF3F32
:105CB000EED0012384F85130002384F850300320C3
:105CC00000E0022002B0BDE8F0810220FAE72DE9F1
:105CD000F04383B00446884691461F460A9EFEF76D
:105CE000D1F8054694F85130012B0CD0DAB2636834
:105CF000B3F5827F40F00281A368002B40F002815F
:105D0000042A40F00181B8F1000F00F0FF80B9F1E2
:105D1000000F00F0FD80002F00F0FC8094F8503060
:105D2000012B00F0F980012384F8503094F85130B1
:105D3000042B1CBF052384F8513000236365C4F88D
:105D40003890E787A787C4F83080E786A786236462
:105D5000636423681A6812F0400F03D11A6842F096
:105D600040021A60E368B3F5006F12D063680BB1AC
:105D7000012F0AD12368226B12781A73236B013327
:105D80002363E38E013B9BB2E38601274FF00008BB
:105D90006EE063680BB1012F0AD12368226B128871
:105DA000DA60236B02332363E38E013B9BB2E3860D
:105DB00001274FF000081AE02268936813F00103EE
:105DC0000DD0E18F89B251B1D168A26B1180A26B65
:105DD0000232A263E28F013A92B2E2871F46FEF7D7
:105DE00051F8401BB04202D3B6F1FF3F1DD1E38E04
:105DF0009BB21BB9E38F9BB2002B5ED023689A68DD
:105E000012F0020FD8D0E28E92B2002AD4D0012F25
:105E1000D2D1226B1288DA60236B02332363E38EC4
:105E2000013B9BB2E3864746C6E7012384F8513025
:105E3000002384F85030032061E02268936813F057
:105E400001030DD0E18F89B251B1D168A26B1170FD
:105E5000A26B0132A263E28F013A92B2E2871F463F
:105E6000FEF710F8431BB34202D3B6F1FF3F1CD13B
:105E7000E38E9BB213B9E38F9BB2F3B123689A68A8
:105E800012F0020FD9D0E28E92B2002AD5D0012FA3
:105E9000D3D1226B12781A73236B01332363E38E01
:105EA000013B9BB2E3864746C7E7012384F85130A4
:105EB000002384F85030032021E02A463146204652
:105EC000FFF742FD98B9A36833B901932368DA68F4
:105ED00001929B680193019B012384F851300023B8
:105EE00084F85030606DC01A18BF012007E02023ED
:105EF0006365002384F85030012000E0022003B0E5
:105F0000BDE8F0830220FAE70220F8E70120F6E777
:105F10000120F4E70120F2E70220F0E72DE9F0414B
:105F200082B01D4690F85130012B40F0B9800446F4
:105F300088461746D8B2002900F0B380002A00F046
:105F4000B0806368B3F5827F02D1A368002B3ED096
:105F5000FDF798FF064694F85030012B00F0A4801E
:105F6000012384F85030042384F851300023636502
:105F7000C4F83880A787E7872363A386E386236472
:105F80006364A368B3F5004F2BD023681A6812F03E
:105F9000400F03D11A6842F040021A60E3685BB315
:105FA000E38F9BB2002B5FD1324629462046FFF794
:105FB0000BFD08B120236365012384F851300023D1
:105FC00084F85030606DC01A18BF012069E00423C6
:105FD00084F85130009513460A462046FFF777FEB5
:105FE0005FE02268136823F040031360226813689F
:105FF00023F480431360C8E7E38F9BB263B9D3E710
:10600000FDF740FF801BA84202D3B5F1FF3F17D137
:10601000E38F9BB2002BC7D023689A6812F0010F60
:10602000EED0A26B1B7B1370A36B0133A363B4F898
:106030003EC00CF1FF3C1FFA8CFCA4F83EC0E7E721
:10604000012384F85130002384F85030032028E0E5
:10605000FDF718FF801BA84202D3B5F1FF3F17D10F
:10606000E38F9BB2002B9FD023689A6812F0010F38
:10607000EED0DA68A36B1A80A36B0233A363B4F883
:106080003EC00CF1FF3C1FFA8CFCA4F83EC0E7E7D1
:10609000012384F85130002384F85030032000E0BD
:1060A000022002B0BDE8F0810220FAE738B590F88E
:1060B0005130012B5ED10446DDB200295BD0002AAD
:1060C00059D090F85030012B57D0012380F8503030
:1060D000032380F851300023436501638286C28622
:1060E0008363436403648387C3878368B3F5004F86
:1060F0002DD0A36C224A1A64A36C224ADA63A36CE3
:10610000214ADA64A36C00221A65E38E22689BB2EE
:106110000C32216BA06CFDF7FFFF014610BB23681A
:106120001A6812F0400F03D11A6842F040021A6058
:10613000002384F850302268536843F020035360F2
:106140002268536843F0020353600D4613E002686F
:10615000136823F0400313600268136843F480431C
:106160001360C6E7636D43F010036365002384F892
:10617000503000E00225284638BD0225FBE700BF6D
:106180008F610008BD6100089B610008704708B579
:10619000806BFFF7FBFF08BD704708B5806B026896
:1061A000536823F003035360436D43F010034365CA
:1061B000012380F85130FFF7EFFF08BD30B583B001
:1061C0000546846BFDF75EFE2B681B6813F4807F29
:1061D00023D1024621684B6823F020034B602168DD
:1061E0004B6823F002034B6064212046FFF7ACFBB1
:1061F00018B1636D43F020036365A36833B901935D
:106200002368DA6801929B680193019B0023E3866F
:10621000012384F85130636D23B92046FBF7FCFF5E
:1062200003B030BD2046FFF7B7FFF9E730B585B0C2
:106230000446026850689368C3F3801513F0400F5A
:106240002DD1990913F0010F02D010F0400F12D197
:1062500013F0020F02D010F0800F10D14FEA531C40
:1062600041EA531101F0010103F4807E51EA0E016D
:106270007AD105B030BD236C20469847F9E7636CAE
:1062800020469847F5E700230193D368019393686C
:106290000193019BEDE72046FFF77EFFE9E713F04E
:1062A000020F5CD110F0200FE3D0C3F3401194F83B
:1062B0005150032DE7D0656D45F004056565002557
:1062C0000095D568009595680095009D61B1616D58
:1062D00041F001016165002102919168029111680C
:1062E00021F040011160029A13F4807F09D0636DA0
:1062F00043F0080363650023039323689B680393BB
:10630000039B636D002BB4D02268536823F0E00335
:106310005360012384F8513010F0030FBBD0226882
:10632000536823F003035360E36C4BB1124A1A65C0
:10633000E06CFDF738FF18B1636D43F0400363650F
:10634000A36C002B95D00C4A1A65A06CFDF72BFFAF
:1063500000288ED0636D43F04003636589E710F039
:10636000800F8CD14FEA531C10F0200F81D00CF01D
:106370000101002DAAD09AE77D63000808B5806B63
:106380000023C387C386FFF707FF08BD70B4036A05
:10639000026A22F0010202624468826922F07302FA
:1063A0000D682A4323F002038D682B430B4DA8424E
:1063B00006D0446082614A684263036270BC7047E1
:1063C00023F00803CD682B4323F0040324F4407426
:1063D0004D698E6935432C43EBE700BF0000014057
:1063E00070B4036A026A22F4807202624468C2696D
:1063F00022F073020D682A4323F400738D6843EA88
:1064000005230C4DA84206D04460C2614A68C263AD
:10641000036270BC704723F40063CD6843EA052330
:1064200023F4806324F440544D698E69354344EA73
:106430000514E9E70000014030B4036A026A22F45F
:10644000805202624468C26922F4E6420D6842EA60
:10645000052223F400538D6843EA0533074DA84213
:1064600006D04460C2614A680264036230BC70476F
:1064700024F480444D6944EA8514F2E700000140A9
:1064800090F83D30012B2FD1022380F83D30026877
:10649000D36843F00103D3600368154A934218D0D0
:1064A000B3F1804F15D0A2F57C42934211D002F592
:1064B000806293420DD002F58062934209D002F5CA
:1064C0009A32934205D01A6842F001021A60002005
:1064D00070479A6802F00702062A07D01A6842F04D
:1064E00001021A60002070470120704700207047A9
:1064F000000001400268D36823F00103D360036801
:10650000196A41F21112114208D1196A40F244424B
:10651000114203D11A6822F001021A60012380F8A7
:106520003D30002070477047704770477047704794
:1065300070B504460368DE681D6915F0020F10D0BF
:1065400016F0020F0DD06FF002021A6101230377DB
:1065500003689B6913F0030F5ED0FFF7E6FF00238B
:10656000237715F0040F12D016F0040F0FD0236814
:106570006FF004021A610223237723689B6913F4E6
:10658000407F4FD02046FFF7D0FF0023237715F040
:10659000080F12D016F0080F0FD023686FF0080212
:1065A0001A61042323772368DB6913F0030F40D0BB
:1065B0002046FFF7BAFF0023237715F0100F12D003
:1065C00016F0100F0FD023686FF010021A61082325
:1065D00023772368DB6913F4407F31D02046FFF72F
:1065E000A4FF0023237715F0010F02D016F0010F4E
:1065F0002DD115F0800F02D016F0800F2FD115F09D
:10660000400F02D016F0400F31D115F0200F02D00C
:1066100016F0200F33D170BDFFF786FF2046FFF73D
:1066200085FF9CE72046FFF77FFF2046FFF77EFFB0
:10663000ABE72046FFF778FF2046FFF777FFBAE782
:106640002046FFF771FF2046FFF770FFC9E7236878
:106650006FF001021A612046FBF78AFBC9E7236845
:106660006FF080021A61204600F089FAC7E72368BC
:106670006FF040021A612046FFF759FFC5E7236813
:106680006FF020021A61204600F078FAC3E700009C
:1066900003683F4A90424ED0B0F1804F5FD0A2F5E0
:1066A0007C4290423DD002F5806290423ED002F59D
:1066B0008062904213D0374A904254D002F58062F3
:1066C000904250D002F5806290424CD023F080037B
:1066D0004A6913438A68C2620A6882624FE023F003
:1066E00070034A6813432A4A904228D0B0F1804F81
:1066F00039D0A2F57C42904235D002F580629042BA
:1067000031D023F44073CA68134323F080034A69ED
:1067100013438A68C2620A6882621D4A90422ED17F
:1067200019E023F070034A6813431CE023F0700360
:106730004A68134317E023F070034A68134323F4B5
:106740004073CA68134323F080034A6913438A687D
:10675000C2620A68826209690D4A11630FE023F080
:1067600070034A68134323F44073CA68134323F049
:1067700080034A6913438A68C2620A6882620268B7
:1067800042F004020260012242610360704700BFD0
:10679000000001400040014040B310B5044690F8AD
:1067A0003D30F3B1022384F83D30214651F8040B0B
:1067B000FFF76EFF012384F8463084F83E3084F8FA
:1067C0003F3084F8403084F8413084F8423084F817
:1067D000433084F8443084F8453084F83D3000205C
:1067E00010BD80F83C30FCF73BF8DBE70120704738
:1067F00040B310B5044690F83D30F3B1022384F85D
:106800003D30214651F8040BFFF742FF012384F885
:10681000463084F83E3084F83F3084F8403084F8C5
:10682000413084F8423084F8433084F8443084F8AE
:10683000453084F83D30002010BD80F83C30FFF733
:1068400072FEDBE70120704770B4036A026A22F02F
:10685000100202624468826922F4E6420D6842EA4C
:10686000052223F020038D6843EA05130C4DA8424E
:1068700006D0446082614A688263036270BC7047DC
:1068800023F08003CD6843EA051323F0400324F48A
:1068900040644D698E69354344EA8504E9E700BFE9
:1068A0000000014038B590F83C30012B66D004461A
:1068B0000D46012380F83C300C2A5AD8DFE802F05C
:1068C000075959591B5959593059595944000068A9
:1068D000FFF75CFD2268936943F008039361226827
:1068E000936923F0040393612268936929690B4338
:1068F000936100203EE00068FFF7A6FF22689369DD
:1069000043F4006393612268936923F48063936185
:1069100022689369296943EA01239361002029E0F1
:106920000068FFF75DFD2268D36943F00803D36177
:106930002268D36923F00403D3612268D3692969EB
:106940000B43D361002015E00068FFF775FD226856
:10695000D36943F40063D3612268D36923F480636D
:10696000D3612268D369296943EA0123D3610020F6
:1069700000E00120002384F83C3038BD0220FCE711
:1069800010B4846824F47F4C0A4342EA032242EAAA
:106990000C0282605DF8044B704738B590F83C30CB
:1069A000012B00F0AD800446012380F83C30022327
:1069B00080F83D300268936823F47F4323F0770327
:1069C00093600B68602B60D037D8402B79D015D8F6
:1069D000202B07D004D833F0100203D0012040E070
:1069E000302B09D121688A6822F07002134343F0EA
:1069F00007038B60002034E0012032E0502B1AD1D5
:106A000003684868CD68196A1A6A22F001021A629E
:106A10009A6922F0F00242EA051221F00A010143CC
:106A20009A6119622268936823F0700343F0570358
:106A30009360002015E0012013E0B3F5805F5BD088
:106A4000B3F5005F14D0702B58D1CB684A688968C1
:106A50000068FFF795FF2268936843F0770393601F
:106A60000020012384F83D30002384F83C3038BDF9
:106A7000CB684A6889680068FFF782FF22689368DC
:106A800043F4804393600020EBE703684868CD68D7
:106A90001A6A196A21F010011962996921F470418A
:106AA00041EA053122F0A00242EA001299611A621D
:106AB0002268936823F0700343F06703936000201B
:106AC000CFE703684868CD68196A1A6A22F00102A4
:106AD0001A629A6922F0F00242EA051221F00A01D4
:106AE00001439A6119622268936823F0700343F0AE
:106AF000470393600020B4E70020B2E70120B0E72D
:106B00000220B4E790F83C20012A33D030B4034689
:106B1000012280F83C20022280F83D20046862684F
:106B2000A06822F070020D682A4362601A68124C55
:106B3000A24212D0B2F1804F0FD0A4F57C44A24201
:106B40000BD004F58064A24207D004F58064A24211
:106B500003D004F59A34A24204D120F080004968A1
:106B600008439060012283F83D20002083F83C0018
:106B700030BC7047022070470000014070477047EA
:106B800010B50446006806F0F5F903460269426153
:106B9000206818610022262100F014FB10BD08B502
:106BA0000022C9B206F0CAF908BD08B509B202F060
:106BB000AAFA08BD08B509B202F08EFA08BD38B5C8
:106BC0000546006806F0D6F9044600222721006930
:106BD00000F0F8FA00222821606900F0F3FA6069F9
:106BE00020B194F8283013F0020F10D10022626116
:106BF00094F8283062F3000384F82830A261602101
:106C0000286805F061FE206902F0EFFD38BD06F04E
:106C1000ABFAEBE770B5044606F0ACF908B30546ED
:106C200006695EB100222521304600F0CBFA2B69BF
:106C300023B100222621204600F0C4FA2C61002353
:106C4000AB615CB11A462721204600F0BBFA2B69E4
:106C500023B100222821304600F0B4FA204602F089
:106C6000C4FD70BD08B5034608B1186908BD1CF025
:106C70004BFC03460028F8D1F8E708B5034608B1F5
:106C8000586908BD1CF040FC03460028F8D1F8E71D
:106C900008B5034608B1D86908BD1CF035FC0346A9
:106CA0000028F8D1F8E708B5034608B1186A08BD0E
:106CB0001CF02AFC03460028F8D1F8E738B50C464A
:106CC000054620B1AC606B6A032B06D038BD1CF0C2
:106CD0001BFC05460028F5D1F8E7EB68186806F0BC
:106CE00086F90028F2D1EB68586806F080F9002890
:106CF000ECD1EB68986806F07AF90028E6D1EB68E9
:106D0000186807F0D3FCE1E708B5034608B19868B6
:106D100008BD1CF0F9FB0346F9E700002DE9F04738
:106D2000A2B005460F4690461E469DF8A8A006F064
:106D300021F9D0F810904D4500F0A28004468069FA
:106D4000A84200F09D80A8B1484513D000211CF056
:106D5000B9FD00221146A06902F0ECF90022602181
:106D6000A06905F0B1FD23696361D4F81890484625
:106D7000FFF750FFA561606920B194F8283013F047
:106D8000020F40D1A7F10A02D2B2042A8CBF00221E
:106D9000012294F8283062F300036AF3410384F877
:106DA0002830002128461CF08DFD1CF0ADFBFFF7BC
:106DB00059FF00211CF086FD00221146284602F0F2
:106DC000B9F91CF0A1FBFFF74DFF0022114602F0BC
:106DD000B1F900226021284605F076FD1CF094FBF5
:106DE000FFF740FF0022602105F06EFD58EA060320
:106DF0000ED12846FFF70EFFBAF1000F40D04846EB
:106E000006F0B2F93CE006F0AFF900236361B9E7A0
:106E100011A81CF03DFD1195714B1393714B149308
:106E2000CDF8708076421D9668461CF031FD2369CE
:106E30000093CDF82C800C960E2F16D8DFE817F0B3
:106E40000F0023002D00380042004D005F0071004C
:106E5000830095009D00A500B000BA00C500624BFC
:106E60001293002319931A931B930022252148465D
:106E700000F0A8F911A81CF05DFD68461CF05AFD51
:106E800022B0BDE8F087584B129320461CF042FB1D
:106E900019901A9000231B93E7E7534B1293204657
:106EA0001CF038FB404219901A9000231B93DCE73A
:106EB0004E4B129320461CF041FB19901A90002370
:106EC0001B93D2E7494B129320461CF037FB4042FC
:106ED00019901A9000231B93C7E7434E1296204641
:106EE0001CF018FB19901A9000251B95019620465E
:106EF0001CF010FB0895099540420A90B5E73A4E00
:106F0000129620461CF006FB404219901A9000256C
:106F10001B95019620461CF0FDFA089509950A90EC
:106F2000A3E7324E129620461CF008FB19901A90E7
:106F300000251B95019620461CF000FB089509953D
:106F400040420A9091E7294E129620461CF0F6FA2C
:106F5000404219901A9000251B95019620461CF07E
:106F6000EDFA089509950A907FE7214B12930023CB
:106F700019931A93FF231B9377E71D4B0193FF236C
:106F80000893099300230A936FE7174B0193204658
:106F90001CF0C0FA00230893099340420A9064E76A
:106FA000114B019320461CF0B5FA00230893099376
:106FB0000A905AE70D4B019320461CF0BFFA0023BC
:106FC0000893099340420A904FE7084B01932046EB
:106FD0001CF0B4FA0023089309930A9045E700BF18
:106FE000816B0008BF6B0008B56B0008AB6B000835
:106FF0009F6B000808B5034630B1D3F85401002850
:10700000D4BF0020012008BD1CF07EFA03460028F2
:10701000F3D10020F7E7806858B1837E03F03F0387
:107020008B4205D901EB4101C06800EB810070473C
:107030000020704710B50C4640B1006848B10369A4
:107040005BB900680028FAD1012012E04B6818688B
:10705000F4E701200DE001200BE00369002BFAD0DA
:107060000023E360036921469847207EC04300F077
:10707000010010BD70B5044600F016FB68B1006851
:1070800083680BB1217A9847237E13F0020640F003
:107090008B8013F0010F40F0888000216068FFF7BB
:1070A000BAFF034620B3002512E05A68E2601B686D
:1070B00020469847237E13F0020678D113F0010F83
:1070C00073D1013529466068FFF7A5FF034678B103
:1070D0001A68002AF5D01A7A93F908100029F0DA14
:1070E000802AE2D022F08002217A8A42E9D1DCE7CC
:1070F00021460020FFF79EFF0646002855D00021BC
:107100006068FFF788FF034620B3012E4DD10025AC
:1071100012E05A68E2601B6820469847237E13F00D
:10712000020242D113F0010F43D1013529466068B4
:10713000FFF771FF034678B11A68002AF5D0197A73
:1071400093F90820002AF0DB0029E2D0227A8A4253
:10715000EBD1DEE7012E28D1606843685BB3237E64
:1071600013F0040F29D1237A233B012B0AD863683B
:107170005B6863602046FFF77DFF012814BF00268F
:10718000012612E04FF4804100F0F1FFA8B1237A0C
:10719000113BDBB21B2BEAD8094A22FA03F313F0A6
:1071A000010FE4D0012600E00126304670BD012623
:1071B000FBE71646F9E70126F7E70126F5E700BFEA
:1071C000FF270F0BD8B110B588B0019002908DF851
:1071D0000C100021049105929DF81C3003F0FA0375
:1071E00061F341038DF81C30064C2368069301A817
:1071F0002060FFF73FFF069B236008B010BD012011
:10720000704700BF4CCE0020006870474068704750
:10721000007A00F07F00704700697047C0687047CF
:10722000084B1B683BB970471A7E42F001021A7680
:107230005B69002BF7D05A688242F5D01A68824207
:10724000F6D1F1E74CCE00202DE9F04104460F467F
:1072500016461D4601F004FAA368987E421C62F3AC
:1072600005009876D4F8088098F81A0000F03F00DE
:1072700000EB40008100D8F80C001DF0ADFCC8F810
:107280000C00A368DA6852B39B7E03F03F0303EB64
:10729000430302EB830242F80C7CA268937E03F066
:1072A0003F03D26803EB430302EB830303F8046C50
:1072B000A268937E03F03F03D26803EB430302EB23
:1072C000830343F8085CA268937E03F03F0303EB5B
:1072D00043039B000C3BD0681844BDE8F081FEE7F7
:1072E000037A013BDBB20F2B94BF0069002070478B
:1072F000037A143BDBB2052B94BF00690020704772
:10730000037A132B00D070470269B2F900308B4228
:10731000B8BF0B461380F6E7F8B5054600201CF011
:107320006BF9D8B1044600273E4604E020461CF025
:1073300063F9044660B1204600F0BCF9636DAB42CE
:10734000F4D102280FD02746042808BF2646EDE7CF
:107350000EB13046F8BD0FB13E46FAE700201CF0F2
:107360004BF90646F5E72646F3E700283ED02DE91F
:10737000F84F8A4691460746037F13F0010F6CD100
:10738000C4684FF0010B0026D84684B3002E08BF16
:10739000264621463846C8470446B04265D0002CF0
:1073A000F3D0206800F0EFFE10F0800FEDD12568DB
:1073B00055B14146284600F0DAFE48BB284605F0A4
:1073C000FDFD05460028F4D1FB68A34250D053B31D
:1073D0001D683846FFF7A0FF02460F212846FFF739
:1073E000F1FE01281BD04FF0000B38E0FEE73B7F99
:1073F00013F0080F01D1002E34D1BBF1000F2ED0B5
:107400003846D0470446002E3BD04FF0000BC6E76D
:107410000121284600F0ABFE0028D5D0B5E7FB6877
:10742000186802F0E2F9FC6024683846FFF774FF40
:1074300002460E212046FFF7C5FE012802D04FF07C
:10744000000B0CE0FB68186802F0CFF93B6993B1C0
:10745000384698474FF0010B01E04FF0000B5846BB
:10746000BDE8F88F4FF0000BF9E74FF0000BF6E79F
:107470004FF0000BF3E74FF0010BF0E74FF0000B7C
:10748000EDE70028FAD006464FF0000B89E7000030
:1074900008B5202101481DF074F908BD44D2002030
:1074A000014B1868704700BF50CE002060B110B586
:1074B0000446064A0649FFF758FF63691BB110B935
:1074C00001212046984710BDFEE700BF0149020890
:1074D000F148020860B110B50446064A0649FFF7B4
:1074E00044FF63691BB110B900212046984710BDC5
:1074F000FEE700BF09490208F948020888B138B51B
:107500000446037FC3F3C00543F00803037713F079
:10751000040F07D1FFF7CAFF237F65F3C303237767
:1075200038BDFEE7FFF7D6FFF6E770B5054600F079
:107530002CFEA0B10646C36813B11B68AB420FD046
:1075400030461DF0D5F9044648B12368AB4231D02E
:10755000214630461DF0D4F904460028F5D170BD0F
:10756000037F13F0010F03D0037F23F001030377A0
:1075700030461DF0BDF9F36883420BD03046FFF76B
:10758000BDFFF368002BDBD01B68AB4204BF0023B8
:10759000F360D5E730461DF0AFF9F3688342EDD1D3
:1075A0001C683046FFF7B8FE02460F212046FFF761
:1075B00009FEE6E7214630461DF057F920461DF04A
:1075C000EFFAAB68002BCAD000229A60C7E7002808
:1075D0003AD070B50C4605460846FFF7A6FF284688
:1075E0001DF086F9014640B10B68A3421FD0284622
:1075F0001DF086F901460028F6D1204600F0C5FDB1
:1076000030B1A3689B682BB1DB681B68A3420FD025
:10761000A36883B1A3689D6028461DF007F906465C
:1076200068B1046028461DF063F9864208D070BD39
:10763000FFF764FFECE7204601F012F8EAE7FEE707
:107640002846FFF75BFFF2E7704718B1C06808B142
:10765000006870477047F8B170B50446037FC3F304
:1076600040038B4213D0037F61F341030377FFF79D
:10767000ECFF054658B1E3681E682046FFF74CFE54
:1076800002460E213046FFF79DFD012800D070BD57
:10769000284602F0AAF8FAE7704718B1007FC0F355
:1076A0004000704700207047014B1868704700BFCA
:1076B00058CE002010B1036818787047002070473A
:1076C00038B50C4630B30346427942F002024271AB
:1076D000284A1268824206D01A681278013AD2B259
:1076E000012A04D938BD244A00211160F4E75CB1B5
:1076F0005A6BA24204BF00225A639A6AA24236D051
:10770000DA6AA242EED102E000225A639A620022B3
:10771000DA62E7E700201BF06FFF034618B300258D
:1077200007E05D639D62DD6218461BF065FF03465E
:10773000C8B15A7942F002025A711A681278013AB5
:10774000D2B2012AF0D8002CEBD05A6BA24204BF6F
:1077500000225A639A6AA24204BF00229A62DA6A3D
:10776000A242E1D1DFE7044B00221A60BAE700220F
:107770009A62C5E758CE002054CE002010B50446CA
:10778000437923F0010343711BF050FFE0641BF0C9
:107790004DFFA06410BD58B103681B7803F0FD03D2
:1077A000012B08D04FF6FF730B804FF0FF3307E03B
:1077B00000230B8004E0B0F908300B80B0F90A30E8
:1077C0004B80704760B103681B7803F0FD03012B09
:1077D00001D00020704790F8440000F00F0070477F
:1077E0000020704748B10268127802F0FD02012AB9
:1077F00001D000207047006B7047704700230B805A
:107800004B8028B103681B7803F0FD03012B00D0E7
:107810007047B0F918300B80B0F91A304B80F7E799
:1078200018B1437943F0080343717047014B18685E
:10783000704700BF54CE002000B3024603291AD07F
:107840000C291DD1B0F926301268517ED3B110B485
:107850000020C1F164010C4C184400B201FB03F399
:1078600084FB03C2DB17C3EB62131BB2002BF3D103
:107870005DF8044B7047B0F92430E5E7002070470D
:1078800000207047184670471F85EB512DE9F043E3
:10789000A5B00646FFF7BCFC05463046FFF7B4FC32
:1078A0000446122D07D0152D5BD0182D00F0E68070
:1078B00025B0BDE8F0833046FFF7AEFC05460378FF
:1078C000022BF5D017220021204604F0B3FB10B1A3
:1078D00002232B70ECE70B220021204604F0AAFBC8
:1078E00007B269220021204604F0A4FB06466A2262
:1078F0000021204604F09EFBB4F91620B4F918E0EC
:10790000B4F91AC0B3B2A18AC91AADF848107344C9
:10791000ADF84C3080B2121AADF84A206044ADF890
:107920004E003A4612A968681CF031FA10B90123DA
:107930002B70BDE721220021204604F07BFBC0B262
:10794000FC2802D801232B70B2E7602200212046D8
:1079500004F070FBC3B2FC2B94BF012300232B70F7
:10796000A6E73046FFF7C4FC064604A809F08CF8E9
:1079700034220021204604F05DFB28B19DF833300D
:1079800043F001038DF8333004AF3A46002120461E
:1079900000F08AFF69220021204604F04BFB0546D7
:1079A0006A220021204604F045FBB4F91620B4F900
:1079B00018E0B4F91AC0ABB2A18AC91AADF8081020
:1079C0007344ADF80C3083B2D21AADF80A20634488
:1079D000ADF80E300DF148083146404601F0AAFAE4
:1079E000CF4B139300251495169702AB15931F9553
:1079F00042461A212046FFF7E5FB1722294620467A
:107A000004F018FB78B3BDF9103063B3DDF82080C3
:107A10002F46089502AA04A9304609F07FF81820DD
:107A20001DF0F2F805463B46BDF9102004F11401A3
:107A300008F0EAFD04F59071284608F0E5FBB8F17E
:107A4000000F15D000238DF813308DF832308DF8EB
:107A50003A308DF84630CDF8208002AA04A930468D
:107A600009F05CF804E002AA04A9304609F056F8CF
:107A700012AA1B212046FFF7A5FB19E73046FFF7A6
:107A800037FC054602AA6946204603F0DDFC68463D
:107A90001CF032F820B902A81CF02EF8002866D09D
:107AA00004A808F0F1FF21224FF48031204604F0B1
:107AB000C1FAC0B28DF81300022800F2BB80312257
:107AC0004FF48031204604F0B5FAC0B28DF8320090
:107AD000022800F2B88045224FF48031204604F09D
:107AE000A9FAC0B28DF84600022800F2C4804FF413
:107AF0008031204605F030F9FC280ED89DF813306F
:107B000000FB03F31B128DF8133000FB03F3C3F3E8
:107B100007238DF832308DF846309DF813309DF8EC
:107B2000322013439DF84620134320D00B224FF4FC
:107B30008031204604F07EFAADF81000294612A8E4
:107B400001F0F8F9764B13930223149304AB1693C8
:107B50004FF480331F9368461BF0CEFF002840F09F
:107B6000AA8002A81BF0C8FF002840F0B7801722A7
:107B70000021204604F05EFA002840F0C380342241
:107B80000021204604F056FA00283FF491AE04AFDD
:107B9000384608F079FF00268DF813608DF82A60CA
:107BA0008DF83A608DF846603A463146204600F03E
:107BB0007BFE69223146204604F03CFA80466A2268
:107BC0003146204604F036FAB4F91620B4F918E02C
:107BD000B4F91AC01FFA88F3A18AC91AADF80810BF
:107BE0007344ADF80C3080B2121AADF80A2060442C
:107BF000ADF80E000DF148082946404601F09AF90B
:107C0000474B13930123149316970DF10809CDF8F0
:107C100054901F9642461A212046FFF7D3FA4A464F
:107C20003946284608F07AFF42461B212046FFF7D6
:107C3000C9FA3DE620224FF48031204604F0FAF9DB
:107C4000ADF814003BE732224FF48031204604F0B7
:107C5000F1F900B2ADF83000002803DC00238DF804
:107C6000323038E730224FF48031204604F0E2F918
:107C7000ADF82E002FE740224FF48031204604F06B
:107C8000D9F900B2ADF83E00002803DC00238DF8DE
:107C900046302CE743224FF48031204604F0CAF9E5
:107CA000ADF8440044224FF48031204604F0C2F97C
:107CB000ADF83C001BE7CDF854D012AE32461A2185
:107CC0002046FFF77FFA6A4604A9284608F026FFF7
:107CD00032461B212046FFF775FA42E702AE1596A1
:107CE00012AF3A461A212046FFF76CFA1596324633
:107CF00004A9284608F012FF3A461B212046FFF748
:107D000061FA34E704F5907008F0DAFA06460028C4
:107D10003FF435AF08F0ECFA30461CF0D7FF2EE701
:107D200030B204082DE9F0410C464F682FB33846B5
:107D300002F054FF0646384602F0DDFE8046FD8A1A
:107D400010220021384604F075F92B18A3EB080324
:107D50009BB2E382013B6383BD8A12220021384635
:107D600004F068F90544A81B80B2A0820138208382
:107D70004BF67633E361BDE8F08141F67603F9E72F
:107D80002DE9F04F8DB0B0F82090894508D0044619
:107D90000F4601840A46494604F092FE824610B915
:107DA0000DB0BDE8F08F4FF420701CF02DFF039054
:107DB0004FF420711DF049F9638C13F47C7F00F0BF
:107DC0000B810026B346FB430493CDF81C90CDF8FD
:107DD00020A03D4619E093F807E0BEF1000F0DD05A
:107DE000D3F800C0614600233CF83320C2F30D00F5
:107DF000672845D0013308317345F5D10136638CCE
:107E0000C3F30513B34240F212814FEAC609D4F816
:107E10000C8008EBC607786820F07F4004F086FFEE
:107E200082460290E3684B44586820F07F4004F09B
:107E30007FFF0590049B13EA0A0FDFD1FB7913F053
:107E4000020FDBD158F836309A884FF6FF718A421C
:107E5000C1D093F807C0BCF1000FCFD0BCF1010F27
:107E600037D9D3F800E00EEB8C02002332F8021B66
:107E7000C1F30D0067281FD001339C45F6D1BDE743
:107E800012F4004FBAD112F4804F11D1D1F80490FE
:107E9000D9F800301B88002B7FD04FF0000A0697DE
:107EA00009965E460A940B955546DDF814A045E008
:107EB0001DF092FF8146EBE711F4004F9ED111F4C3
:107EC000804F02D15EF82390E2E71DF085FF8146E6
:107ED000DEE7C2F30D01672990D112F4004F8DD176
:107EE00012F4804F02D1D3F80090D1E767201DF043
:107EF00073FF8146CCE708F101081434B04523D064
:107F00006568284604F012FF0746284604F010FF73
:107F1000D9F80030228933F80B309A42EBD18245F0
:107F2000E9D1029BBB42E6D85D4646450DD00235FD
:107F3000D9F800305B5B002B00F082802EB1039CEF
:107F40004FF00008AB46DBE75D4606EB8604039A7C
:107F500002EB8403D9F80C0022F82400D9F81000B1
:107F60005880D9F80800D860D9F80000405B188123
:107F7000D9F804001861069A5068C0F317005860D9
:107F800001360235D9F800305B5B002B38D01F2E4C
:107F9000D4D9B346099E0A9C0B9D0136638CC3F36A
:107FA0000513B34231D9BBF11F0F7FF62EAFDDF8B9
:107FB0001C90DDF820A02F46039D0026686804F081
:107FC000B7FE014600953B464A46204604F0B0FC09
:107FD000013614355E45F1D103981CF077FEBAF1F5
:107FE000010F18D0BAF1030F19D0BAF1020F7FF4C4
:107FF000D7AE204601F0F9FB204600F0AAFFCFE6FD
:10800000B346099E0A9C0B9DC7E7DDF81C90DDF87E
:1080100020A02F4610E0204601F0E7FBC0E64FF617
:10802000FF724FF47021204604F0CAF8B8E6DDF87C
:108030001C90DDF820A02F46BBF1000FBCD1CBE790
:10804000B346099E0A9C0B9DA7E7000008B5124B9A
:108050001B7803B108BD1CF077FD1EF0B7F91CF0CA
:10806000C5F91BF0FBFBFFF713FA06F03BFB03F02F
:10807000D3FF4FF4B47109481CF083FB5C2108481E
:108080001CF07FFB05F0B4F909F07EFB11F056F906
:10809000014B01221A70DDE760CE002074D200206F
:1080A00068D2002010B50146034800F011FB0446D9
:1080B00000F0C1FB204610BD30B204082DE9F041AC
:1080C00084B004460D4601F077F8064615F0100F0F
:1080D00016D1E36923EA0503E36115F0010F1ED110
:1080E000204601F069F8B04202D115F0C07F04D0FB
:1080F000204604F063FF01F079F804B0BDE8F08198
:1081000002AF3A466946204603F09EF9694620468A
:1081100001F047FB3946204601F043FBD9E72046F2
:1081200001F063FB204601F047F80028D8D0204634
:1081300004F044FF01F05AF8204601F057F8CFE769
:1081400008B5038C43EA010231EA030300D108BDFC
:108150001146FFF715FEFAE708B5038C23EA010282
:10816000194200D108BD1146FFF70AFEFAE7C369BC
:1081700099430CBF012000207047C3691940081EB5
:1081800018BF01207047008C7047806800B180687C
:108190007047F0B585B00E460846FFF739F804463B
:1081A0003046FFF733F80546631E292B2ED8DFE84B
:1081B00013F02A002D0050002D002D002D002D0061
:1081C0002F0056015A012D002D0064002801720174
:1081D0002D002D00D301CB012D00D3012D002D004A
:1081E000D3012D002D002D002D002D002D002D0080
:1081F0002D002D009A012D00C2012D002D002D0013
:108200002D00760154002021FFF79AFF05B0F0BD44
:108210002021FFF7A1FF3046FFF762F8FFF7E2FAEF
:108220000028F3D1EB6913F0080FEFD02B8C13F07B
:10823000010F09D101212846FFF782FF00221C21EE
:108240002846FEF7BFFFE1E701212846FFF784FF3C
:10825000F4E72021FFF780FFD8E704F0C8FE0646C8
:108260000028D3D00024AB681B6853F8240000F02A
:10827000BDFF0134A642F6D1C8E7C36913F0080F69
:108280001BD103F40163B3F5016FBFD100F0A9FA6C
:108290000028BBD1284602F0A1FC0746284602F080
:1082A0000FFD04463046FEF7B7FF0378113B032B62
:1082B000ACD8DFE803F0332046763046FEF7ACFF5B
:1082C0000278A2F11103032B12D8DFE803F0020CAD
:1082D000020C01212846FFF733FF00221C2128460B
:1082E000FEF770FF92E701212846FFF735FFF4E71C
:1082F0000A2A8BD0F1E7284602F0F4FB0446284610
:1083000001F02EF802460028B8BFC21C04EBA201FF
:10831000002209B2284602F0D5FE77E7284602F08F
:10832000E1FB0446284601F01BF802460028B8BFCE
:10833000C21CA4EBA201002209B2284602F0C2FE30
:1083400064E7284602F0ADFB10F0030F16D0002FB3
:1083500001DC002C12DD284602F0BBFB0446284657
:1083600000F0F8FF02460028B8BFC21C04EBA201CF
:10837000002209B2284602F091FE47E7284602F0A3
:10838000B1FB0446284600F0EBFF02460028B8BFC8
:10839000C21C04EBA201002209B2284602F092FEA0
:1083A00034E7284602F07DFB10F0030F16D0002FB3
:1083B00001DC002C12DD284602F08BFB0446284627
:1083C00000F0C8FF02460028B8BFC21CA4EBA201FF
:1083D000002209B2284602F061FE17E7284602F0A3
:1083E00081FB0446284600F0BBFF02460028B8BFC8
:1083F000C21CA4EBA201002209B2284602F062FED0
:1084000004E7C36913F4806F17D12846FFF7BDFE58
:10841000FFF743F90446FFF747F990B1FFF74AF930
:10842000022812D004280CBF062102217CB141F0A1
:1084300008012846FFF784FEE8E6012102F0DEFF8E
:10844000E3E73046FEF74CFFE8E70621EEE7284673
:10845000FFF776FE08212846FFF77EFED6E640218C
:10846000FFF76EFED2E64021FFF776FE284602F0C7
:1084700010FB02287FF4CAAE02AC224669462846A9
:1084800002F0E2FF6946284601F08BF921462846B2
:1084900001F087F9BAE60E21FFF75EFEB6E6092283
:1084A000002103F0C7FD04460A220021284603F0FC
:1084B000C1FD80B210B914F0FF0F02D0284600F0C1
:1084C00095FE284604F093FD064600283FF49EAE34
:1084D0000024AB681B6853F8240000F087FE0134C9
:1084E000A642F6D192E60122002103F0A3FD044644
:1084F00004220021284603F09DFD074609220021A1
:10850000284603F097FD06460A220021284603F07C
:1085100091FD80B258B916F0FF0F08D124B242F293
:10852000D1739C4203D038B298427FF46FAE284694
:1085300000F05CFE6AE690F8223043F0020380F817
:10854000223000F053FE61E6002100F089FC014674
:108550003046FEF7D5FE59E63046FFF797F955E667
:1085600010B50C460846FEF75BFE002003F05CFDEC
:10857000144A0021204603F0F7FF012003F054FDC8
:10858000002120461BF09EF92046FFF7FEFD10B1AA
:108590002046FEF7CAFFA3689BB1186820B11CF003
:1085A000FFFAA36800221A60A368D86820B11CF003
:1085B000F7FAA3680022DA60A0681CF0F1FA002341
:1085C000A36010BDFFFF0F00F0B585B004460D4657
:1085D00000F0F2FD064615F0010F17D1E3692B43B9
:1085E000E361204600F0E8FDB04202D115F0C07F03
:1085F00007D0204604F0E2FC00F0F8FD204600F031
:10860000F5FD15F0100F1BD105B0F0BD204601F0AF
:10861000ECF8E3692B43E361238C13F0020FE0D005
:108620002046FFF7B2FD07460028DAD0FEF73EFFEE
:108630003846FFF70AF80028D3D001F0D6F8D0E783
:1086400002AD2A466946204602F0FEFE69462046F3
:1086500001F0A7F82946204601F0A3F8D4E700006E
:10866000836803B1704710B504460C4A13680133A0
:1086700013601C201CF076FAA06068B11C211CF06D
:10868000E4FCA268537E43F00F035376A268137E86
:1086900043F00303137610BDFEE700BF5CCE00205D
:1086A00028B10068884214BF0020012070470020D4
:1086B000704738B5044605682B6813B10360FFF7AF
:1086C000F8FF25606B6813B121462846984738BDEE
:1086D000F8B50D4607460024002849D00346384A1D
:1086E000986912EA000440D11B68002BF8D13FE0E2
:1086F0001AF00AFF0446E0B1C068F8B1616A0131BE
:10870000616289001CF068FAE060636A03F18043EB
:10871000013B40F823600024B482F48220461AF022
:10872000F9FE431E338320461AF008FF431E73836D
:1087300043E030461CF034FA26463EE004201CF0AC
:1087400011FAE060066001236362E4E72846FFF760
:1087500087FF1CE004201CF005FA2060AB681B6852
:108760001E60AB6801225A6027E09C69C4F30F14B5
:1087700020461CF0F7F90646F8B121461CF065FCCE
:1087800037607560002DB3D0AB68002BDED0AC68CD
:108790002368002BDED0636801336360AC686168D6
:1087A000890020681CF018FA2060AA68536803F159
:1087B0008043013B126842F823603046F8BD00BF99
:1087C000F0FF0F0010B50446006883680BB1214626
:1087D000984723681B681BB123602046FFF7F2FF10
:1087E00010BD036843B11A7E12F0030F06D11B6857
:1087F000002BF8D10020704700207047187E00F051
:108800000300012814BF002001207047036843B112
:108810001A7E12F00C0F06D11B68002BF8D1002035
:10882000704700207047187E00F00C00042814BF29
:1088300000200120704738B5044600F0D7FC002026
:1088400003F0F2FB204605F031FF2046FFF731FF31
:10885000012003F0E9FB4FF6FF724FF47021204630
:1088600003F0AEFC204600F017FEFEF719FE20B123
:1088700005462046FFF7CAFF88B9204604F09EFB54
:10888000054658B122462221FEF79CFC22462321B0
:108890002846FEF797FC204600F0A7FF38BD21468A
:1088A0002846FEF794FEE8E7F8B506460D4614465E
:1088B00004F052FA07468DB1022809D80023E3706C
:1088C000A37684F8223084F82A3084F83630F8BD54
:1088D00068222946304603F0ADFBA0700B222946E2
:1088E000304603F0A7FB2080E378002B44D13222EE
:1088F0002946304603F09EFB00B2208420B194F854
:108900002230002B40F0958035222946304603F076
:1089100091FB00B2E08420B194F82A30002B40F0A3
:10892000AA80A37E002B40F0C38094F83630002B41
:1089300040F00381FC2FCAD8E37807FB03F31B1236
:10894000E370A37E07FB03F31B12A37694F8223097
:1089500007FB03F31B1284F8223094F82A3007FB3C
:1089600003F31B1284F82A3094F8363007FB03F324
:108970001B1284F83630AAE721222946304603F03C
:1089800059FBC0B2E0700228B1D9202229463046F6
:1089900003F050FB02462946304604F075F8A080EB
:1089A00026222946304603F045FB014618B1437A9A
:1089B00013F0070F15D123222946304603F03AFB66
:1089C000E37B60F30203E37313F0070F0ED127225A
:1089D0002946304603F02EFBE37B60F3C503E373C7
:1089E00085E70A22A01D1CF0A3F980E72022294672
:1089F000304603F01FFB02462946304604F044F897
:108A0000E08022222946304603F014FB0246294624
:108A1000304604F039F8608124222946304603F0BC
:108A200009FB207225222946304603F003FB207300
:108A3000CDE731222946304603F0FCFAC0B284F873
:108A4000220002287FF660AF33222946304603F029
:108A5000F1FA94F8233060F3450384F82330302290
:108A60002946304603F0E6FA02462946304604F02D
:108A70000BF8E08348E737222946304603F0DAFA5C
:108A8000C0B284F82A0002287FF64BAF382229466C
:108A9000304603F0CFFA208536222946304603F0CF
:108AA000C9FA02462946304603F0EEFFA08438E7B3
:108AB00028222946304603F0BDFA206100283FF401
:108AC00034AF29222946304603F0B4FAC0B2A0766A
:108AD00002287FF62AAF206906F0C8F802281AD0CB
:108AE0002A222946304603F0A5FA02462946304696
:108AF00003F0CAFF20832B222946304603F09AFA5E
:108B0000E0762C222946304603F094FA003818BF4C
:108B10000120207709E757222946304603F08AFAD8
:108B2000606155222946304603F084FA0246294600
:108B3000304603F0A9FF2083F7E64022294630465D
:108B400003F078FA00B2E08500283FF4F3AE94F821
:108B50003630022B7FF6EEAE45222946304603F032
:108B600069FAC0B284F8360002287FF6E3AE4122EB
:108B70002946304603F05EFA2086422229463046D6
:108B800003F058FA608643222946304603F052FA31
:108B9000A08644222946304603F04CFA0246294674
:108BA000304603F071FFA085C4E670B506460D4659
:108BB0001446562203F03EFAC3B2A376022B00D825
:108BC00070BD2946304604F0C7F8022837D9FC2882
:108BD00004D8A37E00FB03F31B12A376A37E022B13
:108BE000EED955222946304603F024FA024629469A
:108BF000304603F049FFA08158222946304603F051
:108C000019FAA08259222946304603F013FA6082ED
:108C10005A222946304603F00DFAA37F60F302037F
:108C2000A3777DB957222946304603F003FA206026
:108C30005B222946304603F0FDF92077C0E7002388
:108C4000A376BDE768222946304603F0F3F9A37FF7
:108C500060F3C503A377E5E770B505460E461446F5
:108C6000462203F0E7F9C3B2E372022B00D870BDCD
:108C70003146284604F070F8022836D9FC2804D87A
:108C8000E37A00FB03F31B12E372E37A022BEED9C3
:108C9000002323804FF4807363802B8B0133AA8AD7
:108CA0009B1AC3F3C03202FA83F35B10A3806B8B71
:108CB0000133EA8A9B1AC3F3C03202FA83F35B10D2
:108CC000E38048223146284603F0B4F9C0B2A072CE
:108CD00070B9002ECBD068223146284603F0AAF99D
:108CE000237B60F303032373C1E70023E372BEE732
:108CF00047223146284603F09DF902463146284670
:108D000003F0C2FE2081E4E770B506460D46144626
:108D10004E2203F08FF9C3B22372022B00D870BD2C
:108D20002946304604F018F802283FD9FC2804D818
:108D3000237A00FB03F31B122372237A022BEED952
:108D400049222946304603F075F900B260800028B8
:108D5000E5D04D222946304603F06CF902462946FB
:108D6000304603F091FE20804A222946304603F027
:108D700061F900B2A080E0B94C222946304603F0E8
:108D800059F9003818BF0120637A60F3820360F359
:108D9000C3036372002DC2D068222946304603F017
:108DA00049F9637A60F301036372B8E70023237221
:108DB000B5E74B222946304603F03CF9E080DBE77B
:108DC00070B506460D461446502203F033F900B242
:108DD000608000B970BD53222946304603F02AF95D
:108DE000C3B22373022BF5D92946304603F0B4FFF2
:108DF000022832D9FC2804D8237B00FB03F31B1282
:108E00002373237B022BE5D952222946304603F0F7
:108E100011F902462946304603F036FE20805422DE
:108E20002946304603F006F9A06051222946304613
:108E300003F000F9003818BF0120637B60F3820360
:108E40006373002DC6D068222946304603F0F2F83D
:108E5000637B60F301036373BCE700232373B9E70B
:108E6000F8B505460E46402203F0E4F804B2E4B932
:108E700035223146284603F0DDF807B2002F45D1F0
:108E800069223146284603F0D5F807B26A223146F6
:108E9000284603F0CFF800B2B842B8BF38460028E1
:108EA000C4BF001904B22046F8BD45223146284609
:108EB00003F0C0F8C0B2022801D80024D8E743224A
:108EC0003146284603F0B6F804EBD474013000EBC9
:108ED0006404A4B241223146284603F0ABF807B23D
:108EE00042223146284603F0A5F803B2002BB8BF52
:108EF0005B42002FB8BF7F429BB2BFB2BB422CBFC8
:108F0000E418E41924B224EAE474B1E737223146C4
:108F1000284603F08FF8C0B20228B1D93822314672
:108F2000284603F087F807FA80F0A042B8BF204631
:108F300004B2A5E738B504460D4648211CF085F873
:108F4000256038BD836813B1B3F91600704700205F
:108F5000704730B583B00446FFF7F4FF05460023A1
:108F6000ADF806300DF1060213212046FEF72AF96E
:108F7000BDF90630AB420AD1A36863B1BDF8062043
:108F8000DA82BDF90630AB4211D103B030BD2046C4
:108F900000F02BFCF0E7BDF90630002BF1D02046A5
:108FA000FFF75EFBA368BDF80620DA82E9E72046FA
:108FB00000F01BFCE9E7836813B1987E80097047D5
:108FC000002070472DE9F04383B004460F469046D9
:108FD0006E22002103F02EF806460FFA80F96D226A
:108FE0000021204603F026F805B2B9F1000F02D1A6
:108FF000B5F5807F37D06F220021204603F01AF8A4
:10900000ADF8040070220021204603F013F803B2EB
:10901000ADF80630BDF9042002F4C041B1F5005F9F
:1090200024D003F4C042B2F5005F39D0A38ABDF862
:1090300004201344ADF80430E38ABDF8062013443D
:10904000ADF80630B8F1000F07D076420FFA86F976
:109050004FF4803393FBF5F31DB201AB2A4649462A
:1090600038461AF0D9FF03B0BDE8F08322F4C042BD
:10907000B2F5FA6FD5DCB2F57A7FC8BFC2F57A7265
:10908000218B0131A08A091A09B201FB02F21149B0
:1090900081FB0201D217C2EB6112ADF80420C0E7D8
:1090A00023F4C043B3F5FA6FC0DCB3F57A7FC8BFD1
:1090B000C3F57A73628B0132E18A521A12B202FB53
:1090C00003F3044A82FB0312DB17C3EB6213ADF810
:1090D0000630ABE71F85EB5130B583B005460C4633
:1090E000002301AA072103F0CCFB012807D020B9F7
:1090F00000222146284603F08CFE03B030BD019BC0
:10910000A342F5D1F9E730B583B005460C460023FC
:1091100001AA082103F0B5FB012807D020B90022DD
:109120002146284603F07CFE03B030BD019BA342DC
:10913000F5D1F9E738B504461546FFF7CDFF2946C6
:109140002046FFF7E0FF38BD30B583B005460C463A
:10915000002301AA012103F094FB012807D020B9C4
:1091600000222146284603F031FE03B030BD019BAA
:10917000A342F5D1F9E730B583B005460C4600238C
:1091800001AA042103F07DFB012807D020B90022A9
:109190002146284603F02FFE03B030BD019BA342B9
:1091A000F5D1F9E738B504461546FFF7CDFF294656
:1091B0002046FFF7E0FF38BD38B505460A49FEF7FF
:1091C000DCFF10B10024204638BD0446284603F0D9
:1091D000F5FE0028F7D00A22002102F02BFF84B20E
:1091E000003C18BF0124EEE70100060008B590F826
:1091F000222042F0010280F8222003F0B4FE90F811
:10920000222042F0040280F8222003F0B3FE4068DE
:1092100008B11DF006FA08BD10B50446002289B257
:1092200003F093FE2046FFF7E1FF10BD70B5054641
:109230000C460D4A1368013313600C4ED900306898
:109240001BF0CAFC306068B10346074A106800F1A1
:109250000052013A43F83250044B1B6803EBC2033F
:109260005C6070BDFEE700BF64CE002028D2002005
:1092700070B5044615461E46002203F0D8FD32465E
:1092800029462046FFF756FF70BDB0F914300B8019
:10929000B0F916304B80B0F918308B80B0F91A3025
:1092A000CB8070472DE9F041044603F087FEC8B13A
:1092B0000646A48AB0F8148001F00BFC074612227F
:1092C0000021304602F0B6FE05463222002130462B
:1092D00002F0B0FE0544641BA4EB0800384400B261
:1092E000BDE8F081B4F91400FAE72DE9F041044635
:1092F00003F064FEC8B10646E48AB0F8168001F0B7
:10930000F1FB074610220021304602F093FE05468D
:1093100032220021304602F08DFE0544641BA4EB8E
:109320000800384400B2BDE8F081B4F91600FAE74D
:1093300010B50446FFF7D9FF638B0133E28A9B1A0D
:10934000184400B210BD08B50822002102F072FED8
:1093500000B208BD038B0133828A981A00B27047AD
:10936000438B0133C28A981A00B2704770B5054624
:109370001222002102F05EFE04461322002128463C
:1093800002F058FE064632220021284602F052FE24
:109390003444C4F10104A4EB40042B8B1C44AB8A7D
:1093A000E01A00B270BD70B505461022002102F02F
:1093B00041FE044611220021284602F03BFE0646EB
:1093C00032220021284602F035FE3444C4F1010463
:1093D000A4EB40046B8B1C44EB8AE01A00B270BD16
:1093E00038B505460C463222002102F023FEB5F9BD
:1093F00014302380B5F916306380B5F91830A38096
:10940000B5F91A30E380414209B20A4620461AF003
:1094100081FB12220021284602F00CFE238818440A
:10942000208013220021284602F004FEA3881B1A84
:10943000A38010220021284602F0FCFD6388184416
:10944000608011220021284602F0F4FDE3881B1AF7
:10945000E38038BD00B583B00023ADF804304EF290
:109460000103ADF8063001AA2C21FDF7ABFEBDF9D2
:10947000040003B000BD00B583B04EF20103ADF8A7
:1094800004300023ADF8063001AA2C21FDF79AFE26
:10949000BDF9060003B000BD38B504460122002125
:1094A00002F0C8FD05B204220021204602F0C2FDF0
:1094B00042F2D1739D4202D000B2984204D12046BC
:1094C000FFF794FE012038BD0020FCE72DE9F04FA6
:1094D00083B0064689460091154601921F4603F067
:1094E00086FD48B3804600241FFA89FA1FFA85F9E1
:1094F000A34602E00134A0451ED0B3681B6853F8B0
:10950000245037B14FF480212846FEF730FE002862
:10951000F0D1AB8A5344AB82EB8A4B44EB822B8B6A
:1095200053442B836B8B4B446B835B46019A0099AE
:109530002846FFF7CBFFDDE703B0BDE8F08F80B32F
:109540002DE9F0410F4614461D468046FFF733FDD6
:1095500006469DB11CB9022E0AD0BDE8F0814046F6
:1095600003F02CFD01231A463946FFF7E8FFF2E726
:10957000012239464046FFF725FDEEE702280AD0D2
:10958000002CEAD0404603F019FD002301223946A1
:10959000FFF7D5FFE1E7002239464046FFF712FD0D
:1095A000EEE77047F0B585B005460C4616461F46F7
:1095B000B1F90010ADF80010B4F902E0ADF802E026
:1095C000ADF80410B4F90610ADF80610B4F904C0F3
:1095D000ADF808C0ADF80AE0ADF80CC0ADF80E105B
:1095E0006946FFF7ACFF3B46324601A92846FFF724
:1095F000A6FF3B46324602A92846FFF7A0FF3B469E
:10960000324603A92846FFF79AFFBDF90C30BDF991
:109610000850BDF90400BDF900101A46AB42A8BFBE
:109620002A468242A8BF02468A42A8BF0A46228032
:10963000AB42B8BF2B468342B8BF03468B42B8BF8C
:109640000B46A380BDF90E30BDF90A50BDF90600E6
:10965000BDF902101A46AB42A8BF2A468242A8BFF3
:1096600002468A42A8BF0A466280AB42B8BF2B4678
:109670008342B8BF03468B42B8BF0B46E380052246
:10968000114620461AF046FA05B0F0BD2DE9F04328
:1096900083B004460E460121FEF769FD28B14FF064
:1096A0000009484603B0BDE8F0838146204603F038
:1096B0005AFC054603F05EFC0746FDF7D3FA8542E7
:1096C0000ED03846FDF7D9FA854209D03846FDF765
:1096D000DFFA854204D03846FDF7E5FA8542E0D14D
:1096E0004FF400212046FEF748FDE0B92046FFF781
:1096F00029FCB4F91620B4F91830B4F91A5080B224
:10970000A18A091AADF80010121AADF8022003441C
:10971000ADF804302844ADF806006A4631463046BC
:109720001AF016FA78B10023012231462046FFF7DD
:1097300039FF204603F042FC044678B301274FF47A
:1097400000286D4606E08146ABE7204603F036FC74
:10975000044600B339462046FEF709FD0028A0D193
:1097600041462046FEF709FD0028EED104F114031E
:1097700093E8030085E8030000233A462946204683
:10978000FFF710FF2A46314630461AF0E1F900286B
:10979000DBD1814685E74FF0010982E74FF00109EF
:1097A0007FE730B583B005460C4603F0E3FBFDF7D9
:1097B00021FC08B903B030BD2388ADF800306388C0
:1097C000ADF80230A388ADF80430E388ADF8063078
:1097D00069462846FFF75AFF0028EBD0284603F0D9
:1097E000C9FB694604F0B0FBE4E710B582B004465B
:1097F000FFF7A8FBB4F91610B4F91820B4F91AC091
:1098000083B2A08AC01AADF80000C91AADF80210E0
:109810001A44ADF804206344ADF80630694620468A
:10982000FFF7BFFF02B010BD2DE9F04784B004463A
:109830000E461546476837B312220021384602F01B
:10984000F9FB814610220021384602F0F3FB8046E6
:109850004FF480212046FEF78AFC00283FD0B14417
:10986000BB8A99440FFA89F6A844FB8A98440FFAF8
:1098700088F832220021384602F0DCFB80B2064430
:1098800036B2404405B2A38AF61A1FFA86F836B2F9
:10989000E38AED1A1FFA85F92DB258EA090367D059
:1098A0002046FFF7A2FFA38AADF80830E38AADF89F
:1098B0000A30238BADF80C30638BADF80E303FB31C
:1098C00069463846FFF78CFD0022694602A81AF067
:1098D0005EFA8246F0B9384602F0E8F91AE0B7F9C4
:1098E000143003FA89F9384601F0F3F8A9EB0009BE
:1098F000B1440FFA89F6B7F9163003FA88F83846FA
:1099000001F0F0F8A8EB0008A8440FFA88F8B0E7D7
:109910004FF0000AA38A4344A382E38A4B44E382C4
:10992000238B9844A4F81880638B9944A4F81A9068
:1099300000232A4631462046FFF7C8FDAFB1224634
:1099400022213846FDF73EFC2046FFF74EFF00225D
:10995000694604F114001AF01AFABAF1000F00D1A6
:1099600030B1384602F0A2F902E02046FFF73DFF91
:1099700004B0BDE8F08700002DE9F04F87B0044641
:10998000FFF71AFC10B107B0BDE8F08F204603F0D6
:1099900015FB804607220021204602F04BFB814642
:1099A00007B208220021204602F044FB064605B219
:1099B000B8F1000F58D04046FFF7D8FC0090404661
:1099C000FFF7F1FC019009F4C049B9F5005F51D0EF
:1099D00006F4C046B6F5005F61D06B220021204638
:1099E00002F028FB06460FFA80FB6C22002120467D
:1099F00002F020FB03B2A18A0491228B013292B2C1
:109A00000592521A12B20392B4F816A0B4F81A9042
:109A100009F101091FFA89F9A9EB0A0212B20292AF
:109A200006F4C046B6F5005F4ED000F4C040B0F575
:109A3000005F5FD05F44BEB23FB21D441FFA85FB9A
:109A40002DB209220021204602F0F4FA10F0FF00A6
:109A500065D001286BD00238072879D8DFE800F0FC
:109A60006D7E9299AB86B9CC2A4639462046FFF7DF
:109A7000DBFE88E727F4C043B3F5FA6FA8DCB3F543
:109A80007A7FC8BFC3F57A73009A02FB03F3664A74
:109A900082FB0312DB17C3EB62131FB298E725F4B6
:109AA000C043B3F5FA6F98DCB3F57A7FC8BFC3F54E
:109AB0007A73019A02FB03F35B4A82FB0312DB1702
:109AC000C3EB62131DB288E72BF4C042B2F5FA6F04
:109AD000ABDCB2F57A7FC8BFC2F57A72039901FB9D
:109AE00002F2514981FB0261D217C2EB61120FFAF7
:109AF00082FB9AE723F4C042B2F5FA6F9ADCB2F522
:109B00007A7FC8BFC2F57A72029B03FB02F2464B12
:109B100083FB0213D217C2EB631213B28AE7162239
:109B20000021404602F086FAC0B2012816D02A462B
:109B300039462046FFF778FE25E7009B03EBD373F9
:109B4000039A02EBD2777F10C7EB630737443FB22B
:109B50002A4639462046FFF767FE14E7049B059A1C
:109B60009F1A009B1F4437443FB2F1E7019B03EB70
:109B7000D373029A02EBD2756D10C5EB63055D4499
:109B80002DB2E5E7AAEB0905019B1D445D442DB20A
:109B9000DEE7009B03EBD373039A02EBD2777F10CF
:109BA000C7EB630737443FB2AAEB0905019B1D448D
:109BB0005D442DB2CCE7049B059A9F1A009B1F447D
:109BC00037443FB2AAEB0903019A13445B441DB228
:109BD000BEE7049B059A9B1A009A134433441FB2B4
:109BE000019B03EBD373029A02EBD2756D10C5EBA8
:109BF00063055D442DB2ABE7009B03EBD372039B7F
:109C000003EBD3735B10C3EB62031E4437B2019BBB
:109C100003EBD372029B03EBD3735B10C3EB6203C2
:109C20009B440FFA8BF593E71F85EB5110B582B07B
:109C30000446FFF787F9B4F91610B4F91820B4F9FF
:109C40001AC083B2A08AC01AADF80000C91AADF8D4
:109C500002101A44ADF804206344ADF8063069469A
:109C60002046FFF713FD02B010BD38B505460C467F
:109C7000FEF7F6FCAB689C8238BD10B5B0F914E075
:109C8000A1F800E0B0F916204A80B0F918C0A1F898
:109C900004C0B0F91A30CB8084688CB1A48AAEEBD2
:109CA000040EA1F800E08468A48AA444A1F804C0CA
:109CB0008468A48A121B4A808268928A1344CB80EB
:109CC00010BD000000B58446084601F4C041B1F55E
:109CD000005F0BD002F4C041B1F5005F1AD06245BD
:109CE000A8BF62469042B8BF104600BD20F4C041F4
:109CF000B1F5FA6FEEDCB1F57A7FC8BFC1F57A71C4
:109D000003FB01F10D4880FB01E0C917C1EB6011B5
:109D100008B2DFE722F4C041B1F5FA6FDFDCB1F53C
:109D20007A7FC8BFC1F57A7101FB03F3034A82FB56
:109D30000312DB17C3EB62131AB2D0E71F85EB5196
:109D400000B58446084601F4C041B1F5005F0BD070
:109D500002F4C041B1F5005F1AD06245A8BF624667
:109D60009042B8BF104600BD20F4C041B1F5FA6F73
:109D7000EEDCB1F57A7FC8BFC1F57A7103FB01F162
:109D80000D4880FB01E0C917C1EB601108B2DFE7A5
:109D900022F4C041B1F5FA6FDFDCB1F57A7FC8BFBC
:109DA000C1F57A7101FB03F3034A82FB0312DB174F
:109DB000C3EB62131AB2D0E71F85EB512DE9F04FC8
:109DC0008BB090F8233003F00C030C2B00F02D83A4
:109DD000044603F0F3F80646002800F029832046E5
:109DE00000F0FCFE009094F8233013F0080F26D00A
:109DF000258B0135A38AED1A2DB24FF000082046BD
:109E000000F079FE074694F8233013F0040F00F0B9
:109E10008181B4F81A9009F10109E38AA9EB0309D9
:109E20000FFA89F9B8F1000F40F06782238B0133F4
:109E3000A28A9B1A1BB29D4240F07482C1E20122A9
:109E40000021204602F0F6F805B242F2D1784545ED
:109E500014BF4FF000084FF0010800F4C040B0F507
:109E6000005F1AD03046FFF781FA814642F2D17383
:109E70009D4234D002220021204602F0DBF807B2D6
:109E800003220021204602F0D5F84B4602B23946A3
:109E90002846FFF717FF0546B1E725F4C0473046CF
:109EA000FFF764FA814642F2D1739D4217D0B7F5AD
:109EB000FA6FDFDC96F8233013F0080F00F007810B
:109EC000B7F57A7FC8BFC7F57A7707FB09F7B94BB3
:109ED00083FB0723FF17C7EB63173DB2CAE70022D6
:109EE0001146204601F0DAF832220021204602F025
:109EF000A1F8054613220021204602F09BF8ADB2DE
:109F0000284487B2029712220021204602F092F8DC
:109F10000544ADB201952046FFF79CFA7D19054432
:109F20002DB2204603F063F8824616220021204617
:109F300002F080F8C0B201280AD0BAF1000F99D01F
:109F4000BDF904300493DFF874B20027039586E06E
:109F5000BAF1000F8ED0BDF908300493DFF85CB27F
:109F6000002703951CE009220021284602F062F830
:109F7000C3B2082B2FD840F2491222FA03F313F090
:109F8000010F28D0B4F91830B5F914209B1A013309
:109F90005B45B8BF5B460FFA83FB0137BA4531D04A
:109FA000A3681B6853F8275083492846FEF7E5F855
:109FB0000028F2D12846FFF7FFF80028D3D0B4F9E3
:109FC0001830B5F914209B1A01335B45B8BF5B46C6
:109FD0000FFA83FBE1E707220021284602F02AF866
:109FE00000B20028D9D12B8B0133AA8A9B1A9AB2CE
:109FF000049901FA83F39B45CFDC029B1A440FFAC4
:10A0000082FBCAE7039D6D4A93453FF433AF019B42
:10A010005B441BB253E008220021284602F00AF8F4
:10A0200000B2C8B92B8B0133AA8A9B1A9AB2049941
:10A0300001FA83F39B450FDC019B1A440FFA82FB64
:10A040000AE0B5F91830B4F914209B1A01335B45C6
:10A05000B8BF5B460FFA83FB0137BA4527D0A36828
:10A060001B6853F8275054492846FEF786F8002805
:10A07000F2D12846FFF7A0F80028E2D109220021FA
:10A08000284601F0D7FFC0B20728C4D89323C340A5
:10A0900013F0010FBFD0B5F91830B4F914209B1A92
:10A0A00001335B45B8BF5B460FFA83FBD4E7039DE2
:10A0B000424A93453FF4DEAE029B5B441BB23F4AEB
:10A0C00093423FF4D7AE9D42B8BF1D46D2E601226F
:10A0D0000021304601F0AEFF00B242F2D173984247
:10A0E0007FF4EEAE32220021204601F0A3FF0746A6
:10A0F00012220021204601F09DFFC519ADB21322A6
:10A100000021204601F096FF3FB207FA80F31D447C
:10A110002DB2AFE604220021204601F08BFF0FFA9A
:10A1200080FB00F4C040B0F5005F1FD03046FFF761
:10A130003AF9814642F2D1739B4541D00522002174
:10A14000204601F077FF0FFA80FA06220021204610
:10A1500001F070FF4B4602B251465846FFF7F0FD42
:10A160008146B8F1000F40F0C880CCE02BF4C04A23
:10A170003046FFF718F9814642F2D1739B451FD054
:10A18000BAF5FA6FDADC96F8233013F0040F00F01A
:10A190001C81BAF57A7FC8BFCAF57A7A0AFB09FA38
:10A1A000044B83FB0A234FEAEA7ACAEB631A0FFADD
:10A1B0008AFBC3E71F85EB510100040001E0FFFFAC
:10A1C00000221146204600F07DFF32220021204669
:10A1D00001F030FF804610220021204601F02AFFC6
:10A1E0001FFA88F8404483B2039302B20592112209
:10A1F0000021204601F01EFF80441FFA88F20292DF
:10A200002046FFF738F9039B029A134403441BB21C
:10A210000193204602F0EBFE824600285AD0DFF878
:10A2200020B24FF00008049516E0092200212846CC
:10A2300001F000FFC0B2032829D8B5F91A30B4F9EB
:10A2400016209B1A01335B45B8BF5B460FFA83FBB0
:10A2500008F10108C24531D0A3681B6853F82850A3
:10A2600076492846FDF789FF0028F1D12846FEF7F8
:10A27000A3FF0028D9D0B5F91A30B4F916209B1ADB
:10A2800001335B45B8BF5B460FFA83FBE0E708226A
:10A290000021284601F0CEFE00B20028D8D16B8BF9
:10A2A0000133EA8A9B1A9AB2059901FA83F39B4516
:10A2B000CEDC039B1A440FFA82FBC9E7049D604A77
:10A2C000934507D0029B5B441BB2019A9A42B8BFE8
:10A2D0001A46019205220021204601F0ABFE0FFA3A
:10A2E00080F806220021204601F0A4FE4B4602B26F
:10A2F00041460198FFF724FD814600233A46009924
:10A30000204600F0F3FE238B0133A28A9B1A1BB276
:10A310009D4207D1638B0133E28A9B1A1BB24B45E6
:10A3200000F089802046FFF760FAA38AADF820305C
:10A33000E38AADF82230238BADF82430638BADF87F
:10A34000263006AF39463046FFF74AF80022394634
:10A3500008A819F01CFD074600285DD0E38A013BE0
:10A360004B44638316220021204601F063FEC0B2F5
:10A37000012855D0A38A013B2B44238308AA292115
:10A380002046FCF71FFF224622213046FCF71AFF29
:10A390002046FFF72AFA94F8223043F0020384F8AB
:10A3A0002230002206A904F1140019F0F0FC07B9CC
:10A3B00010B1304601F07AFC2046FEF7CAFD4FF09E
:10A3C000010840460BB0BDE8F08F04220021304662
:10A3D00001F030FE00B242F2D17398427FF4D9AE60
:10A3E00032220021204601F025FE83461022002162
:10A3F000204601F01FFE00EB0B0A1FFA8AFA112219
:10A400000021204601F016FE0FFA8BFB0BFA80F3B9
:10A410009A440FFA8AFB91E6304601F047FC9DE72B
:10A42000238B01335B1BA382A8E74FF00008C8E72A
:10A430004FF00008C5E74FF00008C2E70100040034
:10A4400001E0FFFF70B5054602F0D1FD0646A0B160
:10A450000024AB681B6853F82400FFF7F3FF0134B6
:10A46000A642F6D195F8223013F0010F24D195F8C9
:10A47000223013F0020F14D170BD95F8223013F082
:10A48000010FF4D095F8223023F0010385F8223033
:10A490002846FFF793FC2846FFF76EFA002EE6D019
:10A4A00016E095F8223023F0020385F822300021CF
:10A4B000284601F01FFCDFE795F8223023F0010366
:10A4C00085F822302846FFF779FC2846FFF754FA32
:10A4D0000A220021284601F0ADFD80B20028C6D036
:10A4E000084B1B688342C2D300F100500138064B71
:10A4F0001B6803EBC00253F8303051682846984778
:10A50000B5E700BF64CE002028D20020104B1B7896
:10A5100003B1704710B50E4B01221A7002F023FDF3
:10A52000044690F8223013F0040F0DD094F8223036
:10A5300023F0040384F822302046FFF783FF94F8C9
:10A54000223013F0040FF1D1014B00221A7010BD1C
:10A5500061CE00202DE9F04F85B081460E4693462E
:10A560000193FFF7D3FF002E50D0484602F026FD9E
:10A5700080463222002101F05DFD074612220021B3
:10A58000404601F057FDBFB207EB000A0FFA8AFA06
:10A5900010220021404601F04DFD07443FB2322217
:10A5A0000021304601F046FD0446122200213046CB
:10A5B00001F040FDA4B22518ABB202932DB21022D7
:10A5C0000021304601F036FD0444A3B2039324B2C7
:10A5D000BBF1000F1FD00BF1FF33142B58D8DFE86D
:10A5E00013F0220085009B00A900B700DA00F500F7
:10A5F0000B015A002F013801560168016F018B01D0
:10A600009B01A401C201D401DB01F701484602F01D
:10A61000D5FC0646A9E716220021304601F00AFDC6
:10A62000C0B2012878D016220021404601F002FD78
:10A63000C0B2012800F0DC81B6F914B0019B9B4444
:10A64000B8F91430ABEB030B404600F0C7FA58449E
:10A65000A0EB0A0005442DB2B6F91660BDF93830FA
:10A660001E44B8F91630F61A404600F044FA304459
:10A67000C01B0444A4B200220121484602F0D7FBCB
:10A6800022B229464846FEF755FD05B0BDE8F08FD9
:10A6900000242546C7E73046FEF768FEB9F81830B3
:10A6A0000133B9F814209B1AC3F3C03202FA83F3C2
:10A6B000029AA2EB630300EBD07003EB60031DB2C0
:10A6C0003046FEF770FEB9F81A300133B9F816209B
:10A6D0009B1AC3F3C03202FA83F3039AA2EB63031B
:10A6E00000EBD07003EB60031CB29CE73046FEF732
:10A6F0003DFEB9F818300133B9F814209B1AC3F3A2
:10A70000C03202FA83F3029AA2EB630300EBD0702B
:10A7100003EB60031DB286E73046FEF727FE029B7F
:10A720005D1EB9F814301D44B9F81830ED1A05440F
:10A730002DB278E73046FEF736FE039B5C1EB9F873
:10A7400016301C44B9F81A30E41A044424B26AE7FB
:10A750003046FEF70BFEB9F818300133B9F8142073
:10A760009B1AC3F3C03202FA83F3029AA2EB63038B
:10A7700000EBD07003EB60031DB23046FEF713FE12
:10A78000039B5C1EB9F816301C44B9F81A30E41A61
:10A79000044424B247E73046FEF7E8FD029B5D1E05
:10A7A000B9F814301D44B9F81830ED1A05442DB22B
:10A7B0003046FEF7F8FD039B5C1EB9F816301C44CA
:10A7C000B9F81A30E41A044424B22CE73046FEF7F4
:10A7D000EAFDB9F81A300133B9F816209B1AC3F311
:10A7E000C03202FA83F3039AA2EB630300EBD0704A
:10A7F00003EB60031CB216E73046FEF7B7FD029B81
:10A80000013BB9F814201344B9F818209B1A0344EB
:10A810001DB23046FEF7C7FDB9F81A300133B9F85A
:10A8200016209B1AC3F3C03202FA83F3039AA2EBF9
:10A83000630B00EBD0700BEB600B0FFA8BF4F2E6BE
:10A84000B9F81640013CB9F81A30E41A24B20025D0
:10A85000E9E6338B0133B28A9B1AC3F3C03202FAA2
:10A8600083F2B9F818300133B9F814105B1AC3F346
:10A87000C03101FA83F56D10C5EB62052DB2B9F850
:10A880001640013CB9F81A30E41A24B2CBE6B9F804
:10A890001450B9F81830ED1A338B1D44B38AED1AF1
:10A8A0002DB2B9F81640013CB9F81A30E41A24B2B6
:10A8B000B9E6748B0134F38AE41A24B20025B2E6B7
:10A8C000338B0133B28A9B1AC3F3C03202FA83F28C
:10A8D000B9F818300133B9F814105B1AC3F3C0315A
:10A8E00001FA83F56D10C5EB62052DB2748B01344E
:10A8F000F38AE41A24B296E6B9F81450B9F818307D
:10A90000ED1A338B1D44B38AED1A2DB2748B0134CA
:10A91000F38AE41A24B286E6B9F81450013DB9F876
:10A920001830ED1A2DB200247DE6B9F81450013D1F
:10A93000B9F81830ED1A2DB2738B0133F28A9B1AD5
:10A94000C3F3C03202FA83F2B9F81A300133B9F80E
:10A9500016105B1AC3F3C03101FA83F46410C4EB20
:10A96000620424B25FE6B9F81450013DB9F818301A
:10A97000ED1A2DB2B9F81640B9F81A30E41A738BF3
:10A980001C44F38AE41A24B24DE6358B0135B38AB0
:10A99000ED1A2DB2002446E6358B0135B38AED1A47
:10A9A0002DB2738B0133F28A9B1AC3F3C03202FAC1
:10A9B00083F2B9F81A300133B9F816105B1AC3F3F1
:10A9C000C03101FA83F46410C4EB620424B22AE6B5
:10A9D000358B0135B38AED1A2DB2B9F81640B9F8A6
:10A9E0001A30E41A738B1C44F38AE41A24B21AE670
:10A9F000B6F914B0019B9B44B8F91430ABEB030BD0
:10AA0000404600F05DF95844A0EB0A0005442DB221
:10AA100022E608B500220A210068FCF7D3FB08BD36
:10AA200038B504460D46FDF71BFEA268137E03F001
:10AA30000303AB4206D0137E65F301031376204671
:10AA4000FEF7D3FE38BD38B505460C46FDF708FEC7
:10AA5000AA68537E03F00F03A34203D0537E64F32E
:10AA60000303537638BD38B505460C46FDF7F8FDAF
:10AA7000AB681A7E64F383021A7638BD38B5054692
:10AA80000C46FDF7EDFDAB681A7E64F305121A76ED
:10AA900038BD83681BB1187E00F0030070470320A7
:10AAA000704783681BB1587E00F00F0070470F207D
:10AAB000704783681BB1187EC0F381007047002087
:10AAC000704783681BB1187EC0F3011070470020E7
:10AAD0007047836823B1188A404280B200B2704741
:10AAE0000020FBE7836823B1588A404280B200B25D
:10AAF00070470020FBE7836823B1588A404280B248
:10AB000000B270470020FBE72DE9F843064602F04B
:10AB10006EFA002849D0804600242E4FDFF8B89006
:10AB200002E00134A0450FD0B3681B6853F82450ED
:10AB300049462846FDF721FB0028F2D1B5F91A3025
:10AB40009F42B8BF1F46ECE710220021304601F0BB
:10AB500071FA804611220021304601F06BFA04465A
:10AB600032220021304601F065FA0546194B9F421A
:10AB700004D02318728B9B1A3B441FB23046FEF759
:10AB80007AFC81463046FEF7EBFB44444C4404EB30
:10AB90004504241AA4B23046FFF7A4FF201A00B2DD
:10ABA000B842B8BF3846BDE8F883102200213046CD
:10ABB00001F040FA804611220021304601F03AFAB5
:10ABC000044632220021304601F034FA0546014F96
:10ABD000D4E700BF01E0FFFF010004002DE9F04FC2
:10ABE00083B004461622002101F024FAC0B20128E5
:10ABF00008D0A368002B5FD0188A404200B203B08F
:10AC0000BDE8F08F13220021204601F013FA0190D5
:10AC100012220021204601F00DFA83463222002143
:10AC2000204601F007FA8246204602F0E0F980460D
:10AC300000283BD041F6FF770025DFF8809002E046
:10AC40000135A8450FD0A3681B6853F82560494615
:10AC50003046FDF792FA0028F2D1B6F914309F423F
:10AC6000A8BF1F46ECE741F6FF739F4221D00BEBD4
:10AC70000A06A38A1E44F61BB6B22046FEF7EAFB7C
:10AC800080462046FEF766FB0746019D5D4405EBC6
:10AC90004A054544ADB22046FFF71BFF0544E81BBB
:10ACA00000B236B2B042B8BF3046A8E74EF2010655
:10ACB000E3E74EF20106E0E70020A0E70100040010
:10ACC0002DE9F84305461622002101F0B3F9C0B280
:10ACD000012805D1AB68002B52D0B3F910004DE02C
:10ACE000284602F084F9804600284BD000242F4FDC
:10ACF000DFF8BC9002E00134A0450FD0AB681B68C0
:10AD000053F8246049463046FDF737FA0028F2D15F
:10AD1000B6F918309F42B8BF1F46ECE71322002156
:10AD2000284601F087F9804612220021284601F0CA
:10AD300081F9044632220021284601F07BF90646BB
:10AD40001A4B9F4205D008EB00032A8B9B1A3B4409
:10AD50001FB22846FEF77EFB81462846FEF7FAFA28
:10AD600044444C4404EB4604241AA4B22846FFF79A
:10AD7000B0FE201A00B2B842B8BF3846BDE8F8832A
:10AD80000020FBE713220021284601F053F98046FA
:10AD900012220021284601F04DF9044632220021FA
:10ADA000284601F047F90646004FD2E701E0FFFFD1
:10ADB0000100040038B505460C460D4918F0FEFDAB
:10ADC00068B1836A5B421BB223800A49284618F0A7
:10ADD000F5FD48B1806A404200B2608038BD284627
:10ADE000FFF777FE0346EFE72846FFF77BFEF4E721
:10ADF0005DAE000845AE000870B551EA020302D10D
:10AE00000125284670BD04460D461646FDF728FC70
:10AE1000A268138A2B441382A268538A3344538254
:10AE20000123324629462046FEF750FB00220B2123
:10AE30002046FCF7C7F905460128E2D12046FEF777
:10AE4000D4FCDEE738B504460D46FFF74BFE421949
:10AE500012B200212046FFF7CFFF38BD38B50446B7
:10AE60000D46FFF736FE4119002209B22046FFF7D2
:10AE7000C3FF38BD2DE9F04192B0044615460E4699
:10AE800000297AD1002A00F08980012B77D1204651
:10AE900002F070F8074601A818F0FAFC0194414B43
:10AEA0000493384618F04AFB2A46002140F35D001F
:10AEB00018F0A0FDB0F5C87F28BF4FF4C870C828AF
:10AEC00038BFC8200C902046FFF70CFE4342099380
:10AED0000A93281A0B90344B0293344B089301AA1F
:10AEE00009212046FCF76EF9012857D101A818F076
:10AEF00021FD53E02A4631462046FFF77DFF012819
:10AF00004CD100220A212046FCF75CF946E020469D
:10AF100002F030F807460DF10408404618F0B8FC7E
:10AF20000194204B0493384618F0F4FA324600217D
:10AF300040F35D0018F05EFDB0F5C87F28BF4FF408
:10AF4000C870C82838BFC8200C902046FFF7C1FD44
:10AF5000434209930A93301A0B90154B0293134BFB
:10AF60000893424609212046FCF72CF9012815D107
:10AF700001A818F0DFFC8DB193E7012BC7D00A4977
:10AF8000204618F09FFC0A49204618F09BFC00223E
:10AF900009212046FCF716F90128ABD012B0BDE814
:10AFA000F08100BF13AA000845AE0008133A02085A
:10AFB0005DAE00082DE9F0471F4651EA020301D1BA
:10AFC000BDE8F08706460C461546FFF79FFA304667
:10AFD000FFF77FFD1FFA80F9A4EB090424B21622C3
:10AFE0000021304601F026F8C0B201282FD0002CF5
:10AFF0001BDD00243046FFF775FD1FFA80F8A5EB36
:10B0000008052DB2002D37DD002509EB040189B2BA
:10B0100008EB050292B251EA0203D1D03B4612B2CC
:10B0200009B23046FFF726FFCAE7E3DA3046FFF7FA
:10B03000D5FD80463046FFF743FE08EB00031BB208
:10B0400023EAE3735A429442D4DA14B2D2E7002CD2
:10B0500010DBCFDD3046FFF7C1FD80463046FFF7FD
:10B060002FFE80440FFA88F828EAE8784445A8BF04
:10B070004446BFE70024BDE7C7DA3046FFF73BFD93
:10B0800082463046FFF740FD0AEB00031BB223EA7D
:10B09000E3735A429542B8DA15B2B6E770B5044682
:10B0A0000E461546064918F00DFC2046FFF711FD27
:10B0B000811B2B46002209B22046FFF77BFF70BDA3
:10B0C0005DAE000870B504460E461546064918F0F8
:10B0D000F9FB2046FFF706FD821B2B4612B200212A
:10B0E0002046FFF767FF70BD45AE000870B5054606
:10B0F00016461C461A46FFF7D1FF2246314628461F
:10B10000FFF7E0FF70BD00002DE9F04F8BB08046E7
:10B110000D46039117460293084601F04FFF04467F
:10B120001021FDF724F8002800F060812046FFF789
:10B13000B8FC01902046FFF7C4FC0490002800F002
:10B14000CA8005F1140B32220021204600F072FF64
:10B15000054610220021204600F06CFFADB22844C5
:10B1600086B2059611220021204600F063FF284494
:10B1700082B20692B7F80290A6EB0906E38A1E4453
:10B18000BBF80230F61A36B2BBF806300893618B72
:10B19000099191441FFA89F9A9EB010A9A440FFA1F
:10B1A0008AFA2046FEF7DCF80790002EC0F29E8057
:10B1B000BAF1000FC0F291800026049B022B00F030
:10B1C000A980032B00F0AE80012B07D1E68A059BF6
:10B1D00033441E46BBF80230F61A36B22046FFF75B
:10B1E00068FC824610B1039B03F11408122200216F
:10B1F000204600F01FFF05EB00091FFA89F9132212
:10B200000021204600F016FF05441FFA85FB3B880D
:10B21000A9EB0305A28A1544B8F80020AD1A2DB297
:10B22000B8F80400218B5B449BB25A1A024412B254
:10B23000002DC0F29E80002AC0F29080002520469A
:10B24000FEF788F8BAF1020F00F0A180BAF1030FFF
:10B2500000F0A580BAF1010F05D1A58A4D44B8F8D8
:10B260000030ED1A2DB26349204618F02BFB8046C2
:10B270006149204618F026FBB8F1000F00D138B123
:10B2800000220A212046FBF79DFF012840F0AE80F6
:10B29000019B13F0010F04BF25EAE5752DB2019B58
:10B2A00013F0020F04BF05EAE5752DB2019B13F000
:10B2B000040F04BF26EAE67636B2019B13F0080FAE
:10B2C00004BF06EAE67636B2029B002B40F081808E
:10B2D0007B88002282E0C34635E7002E16DD20463B
:10B2E000FFF709FCB042B8BF002666E7BAF1000FCD
:10B2F0000EDD099BA3EB0903089A9B1A1EB2204698
:10B30000FFF702FCF04248BF002656E7002654E74C
:10B31000002652E7668B069BF61ABBF80630F61A33
:10B3200036B25BE7BBF80210069B05980344079A08
:10B33000D31AC3F3C03202FA83F2E38A03445B1ADE
:10B3400003EB6203BBF806200132521AC2F3C0318C
:10B3500001FA82F2A3EB62031EB23FE7002D01DC8B
:10B3600000256CE72046FFF739FCA842B8BF00254E
:10B3700065E7002A09DDC91A091A0DB22046FFF750
:10B380009FFCE84248BF002559E7002557E7258B79
:10B39000A5EB0B05B8F80430ED1A2DB263E7B8F849
:10B3A0000020A58A4D44AD1AB8F8043001339B1A29
:10B3B000C3F3C03202FA83F3A5EB6305D944A0EBD3
:10B3C0000900C0F3C03303FA80F005EB60052DB22D
:10B3D00049E73B882B443B807B88324613447B8083
:10B3E000029B324629462046FFF744FD0BB0BDE8DC
:10B3F000F08F00BF45AE00085DAE00082DE9F041BA
:10B4000082B006460F46FFF781F80023ADF80430FE
:10B41000ADF80630304601F0D1FD88B1044635461E
:10B420000DF1040814363B46424629463046FFF7E4
:10B430006BFE2546204601F0C1FD04460028F2D1EE
:10B4400002B0BDE8F08100002DE9F04F93B0044652
:10B450008B4615464FF0FF360096334600221146C4
:10B46000584618F038FB009633460022114628460D
:10B4700018F031FB10212046FCF779FE28B1064672
:10B480002046FFF706FB814610B913B0BDE8F08FE8
:10B49000002018F0B1F80746B9F1020F0ED10028CC
:10B4A000F3D03846FCF79EF9844200F0CC8338464E
:10B4B00018F0A2F807460028F3D1E6E72046FFF788
:10B4C0001AFB82462046FFF71FFB03902046FFF73A
:10B4D00085FB04902046FFF7F3FB05902046FFF71D
:10B4E000E0FA10F00C0F00F09C83B9F1010F00F0AE
:10B4F000A483B9F1030F00F0F38010F0030FC4D060
:10B50000B9F1030F00F010814FF00009B9F1000FFD
:10B51000BBD0002616224FF48031204600F08AFD71
:10B52000C3B20D9310224FF48031204600F082FD0B
:10B53000099011224FF48031204600F07BFD0790E6
:10B5400012224FF48031204600F074FD0C9013223B
:10B550004FF48031204600F06DFD089001224FF439
:10B560008031204600F066FD0B9007B22046FDF7C3
:10B57000F7FE80462046FDF7EDFE0690B9F1000F7C
:10B5800014BF3B4600230A93002E08BF0027212248
:10B590004FF48031204600F04DFDC0B2012840F24A
:10B5A000C980B9F1000F00F00D811FFA88F9039BE3
:10B5B0004B4453449AB20E921AB2002A00F0028110
:10B5C000B4F916306B80B4F91A30EB800D9B012B67
:10B5D00000F0BB80238B08995B1A9BB2AB800B9960
:10B5E000C1F101010B442B80BDF924300F93BDF94B
:10B5F0001C1010911197A8EB03035B1ADB1B08FBCF
:10B6000003F898FBF2F80FFA88F8C246002017F00A
:10B61000A9FF00EB80004000EF2800F3A080012389
:10B620009A4540F3AA80BDF82420BDF81CA0BFB203
:10B630000E9BA3EB090318B2002840F3BA801FFA4F
:10B6400088F802EB0A03A9EB0303DB1BA3EB080357
:10B650009BB2E18A114401EB030C1BB2039901FB7D
:10B6600003F393FBF0F3ACEB030108B2688008F13D
:10B67000FF3818FA81F1E980B4F916100F9B0B44DA
:10B680009842C0F24381B4F91A20B5F90610119B13
:10B69000D31A10981B1A994240F39480A2EB0A0225
:10B6A000D71B3FB2EF80002017F05CFF00EB80005B
:10B6B0004300EF2B00F36A810123FF1AB5F9023032
:10B6C0009F427FDAEF88002017F04CFF00EB8000EC
:10B6D0004300EF2B00F368810123FF1A6F8071E0B4
:10B6E000BAF1000F0EDD10F0030F18BFB14600F0E5
:10B6F0009582049B002B3FF70DAF059B002B3FF776
:10B7000009AF03E7039B002BEDDCF6E63846FCF7B8
:10B7100059F80C2814BF4FF000094FF0010918F038
:10B72000030F3FF4F3AEB7E24FF00009E1E74FF04B
:10B730000009EBE631224FF48031204600F07AFC1C
:10B74000C0B201283FF62DAF9FE6A38A0C990B44A7
:10B750009BB22B800B9901390B44AB8044E700204E
:10B7600017F000FF00EB800043005033B74A82FB24
:10B770000312DB17C3EBA21352E7002017F0F2FE0F
:10B7800000EB80004300EF2B02DC4FF001084AE79A
:10B79000002017F0E7FE00EB800043005033AB4A77
:10B7A00082FB03124FEAE378C8EBA2180FFA88F87D
:10B7B00039E7E38A13446B80638BA3EB0A03013BF5
:10B7C000DB1BEB80002E3FF460AEBDF81860059BDC
:10B7D000F318049A13441FFA83F81AB2002A3FF4AC
:10B7E00054AE618B079BC91A89B2ABF806100B9B4C
:10B7F000C3F101031944ABF80210B4F91430ABF8EB
:10B800000030B4F91830ABF80430BDF93090BDF910
:10B8100020A0069BA3EB0905A5EB0A050A996D1A62
:10B8200003FB05F595FBF2F52DB22F46002017F02E
:10B8300099FE00EB80004000EF2800F3C480012354
:10B840009F4240F3CE80BDF83020BDF820300393F6
:10B85000BDF82870A8EB06080FFA88F8B8F1000FB9
:10B8600040F3D880ADB2039BD318F31ADB1B5B1BEC
:10B8700019B2059800FB01F191FBF8F15B1A9BB23C
:10B880000D99012900F0E480A18A11440B4419B2FA
:10B89000ABF80010013D15FA83F3ABF80430B4F9AE
:10B8A000143099444945C0F26381B4F91820BBF9BA
:10B8B00004100A9BD31AA3EB0A0399427FF7E5AD64
:10B8C000039BD41AE41B24B2ABF80440002017F009
:10B8D00049FE00EB80004300EF2B00F3858101233C
:10B8E000E41ABBF900309C42BFF6CFADBBF8044070
:10B8F000002017F037FE00EB80004300EF2B00F331
:10B9000081810123E41AABF80040BEE50A440FFA36
:10B9100082F8A5F80280002017F024FE00EB8000DA
:10B920004300EF2B15DC01239844B5F90630984508
:10B930007FF7A9AEB5F80280002017F013FE00EBE8
:10B9400080004300EF2B12DC01239844A5F8068009
:10B9500099E6002017F006FE00EB8000430050330C
:10B960003A4A82FB0312DB17C3EBA213DCE7002089
:10B9700017F0F8FD00EB800043005033334A82FBA0
:10B980000312DB17C3EBA2139BB2DEE7002017F014
:10B99000E9FD00EB8000430050332C4A82FB031288
:10B9A000DB17C3EBA21388E6002017F0DBFD00EBEA
:10B9B000800043005033254A82FB0312DB17C3EBA0
:10B9C000A2139BB289E6002017F0CCFD00EB8000AB
:10B9D000430050331D4A82FB0312DB17C3EBA21353
:10B9E0002EE7002017F0BEFD00EB80004300EF2B98
:10B9F00001DC012527E7002017F0B4FD00EB8000F3
:10BA000043005033114A82FB0312DD17C5EBA21528
:10BA10002DB218E70D9B012B0BD0A38A1344ABF872
:10BA20000030238B039A9B1A013BDB1BABF80430DD
:10BA30002BE5531EA28A13443B44ABF80030238B02
:10BA4000039A9B1AABF804301FE500BF6766666671
:10BA5000A18A114439440B4419B2ABF80010013DDE
:10BA600015FA83F3ABF80430B4F9140000EB0903C2
:10BA70000A9D2B4499422BDBB4F91830BBF9042002
:10BA8000A3EB0A0A52457FF700AD039A9B1A1CB23A
:10BA9000ABF80440002017F065FD00EB8000430088
:10BAA000EF2B4EDC0123E41ABBF900309C42BFF6B9
:10BAB000ECACBBF80440002017F054FD0A2300FB57
:10BAC00003F3EF2B48DC0123E41AABF80040DCE47D
:10BAD00015183D442DB2ABF80050002017F042FD80
:10BAE00000EB80004300EF2B14DC01231D44BBF965
:10BAF00004309D42C0DDBBF80050002017F032FD3D
:10BB00000A2300FB03F3EF2B0FDC01231D44ABF8EA
:10BB10000450B1E7002017F025FD0A2202FB00F3D4
:10BB20005033A02293FBF2F3E0E7002017F01AFD58
:10BB30000A2202FB00F35033A02293FBF2F39BB2E4
:10BB4000E4E7002017F00EFD0A2202FB00F3503359
:10BB5000A02293FBF2F3A6E7002017F003FD0A22D0
:10BB600002FB00F35033A02293FBF2F39BB2ABE74E
:10BB70001A4415B2ABF80050002017F0F3FC00EBAC
:10BB800080004300EF2B15DC01231D44BBF904307A
:10BB90009D427FF78AAEBBF80050002017F0E2FC10
:10BBA00000EB80004300EF2B12DC01231D44ABF8B7
:10BBB00004507AE6002017F0D5FC00EB800043002B
:10BBC0005033394A82FB0312DB17C3EBA213DCE7C5
:10BBD000002017F0C7FC0A2202FB00F35033A0221A
:10BBE00093FBF2F39BB2E1E7002017F0BBFC00EB04
:10BBF0008000430050332C4A82FB0312DB17C3EB57
:10BC0000A2136DE6002017F0ADFC0A2202FB00F340
:10BC10005033A02293FBF2F39BB273E6B1460026A9
:10BC200078E410F0030F3FF430ACB9F1010F08BF16
:10BC30004FF000093FF46EAC21E0B14610F003066E
:10BC400018BF012666E42046FEF755FF82462046CF
:10BC5000FEF75AFF03902046FEF7C0FF04902046EF
:10BC6000FFF72EF805902046FEF71BFF804610F0E8
:10BC70000C0F7FF44BAD18F0030F3FF406ACB9F195
:10BC8000030F08BF4FF000093FF433ADB9F1020FC5
:10BC90007FF44DAD4FF000093846FBF793FD0328C4
:10BCA0007FF434AC36E400BF6766666630B585B0B5
:10BCB000044602AD6A462946FFF7C6FB284617F040
:10BCC0001BFF18B9684617F017FF38B102A817F024
:10BCD00013FF28B9684617F00FFF30B905B030BD23
:10BCE00002A92046FDF75DFDF4E769462046FDF711
:10BCF00058FDF3E7F8B504460D46FEF7E2FE20B125
:10BD00002046FEF7D6FEB0B1F8BD2046FEF7F3FEA2
:10BD100006462046FEF7F8FE031EF1DA002EEFDDA0
:10BD20005B429E42A8BF1E462B4632B200212046EF
:10BD3000FFF7A0F8E4E72046FEF750FF074620464D
:10BD4000FEF7BEFF064616220021204600F072F9DB
:10BD5000C3B2012B0ED0002ED6DA002FD4DD7642EE
:10BD6000BE42A8BF3E462B46002231B22046FFF716
:10BD700081F8C9E7002FC7DA002EC5DD2B46002267
:10BD800039462046FFF776F8BEE700002DE9F84F68
:10BD900006468946934698462B4818F0ADFD002884
:10BDA0004DD005460027DFF8A0A009E0AB885B4531
:10BDB00017D04FF6FF739B4513D0002C40D025467B
:10BDC000A8453DD02946504618F09EFD04462B68F4
:10BDD000B342F2D1AB684B45E8D0B9F5702FECD146
:10BDE000E4E7738C13F47C7F18BF002716D1002181
:10BDF000284617F067FD2946134818F036FD2846F7
:10BE000018F0CEFE0127D8E7A988105819F064FF72
:10BE10000137738CC3F30513BB42E8D9F800F2680D
:10BE200002EBC703D97911F0020FF1D0B9F5702FE9
:10BE3000EAD05B68C3F317034B45E9D1E4E7002779
:10BE40003846BDE8F88F00BF2CD200202DE9F8431A
:10BE5000064601F0CCF8C8B107460025A9464FF0C8
:10BE60002A08B3681B6853F825402046FDF7BDFC3F
:10BE70004A4641462046FBF7A5F92046FDF7B5FCAA
:10BE80002046FFF7E3FF0135AF42EAD1BDE8F88372
:10BE90002DE9F04105460C46438CC3F3051E13F40F
:10BEA0007C7F13D0C368002203E00132083372455F
:10BEB0000CD093F807C01CF0010FF6D05968C1F3FD
:10BEC000170CA445F1D11868BDE8F0810EF101010D
:10BED00001F03F016B8C61F309136B8403F47C73F5
:10BEE00003B9FEE7C900E86818F076FEE8600028AC
:10BEF00037D06E8CC6F30516013E0FD0EA68F1000C
:10BF0000A1F108031344D87910F0030F06D10A44B5
:10BF100093E8030082E80300013EEFD1F700E868F0
:10BF2000082100EBC60019F090F8D5F80C80082025
:10BF300018F018FE48F83600EB6853F8360019F090
:10BF400076FEEB683B44DA7942F00102DA71EB6885
:10BF50003B445A6864F317025A60EB6853F83600A2
:10BF6000B2E7FEE770B505460C46418CC1F30511FA
:10BF7000B9B18E46C0680346002203E0013208339F
:10BF800072450FD093F807C01CF0020FF6D05E6820
:10BF9000C6F3170CA445F1D1964503D000EBC200BF
:10BFA00070BD0021013101F03F016B8C61F3091379
:10BFB0006B8403F47C7303B9FEE7C900E86818F0EA
:10BFC0000BFEE86030B36A8CC2F30512013A08D068
:10BFD000EB6803EBC20313E9030083E80300013AB3
:10BFE000F6D10821E86819F030F8EE68082018F05A
:10BFF000B9FD3060EB68186819F019FEEA68D3796A
:10C0000043F00203D371EB685A6864F317025A6075
:10C01000E868C5E7FEE7000008B51421014818F0FC
:10C02000B0FB08BD2CD20020014B1870704700BF38
:10C03000600000202DE9F04F85B005460F4693467D
:10C0400010461AF069F800F001030193002D3ED16B
:10C050003FB9BBF1010F00F09880BBF1040F00F075
:10C060009480584619F0B8FE8AE0039888E00134BD
:10C070006B8CC3F305139C4280F09C80EA6802EB52
:10C08000C403D97911F0020F3BD0002EEFD15B68C9
:10C0900003F47F03BB42EAD152F83400837918EAF3
:10C0A000030FE4D003AA594619F028FF0128DCD079
:10C0B0000228DCD10223019A002AC9D00BB9002F33
:10C0C00061D1284600F07AFF05460028C0D05846C6
:10C0D00019F083FF012303FA00F6F6B22B8C0093CC
:10C0E0006FEA03091FFA89F995F82280C8F3C0089E
:10C0F0006B8C13F47C7F5DD000244346B0461E4613
:10C10000BCE746466B8CC3F30513A34252D94FF0EC
:10C11000FF3A12E0009B434507D0C24601346B8CC6
:10C12000C3F305139C4208D329E0039828E00134A7
:10C130006B8CC3F305139C421ED2EB6803EBC40265
:10C1400053F8340083791E42F1D05368C3F31702C9
:10C1500003F47F03BB42EAD11FFA82F812EA090F07
:10C16000E5D1D045DADD03AA594619F0C7FE01280A
:10C17000D0D00228DBD19DE7BAF1000F1ADB03987B
:10C1800005B0BDE8F08F0027A1E72B6833B9002088
:10C19000F6E7B3F914207AB91B684BB1BBF1010F74
:10C1A000F7D0B3F91620002AF6D0B3F91600E7E766
:10C1B0000020E5E700237EE7B3F91400E0E7000084
:10C1C0005C4B1B7803B970472DE9F04706460D46D6
:10C1D0001446FDF70AFB05F47F05204619F09CFF85
:10C1E00000F00407204619F097FF00F002082046EF
:10C1F00019F092FF8146204619F08EFF82465FB10A
:10C20000B5F5702F00D055BB00222A213046FAF731
:10C21000D9FF3046FCF7EAFFB5F5702F00D06DB9B5
:10C220004FF6FF739C4200D02FB1304600F0C6FE9F
:10C2300008B1FCF7DBFF1AF0100F25D14FF6FF73A2
:10C240009C426CD0B8F1000F62D13046FDF7CDFAB8
:10C2500019F0010F6CD058EA070869D065E0042294
:10C2600000213046FFF7E6FE00B242F2D173984259
:10C27000CAD0012200213046FFF7DCFE00B242F2B4
:10C28000D1739842DAD1BFE76E2200213046FFF722
:10C29000D1FE00B290BB6D2200213046FFF7CAFEEE
:10C2A00000B2B0F5807F02D04FF0020A28E0612290
:10C2B00000213046FFF7BEFEC0B2FF2802D04FF08B
:10C2C000010A1DE0682200213046FFF7B3FEC0B22C
:10C2D000B0F1000A18BF4FF0010AB3689BB90028FB
:10C2E000ACD03046FCF7BCF9B3689A7E6AF387128B
:10C2F0009A76A3E73046FFF7A9FD19E04FF0020A4E
:10C30000B368002BEDD09A7E6AF387129A7695E790
:10C310003046FCF71EFE3046FDF767FA98E73046D8
:10C32000FCF717FE3046FDF760FAB5F5803FE1D126
:10C33000BDE8F08760000020F8B504460E464B8C3F
:10C34000C3F3051113F47C7F14D060B1F068036867
:10C350009C4218BF002306D001338B420AD050F80C
:10C360003320A242F8D14FF6FF724FF470213046CD
:10C37000FFF726FF304600F03AFE074650B1002591
:10C38000B3681B6853F825102046FFF7D5FF013529
:10C39000AF42F5D1F8BD0000104B1B7803B97047D0
:10C3A00070B50646002017F0F3F8054680B970BD59
:10C3B000EB6853F824103046FFF7BEFF01346B6A78
:10C3C000A342F5D8284617F0E3F805460028EED03A
:10C3D0006B6A0024002BEBD1F4E700BF6000002063
:10C3E0002DE9F04182B004460668738CC3F305174B
:10C3F00013F47C7F4BD00846F368002503E0013539
:10C400000833BD4243D09C46DA7912F0020FF6D0D1
:10C410005A68C2F31702A1688A42F0D1A18868293C
:10C420007FD856290ED9A1F15703112B79D8DFE80F
:10C4300003F045787878787878787878784A7878DA
:10C4400078784518362925D81F296AD9A1F1200204
:10C4500092B201239340414A1A4032BB13F4C01FE9
:10C460005FD0FE28D4BFE768276901AADCF8000086
:10C4700019F044FD002863D0DDF80480F3683A46E3
:10C48000A18853F8350019F03FFE47455FD102B04F
:10C49000BDE8F081A1F144039BB2112B41D8304A91
:10C4A00022FA03F313F0010F3BD0002816DDFE281B
:10C4B00019DD238A002763F30F07D6E7FE28D4BFD0
:10C4C000E7682769D1E7E76837B12369002BCCD04B
:10C4D0007F28C8BF1F46C8E72769C6E7A38900278A
:10C4E00063F30F07C1E7A28952BA130413FA82F269
:10C4F0001C4F3A40238A5BBA4FEA034E1EFA83F37D
:10C500003B409B1AC0B20430C00800FB03F302EBAF
:10C5100053133B4043EA13435BBA002763F30F070F
:10C52000A3E708B9E768A0E7FF2807D0E768236911
:10C53000DB1B00FB03F307EB232796E7276994E750
:10C54000F3683A46A18853F8350019F0DDFDA2885A
:10C55000A1682068FFF734FE99E700BF050041009D
:10C56000090002001FF8E0072DE9F84F04461FFA02
:10C5700082F802F47F078A46B1B191F807B0BBF1A7
:10C58000000B18BF4FF0010BCBF1000B1FFA8BF51E
:10C59000638C13F47C7F75D0002216464FF6FF792A
:10C5A0005346AA461D460DE04FF6FF75F0E7FDB174
:10C5B00051F80B30AB421BD00136638CC3F305132B
:10C5C000B3425CD94FEAC60BE16801EBC600436891
:10C5D000C3F31703C84503D01FFA83FCE045EBD132
:10C5E000B7F5702FE3D003F47F039F42DFD0E3E77A
:10C5F000C37913F0020F2CD1E36803EB0B02D2795D
:10C6000012F0030F2DD1618CC1F305114B1EB34203
:10C6100011D90BF1080B3246E36801325B4493E811
:10C62000030003E90300618CC1F305110BF1080B52
:10C630004B1E9A42F0D33F3101F03F01638C61F30E
:10C6400009136384C900E06818F0C6FAE0600122AB
:10C65000B3E700234FF6FF7239462046FFF796FBFB
:10C66000CAE753F80B0019F0E7FAE36853F80B0038
:10C6700018F096FAE368002243F80B20C3E755460A
:10C6800002B10DB9BDE8F88F4FF6FF72394620466A
:10C69000FFF796FDF6E700002DE9F04104682568F4
:10C6A000A6882A4818F024F9B0B10146274F04E0C3
:10C6B000384618F025F9014670B18C42F8D00A6866
:10C6C00023689A42F4D18A68A3689A42F0D18A8892
:10C6D000A3889A42ECD137E06B8CC3F3051113F4B5
:10C6E0007C7F31D0EB6800270DE0D8F8042022F0E1
:10C6F0007F4254F837102846FFF736FF24E0013711
:10C7000008338F4220D0DA7912F0020FF7D05A683E
:10C71000C2F31702A0688242F1D14FEAC70821464E
:10C720000A4818F0A2F8204618F03AFAEC68A0443B
:10C73000314654F8370019F0CFFAEB6853F8370058
:10C7400019F046FC0028D0D1BDE8F0812CD20020A1
:10C75000438C03F47C73B3F57C7F00D1FEE72DE9B5
:10C76000F04104460E46154600234FF6FF72294657
:10C77000FFF70CFB2A4631462046FFF7F5FE628C98
:10C78000C2F3051312F47C7F15D0E2680027D1793B
:10C7900011F0030F04D0013708329F42F7D11F4632
:10C7A000013303F03F01638C61F30913638403F4E5
:10C7B0007C7313B9FEE70027F2E7C900E06818F0C0
:10C7C0000BFAE06058B3B4F822C0CCF3051C0CF1AE
:10C7D000FF3CBC450AD9E36803EBCC0313E9030033
:10C7E00083E803000CF1FF3CBC45F4D84FEAC708CE
:10C7F000E068082100EBC70018F027FCE36843F865
:10C800003760E36843445A6865F317025A604FF68D
:10C81000FF7229462046FFF7D3FCBDE8F081FEE712
:10C8200070B50468A56805F47F05A28829462068CC
:10C83000FFF700FCE060A6880023A3802346324671
:10C8400029462068FFF7A2FAA680A1682068FFF7B2
:10C8500089FBE268A188006819F056FC70BDF8B544
:10C8600006460D4617461C461946FFF711FB3A4689
:10C87000294619F049FC2A4621463046FFF7A0FC1C
:10C88000F8BD38B5B0F822C0CCF305141CF47C7F99
:10C8900018D0C0684FF0000C04E00CF1010C083017
:10C8A000A4450DD090F807E01EF0010FF5D04568C3
:10C8B000C5F3170E9E45F0D1006819F01FFB00E08C
:10C8C000002038BD0020FCE7F8B51446438CC3F3C4
:10C8D000051213F47C7F27D005460E46C068034638
:10C8E0004FF0000C04E00CF1010C0833944518D013
:10C8F00093F807E01EF0010FF5D05968C1F3170E49
:10C90000A645F0D1624511D0314650F83C0019F0EF
:10C91000E3F9074630B1324621462846FFF750FC7E
:10C9200000E000273846F8BD0027FBE70027F9E7BD
:10C930002DE9F04792B004460E4690461F461A9DD8
:10C9400090F8223043F0080380F8223002842A89CC
:10C95000FFF770FB824627842A8931462046FFF77D
:10C9600069FB94F8223023F0080384F822308245D2
:10C9700045D08146A4F820802A8931462046FFF719
:10C9800059FB8046278431462046FFF7EBFA4246A2
:10C990002989006819F0B8FB2B890B2B32D0364857
:10C9A00017F0F7FE0746002850D0C0F80C80C0F8FA
:10C9B000109004602B898380866001AC204616F0BD
:10C9C00067FF01972D4B02932D4B03932D4B04933F
:10C9D000002309930A93FF220B922A880C926A88FB
:10C9E00052420D92EA6808929DF8462063F30002D5
:10C9F0008DF846202B690793204616F09BFF12B056
:10CA0000BDE8F08747F6FF73984520D09945C6D119
:10CA10002046FCF79FFC00EBD07040F34F07204608
:10CA2000FCF79EFC00EBD07040F34F03BB42CCBF41
:10CA30007B1C01331BB29946B1E707F101080FFADD
:10CA400088F847F6FF729145A9D1EFE7FEE7204647
:10CA5000FCF780FC00EBD07040F34F072046FCF75A
:10CA60007FFC00EBD07040F34F039F42E5DB03F106
:10CA700001080FFA88F8E4E72CD20020E1C300088F
:10CA800021C8000899C60008F8B51446B0B10D4693
:10CA900006466222FFF7CEFA074678B103686BB10B
:10CAA000632229463046FFF7C5FA10F0FF0205D091
:10CAB0003B6821463846984760F30F042046F8BD8E
:10CAC0002DE9F04782B0438C13F47C7F00F02B817A
:10CAD00006460025A9466FEA0108D74301AC15E0D8
:10CAE0004FF00309484602B0BDE8F08701AA6A2169
:10CAF000504619F003FA002800F0AC804FF002090C
:10CB00000135738CC3F30513AB42EBD9F16801EB2C
:10CB1000C503DA7912F0020FF2D19B8808EA03020A
:10CB20003B40B2FA82F25209B3FA83F35B099A42AC
:10CB3000E6D051F835A022461021504619F0DEF912
:10CB40000028CDD122461121504619F0D7F90028EE
:10CB5000C6D122461221504619F0D0F90028BFD183
:10CB600022461321504619F0C9F90028B8D12246AF
:10CB70001521504619F0C2F90028B1D122461421DE
:10CB8000504619F0BBF90028AAD122460A21504686
:10CB900019F0B4F90028A3D122466B21504619F0B0
:10CBA000ADF900289CD122466C21504619F0A6F917
:10CBB000002895D122460121504619F09FF90028FE
:10CBC0008ED122460421504619F098F9002887D1C9
:10CBD00022460221504619F091F9002880D12246C0
:10CBE0000321504619F08AF900287FF479AF2246D4
:10CBF0000521504619F082F900287FF471AF2246D2
:10CC00000621504619F07AF900287FF469AF2246D0
:10CC10003221504619F072F900287FF461AF2246A4
:10CC20006E21504619F06AF900287FF459AF224668
:10CC30006D21504619F062F900287FF451AF224669
:10CC40006921504619F05AF900283FF44FAF4FF0D0
:10CC5000020955E701AA6E21504619F04FF910B1AB
:10CC60004FF002094CE701AA6D21504619F046F930
:10CC700010B14FF0020943E701AA3721504619F0DD
:10CC80003DF910B14FF002093AE701AA38215046A8
:10CC900019F034F910B14FF0020931E701AA35213A
:10CCA000504619F02BF910B14FF0020928E701AAFC
:10CCB0004021504619F022F910B14FF002091FE748
:10CCC00001AA4521504619F019F910B14FF0020997
:10CCD00016E701AA4121504619F010F910B14FF0A2
:10CCE00002090DE701AA4221504619F007F910B1D7
:10CCF0004FF0020904E701AA4321504619F0FEF85B
:10CD000010B14FF00209FBE601AA4921504619F083
:10CD1000F5F828B9B9F1010F38BF4FF00109EFE676
:10CD20004FF00209ECE64FF00009DBE680B27047F5
:10CD300000F47F00704770B505460E465B22FFF792
:10CD400079F9C4B2162231462846FFF773F9204616
:10CD5000012C38BF012070BDF8B504460D46602295
:10CD6000FFF768F9C3B2022B29D9FC2B9DBF1846E7
:10CD7000C0EB0020C0F30727FF27DDB1A4B1602678
:10CD80000025324629462046FFF754F9C3B2022B4C
:10CD900018D9FC2B9CBF7B43C3F30727204600F028
:10CDA0000DF904460028ECD1022F0DD9FD2F28BF24
:10CDB000FF2705E0204600F001F90446DEE70027E2
:10CDC0003846F8BD0027FBE70027F9E708B513460A
:10CDD0000A460121FFF743FD08BD08B513460A4680
:10CDE0000221FFF73CFD08BD08B513460A460321A2
:10CDF000FFF735FD08BD08B513460A460421FFF7C5
:10CE00002EFD08BD08B513460A460621FFF727FD8B
:10CE100008BD08B513460A460721FFF720FD08BDE7
:10CE200008B513460A460821FFF719FD08BD08B5E5
:10CE300013460A460921FFF712FD08BD08B513463F
:10CE40000A466E21FFF70BFD08BD08B513460A46DA
:10CE50006F21FFF704FD08BD08B513460A4670218F
:10CE6000FFF7FDFC08BD00B583B013464FF0000C82
:10CE7000ADF800C062466CF31F4261F30F0220213F
:10CE8000FFF7EDFC03B000BD08B513460A462121AB
:10CE9000FFF7E5FC08BD08B513460A462821FFF751
:10CEA000DEFC08BD08B513460A464621FFF7D7FC4D
:10CEB00008BD00B583B013464FF0000CADF800C0BC
:10CEC00062466CF31F4261F30F025221FFF7C7FC69
:10CED00003B000BD08B513460A465321FFF7BFFC57
:10CEE00008BD00B583B013464FF0000CADF800C08C
:10CEF00062466CF31F4261F30F025521FFF7AFFC4E
:10CF000003B000BD08B513460A465621FFF7A7FC3B
:10CF100008BD08B513460A465721FFF7A0FC08BD17
:10CF200008B513460A465821FFF799FC08BD08B515
:10CF300013460A465B21FFF792FC08BD08B513466D
:10CF40000A466021FFF78BFC08BD08B513460A4668
:10CF50000A21FFF784FC08BD08B513460A461621CE
:10CF6000FFF77DFC08BD00E0184610B14368002BB8
:10CF7000FAD17047F8B50546436813B1FFF7F3FFE0
:10CF800005460D4817F0B4FC014690B10A4F4E6AB1
:10CF90004EB1CA68043A002352F8044FAC4208D09C
:10CFA0000133B342F8D1384617F0AAFC01460028F5
:10CFB000EDD10846F8BD00BF74D2002008B140682A
:10CFC00070477047806888B1002907DB0B464268CC
:10CFD0009A420AD9036853F82100704743681944FC
:10CFE0000B460029F3DA0020704700207047836861
:10CFF0000BB15868704700207047F8B5A8B10746D4
:10D000004668A6B13046FFF7F2FF05460024A54268
:10D0100007D021463046FFF7D5FF874203D00134C1
:10D02000F5E74FF0FF342046F8BD0024FBE700246D
:10D03000F9E7F8B5054600222121FAF7C3F80028E0
:10D0400066D095F8233043F0100385F82330002193
:10D050002846FFF7B7FF40B10024FFF7EAFF21465B
:10D060002846FFF7AFFF0028F7D12846FBF78DF8D9
:10D070000646002016F0C0FA044608B300270FE069
:10D0800029462046FAF71CFB636BAB4208BF676377
:10D09000636DB3420BD0204616F0AEFA044678B169
:10D0A000A36AAB42ECD0E36AAB42EDD1E8E7FAF712
:10D0B000BDFB8542EFD129462046FAF701FBEAE79E
:10D0C0002846FBF77FFB6C681CB32846FFF795FFEB
:10D0D000A1684B68013B98420ED2421C92000B683B
:10D0E00001309958134443F8041C6B6899684B68E5
:10D0F000013B04329842F2D34B606B689C686168D4
:10D100008900206817F068FD2060284617F048FD68
:10D11000F8BD2846FFF72EFF0446416A11B3C268E6
:10D12000043A002352F8040FA84204D001338B4282
:10D13000F8D101390FE0013999420CD9581C80000F
:10D14000E26801331158024442F8041C616A013953
:10D1500004308B42F4D361628900E06817F03CFD33
:10D16000E060D2E70B46E9E770B50446FCF73DFB0B
:10D1700094B1656885B12046FFF75BFF2846FEF74E
:10D1800095FD002222212846FAF71CF800222421CE
:10D190002846FAF717F870BD2046FFF7EBFE054664
:10D1A0000028F8D006692046FFF743FFA642F2D1D7
:10D1B00000232B61EFE74368002B6CD02DE9F04191
:10D1C0000746884600295DD0FCF70FFB4046FBF779
:10D1D00047FA7E683846FFF710FF0446451CAD004D
:10D1E00006E0B3681B685A5943F82420013404351B
:10D1F0003046FFF7FCFE0138A042F2DCB26853680B
:10D20000013B5360B468616800293DD08900206803
:10D2100017F0E2FC2060D8F808205368013353600F
:10D22000D8F8084061688900206817F0D5FC2060B4
:10D23000D8F808301C684046FFF7D9FE00F180405E
:10D24000013844F82070C7F804803046FEF72EFD00
:10D250003A4622213046F9F7B5FF00222421304614
:10D26000F9F7B0FF3A4622214046F9F7ABFF00221A
:10D2700023214046F9F7A6FF3846FBF7B7FF3846AB
:10D28000FCF7B3FABDE8F081206817F089FCB368B9
:10D2900000221A60BFE77047F8B506460D1E28DB6E
:10D2A000FFF7ABFE044676B37768002D20DB3846E7
:10D2B000FFF79DFEA8421BDDA54219D025DA04F137
:10D2C0008043013B9B00BA681268D15842F8241091
:10D2D000013C043BAC42F6D1BB681B6843F82560B7
:10D2E000002222213846F9F76DFF3846FCF77DFA17
:10D2F000F8BDB0B14068FFF77AFE05443046FFF74D
:10D300007CFE0446D0E73746D1E7631C9B00BA6831
:10D310001268D15842F8241001340433AC42F6DBD1
:10D32000DAE70020FFF763FE05443046FFF765FEAD
:10D3300004463746B9E710B582B0B0F808E00C886B
:10D340007444ADF80040B0F80AC04C886444ADF8AD
:10D3500002408C88A644ADF804E0C9888C44ADF83E
:10D3600006C043696946984702B010BD70B582B0E7
:10D3700006460C460022143116F009FD78B301214F
:10D380002046FAF7F4FE68BB2046FBF714FE58BBB4
:10D3900000238DF8003001966A4612212046F9F7E5
:10D3A00011FF9DF80030022B20D02046FFF71FFE12
:10D3B000451E0AD59DF80030002B0CBF20460020EA
:10D3C0000EE0013DB5F1FF3FF4D0A3681B6853F8B0
:10D3D00025103046FFF7CAFF0028F2D000E00020F9
:10D3E00002B070BD0020FBE70020F9E70020F7E75E
:10D3F00070472DE9F04387B006460D46D0F8088007
:10D4000002AC21462846FBF740FF2846FBF79AFD71
:10D4100001460246204616F07DFB2246414604A8FE
:10D4200016F096FB30B94FF400212846FAF79FFE1C
:10D43000814690B104ABB360324614212846F9F717
:10D44000C1FE324615212846F9F7BCFE32461621A8
:10D450002846F9F7B7FE4FF001094FF4002128469E
:10D46000FAF785FEF8B16B46D8F80000D8F804103A
:10D4700003C3C6F808D02846FFF7B9FD074650B1E8
:10D480000024AB681B6853F82410304600F026F8DF
:10D490000134A742F5D1B9F1000F0DD1C6F80880CB
:10D4A00007B0BDE8F08305F114024146684616F066
:10D4B0004FFB0028EFD0DCE704ABB3603246172106
:10D4C0002846F9F77FFE324618212846F9F77AFEFA
:10D4D000324619212846F9F775FEDFE72DE9F04FAE
:10D4E00091B005460C4601212046FAF740FE10B1E6
:10D4F00011B0BDE8F08F0646602200212046FEF7FD
:10D5000099FDC0B20228F3D92046FBF754FD074627
:10D5100020B921462846FFF76CFFE9E76122002188
:10D520002046FEF787FD5FFA80F8B8F1010FDFD9DA
:10D530002046FBF707FD81460DF1100A51462046B3
:10D54000FBF7A3FE4A464946504616F0E3FA022F7F
:10D550001DD0012FCCD104AAA9680AA816F0F8FAA8
:10D560000028C5D002AB0AAA92E8030083E80300B2
:10D5700004F11402114601920022184616F007FC2D
:10D5800000283CD147F002075FFA87FB4AE00DF123
:10D590002009DAE9000189E8030000231A46494618
:10D5A0002046FBF7FFFF4A46A96806A816F0D0FA06
:10D5B00000289DD00DF1280906AB93E8030089E807
:10D5C00003000123002249462046FBF7EBFF5246A9
:10D5D0004946484616F0BCFA002889D002ABD9E982
:10D5E000000183E8030004F11402114601920022B5
:10D5F000184616F0CCFB10B94FF0010B12E00023D7
:10D600008DF8283002AB0B930AAA12212046F9F7B5
:10D61000D9FD9DF828B0BBF1000B18BF4FF0010BEE
:10D62000012F71D05A4602A9284601F0A7FF0746EC
:10D6300000283FF45DAF6F2200212046FEF7FAFC80
:10D640000FFA80FA702200212046FEF7F3FC0FFA51
:10D6500080F90AF4C043B3F5005F57D009F4C04322
:10D66000B3F5005F6ED00AA801F0BBFA8DF83380E5
:10D670006E2200212046FEF7DDFC03B2B3F5616F98
:10D680007CDDA0F5616003B2ADF828306D22002189
:10D690002046FEF7CFFCADF82A0068220021204684
:10D6A000FEF7C8FC9DF8343060F303038DF8343086
:10D6B000624B1B681B681B7CC3F3C0039DF83C20B6
:10D6C00063F300028DF83C201BF0020810D007F134
:10D6D000080397E8030083E803007B897A8A1344F0
:10D6E000013B1BB2B7F906209342A8BF1346FB814A
:10D6F000BDF90E20B7F90A309A42C0F29A800BF0B9
:10D70000010B009646467DE05F463BE72AF4C043A6
:10D71000B3F5FA6FA2DCB3F57A7FCCBFC3F57A72AA
:10D720001A46238B0133A18A5B1A1BB202FB03F357
:10D73000434A82FB03124FEAE37ACAEB621A0FFAFA
:10D740008AFA8BE729F4C043B3F5FA6F8BDCB3F5A3
:10D750007A7FCCBFC3F57A721A46638B0133E18AB4
:10D760005B1A1BB202FB03F3354A82FB03124FEA3A
:10D77000E379C9EB62190FFA89F974E7002BBCBF92
:10D7800000F5616003B27FE707F108080022019904
:10D79000404616F0FCFA00283BD17B893A8A1344B4
:10D7A000013BFB810122B7F90630B7F90E1099420F
:10D7B000C8BFFB813946284601F010FF21462846A4
:10D7C000FFF717FE6A68A38A11885B1A5344ADF805
:10D7D0002C30E38A52889B1A4B44ADF82E300AAAAB
:10D7E0003946284601F0FFFE1EB3FB89013319B20A
:10D7F00079817A8A013A12FA83F3FB81BDF90E30FE
:10D800008B4216DB002ED9D0BBF1000FBCD1009AA1
:10D81000C9E700238DF82030CDF8248008AA122112
:10D820002046F9F7CFFC9DF82030002BB5D1009AA7
:10D83000B9E73946284601F0DBFE59E668CE0020FC
:10D840001F85EB512DE9F84F8146884669B1414665
:10D850004846FFF743FE4046FFF7B0FB054658B188
:10D860004FF0170B4FF0180A2FE01C4B1868F9F710
:10D87000F9F980460028EAD1BDE8F88F4846FFF75D
:10D880002DFE0134A7420AD0AB681B6853F8241060
:10D89000002EF3D1414514BF00260126F1E74A4688
:10D8A00059462846F9F78EFC4A4651462846F9F76C
:10D8B00089FC4A4619212846F9F784FC2846FFF7D7
:10D8C0007DFBA84605460028D6D02846FFF78FFBEB
:10D8D00007460028E3D000242646D5E768CE00207E
:10D8E0002DE9F04FADB00546A14B186815F05EFE6E
:10D8F0000446EB680BB128469847236873B1636808
:10D90000002B2FD09A4B1B681A68B2F90030B2F97D
:10D91000022002FB03F3E2689A4223D06E68944C23
:10D920002068F9F79FF901463046FFF71FFD0646CC
:10D9300023685C69002C00F09B8221466868FFF731
:10D9400015FD0446002E40F09682B0B1884B1B684E
:10D9500093F8282012F0010F67D15969002940F08F
:10D96000A282A6E2824E32682369002BD6D01068CC
:10D97000836A002BF8D09847F5E77D4F386815F09B
:10D98000C9FD0446386815F0D9FD631E421E12B267
:10D9900000921BB2002211461CA816F09CF82B6BBB
:10D9A000B3B11EAC204603F06FF83B68DA6A2292EE
:10D9B00093F829208DF892205B8DADF87C308DF89E
:10D9C0007B202B6B1CAA2146284698470024BDE7E4
:10D9D000674B1B68D86AA8B11BA903F003FE012896
:10D9E000F4D11EAC204601F0FCF8614B1B6893F8A3
:10D9F00029208DF88320DB6A1CAA2146284601F0E5
:10DA00004DF9E3E71EAC204603F03EF8584B1B6887
:10DA10005A8DADF87C2093F829308DF87B306A68F8
:10DA20002146284603F07AF8D0E71E692AE2504BD7
:10DA30001B681E6940E20123C9F810304C4B19687D
:10DA40000B68DB689A6912F0010F07D09B6913F02D
:10DA5000020F03D00123C9F8143002E00023C9F8F3
:10DA60001430D9F81470D8F80000436953B1037C1E
:10DA700013F0300F02D013F0040F1AD1226861683E
:10DA8000FFF759FCD9F8003083B1D9F804206AB106
:10DA9000D8F80010097C11F0010F00D037B1D9F887
:10DAA00008108B4218BF1A46C9F808202DB0BDE8EF
:10DAB000F08F6368089324680B689A461B7C03F018
:10DAC0000602062ADED003F03002202A52D013F0DC
:10DAD000100FD7D0084615F069FD84460899B1F9B2
:10DAE0000420B1F9000085B21395531C9BB2149326
:10DAF0005B1B9DB204951DB2B1F9023015939EB225
:10DB00001096CB8801339B1B19B24FF4A053B3FB83
:10DB1000F5F38B42A8BF0B460F939AF8103003F031
:10DB20003003102B62D0089B5880DA800029A9DDD1
:10DB300005EBD5735B100D936B1C03EBD3735B107C
:10DB40001693049B013B9AB20E92531C5B001193F7
:10DB500000260596531C5B001293CDF85C80CDF82F
:10DB600060901997D146E346A84606910796FCE0D7
:10DB700068CE002008998B8801330A889B1ACE88CA
:10DB800001364A88B61A16FB03F6731E0DD004EB55
:10DB90004600A11E30F8022D31F8025F05800A8090
:10DBA0001A46013BB21A9342F4D80898B0F90620FD
:10DBB000BAF80230013B41885B1AC380BAF80230E0
:10DBC000013B9B1A4380B0F90420BAF80030013BB6
:10DBD00001885B1A014683805046BAF80030013B49
:10DBE0009B1A0B802246FFF7A6FB4BE7BAF80230E0
:10DBF0005A1E1398121A0898C280149A9B1A4380CE
:10DC000094E799F8103003F0300EB8F1010F5BDDA6
:10DC10000598CDF82C90CDF830B0DDF8589041E063
:10DC2000039901EB030A03FB0863B91808FB02C25E
:10DC300034F81AB034F8135024F81A5034F811A0FC
:10DC400024F813A034F8123024F8113024F812B05C
:10DC5000049B1B1A1BB2013880B24B451CDA02B27E
:10DC6000BEF1300FDCD1039901EB030A08FB02C1BE
:10DC70003A4403FB086334F81AB034F8115024F81E
:10DC80001A5034F812A024F811A034F8131024F814
:10DC9000121024F813B0DBE709994D1C28B20D9B34
:10DCA00098420DDA81B20E9B5E1A36B2844608FBAA
:10DCB00000F508FB06F71846002309910395CEE707
:10DCC000DDF82C90DDF830B099F8103003F0300317
:10DCD000102B0FD0B9F80030013B109A9B1A9BB261
:10DCE00008998B80139A01321344149A9B1A0B8063
:10DCF000454699E0089A159B1380109B013B0499B7
:10DD00000B44938045468FE04FF4205016F07CFF83
:10DD100007903DE0109B059A13449BB2089A13802C
:10DD2000013B3B4493807FE00023CBF81430079BFA
:10DD30001A46002B08BF224608994846FFF7FBFA0F
:10DD4000DBF8103033B1D9F82830002BF8D0484632
:10DD50009847F5E708FB07F704EB4704059B2B44BE
:10DD60001BB20593069A9A4275DD059A0A920699A6
:10DD70008B1A0F9F9F42A8BF1F463DB20123CBF8CD
:10DD8000103012B988457FF73CAF079B002BBBD002
:10DD900099F8100000F0300008FB05F3A3EB050C28
:10DDA000002D2EDD1CFA87FAA6465E1ECDF80C90DB
:10DDB000CDF824B00B97079F0C94DDF84490DDF864
:10DDC00048B030280CBFA6EB0C036346B8F1000F37
:10DDD0000DDD0EEB0904724632F8021B27F8131012
:10DDE00030280CBF5B195B1BA242F5D1DE440CF15D
:10DDF000010CD445E5D1DDF80C90DDF824B00B9F83
:10DE00000C9C99F8103003F03003102B82D0B9F835
:10DE10000030013B109A9B1A059A9B1A9BB2089AF4
:10DE200093800133DB1B13802F460A9B2B44069AF9
:10DE30009A423FF779AFDBF8183013F0010F3FF447
:10DE400073AFDBF8183013F0020F3FF46DAF01230E
:10DE5000CBF814306BE7DDF85C80DDF86090199F3B
:10DE6000079E002E3FF40EAE304616F02FFF09E657
:10DE700000283FF482AD334B1B6893F8282012F042
:10DE8000010F0ED031462846FFF7DCFC2D4B1B68F6
:10DE90005969A9B1002C18BF21462846FFF7D2FCCA
:10DEA0000EE0596941B1002C18BF21462846FFF702
:10DEB000C9FC002E3FF4BBAD31462846FFF7C2FC3B
:10DEC000204C2068F8F7E4FE01462846FFF7BAFC2C
:10DED0002068F8F7E8FE01462846FFF7B3FCD4F8BF
:10DEE0000080404615F062FB8146D8F80030DC6BBC
:10DEF000636B0BB120469847D9F80030002B3FF4F4
:10DF00009AADD9F80430002B3FF495AD0D4B1B684A
:10DF10001A68B2F90030B2F9022002FB03F3D9F813
:10DF20000C209A423FF487AD064E3268D9F8103083
:10DF3000002B3FF480AD1068836A002BF6D0984721
:10DF4000F3E700BF68CE00202DE9F04184B00D4614
:10DF50000446002854D02046F9F74CF8002858D041
:10DF600094F8283013F0040F53D1002D4ED0002325
:10DF7000ADF80830ADF80A30204615F0CBFA01387C
:10DF8000ADF80C00204615F0D9FA0138ADF80E00B6
:10DF900002AA2946684615F0DBFD002839D0206822
:10DFA000037C13F0020F37D183690BB169469847A0
:10DFB000B4F85031002B3FD004F130050026E8467C
:10DFC00037463A462946404615F0E1FE08BBB4F80C
:10DFD000503101360835B2B29342F2D81F2B2BD9FB
:10DFE0000023A4F85031BDF808302386BDF80A306C
:10DFF0006386BDF80C30A386BDF80E30E38629E0B9
:10E0000015F082FA04460028A5D102E00023A4F806
:10E01000503104B0BDE8F08104F1300304AA12E9E4
:10E02000030083E803000123A4F85031606800284E
:10E03000EFD018F0F6FAECE704EBC303BDF80020CC
:10E040001A86BDF802205A86BDF804209A86BDF8CB
:10E050000620DA86B4F850310133A4F850316068F4
:10E060000028D6D018F0DDFAD3E70000014B18687D
:10E07000704700BF68CE0020014B1860704700BF9A
:10E0800068CE00202DE9F04F95B0044615F0CEFA89
:10E0900009900023139334B3E268B14B1A60204611
:10E0A00018F0BAFAAE4C23681869FCF72FFA236807
:10E0B000586908B1FCF72AFAA94C2368D869FCF71B
:10E0C00025FA2368186AFCF721FA206803697BB1F6
:10E0D000B0F85031002B63D04FF030080027A04E2D
:10E0E0000DF12C0B4EE015F00FFA9D4B1860D9E79F
:10E0F0000023A0F85031B9E2013430680835B0F897
:10E1000050319C4236D2031993F83031002BF3D1B1
:10E11000A742F1D04119404415F018FE0028EBD079
:10E1200031684A194144584615F03DFD584615F0EE
:10E13000E3FC82463068404415F0DEFC81463068DE
:10E14000284415F0D9FC8144CA45D5D23368049AD5
:10E150009A18BDF82C101186BDF82E105186BDF806
:10E1600030109186BDF83210D1862344012283F805
:10E170003021C1E70137306808F10808B0F85031A4
:10E180009F420DD2384490F83031002BF2D13068E4
:10E19000B0F8503123B130250024FB000493B2E7DE
:10E1A00003681A7C12F0010F00F09C80DB685B684A
:10E1B000002B00F0978000F5AC7016F0B7FB00283C
:10E1C00040F09080664B18680368DB68D3F808A0BD
:10E1D0001E68B24508BF5E6815F09CF98146202292
:10E1E00000210BA823F04DFC5D4B1868B0F85031AE
:10E1F000002B54D04FF030080024594D0BAFCDF810
:10E2000014A006963AE02868594600F5AC7016F05E
:10E210002CFB584616F0C4FC3EB3B3462868314682
:10E2200000F5AC7016F06CFB06462A68424459466D
:10E23000384615F0FAFD0446B0F1FF3FECD0002857
:10E24000E1DD4FF0010A2868594600F5AC7016F080
:10E25000BFFA024607EBCA03083B03CB10605160CC
:10E2600054450AF1010AEED1CDE7049C0134286837
:10E2700008F10808B0F850319C420DD2031993F808
:10E280003031002BF2D100F5AC7016F031FB0646B0
:10E290000028EBD00494C0E7DDF814A0069E00F53A
:10E2A000AC7016F025FB0446B0B12D4D4F462B68DF
:10E2B0001B68D86B029401970096D0F838802346EB
:10E2C0003A465146C0472868214600F5AC7016F022
:10E2D00017FB04460028EAD1214B186800F5AC7002
:10E2E00016F0F2FA1F4B00221A601D4B1968B1F8A4
:10E2F0005031002B00F0B4815A1E03F598730B4483
:10E3000013F8010D48B3013AB2F1FF3FF8D10023F1
:10E3100007930868436B03B19847114B1C68236847
:10E32000DA68137E23F0010313762368DA68137E1C
:10E3300023F00203137694F8283043F0040384F8A2
:10E340002830B4F85031002B00F03D814FF0000927
:10E35000DFF80CB00DF12C0AAEE00792D9E700BF50
:10E3600068CE00206CCE00202368DA68137E43F06C
:10E3700001031376AAE0204615F0CCF80646DBF838
:10E38000000015F0DBF8731E421E12B200921BB2A1
:10E3900000221146504615F09EFBC5F804A0DBF89C
:10E3A00000301B681A7C12F0020F0AD0DA68137E64
:10E3B00043F0020313760BABAB602846FFF790FAED
:10E3C00065E0DA689169137E61F34103137604EB2B
:10E3D000C9033033AB602846FFF782FA57E0A54BFC
:10E3E000186815F0ABF8441E24B299E0DDF810C0AF
:10E3F000BCF1000FC8BF02F1010840F3C080CDF8A6
:10E400001080B6F93270059407EB0803013BA34274
:10E4100000F3B8801FFA88F2531E0693CDF82090BF
:10E4200091460BE027D02846FFF75AFA4F443FB2F7
:10E43000049BFB18013B059A934224DC338EADF814
:10E440002C30B38EADF83030ADF82E70BFB2069BD5
:10E45000FB18ADF83230C5F804A0C5F808A0DBF809
:10E4600000301A68D26892682A60BDF93280A045EF
:10E47000D8DDADF832401B68DA68137E43F0020342
:10E480001376A046CFE7DDF8209044457DD14FEAD2
:10E49000C9033033DBF80000184415F02DFB764A31
:10E4A00013680344136009F10109DBF80040B4F874
:10E4B0005031994580F2878004EB090393F830319D
:10E4C000002BF0D1079B4B453FF44EAF2368DA6831
:10E4D000137E23F0020313762368DD6BDB689B68F1
:10E4E0002B6023681B7C13F0030F7FF444AF04EB15
:10E4F000C906B78E0137338EFF1A3BB20493B6F9C3
:10E50000367007F10108738EA8EB03080FFA88F83C
:10E51000204615F013F88742BFF661AFB6F93640D2
:10E52000DBF800301A68D368DB680499B3FBF1F3B9
:10E530009845A8BF98469369002B3FF460AF00232D
:10E54000ADF82C30ADF83030ADF82E300FFA88F73A
:10E550000497013F3FB2ADF83270DBF80030186825
:10E56000836951469847BDF93220531CBDF82E10DF
:10E570005B1A1BB29845BFF639AF002FE8DC4FF0AD
:10E5800000083CE74FF000087FE7338EADF82C30F1
:10E59000B38EADF83030ADF82E70ADF83240C5F81E
:10E5A00004A0C5F808A0DBF800301A68D2689268A9
:10E5B0002A601B68DA68137E43F00203137628464C
:10E5C000FFF78EF963E794F8283023F0040384F80A
:10E5D0002830284B1868B0F85031002B40D0036821
:10E5E0001A7C12F0010F1ED0DB685B68DBB10024DF
:10E5F000204D06E028680134B0F85021A3B29A42B9
:10E6000011D9031993F83031002BF3D100F5AC7018
:10E6100016F00CF902462B68A11D03EBC10303CBD6
:10E6200010605160E6E7134C20684FF48071303081
:10E6300016F00BFD2068202100F5987016F005FDFE
:10E6400023680022A3F85021099814F0FDFF1390CD
:10E6500023681868436A1BB11399074A12689847E0
:10E6600016F048FB14F006FD01F060FE15B0BDE8A1
:10E67000F08F00BF68CE00206CCE002038B5044675
:10E680000D46406808B1FFF7F9FF236813B129462A
:10E690002046984738BD08B520B1FEF76BFCF8F767
:10E6A00033FB08BD14F030FFF9E7000038B504462D
:10E6B000FFF7F1FF48B10546044A00212046FDF767
:10E6C00053FF21462846FFF7D9FF38BDFFFF0F0053
:10E6D00008B5FFF7E0FF08B1008A08BD112015F06A
:10E6E00027FEFAE7704708B5436B03B1984708BDAA
:10E6F00010B50446102116F0A8FC01236380FF2307
:10E700002373237803F0F80323F0F803237063786E
:10E7100003F0E00323F0E003637010BD70B582B036
:10E72000BDF81840BDF81C5091F80CC0BCF1020FA8
:10E7300008D9B1F902602EB1AC4203D00195009422
:10E740004469A04702B070BD2DE9F04F85B0834603
:10E75000009115461C46BDF838A0BDF93C609DF8F7
:10E760004020119F03F5B4739A4542D00FFA85F902
:10E77000B4F5B47F84BFA4F5B474A4B2BAF5B47F81
:10E7800084BFAAF5B47A1FFA8AFAA5EB06080FFA35
:10E7900088F8002A39D006EBD67676100136B6B264
:10E7A0006208BB49A1FB0232C2F347124FEA5A0387
:10E7B000A1FB0313C3F34713042A00F0AA81042B1F
:10E7C00008BF0323934222D0002A40F01D81012B71
:10E7D00000F0E0801FFA8BF2531B3B80BDF8003045
:10E7E000591B79802A44BA802B44FB8005B0BDE8D0
:10E7F000F08F82B2531B3B80BDF80030591B7980EB
:10E800002A44BA802B44FB80F0E70026C8E7544531
:10E8100000F2BE80032BE9D8DFE803F002305E8C03
:10E8200020B216F08FF8BDF8005008FB00F0AB1BCB
:10E8300003EBE0337B8004F15A0000B216F082F85B
:10E840001FFA8BF409FB00F0A31903EBE033BB8044
:10E850000FFA8AF016F076F809FB00F0354405EB64
:10E86000E035FD800AF15A0000B216F06BF808FBA3
:10E8700000F0A41B04EBE0343C80B7E720B216F0B4
:10E8800061F8BDF8005009FB00F0AB1903EBE03371
:10E89000FB8004F15A0000B216F054F81FFA8BF412
:10E8A00008FB00F0A31903EBE033BB800FFA8AF0FA
:10E8B00016F048F808FB00F0AD1B05EBE0357D8055
:10E8C0000AF15A0000B216F03DF809FB00F0A41B53
:10E8D00004EBE0343C8089E704F15A0000B216F002
:10E8E00031F81FFA8BF509FB00F0AB1B03EBE033AB
:10E8F0003B8020B216F026F8BDF8004008FB00F07F
:10E90000A31903EBE033FB800FFA8AF016F01AF834
:10E9100009FB00F0A41B04EBE0347C800AF15A00F0
:10E9200000B216F00FF808FB00F0354405EBE035B7
:10E93000BD805BE704F15A0000B216F003F81FFA3D
:10E940008BF508FB00F0AB1B03EBE0333B8020B200
:10E9500015F0F8FFBDF8004009FB00F0A31B03EB26
:10E96000E0337B800AF15A0000B215F0EBFF09FB9F
:10E9700000F0354405EBE035BD800FFA8AF015F064
:10E98000E1FF08FB00F0344404EBE034FC802DE7A9
:10E990001A4619E70AF15A0000B215F0D3FF1FFA20
:10E9A0008BFB09FB00F0ABEB060303EBE0333B8092
:10E9B0000FFA8AFA504615F0C5FF019023B2029370
:10E9C000184615F0BFFF019B8342B4BF5046029822
:10E9D00015F0B8FFBDF800A000FB08F0AAEB060395
:10E9E00003EBE0337B8004F15A0000B215F0AAFF7C
:10E9F00009FB00F00BEB060303EBE033BB80AA44FA
:10EA0000B244A7F806A0F1E6012A43D0022A7DD13C
:10EA1000032B7FF4DFAE04F15A0000B215F092FF31
:10EA20001FFA8BFB09FB00F0ABEB060303EBE033B3
:10EA30003B80BDF8003000935D1BAD1B7D800AF16B
:10EA40005A0000B215F07EFF09FB00F0B3440BEB57
:10EA5000E03BA7F804B00FFA8AFA504615F072FFAF
:10EA600008FB00F524B2204615F06CFF08FB00F00F
:10EA70008542CCBF5046204615F064FF08FB00F3EA
:10EA8000C3F3CF33009A32441344FB80AEE600BF99
:10EA9000B7600BB6022B7FF49DAE1FFA8BFBABEB7E
:10EAA0000505AD1B3D800FFA8AF015F04BFFBDF850
:10EAB000005009FB00F0AB1B03EBE0337B8004F15B
:10EAC0005A031BB20093184615F03CFF01900AF15F
:10EAD0005A0A0FFA8AFA504615F034FF019A824218
:10EAE000CCBF0098504615F02DFF00FB08F3B3444F
:10EAF0000BEBE33BA7F804B020B215F023FF09FBB2
:10EB000000F0354405EBE035FD806FE6032A05D0C3
:10EB100060E6042B3ED0032B3FF479AE002B7FF44C
:10EB200059AE0AF15A031BB20193184615F00AFFB9
:10EB3000029004F15A031BB20393184615F002FF2A
:10EB4000029A8242B4BF0198039815F0FBFE1FFAA7
:10EB50008BFB00FB08F3ABEB060202EBE3333B80DD
:10EB600020B215F0EFFEBDF8004009FB00F0A31B3A
:10EB700003EBE0337B80AB44B344A7F804B00FFA57
:10EB80008AF015F0DFFE09FB00F0344404EBE034BA
:10EB9000FC802BE654457FF6CDAE03231A4613E6E0
:10EBA000F0B599B004460D4616460AAF384601F056
:10EBB0006BFFFF238DF82C308DF82D302A46394617
:10EBC000204601F0ABFF02AF384600F0C9F9002340
:10EBD000009333462A463946204600F0F3F919B02F
:10EBE000F0BD10B50446182116F02FFA237A03F071
:10EBF000F80323F0F8032372637A03F0E00323F0B1
:10EC0000E0036372FF23E3724FF480736380237D1C
:10EC100043F00103237510BD04380A2807D8DFE844
:10EC200000F01208120A0C0E100A0C0E1000002040
:10EC30007047182070470120704702207047042059
:10EC400070470820704710207047032818BF062817
:10EC50000CBF0120002070470E289DBF47F6A4730B
:10EC600023FA00F000F001000020704740B1007866
:10EC7000A0F12003DBB25F2B04D9C009400070472C
:10EC8000032070470120704730B583B084691CB100
:10EC90009DF818500095A04703B030BD2DE9F04F06
:10ECA0008FB0054616469BB10C461F46CB7A022B09
:10ECB0000BD9D0F81C80B8F1000F0ED03B46C047EE
:10ECC000012802D0E37A022B07D80FB0BDE8F08FFD
:10ECD000924A3146FFF764FFF7E7226921893846F7
:10ECE00002F0C0F80746002800F00B8190F814905D
:10ECF00009F01F094846FFF7A8FF002860D1C84661
:10ED0000B9F10E0F0AD0B9F1140F5BD04846FFF7E6
:10ED1000A3FF00F104085FFA88F853E02368B3F119
:10ED2000807F4FD00023BB613A6A002A4CD14FF05C
:10ED300005083246A96808A814F00AFF002800F068
:10ED4000A480BDF824300133BDF820209B1A1BB2EB
:10ED5000029303EB430015F057FF0590AB68069351
:10ED6000BDF82030ADF82830BDF82230ADF82A309B
:10ED7000BDF82430ADF82C30BDF82630ADF82E307B
:10ED800001210AA814F0B3FEBDF92020B6F900C095
:10ED9000BDF922A0B6F90210AAEB010BBDF92600BD
:10EDA000824500F3B4800DF12809A2EB0C0212B2E7
:10EDB000039204944446DDF818800796059E83E08C
:10EDC0004FF006083A6A3AB131462846FFF7E8FEA6
:10EDD000384602F0B8FC78E7BB69002BA9D0B6F939
:10EDE0000000ADF82800B6F902E0ADF82AE0B6F967
:10EDF0000410ADF82C10B6F90620ADF82E202368CB
:10EE0000B3F1807F15D10AAAA9680CA814F0A0FE5E
:10EE1000002836D0D5F808900CABAB60BB69CDF8B4
:10EE20000080324621462846FFF72EFFC5F808909D
:10EE3000CEE7A4463CF9043B0132A2EB0E020131BD
:10EE4000091ACDF804C06088009012B209B20AA86D
:10EE500001F08AFF3288BDF828301344ADF828301D
:10EE60007388BDF82A101944ADF82A10BDF82C108B
:10EE70000A44ADF82C20BDF82E201344ADF82E30F6
:10EE8000C1E7384602F05FFC1FE7384602F05BFC42
:10EE90001BE70CABAB60009433464A460499284606
:10EEA000FFF7F2FEBDF82A300133ADF82A30BDF885
:10EEB0002E300133ADF82E300BF1010B0AF1010AAF
:10EEC000BDF926309A4522DC4A4641460CA814F08A
:10EED0003FFE0028F2D00096029B0FFA8BF20399B6
:10EEE000384602F01FFC0128D3D0079E384602F0B6
:10EEF0002AFC059815F0EAFE384602F024FC069B31
:10EF0000AB60064A31462846FFF74AFEDDE6069B1F
:10EF1000AB60059815F0DAFE5AE700BFD854030835
:10EF200003463038C0B2092818D9602B84BF203B73
:10EF3000DBB2413B052B0ED8DFE803F0030F0507DA
:10EF4000090B0A2070470C2070470D2070470E20D7
:10EF500070470F207047002070470B20704700005B
:10EF600010B50446202116F070F8FF23A376237B0A
:10EF700003F0F80323F0F8032373637B03F0E0034B
:10EF800023F0E00363730C4B23604FF6FF73636061
:10EF9000A360A37B03F0F80323F0F803A373E37BE0
:10EFA00003F0E00323F0E003E373052015F0C0F95C
:10EFB00020820023E37610BD04DF040810B5046A44
:10EFC000A04710BD2DE9F04FB7B00B929C460693B9
:10EFD000409E8B7E022B14D981460C4696460968CA
:10EFE000049171B1036A63B12EAD27460FCF0FC5EF
:10EFF00097E80F0085E80F00634613B19CF80030D6
:10F0000013B937B0BDE8F08FD9F8082075467146BE
:10F010002CA814F09DFD0028F3D0237F0F93637F6D
:10F0200013F0020F23D1AB8801332A889B1A1BB23D
:10F03000049AB2F90870B4F91220D5190C950B99FD
:10F040000A88ADF8AC20B1F90200B4F9162010928C
:10F05000B4F91810421892B2ADF8AE20002E45D087
:10F06000002946D1002813DB0022059228E00293F4
:10F0700041F6FF730193B4F912300093B4F91430E0
:10F080002268069917A818F016F9BDF95C30CFE789
:10F09000B168091A0029B8BF4942C5F50070B1EB43
:10F0A000400F05DD4FF0FF3232600022059207E08D
:10F0B0003168002920DB059171680A44ADF8AE2063
:10F0C0001AB20D92637F0193002300931346B4F9A3
:10F0D000142004990698059D284417F0D7FE43197B
:10F0E0004FF00008DFF890A41D460FE000220592C3
:10F0F000E6E700220592E3E700220592E0E70595A6
:10F100009BF80030002B3FF47CAF0546BDF9AE30D4
:10F110003B44D9F80820B2F90220934226DA069B34
:10F1200003EB050B637F0193CDF800800D9BB4F9D1
:10F1300014200499584617F0A9FE2844BDF8AE30B3
:10F140000C9A13441BB2ADF8AE30002ED7D0534505
:10F15000D5DB3268002AD2DA35600B99B1F902208A
:10F160009B1A7360B1F90230B360C8E70A950F9B30
:10F17000022B3BD00F9B032B53D06768D4F8088039
:10F18000474502D84346B8461F46A37F13F0030FF6
:10F1900019D028A800F049FAA389ADF8A030049B43
:10F1A00093F90E30002B08BF0123ADF8A230A37EE7
:10F1B0008DF8A830A37FC3F3C2039DF8A92063F3A1
:10F1C00001028DF8A92019A801F05EFC238AADF890
:10F1D0006830BDF9AC3012934FF0000ACDF838A07A
:10F1E000CDF844A0DDF814E0BB462DE1637F009329
:10F1F000B4F91430049A0598291A069D281818F0B5
:10F200000DF80B9A9388013312889B1A1BB21B1AB4
:10F2100003EBD373BDF8AC2002EB6303ADF8AC3065
:10F22000ABE7637F0093B4F91430049A0A99059808
:10F23000091A069D281817F0F1FF0B9A93880133DD
:10F2400012889B1A1BB21B1ABDF8AC201344ADF8F0
:10F25000AC3092E70023059382E0002305937FE022
:10F260003FB1012F00F08281022F40F08C800027F7
:10F2700068E0279A11921F4664E0202A62D1279BFA
:10F28000119A9B1A072B03D0A3890E93022759E0EA
:10F29000079B9818431E053017AA13F8011F02F8A0
:10F2A000011B8342F9D19DF85C00FFF739FE074648
:10F2B0009DF85D00FFF734FE00EB07179DF85E0038
:10F2C000FFF72EFE05469DF85F00FFF729FE00EBD5
:10F2D00005159DF86000FFF723FE05909DF861007D
:10F2E000FFF71EFEC5F34213139A63F30202C7F33E
:10F2F000C407134667F3C7031A46059B00EB0313C5
:10F30000C3F3C40363F30C221346C5F3850565F309
:10F310004F33ADF84C309BB20E93022712E0DDF86C
:10F3200038A032E0ADF8C4A0159B2BAA2EA90898EE
:10F33000FFF744FE35B1BDF8AC30A28A13441D443A
:10F34000ADF8AC502799494549D2B04582D0B34574
:10F3500083D0884B1B68099A1144069898470590FA
:10F3600027AB16AA15A9079817F042FF637F13F081
:10F37000010306D0159A232A3FF472AF012F3FF400
:10F380007CAF022FCBD0B4F80CA0169A1599049834
:10F3900013F004FD0546B045C4D0B345C2D0059B6B
:10F3A0009845BFD89B45BDD9BDF9AC30ADF85C30B0
:10F3B000BDF9AE20ADF85E20013BA18A0B440344A9
:10F3C000ADF86030013A0C9B1A44ADF8622017AAE0
:10F3D00019A9089801F0A2FBB4F80EA0A2E7DDF885
:10F3E0002090A37F13F0020F4DD1A37F13F0010FE4
:10F3F0006DD1069B0A9E9D19637F019300230093A4
:10F400000D9BB4F914200499284617F03FFD0644DB
:10F410000B9B1B88ADF8AC300F9B022B77D00F9B5A
:10F42000032B00F08D80BDF8AE300C9A13441BB254
:10F43000ADF8AE30DDF828E0D9F80820B2F90620A2
:10F440009A42FFF6DEAD0A96069B03EB0E02079288
:10F4500013F80E20002A3FF4D4ADBDF8AC20109B69
:10F460001A44ADF8AC20002327930A9BB3EB0E0C93
:10F47000B7D0002739464FF6FF76CDF824E0CDF817
:10F480002090E14661E7129BADF85830BDF9A230FB
:10F4900003EBD372BDF8AE3003EB62032268B2F91E
:10F4A000082002EBD27203EB62031BB2ADF85A30B4
:10F4B000BDF8AC20ADF85C20ADF85E30ADF8A0A092
:10F4C00017AB16AA28A9484600F0C5F88DE7129B8D
:10F4D000ADF858302268BDF8AE3011890B4452891E
:10F4E0009B1A049A92F90D209B1A1BB2ADF85A3060
:10F4F000BDF8AC20ADF85C20ADF85E30ADF8A0A052
:10F5000017AB16AA28A9484600F0A5F871E7637F53
:10F510000093B4F91430049A0146284617F07EFE91
:10F520000B9A9388013312889B1A1BB2181A00EBAE
:10F53000D070BDF8AC3003EB6003ADF8AC3072E7CF
:10F54000637F0093B4F91430049A0146284617F0FB
:10F5500065FE0B9A9388013312889B1A1BB21B1A03
:10F56000BDF8AC201344ADF8AC305CE7B4F80CA0A7
:10F5700000270AE7BC00002000FCFFFFF8B5C36BC2
:10F5800053B304460F461646C06C15F0EBFA054619
:10F59000E8B1E16C15F059FDFEF768FD23682B62B8
:10F5A0006368EB61A368AB6103681B7CC3F38013E2
:10F5B00085F824302B463868796803C3E36B3246FC
:10F5C000294620469847044610B12046F8BDFEE77C
:10F5D000284615F0E5FAF8E70024F6E708B5036CCD
:10F5E00003B1984708BD08B5436C03B1984708BDFF
:10F5F00038B505460C46FFF776F8236A2B60E369B9
:10F600006B60A369AB60FEF731FD036894F82410CA
:10F610001A7C61F386121A74AB6C13B1214628462A
:10F620009847204615F0BCFA38BD10B504460A21AB
:10F6300015F00BFD01236380FF232372237803F071
:10F64000F80323F0F8032370637803F0E00323F05A
:10F65000E003637010BD10B5B1F9024024B10C7A1B
:10F66000022C01D9446AA04710BD2DE9F843844615
:10F67000089CA08A121A12B2608A091A09B2206A7A
:10F68000002845D194F8280010F0010016D0237C02
:10F6900013F0020F00F00A8103F00303022B07D0DE
:10F6A000032B40F00282002AD4BF00200120FDE09D
:10F6B000B2F1FF3FACBF00200120F7E0207C10F04A
:10F6C000020240F0F48100F0030001280AD0CA18B9
:10F6D00000F1EF81002900F3E980484283420CDC0D
:10F6E0000220E3E0002900F3E180D94200F1E38148
:10F6F00049428B4207DC1046D8E01146604415F0C1
:10F70000A4FC0220D2E0604615F09FFC0220CDE070
:10F7100094F8287017F0010000F0BB80E66901FB47
:10F7200006F08012002E05DD904240F3D081C7F331
:10F730004000BBE0904280F2E281C7F34000B5E0B8
:10F74000C7F3400080F00100C0B2AFE0C7F3400053
:10F7500080F00100C0B2A9E0C3F1FF03626A03FBBD
:10F7600002F21212C2F1FF0E701A19D4A84217DA6F
:10F7700047F3400703FB02F287EA6223DB43DBB275
:10F780001CF80020FC2B09D8022B0BD903FB02F23A
:10F7900002EB022302EBC312C2F3C7520CF80020A3
:10F7A000431CA9E10022F9E7002788F80070626A8B
:10F7B000AEEB020E01330130AB424BDA626A964582
:10F7C0001ADD002BF3DBAB42F1DA94F8287047F333
:10F7D0004007AEEB62027A40D2B280460778FC2A3C
:10F7E000E3D8022AE0D902FB07F707EB072207EB71
:10F7F000C217C7F3C757D8E7AB422BDA002B29DB78
:10F8000094F8282042F34002E06982EAE072A0699D
:10F8100000FB0EF080120EFB00F082EA6022D2B2F2
:10F820000CEB03071CF80300FC2A09D8022A0FD9A5
:10F8300002FB00F000EB002200EBC210C0F3C75047
:10F84000387094F8282012F0020F08D1013315E027
:10F850000020F5E794F8280010F002000CD0711A8F
:10F86000A94200F32A81002901DA02201EE0604645
:10F8700015F0EBFB022019E0013317D49D4201DAA9
:10F88000022013E0E91A0CEB030015F0DEFB022066
:10F890000CE0A56905FB02F29612002DCCBF06F123
:10F8A000010EB646714503DDC7F34000BDE8F8839D
:10F8B00001EB030E764505DDC7F3400080F0010043
:10F8C000C0B2F3E742F38D28C2F3870E2A444FEA11
:10F8D000022942F38D22A8EB010690455FD0002D4E
:10F8E00056DBCEF1FF0EE26902FB0EF29212002E01
:10F8F000C0F2BB80B34219DD47F3400102FB0EFEAC
:10F9000081EA6E21C943C9B20CEB06071CF8065008
:10F91000FC290AD8022940F2A68001FB05F505EB77
:10F92000052105EBC115C5F3C7553D70771CC2F124
:10F93000FF02A16902FB01F18912BB4240F39780EB
:10F9400094F8285045F3400501FB02F285EA622253
:10F95000D2B20CEB07051CF80710FC2A0AD8022AC1
:10F9600040F29B8002FB01F101EB012201EBC2118D
:10F97000C1F3C751297094F8282012F0020F00F04B
:10F98000D780B34292DB002E80F2898002208DE77F
:10F99000BEF1000F40F0D780013E4FF0FF0E002E69
:10F9A0002BDBB34229DDC9F38725754447F34007B4
:10F9B00087EA6505EDB20CEB060E1CF80670FC2D0F
:10F9C00009D8022D17D905FB07F707EB072507EB29
:10F9D000C517C7F3C7578EF8007094F8284014F085
:10F9E000020F00F09A80511A8B427FF75FAF002917
:10F9F00012DA02205AE70746EDE717F00207F2D1C4
:10FA000001369E42A8BF1E46002E58D0002ED8BFF9
:10FA100002207FF74BAF84E0604615F016FB022012
:10FA200044E70546B1E00146D6E094F8282012F0FC
:10FA3000020F06D1701C834245DB00280DDA02203C
:10FA400034E7711E8B423CDB002901DC02202DE7EC
:10FA5000604615F0FAFA022028E7191A604415F0FA
:10FA6000F4FA022022E705465FE7771C0FD594F8E9
:10FA7000282012F0020284D102369E42A8BF1E4600
:10FA80001EB3002ED8BF02207FF710AF54E0C2F1A2
:10FA9000FF0202FB05F189124FE701466AE7314692
:10FAA000604615F0D2FA022000E70020FEE60120B1
:10FAB000FCE60120FAE61046F8E60020F6E63846B5
:10FAC000F4E60220F2E60120F0E61046EEE61D46DE
:10FAD0000B4406FB03F3B2EBA32F3FF731AEA36950
:10FAE00002FB03F343F395031E1213F0FF037FF4AD
:10FAF00033AE731A4FF0FF0E0CEB03005EE61D46AB
:10FB00000B4406FB03F3B2EBA32FFFF61FAEA36972
:10FB100002FB033343F39503E6E701369E42A8BF99
:10FB20001E46991B0CEB060015F08FFA0220BDE66D
:10FB300002369E42A8BF1E46991B0CEB060015F02C
:10FB400084FA0220B2E6002EFFF66FAFE26952425D
:10FB50000EFB02F29212B34218DD47F3400102FBA2
:10FB60000EFE81EA6E21C9B20CEB06071CF80650A6
:10FB7000FC290AD802297FF654AF01FB05F505EBF5
:10FB8000052105EBC115C5F3C7553D70751E3FF541
:10FB90004CAFAB427FF749AFC2F1FF02A1694942C6
:10FBA00002FB01F1891202FB01F194F8282042F3D3
:10FBB000400282EA6122D243D2B21CF80510FC2A2C
:10FBC0000AD8022A7FF62FAF02FB01F101EB0122D6
:10FBD00001EBC211C1F3C7510CF8051094F82820AD
:10FBE00012F0020F3FF426AF711E2DE72DE9F04F02
:10FBF00083B080460F46154699460C9CB4F90A30EE
:10FC0000D61AB4F90820891AB4F90C20B32A00F3E3
:10FC1000FE80B4F90E00B32800F3AE80002A00F095
:10FC2000B080002800F0A980824240F3A680AB4259
:10FC300000F3E380636D06FB03F34FEAA32CA36A92
:10FC400006FB03339E1292B2531E9BB2592B2AD845
:10FC500026EAE67680B2431E9BB2592B2AD826EAC2
:10FC6000E676ACEB060C06EB6C06761A4E45A8BFA2
:10FC70004E46002E25DC4FF0010A26EAE67BD844EA
:10FC80001FFA8BF1A9EB010339443C3400941BB2F9
:10FC90002A4609B24046FFF7E8FC064610B3B245D3
:10FCA00018BF022664E05B3A93B2B22B98BF06EA13
:10FCB000E676CFE75B3883B2B22B98BF06EAE676EA
:10FCC000CFE704F11003009333B22A463946404689
:10FCD000FFF7CBFC82460028CFD13146404615F0D5
:10FCE000B4F9CAE7A9EB0B01404615F0AEF9D6E727
:10FCF0005B3A92B2B22A98BF03EAE37380B2A0F2F1
:10FD00000F1292B2582A00F2A18023EAE373A3E013
:10FD100004F13C03009333B22A4639464046FFF7CC
:10FD2000A4FC8246002840F0A4803146404615F0ED
:10FD30008CF99EE0A9EB0B01404615F086F9ACE08A
:10FD4000AB4200F3AE800326B4F90E30B42B5CD086
:10FD5000A3BBB4F90A00A842D4BF032001203EB1DE
:10FD6000032E45D0012E4CD101280CBF0646022699
:10FD7000304603B0BDE8F08F1AB1AB4209DD03266F
:10FD800090E0AB4200F395800126DDE7AB4240F303
:10FD9000928004F1100300934B462A4639464046B0
:10FDA000FFF763FC0646B4F90E30B42BD0D1B4F99A
:10FDB0000A00A842CCBF03200120D0E7B32B05DC0A
:10FDC000B4F90A30AB4205DD0320C8E7B4F90A30C4
:10FDD000AB4218DD3C3400944B462A463946404637
:10FDE000FFF743FC002EC3D00028B9D10646BFE779
:10FDF000033818BF01204600BAE70126B8E70126FC
:10FE0000B6E70226B4E70320A9E70120A7E7B42A52
:10FE100096DDB4F90E00B428B8DD8242B6DDAB42FF
:10FE2000EDDB636D06FB03F34FEAA32CA36A06FB2D
:10FE300003339B1292B2A2F20F16B6B2582E3FF6BF
:10FE400057AF002BBFF65AAF80B200235B3880B2A9
:10FE5000B22898BF03EAE373ACEB030603EB660634
:10FE6000761A4E45A8BF4E46002E3FF751AF4FF0D1
:10FE7000010A26EAE67BD8441FFA8BF1A9EB0103BD
:10FE80003944103400941BB22A4609B24046FFF7A9
:10FE9000ECFB064600283FF44DAFB24518BF0226E2
:10FEA00066E70126B4F90E30B42B7FF451AF03207E
:10FEB00055E70326F6E7032646E72DE9F04F83B022
:10FEC00005460E461C460C9B987CB3F90A10B3F904
:10FED0000E9010F0010034D18A42C0F287814A4569
:10FEE00000F38881B3F910C0B3F908A0B3F90C701E
:10FEF0000AEB0C0E764505DB04EB060EA7EB0C08AF
:10FF0000C64507DD01EB0C0E72454EDBA9EB0C0E6E
:10FF100072454ADC60BBAAEB060A5445C0F26E810A
:10FF2000BAF1000F14DABF1B0137002F40F36881CC
:10FF3000BC4212DCBAF1000F18D1BC4216D101202C
:10FF400055E18A42C0F258814A45CBDD01204EE19D
:10FF50005146284615F079F8E5E7E11BE81915F058
:10FF600074F8BAF1000F01D1022040E102203EE115
:10FF7000AAEB060A2AEAEA7A5445C0F24381B91B81
:10FF8000A1EB0A0101310AEB01039C4207DAA4EB61
:10FF90000A0105EB0A0015F058F8022027E10029B4
:10FFA000B8BF0220C0F22381F3E7AAEB060E07F1E7
:10FFB0000108A8EB0A081FFA88F889B292B2571A0A
:10FFC000BEB23FB2BC453CDD891A013961448AB2F8
:10FFD000D3F81490D9F80C3012B2511C33F812A097
:10FFE00033F81160A6EB0A06B7B236B2D9F808307A
:10FFF00033F81210D9F8042052441FFA8EFE1FFA6B
:020000040801F1
:100000008CFCA8EB0C0373440B441FFA83F91BB25E
:100010000CF1FF3CE644AEEB010E0FFA8EFAB8B1DC
:10002000002E40F3C080013E32441846564605EB90
:100030000A0E05EB030C591C013F11FA87F70193D7
:100040007FE0614401397218A2EB090292B2BFE766
:10005000002E64DD32441846514605EB0A0E05EBCE
:10006000030C0AF1FF39013FBFB2A9EB0709019365
:100070000FE0474622E0002720E04FF000088BF811
:100080000080013001390EF1FF3E0CF1010C4945B1
:100090002AD012F8018D002812DB844210DDE346DD
:1000A0009CF80070FC2FE4D8022FE4D907FB08F776
:1000B00007EB072307EBC317C7F3C7578BF800708D
:1000C0000029DEDB8C42DCDDF3469EF80070FC2F5D
:1000D000D5D8022FD1D907FB08F707EB072807EB84
:1000E000C817C7F3C758CAE7019B30461844A04257
:1000F000A8BF204620EAE07000B2211A284414F07C
:10010000A4FFAAEB06010131A142A8BF214621EAC2
:10011000E17109B2284614F098FF022067E0002040
:10012000E4E7884626E04FF0000823E000218BF842
:1001300000100130013E0EF1FF3E0CF1010CB842FF
:1001400030D012F80119C943C9B2002814DB844227
:1001500012DDE3469CF80080B8F1FC0FE1D8B8F15D
:10016000020FE0D908FB01F808EB082308EBC318DD
:10017000C8F3C7588BF80080002EDADBB442D8DD14
:10018000F3469EF80080B8F1FC0FD0D8B8F1020F0A
:10019000CCD908FB01F808EB082108EBC118C8F31B
:1001A000C751C4E7019B0AF1010AA245A8BFA246B4
:1001B0002AEAEA7A0FFA8AF09C4206DD834213DBD0
:1001C000A9EB0A090FFA89F103E08442B8BF0021C4
:1001D00004DA284414F039FF022008E09C42EFDCE6
:1001E000A4EB0A0109B2F4E70021F2E7002003B012
:1001F000BDE8F08F0020FAE70120F8E70020F6E7DD
:100200000020F4E70220F2E710B400230E4C5FFA5E
:1002100083FC54F8332032B10133102BF7D10CF1A9
:10022000010C5FFA8CFCBCF10F0F0AD8064B43F8A7
:100230003C0003EBCC0359600FFA8CF05DF8044BE3
:1002400070474FF0FF30F9E788D000202DE9F047E4
:1002500082B09A46104B1C68DCB10746884691462E
:100260001E4600250094246853464A4641463846B7
:10027000A047034648B1022808BF45F0010556F8DB
:10028000084F002CEED10135EBB2184602B0BDE8A4
:10029000F0870025F7E700BF88D000200346B0F1C3
:1002A000FF3F09D0054A52F83000002142F83310D0
:1002B00002EBC302516070470020704788D00020D5
:1002C000F8B50646094D0024274608E055F8047C99
:1002D00020B2FFF7E3FF01340835102C03D02B6860
:1002E000B342F8D1F2E73846F8BD00BF8CD0002009
:1002F00010B504460379022B02D0052B11D010BD96
:100300004369002BFBD01A69002A03DB5A69013AC2
:100310005A61F4E7586814F043FC606914F040FC3B
:10032000EDE7806814F03CFCE9E70000F8B50A4C02
:1003300004F170071C2606E03146284614F085FEBD
:100340001C34BC4206D0254620680028F4D014F0A6
:1003500027FCF1E7F8BD00BF08D1002020B170B53F
:1003600006460024164D0FE0154B1868003818BFDC
:1003700001207047B1F910200831304613F007FD15
:10038000D8B10134102C14D055F834100029F8D00D
:100390000B79022B0FD18B7C13F0010FEAD0B1F94E
:1003A00010200831304613F0DFFD0028E9D101208C
:1003B00000E0002070BD0120FCE70120FAE700BF4B
:1003C00088D000202DE9F8430446884615461F468C
:1003D000BDF920609DF824902C2114F036FEB54222
:1003E00047D0B54254DD27816681A4F80C80E581B1
:1003F000227C69F3010222746782A682A8EB0707B8
:10040000AD1B87EAE771A1EBE77185EAE572A2EB24
:10041000E5729142D4BF0021012194F8282061F3B4
:10042000000284F828200021E161A1613E4820609B
:10043000217112F0010F32D03FB14FF4801292FBC4
:10044000F7F205FB02F29212E2613DB14FF4801225
:1004500092FBF5F207FB02F39B12A361E2692262B1
:10046000237C03F00303032B33D8DFE803F02C399C
:100470004052B9F1030F06D033462E461D463B4687
:1004800047469846AFE7013D2DB2013E36B2A8E798
:1004900033462E461D463B4647469846A3E73DB1A8
:1004A0004FF4801292FBF5F207FB02F29212A26166
:1004B0003FB14FF4801292FBF7F305FB03F39B125D
:1004C000E361A269CBE794F8283023F0020384F8B3
:1004D00028309310002AB8BF5B426362BDE8F883FE
:1004E00094F8283043F0020384F82830F1E7002A1A
:1004F00008DD012194F8283061F3410384F82830A5
:100500009310EAE794F8283023F0020384F82830A7
:10051000DFE7002A01DD0021ECE794F8283043F002
:10052000020384F82830D4E76BF600082DE9F04187
:1005300082B080460E4617461C46B42BC4BFA3F1BA
:10054000B40424B204F15A0000B214F0FBF90546D9
:10055000204614F0F7F906EB65139DF82020019270
:1005600007EB601000B200901BB23A46314640469D
:10057000FFF728FF02B0BDE8F0810000F0B583B0BE
:1005800004460E46174640F267129342A8BF134630
:1005900023EAE373BDF920509542A8BF154625EA2A
:1005A000E5759D4228DA05F5B472D21A92B2A4F824
:1005B0006820A381E58126816781124A2260012299
:1005C00022719AB2B32A94BF0022012200923A46C5
:1005D000314604F11000FFF7A9FFABB2B32B8CBF7B
:1005E0000023012300932B463A46314604F13C0098
:1005F000FFF79CFF03B0F0BDEA1A002AB8BF5242D1
:1006000092B2D4E7EDFB00082DE9F04F8BB006461F
:100610001746B1F90040C88801304A88801A8A8894
:100620000132121B00B212B29042A8BF1046B7EBC3
:10063000600FC4BF421017B227EAE7753481B1F9E1
:1006400002207281B1F90420B281B1F90620F28151
:100650003582B27C63F30002B274AD4B3360022387
:100660003371002F0EDDAB4B19460022B1F9180093
:10067000A8420CD001321C31042AF7D103F17001D9
:10068000002424E0002373610BB0BDE8F08FC2EBBF
:10069000C201A04B03EB81035969013159611B6908
:1006A0000F2FCCBF45F30F1401249A49C2EBC200AF
:1006B00001EB80002344B3F57A7FA8BF4FF47A732F
:1006C00003617061E0E71C461C338B420AD05A6913
:1006D000002AF9D1002CF6D0186922699042B8BFDF
:1006E0001C46F1E7002C41D06369013363610F2F91
:1006F000CCBF45F30F130123B3F57A7FA8BF4FF4A6
:100700007A73236174612583206808B114F048FA74
:100710006E1C06EB4600400014F024FA206090B3F3
:10072000606000EB45030233E3604FEA850C0CF197
:10073000040800EB0803A360012F25D0F00014F09B
:1007400063FA00EB080CAA0011B2C2F101031BB25C
:1007500042F38D020292002206929142B8BF964661
:10076000C0F20E8100220092964675E01C2014F023
:10077000F9F9044630B11C2114F067FC4FF0FF3347
:100780002361BFE7FEE7FEE7B4230370E2680023BE
:100790001380E26801215180A268138074E703335B
:1007A00003EB42031BB2013212B28A4200F3E8802B
:1007B0004FEAA10A49F804AB01F0030A48F804AB78
:1007C0000136042E0AD0002BE9DDA2EB010A053325
:1007D00003EB4A031BB2013909B2E4E7DDF808B0C4
:1007E000059FBB453ED0039FBB4559D020F81EB0A6
:1007F000BDF900902CF81E90069F666806F80E70F2
:10080000D4F804A01AF80E804FEA08180AF80E80EF
:100810001FFA8EFE0EF101080FFA88F80BF1FF3671
:1008200020F818602CF81890089E079F3E4406F1A7
:100830000409099E4E44676807F80860D4F80490DC
:1008400019F80860360109F808600EF1020E0FFA77
:100850008EFE009E013600960DF108090DF1180874
:100860000026B0E720F81EB0009E2CF81E606668D7
:100870000196069F079E07EB0608089EB044099E56
:10088000B044019E06F80E80D4F8048018F80E607B
:10089000360108F80E600EF1010E0FFA8EFED8E751
:1008A000049EB34538D020F81EB0BDF900802CF866
:1008B0001E80069E079F06EB0709666806F80E90E5
:1008C000D4F804A01AF80E904FEA09190AF80E900D
:1008D0001FFA8EF909F1010E0FFA8EFE0BF1FF36A9
:1008E00020F81E602CF81E80099E089F3E440836A2
:1008F000676807F80E60D4F8048018F80E603601B7
:1009000008F80E6009F1020E0FFA8EFEA1E700BF93
:10091000BBFE000808D1002020F81EB0BDF9008001
:100920002CF81E80069E079F06EB0709089EB1441F
:10093000666806F80E90D4F804A01AF80E904FEAF4
:1009400009190AF80E901FFA8EFE0EF101090FFA2E
:1009500089F90BF1FF3620F819602CF81980099EEF
:100960000C36676807F80960D4F8048018F8096045
:10097000360108F809600EF1020E0FFA8EFE68E7E4
:1009800040F2D32303FB05F5AA1276460EF100438D
:10099000013B590030F91370B7EBA52F3BD0C5F3DD
:1009A0000905B5F5007F3BDC05FB05F5EB130231CE
:1009B00012B242522CF80120626893556268935D2E
:1009C0001B0193550EF1010E0FFA8EFEBEF10206C9
:1009D00019D433461FFA8EF73E44F21A12B23CF98C
:1009E000131020F8121030F913102CF8121061684F
:1009F000CD5C8D54013BB3F1FF3FEED10EEB07030D
:100A0000013B0FFA83FEE36800221A80F046964508
:100A100037DD964610E03CF913309A42BFD1D5E756
:100A2000C5F5806505FB05F5EB13C3F10F03BEE7C4
:100A30000EF1010E904524DD0FFA8EF77E00E3687B
:100A400023F817205500A36830F8121023F8171068
:100A50003CF91230BB42EBD1A5F102098144654457
:100A600090450EDDA16839F9023F31F806A05345E3
:100A7000A8BF53468B53013235F9023FBB42EFD03A
:100A8000D6E714F023F9FFE510B50446382114F039
:100A9000DCFAFF2323716371A371E371A37A03F07E
:100AA000F80323F0F803A372E37A03F0E00323F0E2
:100AB000E003E372FF2323730222A273A27F02F0FA
:100AC000F80222F0F802A277E27F02F0E00222F0C0
:100AD000E002E27794F82C2002F0F80222F0F8020B
:100AE00084F82C2094F82D2002F0E00222F0E0029D
:100AF00084F82D20084A6261E370A37684F82A30D6
:100B000084F8223084F8363094F823300F2262F3D0
:100B1000450384F8233010BD04DF040808B5D388EA
:100B20000133B2F802C0A3EB0C031BB2002B0ADDA9
:100B300093880133B2F800C0A3EB0C031BB2002B67
:100B400001DD0369984708BDB8B110B586B0844689
:100B5000C46A84B10D9805900C9804909DF82C00FF
:100B600003900A980290BDF924000190BDF920007D
:100B700000906046A04706B010BDFEE770B584B097
:100B800084468E4614468568037803F01F03053BB0
:100B9000092B66D8DFE803F00565656565650F27F5
:100BA000405E0368C3F38A2304FB031303EB430390
:100BB0002B44987856E001F00702C2F1070203685F
:100BC000C3F38A230733DB10C91004FB0353585CBB
:100BD0000123934018401041C0B2B0FA80F04009A0
:100BE0004042C0B23EE0204B009301F003025200AD
:100BF000C2F106020368C3F38A2303339B108910F2
:100C000004FB03535B5C032191400B401341103301
:100C10006B4413F8100C25E0144B0FCB04AE06E91F
:100C20000F000EF001029200C2F10402DCF8003065
:100C3000C3F38A2301335B104FEA6E0104FB0353B5
:100C40005B5C0F2191400B40134110336B4413F850
:100C5000100C07E00368C3F38A2304FB0352505CC3
:100C600000E0FF2004B070BD0055AAFF3C5403080B
:100C70002DE9F04105460C4617461E46D0F808807F
:100C8000017801F01F010539092919D8DFE801F0C1
:100C90000518181818181A324B64007800F01F0055
:100CA000FDF7BAFFC0F3C7002B68C3F38A2307FB25
:100CB00003F3804400FB038800FB048808F8016C00
:100CC000BDE8F0810368C3F38A230733DB10E21029
:100CD00007FB032204F00704C4F107040121A1402B
:100CE00018F8023023EA0103F609A640334308F856
:100CF0000230E5E70368C3F38A2303339B10A21095
:100D000007FB032204F003046400C4F1060403217A
:100D1000A14018F8023023EA0103B609A640334384
:100D200008F80230CCE70368C3F38A2301335B1071
:100D3000621007FB032204F00104A400C4F10404C0
:100D40000F21A14018F8023023EA01033609A6401A
:100D5000334308F80230B3E70368C3F38A2302FB86
:100D6000038808F80460ABE7F0B585B00446BDF829
:100D700028500B9F1E4613B9B5F5807F6AD000231B
:100D8000ADF80030ADF80230ADF80410ADF8063023
:100D9000ADF80830ADF80A20ADF80C10ADF80E2013
:100DA0003B462A463146684613F036F93B462A460A
:100DB000314601A813F030F93B462A46314602A8D5
:100DC00013F02AF93B462A46314603A813F024F9CA
:100DD000BDF90C30BDF90850BDF90400BDF9001093
:100DE0001A46AB42A8BF2A468242A8BF02468A42A0
:100DF000A8BF0A46023A2280AB42B8BF2B468342C4
:100E0000B8BF03468B42B8BF0B460233A380BDF97F
:100E10000E30BDF90A50BDF90600BDF902101A46A0
:100E2000AB42A8BF2A468242A8BF02468A42A8BF58
:100E30000A46023A6280AB42B8BF2B461A4683424A
:100E4000B8BF02468A42B8BF0A46023212B2E280F6
:100E500005B0F0BD0380438001398180013A12B2B0
:100E6000F5E70000F8B504460D46164612F0DEFB25
:100E7000074633462A462146104800F0E5FB30B1CC
:100E80000E4B00229A62DB695BB10C48F8BD0B4C3B
:100E90002C21204614F0D9F84FF00043A362002023
:100EA000F4E7384612F0D0FB034618B90348012393
:100EB000C361EBE70148C361E8E700BFFCD1002054
:100EC00070470000F0B585B00D4614460846FDF7A2
:100ED000CDFE0646E8B92B78C3F30403043BDBB22E
:100EE000102B13D82B68C3F38A23226863F3942250
:100EF00022606B88C3F34A13628863F34F126280E7
:100F00002A78237862F3040323700126304605B063
:100F1000F0BD012810D0022835D12368012666F3E0
:100F200094232360C3F30F4266F34F1262800B22B7
:100F300062F304032370E9E7284613F0F7FB134933
:100F4000EFF74EF908B10026E0E70222294601A892
:100F500013F0ACFB30B123781C3303F01F03102BCC
:100F6000D4D9F0E701AF6B4604222146384613F08E
:100F700064FA0546384613F041FA002DE3D1009B90
:100F8000042BE0D1E7E70026C0E700BFE0540308E8
:100F900038B54D6A85B10C460B7C012B0DD0E86845
:100FA00008B113F0FDFD286908B113F0F9FD2846DA
:100FB00013F0F6FD0023636238BD284613F01EFAD5
:100FC000EDE700002DE9F04F85B006460C460D7C9C
:100FD000012D21D0002D40F0ED804B689B68002B47
:100FE00000F0E2800B7D03F01F031A1F102A00F2AD
:100FF000CE80DFE812F07900790079000B010B0157
:101000000B010B01DD00DD00DD006F00CC00CC002A
:10101000CC00CC00CC006F00486813F087FBA249DD
:10102000EFF7DEF808B10025BEE00222616801A8F2
:1010300013F03CFB0028F6D1636ADBB1636A01AAB6
:1010400003F10C0012F8011B03F8011B8342F9D1D4
:10105000237D03F01F00031F102B00F29880DFE8B0
:1010600003F0434343D6D6D6D6A3A3A313969696AE
:1010700096961300142013F075FD606218B11421C8
:1010800013F0E3FFDAE7FEE7237C1BB36369C3F3E6
:101090008A23E28AC2F34A1202FB03F3142814BF24
:1010A0000125032503FB05F5284613F05BFD0646E5
:1010B000002872D0676A00220421384613F08DFAA6
:1010C00000232A463146384613F0B7F938B9A661ED
:1010D000012569E063689B68A361012564E03046EF
:1010E00013F05EFD00255FE0237C002B57D1636881
:1010F0009B68A361012557E0142013F033FD606263
:1011000018B1142113F0A1FF88E0FEE7FEE7FEE727
:1011100021463046FFF73CFF002545E00022042130
:10112000384613F05AFAB8F1000F3DD000240DF103
:10113000040AA14604264B4632465146384613F06F
:101140007CF99DF80520D7F80CC00CEB44019DF804
:1011500006E04FEADE0E9DF80400C0084FEA521B7D
:101160001CF814306BF302036EF3C7030CF8143051
:101170004B7860F30403920862F347134B709DF8B9
:1011800007203B691A550134A045D4D10CE0214613
:101190003046FFF7FDFE002506E0002504E00125AE
:1011A00002E0012500E00125284605B0BDE8F08FEA
:1011B0000125F9E70B7D03F01F00031F102BE6D874
:1011C00001A252F823F000BFA7110108A7110108DE
:1011D000A71101080F1201080F1201080F120108D0
:1011E0000F120108A7110108A7110108A711010892
:1011F000891001088F1101088F1101088F11010852
:101200008F1101088F110108891001081846FDF798
:1012100003FD0546636A002B3FF46EAF676A022048
:10122000A84013F09FFCF86000283FF46FAF4FF028
:10123000010808FA05F8404613F094FC38610028CC
:101240003FF465AFFB68002B3FF462AF257C012DB6
:101250003FF464AF63689A68B8F1000FA1D000232F
:101260005078FD6805EB430692F802C04FEADC0CAB
:101270001478E4084FEA501E15F813106EF30201BB
:101280006CF3C70105F81310717864F3040180084A
:1012900060F347117170D0783969C8540133043252
:1012A0009845DDD101257FE7E05403082DE9F04F93
:1012B00089B00D4614461E46BDF94870097D01F0FF
:1012C0001E03042B0FD001F01F0106290BD0A1F142
:1012D0000B03DBB2032B3BD90739C9B2032940F218
:1012E000E680002403E02B7C012B04D00024204660
:1012F00009B0BDE8F08FD5F82490287D00F01F00DC
:10130000FDF78AFC80466969C1F38A2106FB014129
:1013100000FB01F1C91000220431484613F05DF9C9
:10132000044608B10024E2E7C8F3C70807FB08F841
:101330000023049304AB42461399484613F07DF80A
:101340000028D4D1049C444514BF00240124CEE7D6
:101350004FF47F43ADF80830A3F5AD03A3F5285350
:1013600003939F4B0FCB0DF1200C0CE90F002A8942
:10137000002F0BDD4FEA122C139907EB47030B44A8
:101380000A7081F801C003318B42F9D1287D00F049
:101390001F00FDF741FC80462B7D03F01F030B3B34
:1013A000032B70D8DFE803F0024857666B69C3F37C
:1013B0008A200730C010E31006FB0036E44304F037
:1013C00007040DF10809D5F824B0019013F01CFCB6
:1013D0008246002869D02B7C002B59D16B68986815
:1013E0003044002F23DD012606FA08F6013EB6B28E
:1013F000139A07EB4707D119C8F108077FB20378A2
:1014000023413340DBB295F814C00CF01F0CBCF143
:101410000E0F18BF19F803309370A4EB080464B2E0
:10142000002CBCBF3C46013003329142E7D150460C
:1014300013F04CFC01245AE76B69C3F38A20033094
:101440008010A31006FB0036E44304F0030464009C
:101450000DF10C09B7E76B69C3F38A200130401026
:10146000631006FB0036E44304F00104A4000DF110
:101470001009A8E76869C0F38A23184606FB0346EB
:101480000024A1469FE7002426462046A1469AE76D
:101490000022311D584613F0A0F80023019A51464E
:1014A000584612F0CAFF50469BE700241FE7287DEC
:1014B00000F01F00FDF7B0FB80462B7D03F01F03FB
:1014C000073B032B76D8DFE803F0024B5B6B6B69BD
:1014D000C3F38A200730C0104FEAE40A06FB00AAD3
:1014E0000AF1080AE44304F007046E6A834613F025
:1014F0008BFB8146002870D02B7C002B5FD16B6862
:101500009D685544002F26DD4FF0010C0CFA08FCB5
:101510000CF1FF3C1FFA8CFC139A07EB4707D1191B
:10152000C8F108077FB22B78234103EA0C03DBB232
:10153000F06830F813001070000A50703069C35C16
:101540009370A4EB080464B2002CBCBF3C46013588
:1015500003328A42E7D1484613F0B8FB0124C6E6BD
:101560006B69C3F38A20033080104FEAA40A06FB9C
:1015700000AA0AF1100AE44304F003046400B4E78B
:101580006B69C3F38A20013040104FEA640A06FBFE
:1015900000AA0AF1400AE44304F00104A400A4E70D
:1015A0006869C0F38A23184606FB034404F5806A81
:1015B00000249AE74FF0000A5446504695E700226F
:1015C0000AF10401304613F008F800235A46494650
:1015D000304612F032FF4D4694E7002487E600BF04
:1015E0004C5403082DE9F04106460F4604213846C5
:1015F00013F02BFD06B33046FDF738FB054608B95E
:10160000B368D3B10F4813F073F90446C0B1002595
:10161000DFF8308005E02146404613F071F90446BA
:1016200058B12368002BF6D03A46314620469847F9
:1016300005460128EFD100E000252846BDE8F081ED
:101640000025FAE738D200202DE9F04706460F467C
:1016500090461C46282113F0F8FC002F5ED0384637
:10166000FDF704FB0546B0B9BB68002B4FD0A6F8C8
:10167000088000233374F4607760294813F038F948
:10168000044600283FD0002506F114084FF0040A54
:10169000DFF88C9018E0A6F808803074F460012818
:1016A000EAD13846EEF7FCFD013013F05BFA7060CA
:1016B00018B1394620F075FADFE7FEE721464846C3
:1016C00013F01EF90446F8B12368002BF6D06268C7
:1016D000002AF3D04246394620469847054601285D
:1016E000ECD13460636831462046984705460128AE
:1016F0000DD05146404613F0A8FC00233362B3617D
:101700007362F361DAE70025337C012B02D02846AF
:10171000BDE8F087706813F043FAF8E70025F6E7B4
:1017200038D2002030B583B084460068846844B164
:10173000069D0195009313460A466146A04703B0F3
:1017400030BD0020FBE710B50446006830B1C36827
:101750000BB121469847237C012B00D010BD606857
:1017600013F01EFA00236360F8E7000010B5054887
:1017700013F00FF828B10446142113F066FC20463C
:1017800010BDFEE738D2002008B51421074812F03A
:10179000F8FFFFF7EBFF40B1054A0260054A4260DF
:1017A000054A8260054AC26008BDFEE738D20020C3
:1017B000C50E0108C50F0108AD120108910F0108FF
:1017C00070472DE9F0479846BDF924A00A9BB8F967
:1017D0000240B8F9000004FB020501EB4505B3F92E
:1017E0000210B3F900300AFB0133089E06EB4306F2
:1017F000B8F8047001373F1AB8F90630A34212DB7B
:101800003FB27F004FEA42094FEA4A0A3A46314660
:10181000284613F08DFA4D445644013424B2B8F9E9
:101820000610A142F2DABDE8F087000010B50C46C0
:101830005821204613F009FC104B6361104B2361C3
:10184000104B2363104B2362104BA361104B636258
:10185000104BA362104BE362104B6363104BA36306
:10186000104BE363104B2364104B6364104BA36471
:10187000104B63652C23E36410BD00BF4D190108B4
:1018800081620108F95B010865450108B53D010861
:10189000A54901085551010829730108C11701081C
:1018A000C31701086543010869440108C3440108DE
:1018B000594501085D28010808B50846582113F06C
:1018C000C4FB08BD2DE9F84381461D465608D743A1
:1018D00007F00107A1EB5208C0F15A0000B213F063
:1018E00031F808FB00F4E411484613F02BF808FB2C
:1018F00000F2D211002C17DD7F3CC4F30F24BB1B78
:1019000023441BB2344424B22B80AC80002A14DD63
:101910007F3AC2F30F22BB1B13441BB2324412B2F4
:101920006B80EA80BDE8F8837F34C4F30F24A31BE7
:101930001BB2F11B0C4424B2E6E77F32C2F30F2244
:10194000931B1BB2F61B324412B2E9E72DE9F04FAC
:10195000D3B01F46BDF87041BDF874510B7B022B0C
:1019600040F2C68081460E469046B1F902A0BAF117
:10197000000F00F0BD80AC4200F0BA80BA45C8BF8D
:101980000FFA87FA44A8FFF77FF8737BC3F30103CC
:101990008DF81231B368002B00F0AD8000228DF875
:1019A00013214893337B8DF82A31B8F80030D81BC7
:1019B00080B2ADF80801B8F80210CA1B92B2ADF8B7
:1019C0000A2107F1FF3C1FFA8CFC63449BB2ADF87F
:1019D0000C31614489B2ADF80E11B6F802C0604412
:1019E00080B2ADF80001624492B2ADF80221A3EBDF
:1019F0000C039BB2ADF80431A1EB0C0189B2ADF838
:101A0000061101331B1A1BB2002B04DD0131891AA8
:101A100009B2002976DC0DF1D00B002347F6FF72E6
:101A200042A95846FEF7F0FD00215846FEF7ECFBB0
:101A3000039004F5B473AB4200F0928505F5B473DE
:101A4000A34200F0B485002306934FF0FF330493C4
:101A5000B4F5B47F05D3A4F5B474A4B2B4F5B47FDF
:101A6000F9D2B5F5B47F05D3A5F5B475ADB2B5F52A
:101A7000B47FF9D223B208932AB209920DF1640B14
:101A80000092B8F90220B8F900105846FEF776FD2A
:101A900000215846FEF7B8FB0590AC423ABF2B1B1D
:101AA000C3F5B473631BD9F808B03C2B01DD0A2FD2
:101AB0006FD842AA44A94846FFF730F819A8FEF7A4
:101AC00017FC34A8FEF714FC069B002B40F056844C
:101AD0000598FEF7E3FB0398FEF7E0FB049BB3F1E8
:101AE000FF3F40F05084737B13F0040F40F05084AC
:101AF00053B0BDE8F08F337B8DF813313388ADF8E8
:101B0000143152E70DF1E80B012347F6FF7240A9AB
:101B10005846FEF779FD00215846FEF775FB049004
:101B20000DF1D00B002347F6FF7242A95846FEF78D
:101B30006BFD00215846FEF767FB039004F5B47374
:101B4000AB4200F01E8505F5B4739C421CD147F6EC
:101B5000FF73ADF8103142AA44A94846FEF7DEFFF4
:101B60000398FEF79BFB049BB3F1FF3F0FD0049853
:101B7000FEF794FB012434A8FEF7BAFB002CB7D083
:101B80003AA8FEF7B5FBB3E70123069360E701240B
:101B9000F1E73BB20B936308A84AA2FB0313C3F31C
:101BA0004F110A916B08A2FB0323C3F34F13079352
:101BB0000B434ED0592C00F29D80B8F80030ADF8A0
:101BC0004C30B8F802300C93FB18ADF8523008983E
:101BD00012F0B8FE0B99A1EB0A0300FB03F30C9A79
:101BE00002EBE333ADF84E30B8F800300C9304F15B
:101BF0005A0000B212F0A6FE0B9901FB00F30C9AFA
:101C000002EBE333ADF8503013A85A46014611F009
:101C10009FFF002840F00881592D40F21181C9F83A
:101C200008B00A9B012B77D0079B012B00F0F181B4
:101C30000A9B079A934200F06D81592C00F286842A
:101C4000079B023B9BB2012B40F26781C9F808B0A9
:101C5000A3E0AC42B1D2B8F802300D93089812F06C
:101C600071FE0B9BA3EB0A020C9202FB00F30D9991
:101C700001EBE333ADF84E30B8F800100D9104F1EC
:101C80005A0000B212F05EFE0B9B03FB00F30D99AD
:101C900001EBE333ADF85030B8F802100D9109981C
:101CA00012F050FE0B9B03FB00F30D9901EBE333A5
:101CB000ADF85230B8F800300D9305F15A0000B27B
:101CC00012F040FE0C9A02FB00F30D9A02EBE33394
:101CD000ADF84C3013A85A46014611F039FF0028E0
:101CE000B4D013ABC9F8083042AA44A94846FEF75D
:101CF00015FFABE7592D40F2A3800A9B079A934248
:101D000000F0DB800A9B022B00F0F9800A9B032B7A
:101D100000F0FB80C9F808B0079B012B00F01D8183
:101D2000B8F80030DB1BADF84C30B8F902300C933A
:101D3000ADF84E30089812F005FE0B9901FB00F348
:101D40000C9A02EBE333ADF85230B8F800300C9344
:101D500004F15A0000B212F0F5FD0B99A1EB0A0351
:101D600000FB03F30C9A02EBE333ADF8503013A8F9
:101D70005A46014611F0ECFE002840F04181079BD5
:101D8000012B00F04681C9F808B00A9B022B00F035
:101D90008A83079B022B00F0D0810A9B079A93420B
:101DA00000F00982592C40F22A820A9B012B00F094
:101DB0002C82C9F808B0079B032B00F02F82B8F8DB
:101DC00000300A93FB18ADF85030B8F80230013BF0
:101DD000ADF8523004F15A0000B212F0B3FD0B9985
:101DE000A1EB0A0300FB03F30A9A02EBE333ADF81D
:101DF0004C30B8F80240089812F0A4FD0B9901FB92
:101E000000F304EBE334ADF84E4013A85A46014604
:101E100011F09EFE002840F04E82079B032B00F03D
:101E20005382C9F808B049E613ABC9F8083042AA92
:101E300044A94846FEF772FEEEE600BFB7600BB657
:101E4000B8F800303B44ADF85030B8F902300C938C
:101E5000ADF84E30099812F075FD0B9901FB00F3B7
:101E60000C9A02EBE333ADF85230B8F800300C9323
:101E700005F15A0000B212F065FD0B99A1EB0A03BF
:101E800000FB03F30C9A02EBE333ADF84C3013A8DC
:101E90005A46014611F05CFE30B9C9F808B00A9BF9
:101EA000012B7FF4C1AE3BE713ABC9F8083042AA5F
:101EB00044A94846FEF732FEEFE7AC427FF622AF78
:101EC000B8F90020ADF84C20B8F90230ADF84E302A
:101ED0003A44ADF850203B44ADF8523013A85A466E
:101EE000014611F035FE00283FF499AE13ABC9F856
:101EF000083042AA44A94846FEF710FE8FE6079B29
:101F0000012BDDD0C9F808B092E6079B013B9BB2DC
:101F1000012BD5D9AC427FF690AEB8F80020D31B88
:101F2000ADF84C30B8F90230ADF84E30013AADF8AA
:101F300050203B44ADF8523013A85A46014611F0E8
:101F400007FE00283FF41FAF13ABC9F8083042AAC0
:101F500044A94846FEF7E2FD15E7AC42BFF4E0AE07
:101F6000B8F802300C93089812F0ECFC0B9B03FBC2
:101F700000F30C9A02EBE333ADF85230B8F80020CE
:101F80000D9204F15A0000B212F0DCFC0B9BA3EBA3
:101F90000A020C9202FB00F30D9901EBE333ADF85A
:101FA0005030B8F802100D91099812F0CBFC0C9A41
:101FB00002FB00F30D9901EBE333ADF84E30B8F8B6
:101FC00000200C9205F15A0000B212F0BBFC0B9BF2
:101FD00003FB00F30C9A02EBE333ADF84C3013A88B
:101FE0005A46014611F0B4FD002800F0148113ABED
:101FF000C9F8083042AA44A94846FEF78FFD0AE115
:1020000013ABC9F8083042AA44A94846FEF786FD3A
:10201000B5E6B8F80030013BADF85030B8F8023002
:102020000C93FB18ADF85230099812F08BFC0B9909
:10203000A1EB0A0300FB03F30C9A02EBE333ADF8C8
:102040004E30B8F800300C9305F15A0000B212F08F
:1020500079FC0B9901FB00F30C9A02EBE333ADF82A
:102060004C3013A85A46014611F072FD30B9C9F838
:1020700008B00A9B022B7FF48CAE18E213ABC9F8B0
:10208000083042AA44A94846FEF748FDEFE7AC42B3
:1020900080F00D82B8F80030079304F15A0000B2C6
:1020A00012F050FC0B9B03FB00F3079A02EBE333A7
:1020B000ADF84C30B8F80240089812F043FC0B9B86
:1020C000A3EB0A02079202FB00F304EBE334ADF842
:1020D0005240B8F80240099812F034FC0B9B03FB05
:1020E00000F304EBE334ADF84E40B8F8004005F1DE
:1020F0005A0000B212F026FC079A02FB00F304EB30
:10210000E334ADF8504013A85A46014611F020FDC3
:1021100000283FF486AE13ABC9F8083042AA44A9A0
:102120004846FEF7FBFC7CE613ABC9F8083042AA30
:1021300044A94846FEF7F2FCE9E1B8F800300C93F8
:10214000DB1BADF84C30B8F80230013BADF8523033
:1021500005F15A0000B212F0F5FB0B99A1EB0A034E
:1021600000FB03F30C9A02EBE333ADF85030B8F800
:1021700002300C93099812F0E5FB0B9901FB00F378
:102180000C9A02EBE333ADF84E3013A85A460146E1
:1021900011F0DEFC30B9C9F808B00A9B032B40F0FF
:1021A000C48108E613ABC9F8083042AA44A94846DE
:1021B000FEF7B4FCEFE7AC427FF6F4ADB8F80020D0
:1021C000D31BADF84C30B8F80230D91BADF84E1027
:1021D000013AADF85020013BADF8523013A85A46F1
:1021E000014611F0B5FC002800F0958113ABC9F849
:1021F000083042AA44A94846FEF790FC8BE1079BB1
:10220000032BDBD0C9F808B08BE10923079AD34030
:1022100013F0010FD2D1C9F808B082E1AC42BFF48B
:10222000CEADB8F800300A9304F15A0000B212F0B3
:1022300089FB0B9BA3EB0A02079202FB00F30A99AE
:1022400001EBE333ADF84C30B8F80240089812F0D7
:1022500079FB0B9B03FB00F304EBE334ADF84E403A
:10226000B8F8004005F15A0000B212F06BFB0B9B6E
:1022700003FB00F304EBE334ADF85040B8F8024040
:10228000099812F05FFB079A02FB00F304EBE334BA
:10229000ADF8524013A85A46014611F059FC0028E7
:1022A0003FF4BFAD13ABC9F8083042AA44A9484671
:1022B000FEF734FCB5E513ABC9F8083042AA44A9CF
:1022C0004846FEF72BFCA8E5B8F90040ADF84C40B5
:1022D000B8F80230DB1BADF84E3005F15A0000B201
:1022E00012F030FB0B9D05FB00F304EBE334ADF87B
:1022F0005040B8F80240099812F024FBA5EB0A03FD
:1023000000FB03F304EBE334ADF8524013A85A4644
:10231000014611F01DFC00283FF483AD13ABC9F852
:10232000083042AA44A94846FEF7F8FB79E5AC42DA
:1023300040F20081B8F90020ADF84C20B8F8023026
:10234000D91BADF84E103A44ADF85020013BADF822
:10235000523013A85A46014611F0FAFB00283FF408
:1023600060AD13ABC9F8083042AA44A94846FEF74D
:10237000D5FB56E5B32D3FF654ADDBE73AA8FDF7A4
:10238000B7FFFFF7A5BB1846FDF788FFFFF7ABBB0C
:102390003FB25FFA8AFA0FAC234652463946089894
:1023A000FFF790FAB8F80030BDF83C201A44ADF8B9
:1023B0003C20BDF840201344ADF84030B8F802305E
:1023C000BDF83E201A44ADF83E20BDF8422013442B
:1023D000ADF842302246594611A811F0B9FB40BB76
:1023E0000FAC2346524639460998FFF76BFAB8F806
:1023F0000030BDF83C201A44ADF83C20BDF8402028
:102400001344ADF84030B8F80230BDF83E201A440D
:10241000ADF83E20BDF842201344ADF842302246CC
:10242000594611A811F094FBF8B9C9F808B0FFF7A4
:102430005FBB13AC002347F6FF720FA92046FEF7DF
:10244000E3F800212046FDF7DFFE054611ABC9F891
:10245000083042AA44A94846FEF760FB2846FDF72B
:102460001DFF2046FDF744FFBAE713AC002347F6F3
:10247000FF720FA92046FEF7C7F800212046FDF79E
:10248000C3FE054611ABC9F8083042AA44A9484624
:10249000FEF744FB2846FDF701FF2046FDF728FF25
:1024A000C3E7C9F808B0079B022B3FF4F0ADB8F8BA
:1024B00000300C93013BADF85030B8F80230DB1B14
:1024C000ADF84E3004F15A0000B212F03BFA0B990D
:1024D00001FB00F30C9A02EBE333ADF84C30B8F893
:1024E00002300C93089812F02DFA0B99A1EB0A0315
:1024F00000FB03F30C9A02EBE333ADF8523013A860
:102500005A46014611F024FB00287FF40DAE079BCC
:10251000022B3FF412AEC9F808B00A9B032B3FF41C
:102520004AAC079B032B3FF4CFAE0A9B079A93421A
:102530003FF4FDAE0A9B022B3FF41CAF0A9B012B1C
:102540007FF46FAC592D3FF66CACF3E60A9B032B7E
:10255000A7D1079B022B3FF4E0ACC9F808B01CE4FC
:1025600047F6FF73ADF8103142AA44A94846FEF77A
:10257000D5FA0398FDF792FE34A8FDF7B9FEFFF7F0
:10258000B7BA47F6FF73ADF8103142AA44A94846DE
:10259000FEF7C4FA0398FDF781FE049BB3F1FF3FF9
:1025A0007FF4E5AA34A8FDF7A3FEFFF7E9BA47F6E2
:1025B000FF73ADF8103142AA44A94846FEF7AEFABF
:1025C0000398FDF76BFE0024FFF7D5BA30B501F094
:1025D0000705C1F3C40EC1F30424C1F34233022A38
:1025E00044D9C0F3C40CF444BCF11F0F28BF4FF012
:1025F0001F0C0CF01F0E03EBC50300F0070503EBE7
:10260000C503C0F342352B443F2B28BF3F23C3F300
:10261000C20503F00703C0F3042CA444BCF11F0F50
:1026200028BF4FF01F0C0CF01F0CFF2A29D065F3B8
:1026300002006EF3C7006CF30C2063F34F3049BA0D
:102640000B0413FA81F1144B194040BA040414FA34
:1026500080F01840401A0432D20800FB02F201EB6D
:102660005210184040EA104040BA30BD4FF0000010
:1026700065F302006EF3C70064F30C2063F34F3080
:10268000F3E74FF0000065F302006EF3C7006CF350
:102690000C2063F34F30E8E71FF8E00730B501F096
:1026A0000704C1F3C40EC1F3042CC1F34233022A60
:1026B0003FD9C0F3C405AEEB050E2EEAEE7E0EF058
:1026C0001F0E03EBC40300F0070403EBC403C0F3C5
:1026D0004234234423EAE373C3F3C20503F0070340
:1026E000C0F30424ACEB040C2CEAEC7C0CF01F0CC3
:1026F000FF2A29D065F302006EF3C7006CF30C20AB
:1027000063F34F3049BA0B0413FA81F1144B1940AB
:1027100040BA040414FA80F01840401A0432D20877
:1027200000FB02F201EB5210184040EA104040BAA0
:1027300030BD4FF0000064F302006EF3C7006CF38D
:102740000C2063F34F30F3E74FF0000065F3020015
:102750006EF3C7006CF30C2063F34F30E8E700BF63
:102760001FF8E00770B501F00705C1F3C40EC1F30F
:102770000423C1F3423C022A40D9C0F3C4040EFB37
:1027800004F4C4F34414C0F3042E03FB0EFECEF392
:10279000441EC0F342330CEBC50500F0070C03EBFD
:1027A000CC0C05FB0CFC4FEA6C26CCF3422C03EB63
:1027B000C60305FB03F3C3F38213FF2A29D06CF38E
:1027C000020064F3C7006EF30C2063F34F3049BA84
:1027D0000B0413FA81F1144B194040BA040414FAA3
:1027E00080F01840401A0432D20800FB02F201EBDC
:1027F0005210184040EA104040BA70BD4FF000003F
:1028000065F302006EF3C70063F30C206CF34F30E6
:10281000F3E74FF000006CF3020064F3C7006EF3BF
:102820000C2063F34F30E8E71FF8E0070B7E022B24
:1028300000D8704730B583B005460C4682680968F9
:10284000684611F085F938B16B6B0BB12846984793
:102850006B6D21462846984703B030BD2DE9F04FF7
:1028600093B006460D46CB6805930BB10B7C83B144
:102870002B7C012B059B08BF002305937368B3F9DC
:102880000470B3F90080B268296810A811F060F9EB
:1028900010B913B0BDE8F08F0137A7EB08073FB2BE
:1028A000FBF7E4FB8046336804930268D369002B8E
:1028B00075D06B680793002B00F09D802B68B3F9EF
:1028C00000109C880134641A24B2BDF94200B3F9A7
:1028D0000230C01ABDF940305B1A04FB003307997F
:1028E00001EB43030793059B002B00F09A80137CB8
:1028F00013F0080F00F081806869B0F90010838838
:1029000001335B1A1BB20693BDF94220B0F90230C5
:10291000D21ABDF940305B1A069901FB0233059AC1
:102920001A44059273685A8852421988494212B271
:1029300009B210A811F0FDF8D8F80030DB69002BBF
:1029400000F05A816B68002B6ED095F818B0FBF739
:102950008DFB8246BDF8448008F10108BDF8403087
:10296000A8EB03080FFA88F8BDF846C00CF1010C7B
:10297000BDF84230ACEB030C0FFA8CFC059B002B2E
:1029800000F0CF80BCF1000F83DD620009920021CE
:10299000079805971F46CDF828C0894623E1137C88
:1029A00013F0400F11D17068BDF94210B0F9023038
:1029B000C91ABDF94030B0F900001B1A07FB0133FA
:1029C000049901EB4303049373E77068BDF9423047
:1029D000B0F902105B1A07FB03F303EB4303BDF9E5
:1029E0004010B0F90000091A01EB41010B440499B1
:1029F000194404915DE7002475E7686911F07CF8DB
:102A0000011E7FF779AF059B013B194413F8012F95
:102A1000802A4FF0FF3298BF00221A708B42F5D106
:102A20006AE7002306937DE795F818A0B5F808B08B
:102A3000FBF71CFB8146059BDBB1BDF8446001360A
:102A4000BDF84030F61A36B2BDF8468008F10108EC
:102A5000BDF84230A8EB03080FFA88F8B8F1000F70
:102A60007FF717AF00210797059FCDF82080884694
:102A700051E0BDF94250BDF946309D423FF709AFE4
:102A8000DDF810803B4657462E469A46BDF9404039
:102A9000BDF944309C4212DC35B20496D9F80000EE
:102AA0000297ADF804B00095C66923B2524641467C
:102AB000B0470134BDF944309C42EFDD049E01363D
:102AC000BDF946309E42E1DDE3E6D9F80000BDF8ED
:102AD0004030234402FB0AF2120A0292ADF804B01D
:102AE000BDF84220424412B20092C7691BB2079A55
:102AF0000499B8470134A64204D015F8012F002AE2
:102B0000F8D0E2E7059F069B1F4408F10108089BE7
:102B100043453FF4BEAE002EF5DD7D1E0024059733
:102B2000EBE7BCF1000F7FF7B4AE630006934FF004
:102B300000090798CDF81CC04B46B9465F469B4636
:102B400022E0054600240590DAF80000BDF8403088
:102B50002344029735F8022BADF80420BDF842203B
:102B60005A4412B20092C6691BB24A460499B04751
:102B70000134A045E8D10598069B18440BF1010BE0
:102B8000079B5B453FF485AEB8F1000FD9DCF3E756
:102B9000DAF80000BDF84030234402FB0BF2120AC1
:102BA00002922A88ADF80420BDF842204A4412B2AD
:102BB0000092C7691BB2059A0499B84701340235DF
:102BC000A04504D016F8012F002AF7D0E0E7079FB0
:102BD0000898069B1F44099B184409F101090A9BA8
:102BE0004B453FF456AEB8F1000FF2DD7E1E0546B0
:102BF000002407970890E5E7687E002840F0CB8422
:102C00006B6873B395F818C0BDF844300133BDF854
:102C100040209B1A0FFA83FEBDF846300133BDF801
:102C200042209B1A1BB20893059B002B00F0918257
:102C3000BCF1FD0F00F2EB82089B002B7FF729AE61
:102C40004FEA47086300049901EB4E070022CF4E7C
:102C5000DDF814908B46DDF81CA01846734600F092
:102C60008DBC95F818802B890793BDF8443001334B
:102C7000BDF840209B1A0FFA83FBBDF846300133A4
:102C8000BDF842209B1A1BB20893059B0BB3B8F109
:102C9000FC0F40F2F481ABF10409089B002B7FF795
:102CA000F8AD079B03EB03420B92A7EB0B077A00EF
:102CB0000A924FEA4B020C924FF00008B3485BBAFD
:102CC0001A0412FA83F303EA0005059B049CC44628
:102CD000CBE1B8F1FC0F11D9089E002E7FF7D9ADDA
:102CE0007F000024049D5A46BDF81C10284611F0B0
:102CF00051FA3D440134A642F5D1CAE508F1040079
:102D0000C008079C63BA1A0412FA83F29F4B1A4058
:102D100000FB02F203EA521343EA13435BBA03F0E7
:102D2000070CC3F3C401C3F30422C3F34233C60048
:102D3000F6B2C4F3C40808FB06F804F007004FEA33
:102D4000543E0EEBC00E0EFB06FEC4F3042909FB35
:102D500006F986F0FF06089800287FF79AAD4FEA3B
:102D6000470A049800EB4B07002528465446059374
:102D70004BE094F800C04FEADC0306FB038303EB4F
:102D8000032203EBC213C3F3C4510CF0070C6278A7
:102D9000530903EBCC0306FB03E303EB032C03EB28
:102DA000CC13C3F3826CC3F3C25302F01F0206FBC1
:102DB000029202EB022B02EBCB12C2F3C45294F844
:102DC00000B06CF3020B61F3C70B84F800B094F809
:102DD00001B062F3040B63F3471B84F801B0BA45FA
:102DE00006D05446AB463AF8025B5D45C1D1E6E7F2
:102DF000DDF818B0079C0593049B2344049301302D
:102E00002744089B83423FF444ADBBF1000FF3DD40
:102E1000DDF810A0CDF818B00794059BE1E7079BFB
:102E2000238002310136714500F0DC803B460C46C0
:102E300017F0030F00F0D88017F8012BFF2AEED00F
:102E40000B885BBA4FEA034818FA83F30340A5EBFB
:102E500003080432D20802FB08F803EB58130340BE
:102E600043EA13435BBA9BB2DAE711F0030F07D0D2
:102E7000079A21F8082C41F8067C21F8022C0DE075
:102E800041F8087C41F8047C08E0079A2AE0079A98
:102E900044E0079A5DE0079A24F8022C083108EB19
:102EA0000302914574DB53F8042BB2F1FF3FDCD0F1
:102EB000002AF3D09E4613F8044CFF2CE5D031F8DD
:102EC000082C52BA160416FA82F20240AE1A0434E2
:102ED000E40804FB06F602EB5612024042EA1242F4
:102EE00052BA92B20C4621F8082C1EF8036CFF2E41
:102EF000CDD031F8062C52BA4FEA024A1AFA82F2C1
:102F00000240A5EB020A0436F60806FB0AFA02EBB9
:102F10005A12024042EA124252BA92B224F8062CE5
:102F20001EF8026CFF2EB4D034F8042C52BA4FEACB
:102F3000024A1AFA82F20240A5EB020A0436F608A7
:102F400006FB0AFA02EB5A12024042EA124252BA55
:102F500092B224F8042C1EF8016CFF2E9BD034F89A
:102F6000022C52BA4FEA024E1EFA82F20240A5EB40
:102F7000020E0436F60806FB0EFE02EB5E1202405D
:102F800042EA124252BA92B286E700BF1FF8E00747
:102F9000049C059E099FABF10301ABF104039B1B4D
:102FA00023F00302B142D8BF002206F104063244E6
:102FB0004FEA93014FEAC101D8BF002104F1080490
:102FC0000C4423F00303D8BF002304373B4493454C
:102FD0003FDD03F1FF389246ABEB020204EB420700
:102FE000264613E03B460C46B14508DB04F10801D8
:102FF000A6EB03080494059609930B9F53E732460A
:10300000E5E7079A26F8022BBE4218D018F8011FF0
:10301000FF29F6D0328852BA4FEA024E1EFA82F2E7
:103020000240A5EB020E0431C90801FB0EFE02EBC3
:103030005E12024042EA124252BA92B2E2E70BF149
:10304000FF32A2EB0A02023404EB42045B44A3EB1E
:103050000A030A9A1444069AA2EB0B0213440CF1D9
:10306000010C089A62453FF414ACBBF1000FF0DD8F
:1030700021461F460C9B04EB030E0026D6E6049C5B
:10308000B4F800C0089B002B7FF703AC4FEA470958
:1030900004EB4B05634606464FF0000E804F079A3F
:1030A00052BA110411FA82F202EA070ACDF810802E
:1030B000DDF81480214642E0108860451BD0FF2EC9
:1030C00002D1079B15E0049E13885BBA180410FA1E
:1030D00083F33B40AAEB030006F1040C4FEADC0C3F
:1030E0000CFB00F003EB50133B4043EA13435BBA85
:1030F0009BB2B2F800C0138020460232AA420FD021
:1031000018F8014F002CF8D08442D5D0FF2C00F0E5
:10311000E283049B03FB04F6360AD5E7049ED3E75B
:10312000DDF81480D8444944069AA2EB0B0290447F
:103130000EF1010E4D44089A72453FF4AAABBBF163
:10314000000FF0DD08F1FF340A46CDF81480A046E8
:10315000D6E7BCF1FC0F40D8089B002B7FF799AB5A
:103160007F006400079901EB4E0600220CF1040C6D
:103170004FEADC0C4A4DDDF810908A469B46BEF1C2
:10318000000F22DDD046A9F10200CDF8109038F8EA
:10319000021B30F8023F5BBA4FEA034919FA83F386
:1031A0002B4049BA4FEA014919FA81F12940C91A5D
:1031B0000CFB01F103EB51132B4043EA13435BBAC1
:1031C0000380B045E3D1DDF81090B944A244013248
:1031D00026449345D3D1FFF75CBB089B002B7FF7B8
:1031E00058AB4FEA4E067F0064000025DDF81080E2
:1031F000DDF81C909A4632464946404611F098FD4B
:10320000B844A1440135AA45F5D1FFF742BBAEF160
:10321000040B089B002B7FF73CAB7B000C936300F7
:103220000D93049E06EB4E080024DFF874A0CDF841
:1032300038B0AEF105030F93DDF81CC055E13B88B3
:103240002B80013202370235964500F04D830B4644
:1032500011F0030F00F0008111F8016B002EF0D087
:10326000FF2EECD02B885BBA180410FA83F303EA24
:103270000A03388840BA4FEA004919FA80F000EA98
:103280000A00C01A0436F60806FB00F003EB5013E0
:1032900003EA0A0343EA13435BBA2B80D1E700BF7A
:1032A0001FF8E00702880A8042884A8082888A8064
:1032B000C288CA8008300831FA18934540F3AB80C1
:1032C00053F8042B002AF5D0B2F1FF3FEAD01E4696
:1032D00013F804CCBCF1000F21D0BCF1FF0F00F0BB
:1032E0008E800A8852BA140414FA82F202EA0A02A0
:1032F000048864BA4FEA044E1EFA84F404EA0A040D
:10330000A41A0CF1040C4FEADC0C0CFB04F402EBE5
:10331000541202EA0A0242EA124252BA0A8016F82B
:1033200003CCBCF1000F20D0BCF1FF0F6AD04A885B
:1033300052BA140414FA82F202EA0A02448864BA05
:103340004FEA044E1EFA84F404EA0A04A41A0CF1AB
:10335000040C4FEADC0C0CFB04F402EB541202EAFE
:103360000A0242EA124252BA4A8016F802CCBCF172
:10337000000F20D0BCF1FF0F47D08A8852BA140446
:1033800014FA82F202EA0A02848864BA4FEA044E0E
:103390001EFA84F404EA0A04A41A0CF1040C4FEA9D
:1033A000DC0C0CFB04F402EB541202EA0A0242EABF
:1033B000124252BA8A8016F8016C002E3FF47AAF9E
:1033C000FF2E25D0CA8852BA140414FA82F202EAF7
:1033D0000A02C48864BA4FEA044C1CFA84F404EA72
:1033E0000A04A41A0436F60806FB04F402EB54128D
:1033F00002EA0A0242EA124252BACA805AE7028834
:103400000A808CE742884A80AFE782888A80D2E7C8
:10341000C288CA804EE7049EDDF81CC0DDF824E0B7
:103420000A9A0B9C0E9B9A420F9BA3EB090323F075
:103430000302A8BF002209F104094A4423F0030350
:10344000A8BF002304352B44964540DD013B0CEB1F
:10345000420706EB420217E0049E9345F4DD1D4649
:1034600091460CEB420006EB4201D71A0496CDF8C8
:103470001CC0CDF824E00A920B9421E73988118012
:1034800002370232424522D013F8015F002DF7D0F7
:10349000FF2DF3D0118849BA080410FA81F101EA2E
:1034A0000A01388840BA4FEA004919FA80F000EA68
:1034B0000A00401A0435ED0805FB00F001EB50113D
:1034C00001EA0A0141EA114149BA1180D8E70C9B8F
:1034D0001E440D9A9444059A06990A4405920134B3
:1034E0009844089BA3423FF4D4A9BEF1000FEEDD3F
:1034F00005996746354600220496A8E6FC299ABF3E
:1035000001FB0CFA4FEA1A2AE246218849BA4FEA2F
:10351000014919FA81F13140B5F8009099FA99F909
:103520004FEA094B1BFA89F909EA0609A9EB0109D7
:103530000AF1040A4FEADA0A0AFB09F901EB591108
:10354000314041EA114149BA218002350234BC427E
:1035500004D01EF8011F0029F7D0CFE7DDF8109046
:10356000DDF814B0DDF81CA0C344824406998944F8
:1035700001324744089991423FF48BA9002BF3DDB7
:1035800009F1FF3E55465C46CDF81090CDF814B0D9
:10359000CDF81CA0DDE76B68002B4DD0022800F0B1
:1035A000F880032800F0F88001287FF472A9A54B69
:1035B00009932B7E0893BDF844300133BDF84020B9
:1035C0009B1A1BB20B93BDF846300133BDF8422065
:1035D0009B1A0FFA83FA059B002B00F0E080049BF6
:1035E000B3F80080079B1B881846059B1B78FC2BB3
:1035F0009DBF089A53431B0A089B9B461A464146A7
:103600000646099DA847BAF1000F7FF742A9790045
:103610004FEA4409049C0B9B04EB43070023DDF8AD
:103620001CC0CDF830A0CDF834909946059BDE46FD
:103630003246BB462F463FE12B7E0793B5F808B0D4
:10364000022834D0032835D001287FF422A97D4BED
:103650000993BDF844300133BDF840209B1A1BB2DA
:103660000893BDF846300133BDF842209B1A1EB2C4
:10367000059B13B3049BB3F80080059B1B78FC2BC0
:10368000079A9CBF53431A0A41465846099CA047D3
:10369000002E7FF7FEA87B000499089A01EB420AEE
:1036A00000228C460996059E9146274667E0664BA8
:1036B0000993CEE7654B0993CBE7049D2C88DDF891
:1036C0001C80424629885846099B9847002E7FF760
:1036D000E0A87F00089905EB41094FF0000AB446C5
:1036E000099E39462F4619E025F8020C4D450AD0AF
:1036F0002946234635F8024B9C42F5D042460988BC
:103700005846B047F0E7DDF814C03946049F0F442F
:103710000AF1010A8944D4453FF4BBA8089B002B59
:10372000F5DD3D460497CDF814C00F46E0E7FC2BCD
:10373000079A9CBF53431A0A21885846B8473278E3
:1037400021882080023454450BD001352E462B7839
:10375000002BF7D09342EAD1B4F800C08C45E6D1F3
:10376000EFE7049EC446059B88469C4406990E4498
:1037700009F101099A44099949453FF48AA8089931
:103780000029F2DD751E6446049605934146E04625
:10379000DBE72D4B09930CE72C4B099309E7049BBE
:1037A0001E88079B1D88DDF820804246314628464A
:1037B000099B9847BAF1000F7FF76BA87900089131
:1037C0004FEA4409079B0B9903EB410B00249C46ED
:1037D000CDF81CA0DDF810A0CE46DDF824902246DE
:1037E000444621E07E88224631462846C84727F8CD
:1037F000020FD84508D02B4638F8025B9D42F1D124
:103800007B88B342EED1F2E7DDF814C0DDF818E0B2
:103810005246DDF810A0089B9A44F4440132F34468
:10382000079B93423FF435A80B9B002BF3DDE0464A
:10383000AAF10207CDF810A0CDF814C0CDF818E019
:103840009246D8E7CD2501089D2601086527010885
:10385000B5F80080224641464846B84728804A4687
:10386000A646023502365D4513D01AF8014F002CEA
:10387000F7D0FC2C9DBF089B5C43240A089CB6F83B
:1038800000909145E4D12B884345E1D17445DFD1C7
:10389000E4E7049B059CDDF81CC00999DDF828903D
:1038A0000C440D9DAC44069D2B4409F101098B4449
:1038B0000C9D4D453EF4EDAF0B9D002DF0DD03F169
:1038C000FF3A2546664604930594CDF81CC009913D
:1038D000CDF82890C9E7FF287FF4F5AB1088604544
:1038E0007FF41CAC049E06E4049E93457FF7EFAD85
:1038F0000B46B4E510B4047A437A03F0070CC3F323
:10390000C2031B0443EA0C232343B4B1B0F800C044
:1039100083EA0C0390F802C00CF1010C012C04D9CD
:1039200084886340807900FB0CCC81EA52015940C5
:1039300081EA0C005DF8044B70474FF0010CF4E78E
:103940004368C3F31D030A68934238BF0B6000202D
:10395000704700680B68984214BF00200120704730
:103960002DE9F843194B1B6863B305460E46914693
:10397000174B1C68E4B1154FDFF85880636833F0CB
:1039800040431DD031462046A847012812D03B684D
:10399000D3B1B4F90C305B00033323F003031033CD
:1039A0001C44D8F800309C42E8D30020BDE8F883DE
:1039B0000020FBE7B9F1000FF8D0C9F80040F5E7A7
:1039C0000020F3E70020F1E70020EFE778CE0020A9
:1039D00080D0002074CE0020F8B54368C3F31D03E7
:1039E0000A68934218BF002000D0F8BD0446B0F921
:1039F0000C506D00033525F0030505F11007154A3D
:103A000013681E1AC5F1FF2505F57F05F0352B4417
:103A10001360F61B01D10120E7E73246C11911F00E
:103A200087F90C4B19688C420DD0224693682B44C1
:103A30009360B2F90C305B00033323F003031033BF
:103A40001A448A42F2D13946A01911F0FEFA012037
:103A5000CBE700BF74CE002038B50446084D286877
:103A600011F09EF8204611F07DF82860054B186093
:103A700028B1214611F0E9FA034B1C6038BDFEE77E
:103A800080D0002074CE002078CE0020837801FB07
:103A900003F3B2EB232F17DD70B54FEA232C047A22
:103AA000651E00EB85039B7801FB03F3B2EB232F2C
:103AB0000DDA012C0AD9837901FB03F34FEA232E97
:103AC000B2EB232F06DDFEE700887047FBE730F8F6
:103AD000250070BD017801F00703467806F01F0449
:103AE000C90801EB4115C1EBC50507356D11002172
:103AF00065F31741DB0003EB561303EBC31503EB30
:103B0000450303339B1163F30F2104EB4413C4EB10
:103B1000C30307335B1163F3070141F07F4104796D
:103B200004F00703467906F01F05E00800EB401497
:103B3000C0EBC40407346411002064F31740DB00B9
:103B400003EB561303EBC31403EB440303339B1142
:103B500063F30F2005EB4513C5EBC30307335B117C
:103B600063F3070040F07F40A2EB0C031BB2C3EBF2
:103B70000323AEEB0C0E93FBFEF3DDB2DB43DBB2B3
:103B8000C0F30724C1F3072203FB02F205FB042262
:103B900002EB022402EBC412C0F30746C1F3074450
:103BA00003FB04F405FB064404EB042604EBC614F3
:103BB000C4F38464C0B2C9B201FB03F305FB003354
:103BC00003EB032103EBC113C3F38463110F4FF025
:103BD000000061F3020064F3C70063F30C20520E8F
:103BE00062F34F3075E700002DE9F04F85B0437A5E
:103BF00013F0070F00F0C380054688461646614B58
:103C00001B78002B6FD06B7A03F007034246022B20
:103C100014BF314641462846FFF76CFE039000234F
:103C2000029302AA03A95848FFF79AFE012861D01F
:103C30006B7A03F00703022B14BF34464446464513
:103C4000B8BF46467700033727F0030710374F4BBE
:103C5000D3F800904E4B1B68A9EB03033B444D4A3D
:103C60001268934250D299F8073023F0800389F804
:103C70000730424621462846FFF73CFEC9F80000BF
:103C8000D9F80430012262F31D03C9F80430C3F3EC
:103C9000076323F0400389F80730A9F80C60A9F8FE
:103CA0000E4013F0800F65D1384A136803F11001FC
:103CB000C9F808103B441360002C10DD002637B211
:103CC0003A4621462846FFF7E1FED9F8083023F8A6
:103CD0001700B9F90E40013633B29C42EFDC48467A
:103CE00005B0BDE8F08F0020FFF7B6FE254B01229E
:103CF0001A7088E7DDF80890D9F804305A1C62F38E
:103D00001D03C9F80430EAE7974228D893421CD92A
:103D1000DFF888B04FF0000A4FF0FF3301930DF148
:103D20000409524649465846FFF71AFE524649468C
:103D30001948FFF715FE154B1B68154A12689B1AA8
:103D40003B44144A12689342E6D8104BD3F80090D3
:103D500099F8073023F0800389F8073089E738465F
:103D600010F000FF814620B1C37943F08003C37196
:103D70007FE7FEE709F11003C9F808309CE74FF030
:103D80000009ACE770CE00205339010874CE002042
:103D900080D0002078CE0020D939010841390108AF
:103DA00008B590F90730002B00DB08BD10F0F8FED5
:103DB000FBE700002DE9F04FA9B008900C460791F1
:103DC0000C9211939DF8C8300B938368B3F90020CF
:103DD000ADF89820B3F90220ADF89A20B3F9042089
:103DE000ADF89C20B3F90630ADF89E3026A8FCF75C
:103DF000B5FA0646109025680F951C211DA811F0F4
:103E000024F9E37A8DF88C30237BC3F303038DF818
:103E10008D3024AB1D9316B9B5F1807F60D0089B1F
:103E20009A68B2F90010ADF89010B2F90430ADF80C
:103E30009430B2F90260ADF89260B2F90640ADF884
:103E400096400C9DAA882888121A92B217920132C5
:103E500090B2169012B21392EA8801326888121A50
:103E600012B2149201335B1A0FFA83FAFAF7FEF8D2
:103E70000FF050FB054624A80FF03EFE854223BFFD
:103E80000134A41B24B2B5FBFAF40AFB04F5159522
:103E90004FEA450B584610F0B7FE064609902846F3
:103EA00010F0B2FE0A90209024AB22931E96BDF92A
:103EB00096300D93BDF99220A3B219461293531E6A
:103EC0000B44ADF896300B9B042B5AD002238DF88F
:103ED00084300D9B9A4200F33B82099B9B4488E00F
:103EE0000B9B042B23D00B9B0E2B2ED00B9B142B48
:103EF00095D1079B9B7A002B91D10C988288013237
:103F00000388D21AC388013341885B1A11991E9124
:103F100013FB02F301EB430320931D902290022335
:103F20008DF884301DA90898FEF780FC16E2079BE7
:103F30009B7A002B7FF473AF119B1E930C9B1D93F8
:103F40001DA90898FEF772FC08E2089CA2680C9D67
:103F500029461BA80FF0FCFD002800F0FF81119BF3
:103F60002093229500231E93079B1B89ADF87C307C
:103F700002238DF884301D951DA92046FEF756FCBE
:103F8000ECE1079B1B68B3F1807F0CBF0123022388
:103F90009DE70A9B0593099B04930B9B0393079B47
:103FA0000293139B0193149A0092119A1BA90898EB
:103FB000FCF7CAFD079B9E7A022E00F25781109BE8
:103FC000002B40F09E811DA90898FEF72FFCBDF83C
:103FD00096305A1C12B2ADF8922012990B441BB2C3
:103FE0000D998B42A8BF0B46ADF896308A4200F37C
:103FF000AF81BDF89030ADF86C30ADF86E20BDF8F3
:104000009430ADF87030BDF89630ADF872300C9B3E
:104010005A8852421988494212B209B21BA80FF0BD
:1040200088FD0F9BB3F1807FB3D10B9B043B102B1A
:10403000C0D801A252F823F07D4001080D410108CB
:104040007D400108B53F0108B53F0108B53F0108B3
:10405000B53F0108B53F0108B53F0108B53F01086C
:10406000B53F0108B53F0108B53F0108B53F01085C
:10407000B53F0108B53F0108C74101081BA80FF073
:104080003BFD804601460A9811F03AF8BDF96E40B2
:10409000BDF96C30139A04FB0235119A02EB450509
:1040A000BDF870700137FF1A3FB27F00169B4FEAD0
:1040B00043090FFA89F9BDF97230A3420DDB099E5D
:1040C0003A462946304610F033FE4D443E44013412
:1040D00024B2BDF97230A342F2DA0B9B062B7FF4B7
:1040E00069AFB8F1000F3FF465AF09998B1E0A9ACA
:1040F00003EB48004EF20704002533F8021FA142EB
:1041000008BF157001329842F7D153E7BDF96E1020
:10411000BDF96C20139B01FB032404EB4404119BA9
:104120001C44BDF8700092B2461CB61AB3B2121A03
:104130001798024402EB420212B2BDF8729009F1E4
:104140000109A9EB01090FFA89F936B2B9F1000F9B
:104150007FF730AF710003F1FF381FFA88F80A9B30
:1041600003EB0805DDF824E09C46002708F1010870
:1041700008EB4808CDF860A08A46CDF864B09346B5
:104180001EE0E31C0CF1FF31AEF102000E9413F8B7
:10419000012C01F8012F13F8024C13F8032C02EB49
:1041A000042220F8022F0333A942F0D10E9C44448C
:1041B000D644B4445C44013735443BB2994550DDA4
:1041C000002EDEDCF4E7BDF96E20BDF96C301399EA
:1041D00001FB0234119901EB44041699490009B21C
:1041E000BDF872700137BF1A3FB2BDF8708008F198
:1041F0000108A8EB03080FFA88F8002F7FF7DAAE62
:104200004FEA4809099E0025CDF838A08A464A465B
:104210002146304610F08CFD4E44544401352BB2FB
:104220009F42F4DCDDF838A0BDF96E30BDF96C407A
:10423000139A02FB0344149B02FB03F304EB4304B5
:10424000119B1C440A9E0025914642462146304659
:1042500010F06EFD46444C4401352BB29F42F4DC15
:10426000A8E6DDF860A0DDF864B0A3E61A461B7A84
:104270004FEAD30808FB06F803F0070392F809C0D9
:104280004FEA5C1E0EEBC30E0EFB06FE0CF01F0C7D
:104290000CFB06FCF643F6B2159B002B3FF48FAEE9
:1042A000099D2878C40806FB048404EB042304EB6E
:1042B000C314C4F3C45400F007016A78530903EB34
:1042C000C10306FB03E303EB032103EBC11302F07D
:1042D0001F0106FB01C101EB012701EBC711C1F36F
:1042E000C4519F0E67F3020064F3C700287061F3A6
:1042F0000402DB0D63F347126A7002355D45D0D1CD
:104300005DE6BDF99240BDF99630A342FFF65BAE83
:104310000A9D0FE05146284610F097FE4FF0020329
:104320008DF884305544013424B2BDF99630A3424F
:10433000FFF649AE53462246BDF990102846FBF7DA
:1043400085FF0028E6D0022808BF8DF88400E9E741
:104350000A9810F0BBFC099810F0B8FC29B0BDE831
:10436000F08F00BF12F0010F7AD170B506460C46EF
:10437000154612F0020F42D08B6A4FF4C04262F32E
:104380001E038B6208460FF0B7FB4200A36AC3F31B
:104390001E03B3EB400F03D9A36A62F31E03A362AB
:1043A000A06A20F0004010F0DDFB6061D8B104F19C
:1043B000080394E8030083E803006388E381A36AA9
:1043C000C3F31E03A28901322189521A12B293FB50
:1043D000F2F3244A82FB0312A2EBE37222825B080F
:1043E0006382204670BDA36A4FF4406060F31E03F1
:1043F000A36210F0B7FB60610028D8D1F2E701F1A9
:104400000803D1E9000183E8030020460FF074FBA4
:10441000400020F00040A36A60F31E03A36210F086
:10442000A1FB6061A16A21F0004110F00EFE05F0D1
:10443000010594F82B3065F3C71384F82B306069BD
:104440000028CFD0306004F108037360B360F9F73F
:104450000DFE03681A7C65F386121A742046C1E7C4
:104460000020704756555555F8B505460C46174679
:10447000F9F7FCFD064617F0010F10D194F82B3028
:1044800023F0800384F82B300268137C23F0400370
:10449000137463692B6008346C60AC60F8BDA16A6A
:1044A00021F00041606910F0D0FD94F82B3043F00A
:1044B000800384F82B303268137C43F0400313747C
:1044C000E7E7F0B585B004460D461646036803934A
:1044D0009DF8043023F0E0038DF80430426893889F
:1044E000013311885B1A019963F394210191D388F8
:1044F000013352889B1ABDF8062063F34F12ADF8C2
:10450000062095F92B30002BACBF042205229DF824
:10451000043062F304038DF804302B6A0360EB6906
:104520004360AB698360F9F7A1FD036895F8241037
:104530001A7C61F386121A7401AF3B4605F108023A
:1045400031462046FAF7AAFB2046FAF7CCF838465F
:10455000FCF7B6FC05B0F0BD08B5486910F020FBCB
:1045600008BD00002DE9F04FA7B004460F461546E0
:104570001E460023324622A938680EF0AFFB002801
:104580004FD0BDF89030002B55D0BDF88E20002ABA
:1045900051D0B5F800B0BDF892108B441FFA8BF9DA
:1045A0000FFA8BFBA1685A44B1F90000824242DB4A
:1045B000B1F904205A453EDB3868BDF894201A440E
:1045C0006D88AD1A028915444289AD1A1FFA85FA21
:1045D0002DB22B44B1F9022093422CDBB1F9063005
:1045E000AB4228DB314622980EF072FB064610B330
:1045F000229B1B7B13F0030F1DD19DF8963003F017
:104600000F03B87E032B64D0013B072B13D8DFE8E0
:1046100013F047002C0112004F001200120012008C
:1046200057001F2E07D94FF6FF039E4203D042F2D8
:104630000C039E4202D127B0BDE8F08F2988BDF857
:104640009230194489B26A88BDF894301A44BDF892
:104650008E300B4412ADBDF8900010FA82F000B21B
:1046600000901BB212B209B228460FF034FA14AE11
:104670003046FCF709FA02238DF853308DF87A3072
:104680008DF886308DF86A30BB89ADF86E30012325
:10469000ADF8703023692A46314620469847CAE76C
:1046A0004FF00108022380220392B14A0D9217E0D5
:1046B0004FF004081023F0220392AE4A0D920FE04F
:1046C0004FF008084FF48073FF220392AA4A0D921C
:1046D00006E04FF004081023F0220392A54A0D9241
:1046E000FC281ED8A54A1278824200F0C6800D9A96
:1046F00002F1FF3EA249013B02EB030C724612F8A5
:10470000013FFF2B1ABF43431B0A034601F8013B3D
:104710006245F4D1994B18709A4BC3F80080984BBE
:104720000D93BDF88E300693BDF89020079208FBDC
:1047300003F2A368B3F900108B45B4BFA1EB0B01E2
:1047400000210491B3F90410069858448842C6BF6A
:10475000A1EB0B01013106990591B3F902108D42CD
:10476000B4BFA1EB050B4FF0000BB3F9063007996E
:1047700069189942C6BF5B1B0133079B0893049BD2
:104780000C9303FB08F50BFB025506EBD50605F071
:1047900007051C2114A810F058FCBB89ADF858304F
:1047A000BB7E8DF86830BB7FC3F3C2038DF86930E0
:1047B000F9F75CFC0EF0AEFE079A069F07FB02F2CB
:1047C0008242A8BF02460992104610F01DFA0790D7
:1047D0001790049909EB010290B212B2ADF8402093
:1047E00009F1FF33059F3B441FB2ADF84470DA4432
:1047F0000FFA8AF1ADF84210ADF84610C0F1010091
:1048000010FA83F318B20E90ADF84820ADF84A10B4
:10481000ADF84C70089A12FA8AFAADF84EA012A8B8
:10482000FBF79CFD0A9010AB14931993C8F108078D
:10483000069804994318059A9B1A08FB03F00B90FD
:1048400008998B4580F28A804FF000090C9BA2EBFF
:10485000030E079A02EB0E030C93CA460F944C46C4
:10486000DDF83490CDF834E045E04FF00208042341
:10487000C0220392444A0D9232E7424A12684245EE
:104880007FF435AF46E701360399002501329445A0
:1048900013D033780B40A7EB050E23FA0EF313F079
:1048A000FF0F1ABF19F80330137082F800A0AF424F
:1048B000E9D9454421FA08F1E8E70D9BC3180693AE
:1048C0000A9B43BB059B049A9B1A069C2344099AA6
:1048D0009A4233D9BDF8463001331BB2ADF84630A9
:1048E0000B9B1D4406EBD50605F007050BF1010BEC
:1048F000089B5B4531D0039B23FA05F1049B059A85
:10490000934206DA2046079B1A190C9B03EB040C12
:10491000BFE70694D4E7079B1C440E9BBDF94620D5
:10492000BDF940102046FBF791FC8DF8600000288F
:10493000C8D10E99204610F088FBC3E702238DF8FA
:10494000603014A90F98FDF771FFBDF846300133B0
:104950001BB2ADF842305446C0E70F9CBDF946305B
:10496000BDF942209A4211D1079810F0AFF962E6E2
:1049700060B304084CB304084CB2040880CF002094
:104980007CCE00207CCF00205CB30408013BADF856
:10499000463002238DF8603014A92046FDF746FF0B
:1049A000E2E700BF2DE9F04FC5B002921E46039327
:1049B000B1F90230002B00F06B8383460C461046A1
:1049C0000A7A022A40F26483B0F90010B6F9002096
:1049D000914206D1B0F90250B6F90200854200F0CA
:1049E000578303EBD373C3F34F039142D4BFC3EB9D
:1049F0000100C3EB0200ADF808019142ACBF5818AA
:104A00009818ADF80C01039EB6F90210029DB5F995
:104A100002209142D4BFC3EB0100C3EB0200ADF80A
:104A20000A019142ACBF5B189B18ADF80E3142A849
:104A3000DBF8082001460FF08BF8002800F02883EF
:104A4000DBF80830049342ABCBF80830B5F90250DC
:104A5000B6F90260B54200F0DA80029BB3F900704B
:104A6000039BB3F90080474500F09081B54205DA19
:104A700033462E461D464346B8461F46A7EB08035D
:104A80000793A91B09911A4683EAE373A3EBE27328
:104A9000059381EAE17AAAEBE17AB4F9022019469A
:104AA000534540F317824FEA4A1393FBF1F3B6499B
:104AB00011F8039002FB09F909F13F094FEAE913E4
:104AC0000693C9F3CF134745D4BFC3EB0702C3EB2B
:104AD0000802ADF828204745ACBFDA1903EB0802FD
:104AE000ADF82C20B542D4BFC3EB0502C3EB0602E0
:104AF000ADF82A20B542ACBF5B199B19ADF82E303A
:104B00000AA842AA01460FF023F8002800F0B98253
:104B10004FEA29210891069B03F0010303EB2929A1
:104B2000059B534540F3FF81079B002B40F3D78142
:104B3000B2B28BB2A9B29246D21A0020019005916E
:104B4000CB1A1BB200933B4612B2414613A8FBF7A7
:104B500039FC1FFA89F30AEB03020121019105993F
:104B600001EB03090FFA89F300933B4612B2414669
:104B70001EA8FBF727FC002113A8FBF745FB0690B6
:104B800000211EA8FBF740FB0890637A13F0100F7A
:104B900000F0EC814FF0FF370597BDF82C6001362F
:104BA000BDF82830F61A36B2F9F760FA0EF0B2FC0A
:104BB000054681460AA80EF09FFF854200F2028258
:104BC000484610F021F88046BDF92E50BDF82A3035
:104BD000ADF82E30494610F093FA1C210CA810F0C5
:104BE00034FA0AAB0C932288ADF83820227A8DF87B
:104BF0004820CDF83C801193BDF92AA02B46AA4548
:104C000000F31D82002507971F460994FDE1B4F9C2
:104C10000220013A039BB3F900300299B1F9001068
:104C200018468B42A8BF0846ADF8A4008B42B8BF17
:104C30000B46013BADF8A830ADB202F0010303EB27
:104C40006203EB1AADF8A63005EB6205ADF8AA5089
:104C500029A842AA01460EF07BFF002800F011822D
:104C6000B4F906302BB1B4F90460003E18BF012638
:104C700000E0002629AF3846FBF770FB46EA000546
:104C8000EDB21C2134A810F0E0F934972388ADF878
:104C9000D830237A8DF8E83035B3BDF9A430BDF8AB
:104CA000A8500135ED1A2DB2BDF9AA70BDF8A620A5
:104CB000ADF8AA20EEB1B4F90620B4F904100A4404
:104CC00093FBF2F102FB11331BB2059328460FF060
:104CD0009BFF8246379029AB3993BDF9A690B94521
:104CE0004EDC4FF0000834E034A95846FDF79EFD35
:104CF000C7E100230593E9E7B4F9060003449A42AB
:104D0000BABF0AF8018013464346013109B20133A4
:104D10001AB28D4207DDB4F904309342ECDB19443A
:104D2000891A09B2F1E74FF002038DF8E03034A997
:104D30005846FDF77BFDBDF8A6300133ADF8A6302F
:104D4000BDF8AA300133ADF8AA3009F10109B9451F
:104D500016DC2946504610F0D3F92B460FFA89F29B
:104D6000BDF9A4105046FBF771FA8DF8E000002E53
:104D7000DDD00028DBD0002DD5DD059A4146CAE7FD
:104D800050460FF0A3FF7CE164B30408B4F902308D
:104D9000013BBFB203F0010202EB6302BA1AADF8A5
:104DA000A42007EB6307ADF8A8702B46B542A8BF57
:104DB0003346ADF8A630AE42B8BF2E46013EADF840
:104DC000AA6029A842AA01460EF0C2FE002800F0FF
:104DD0005881B4F90630E3B1B4F90470003F18BF4C
:104DE000012729AE3046FBF7B9FA47EA0005EDB2D4
:104DF0001C2134A810F029F934962388ADF8D83056
:104E0000237A8DF8E83035B934A95846FDF70EFD00
:104E100037E10027E5E7BDF8A8600136BDF8A4300A
:104E2000F61A36B2BDF9AA80BDF8A630ADF8AA30A0
:104E300030460FF0E9FE8146379029AB399367B1D0
:104E4000BDF9A630B4F90620B4F904100A4493FB66
:104E5000F2F102FB11331DB200E00025BDF9A6A05E
:104E6000D04517DA48460FF031FF0AE101352DB27F
:104E700034A95846FDF7DAFCBDF8A6300133ADF889
:104E8000A630BDF8AA300133ADF8AA300AF1010A04
:104E9000D045E7DB3146484610F032F933460FFA89
:104EA0008AF2BDF9A4104846FBF7D0F98DF8E0006E
:104EB000002FDDD00028D9D0B4F90420AA42B8BF11
:104EC00000208DF8E000B4F9063013449D42A8BFDD
:104ED0000025CBE7059B5B0193FBFAF3E7E5B2B254
:104EE0001FFA89F3A9B292461A440020019089461C
:104EF0000B441BB200933B4612B2414613A8FBF78A
:104F000061FABDF82030AAEB030201210191A9EB5F
:104F100003090FFA89F300933B4612B241461EA8DB
:104F2000FBF750FA27E61FFA88F21FFA89F11FFAF9
:104F300087F901EB09039246114400220192009582
:104F40001BB2324609B213A8FBF73CFABDF8202089
:104F5000A9EB0203AAEB02010122019200951BB208
:104F6000324609B21EA8FBF72DFA04E6BDF824A0CC
:104F7000BDF81C90A8EB0A030322019209EB06027C
:104F800012B200921BB23246414629A8FBF71AFA28
:104F9000A7EB0A0334AE0222019209EB050212B21A
:104FA00000921BB22A4639463046FBF70BFA002125
:104FB00029A8FBF729F9059000213046FBF724F9D1
:104FC0000746EAE50AA80EF097FD8146F8E5314666
:104FD000204610F03AF826E04FF002038DF84030FA
:104FE0000CA95846FDF722FCBDF82E3001331BB248
:104FF000ADF82A30ADF82E304946404610F080F822
:1050000000250AF1010ABA4517DC08EB050433460E
:105010000FFA8AF2BDF928102046FBF717F98DF830
:1050200040000028D3D0354473199945D4D9BDF830
:105030002E300133ADF82E30E3E7079F099CBDF910
:105040002E30BDF92A209A4225D140460FF03EFE6F
:1050500013A8FBF74DF91EA8FBF74AF9059BB3F11E
:10506000FF3F23D1B7F1FF3F24D10698FBF716F994
:105070000898FBF713F90598FBF710F93846FBF78A
:105080000DF9637A13F00C0F18D1049BCBF808309C
:1050900045B0BDE8F08F013BADF82E3002238DF80E
:1050A00040300CA95846FDF7C1FBCEE729A8FBF715
:1050B0001FF9D7E734A8FBF71BF9D6E734A8FBF7AD
:1050C000E3FC2388ADF8D43047F6FF73ADF8D03059
:1050D000237A8DF8D330B4F902305E10DB4303F04D
:1050E0000105637A13F0040F1BD1637A13F0080FE4
:1050F000CBD003990B88B6B29A1BADF8A4204A888E
:10510000911BADF8A61033445B1BADF8A8301644D4
:10511000761BADF8AA6029AA34A95846FBF7FEFC15
:10512000B3E702980288B3B2D11AADF8A41041884F
:10513000C81AADF8A6001A44521BADF8A8200B44BB
:105140005B1BADF8AA3029AA34A95846FBF7E6FC48
:10515000CBE700BF2DE9F04F8DB00591022B40F257
:105160004581054617461E46002A00F03F814FEA5A
:10517000830840460FF048FD0446002800F03681C1
:105180003B680360701E0026334608E07A5844F8F6
:1051900026200136B6B201339BB2834211DA990060
:1051A00007EB83090A1D07EB020E37F923C0BA5E2D
:1051B0009445EBD1B9F902C0BEF902209445E5D17E
:1051C000E9E7A8F1040807EB0801B7F9002037F96F
:1051D00008309A4200F0848057F8083044F82630AE
:1051E0000136B6B2022E40F28380824B93E8030070
:1051F0000CAB03E90300234604F102084246B24621
:1052000004EB860032F9021CBDF92870B942A8BF30
:105210003946ADF82810B3F90210BDF92A70B94229
:10522000A8BF3946ADF82A1032F9021CBDF92C701E
:10523000B942B8BF3946ADF82C10B3F90210BDF928
:105240002E70B942B8BF3946ADF82E10043304327F
:105250009842D7D1AA680AA908A80EF079FC0028BC
:105260004AD0AB68069308ABAB60B4F902100123D7
:10527000002738F923208A42BCBF1FB211460133F0
:105280009AB29642F5D82C2000FB0AF00FF0BCFC35
:105290000490B846781E33D47B1CB3469E42D8BFD8
:1052A000002304EB800204EB870634F8271004EB9C
:1052B000830776885288921B34F823305B1A13FBDD
:1052C00002F302937B889B1B34F82020521A12FBB6
:1052D00003F30393C146049B9E460027079531E0E4
:1052E000B7F90220B1F902309A427FF475AF79E73D
:1052F00020460FF0EBFC79E020460FF0E7FC75E06C
:10530000B34630447B1CCCE708F10105AB45D8BF60
:105310000025B9F1010648BF5E4420E00123019356
:1053200000906346F0467046FBF74CF804994046FF
:10533000FAF76AFF43462C339E4621E00137B14617
:10534000574541D2029B039A9342DDDBB8F1010538
:1053500048BF5D4409F10106B345D8BF002604EB00
:105360008503B3F9020004EB8803B3F902209042ED
:1053700008DB05D034F925C034F928108C45CDD18F
:105380000137A84657451FD004EB8603B3F9020046
:1053900004EB8903B3F902209042D1DBCED034F97B
:1053A000263034F929108B42C8D000250195009091
:1053B00075467046FBF706F804992846FAF724FF6D
:1053C0002B462C339E46B9E7079D0AAA0599284625
:1053D000FBF7A4FB049E3046FAF772FF30460FF04D
:1053E00075FC20460FF072FC069BAB600DB0BDE86B
:1053F000F08F00BF5C5403082DE9F04F87B00546DD
:105400008B4604924E1011F0010F06BF06F1FF33D8
:1054100005930596440020460FF0F6FB0190002D01
:1054200040F3B88006F10109059A9144C9EBC979A6
:10543000049F07EB49096B1E00EB4301029106EB49
:1054400002084FF0000AF31803931EE0114620F8FB
:1054500002398D42CCBF37F8112000229B1AA1EBF4
:105460000802002AD4BF3A8839F8112013444A1E92
:10547000B142EBD12246019938460FF059FC27443E
:105480000AF1010AA144AA4507D0BB1E33F8153022
:105490000BFB03F303990298D9E74FF47F5CBCFB45
:1054A000FBFC05FB05F7049B023B002102E00131F8
:1054B0008F420CD902331A88002AF8D0B2F57F5FE8
:1054C0000EBFA3F800C092FBFBF21A80EFE7002D9D
:1054D0005ADD6B1E05FB03F3049A114602EB4308E9
:1054E0000598421C039200FB0552D31A5B000493FB
:1054F000019BE7186FEA0609A9EB000905FB09F90A
:105500004FF0000AF643361ACDF814B08B465946D0
:105510000BF1020B0B88059A02FB03F3049A08EBCC
:105520000200DDF804C0039A8E46CDF808A0002BD7
:10553000ACBFC3F38F1A4FF0000A2CF802AB06EB96
:10554000020ABAF1000FD4BFBEF800A030F819A0CB
:10555000A3EB0A0A9542CCBF0388B8F80030534445
:10556000A64420440132BC45E1D1DDF808A0019BEE
:1055700033F8022B0A802144BB42F9D10AF1010A17
:1055800008F10208AA45C2D101980FF09FFB07B0AD
:10559000BDE8F08F4FF47F5CBCFBFBFC05FB05F71F
:1055A000002F80D1F0E72DE9F04F9BB00090CB7831
:1055B000022B40F28B810E46B2F90040ADF86040FC
:1055C000B2F90200ADF86200B2F90410ADF864104F
:1055D000B2F90630ADF86630B6F92020012A1CDD9C
:1055E00096F82220FC2A18D9B6F90020AAB196F81C
:1055F0002320C2F3C0052C44ADF86040C2F3800400
:105600002044ADF86200C2F30010091AADF864102E
:10561000C2F340029B1AADF86630009B9A6818A945
:1056200016A80EF095FA002800F05081F77B17F0CD
:1056300007070CBFB488F4887389A34208BF00270A
:1056400018A8FAF78BFE0FAA00230F93109311935B
:105650001293139314931593B3788DF85530ADF8D6
:105660004440029020B9B6F900300BB9002F63D046
:1056700096F803B0BBF1FD0F28BF4FF0FF0BBDF84C
:10568000649009F10109BDF86030A9EB03090FFA34
:1056900089F9BDF866A00AF1010ABDF86230AAEBEB
:1056A000030A0FFA8AFAD046CA45A8BFC8464FEA8D
:1056B0006808B6F900309845A8BF9846BDF95C3037
:1056C000BDF958205C1CA41A24B2B8F1000F03DC09
:1056D0000299002900F02D8120460FF095FA054629
:1056E0000023424618A909A8FAF78EFF002109A84D
:1056F000FAF78AFD0390BDF85830ADF81C30BDF8BC
:105700005C30ADF82030129507AB0F931493FF2354
:105710008DF8543052464946B01DFEF765FA0190A7
:1057200008B1022F12D0029BDBB9B8F1000FC8BF3D
:105730004FF0000A63DC18E118AB0F93F3788DF893
:10574000543011460098FDF771F8BFE0BDF95820BC
:10575000BDF96030D21A019B9B6803EB42031093A2
:10576000E1E7BDF95A90BDF95E30994500F3A1809B
:105770000DF13C08DDF800A00AE041465046FDF777
:1057800055F809F10109BDF95E304B45C0F2918031
:105790000FFA89F6ADF81E60ADF822602246594630
:1057A00028460FF0EFFB23463246BDF95810284635
:1057B000FAF74CFD012808BF02208DF84C00012F9C
:1057C000DBD1BDF96230A9EB0303019A926832F88C
:1057D0001330ADF84430D0E7BDF96230F61A019BC2
:1057E0009B6833F81630ADF8443037E00FA90098C5
:1057F000FDF71CF80AF1010AD04500F0B6801FFA47
:105800008AF3BDF862601E4436B2BDF86690A9EB1B
:1058100003090FFA89F9BDF95A30B34203DDBDF926
:105820005E304B45E6DB2246594628460FF0AAFB80
:1058300023463246BDF91C102846FAF707FD012819
:1058400008BF02208DF84C00BDF95A30B34209DC84
:10585000ADF81E60ADF82260012FBDD00FA90098F1
:10586000FCF7E4FFBDF95E304B45C3DBADF81E909D
:10587000ADF82290012FB9D1BDF96230A9EB03092F
:10588000019B9B6833F81930ADF84430AEE7BDF8A2
:1058900062303344ADF81E30BDF866309B1BADF866
:1058A00022308DF854B0002312930FA90098FCF712
:1058B000BDFF15B128460FF009FA039BB3F1FF3F76
:1058C00030D1019B13B11846FEF76AFA1BB0BDE850
:1058D000F08F5A46029928460FF054FB5B4632B2CD
:1058E000BDF958102846FAF7B1FC8DF84C0008E0D5
:1058F00041464846FCF79AFF0136B245D9DB002CF9
:10590000E7D133B2ADF81E30ADF82230012FEFD120
:10591000BDF96230F31A019A926832F81330ADF88B
:105920004430E5E71846FAF7B9FC09A8FAF7E0FCB5
:10593000C7E7ADF81C20ADF820300023129307AB69
:105940000F931493FF238DF8543052464946B01DEF
:10595000FEF74AF9019020B100254FF0FF33039381
:10596000DFE605464FF0FF330393BDF86030ADF836
:105970001430BDF86430ADF818301FFA88F6BDF861
:1059800062303344ADF81630BDF866309B1BADF87D
:105990001A3005A8FAF7E2FC814610B9002F3FF44F
:1059A00076AF8DF854B001238DF84C30BDF966A068
:1059B000AAEB080ABDF962604644B245FFF679AF2A
:1059C0000DF13C08CDF808B0A3464C46DDF8009038
:1059D00095E70B69002B00F00E812DE9F04393B0A1
:1059E00006460C4615468B7E022B02D813B0BDE846
:1059F000F0838268294610A80EF0AAF80028F5D096
:105A0000D6F8089010ABB3602069F9F72FF9022897
:105A100008D005A92069FBF7E5FD012850D0C6F89C
:105A20000890E3E70027029741F6FF730193009780
:105A30003B466269216905A811F03DFC2B88BDF940
:105A40001410AA880132D21AC2F3C03000FA82F2CE
:105A500001EBD170A3EB600303EB62039BB2ADF8E3
:105A6000183001390B44ADF81C306B88BDF91610A5
:105A7000EA880132D21AC2F3C03000FA82F201EB96
:105A8000D170A3EB600303EB62039BB2ADF81A3055
:105A900001390B44ADF81E3008AD2846F9F760FA1D
:105AA00063690893238BADF82C30A37E8DF83A30D0
:105AB0000097236906AA29463046F9F783FAAEE72C
:105AC00008A8F9F78EF89DF82C30A27862F303034A
:105AD0008DF82C30238BADF82830E37E8DF82A30FA
:105AE000A37E8DF82B30237F002B4DD0B5F90220FB
:105AF000ADF81A20BDF81630C3F34A13013B134426
:105B0000ADF81E30B5F90630934288DB0DF1180868
:105B100008AFB5F90020ADF81820059BC3F38A2320
:105B2000013B1344ADF81C30B5F90430934217DB48
:105B30002369424639463046F9F7B0F8059AC2F370
:105B40008A22BDF8183013441BB2ADF81830BDF8E6
:105B50001C100A44ADF81C20B5F904209A42E7DA7B
:105B6000BDF81620C2F34A12BDF81A3013441BB216
:105B7000ADF81A30BDF81E100A44ADF81E20B5F974
:105B800006209A42C5DA4AE72A880599C1F38A278E
:105B9000AB8801339B1AC3F3C03000FA83F3C1F31F
:105BA000C921521A02EB630292B2ADF818206B8839
:105BB000BDF816C0CCF34A10E9880131C91AC1F307
:105BC000C03505FA81F1CCF3891CA3EB0C0303EB80
:105BD00061039BB2ADF81A30013F3A44ADF81C2086
:105BE00001380344ADF81E30236906AA08A93046DF
:105BF000F9F754F813E7704770B504460D4616469A
:105C0000FFF7D1FC324629462046FFF7E2FE70BD81
:105C10002DE9F04FAFB083468A4690461D46BDF948
:105C2000E0609DF8E8700846FAF798FB02900028BB
:105C300075D155EA060372D11C2110A80FF005FAA0
:105C40000EAB1093BDF8E430ADF848308DF85870C5
:105C5000BAF90250B8F90240BAF90690B8F906301C
:105C60000093BAF90070B8F900300193BAF90460F2
:105C7000B8F904300293ADF83870ADF83C60ADF877
:105C80003A50631EADF83E30A54239DDB8F8063013
:105C90000133ADF83A30BAF80630ADF83E30009B2B
:105CA000994532DABAF80030ADF83830B8F800303B
:105CB000013BADF83C30A542D4BFB8F90230BAF987
:105CC0000230ADF83A30009B9945ACBFB8F90630C8
:105CD000BAF90630ADF83E30019B9F421ADDB8F8A4
:105CE00004300133ADF83830BAF80430ADF83C3048
:105CF000029B9E421BDB10A95846FCF797FD16E05D
:105D000010A95846FCF792FDC0E710A95846FCF7C9
:105D10008DFDC7E710A95846FCF788FDDFE7DBF8E3
:105D2000082051462CA80DF013FF039010B92FB096
:105D3000BDE8F08FBDF8B4400134BDF8B030E41ACE
:105D400024B21C2125A80FF080F920460EF05CFF3C
:105D50002890002D00F382804FF0FF3307930DF160
:105D600064090123324641464846FAF74DFC0021BA
:105D70004846FAF749FA069017AB25932A93BDF8DF
:105D8000E430ADF89C308DF8AC709DF8EC308DF8B7
:105D9000AD30B8F90260BAF902707B19B342B8BFEE
:105DA00033461BB20193B8F906200592BAF9069062
:105DB000A9EB05039342A8BF13460A931BB20093B5
:105DC000029B002B58D1B8F900100891BAF90000D5
:105DD000099042198A42B8BF0A46944613B20B93FF
:105DE000B8F904300293BAF904200492531B029AC2
:105DF0009342A8BF13461AB20C928142C0F233817B
:105E00000299049A914200F32E81BE42C0F20E81A3
:105E10000133A3EB0C031BB201228DF8A420059AD9
:105E20004A45D8BF312BCCBF012300230D9373DC2F
:105E3000BAF80030ADF85C30B8F80030013BADF88E
:105E40006030019BADF85E30009BADF8623025A953
:105E50005846FCF7EBFC0D9B039312E10DF17C0916
:105E600000232A4651464846FAF7CEFB0021484611
:105E7000FAF7CAF9079072E7BDF8B030ADF85C30B8
:105E8000BDF8B430ADF86030BDF9B250BDF9B630F0
:105E90009D422CDC0DF1940ACDF808B0934620E029
:105EA000CB4502DD009BAB4221DB0FFA85F8ADF854
:105EB0005E80ADF86280214628980FF021F92346D4
:105EC0004246BDF9B0102898FAF7C0F98DF8A40041
:105ED00051460298FCF7AAFC0135BDF9B630AB4239
:105EE00005DBBE42DCDA019BAB42D9DDF4E719A841
:105EF000FAF7FEF90698FAF7D1F9079CB4F1FF3FDB
:105F000003D128980EF0E2FE11E71FA8FAF7F0F986
:105F10002046FAF7C3F9F4E70B9BADF85C300C9B15
:105F2000ADF86030ADF85E70731EADF8623025A933
:105F30005846FCF77BFC059B4B457DDD9CE0039BB5
:105F40000D9375E7B8F804300133ADF85C30BAF85A
:105F50000430ADF86030019BADF85E30009BADF8C9
:105F6000623025A95846FCF761FC8FE0214628984D
:105F70000FF0C6F823462A46BDF95C102898FAF7B8
:105F800065F98DF8A400BDF9B230AB4219DDBDF959
:105F9000B630B3421EDA01374F4500F0E780BBB29E
:105FA000BAF802501D442DB2BAF80660F61A36B29D
:105FB000BDF9B230AB42D9DDBDF9B630B342D5DA66
:105FC000E9E7ADF85E50ADF8625041465846FCF73F
:105FD0002DFCDCE7ADF85E60ADF8626041465846E6
:105FE000FCF724FCD7E7BDF9B020ADF85C200B9B93
:105FF000013BBDF9B4108B42A8BF0B46ADF8603031
:10600000C2F1010213440FFA83FABAF1000F40F310
:106010001681089B099A934280F2BF80BE4280F2AB
:10602000B580059B4B4500F30A81DFE001238DF825
:10603000A430059B4B4513DC0B9BADF85C300C9BEF
:10604000ADF86030B8F806300133ADF85E30BAF81C
:106050000630ADF8623025A95846FCF7E7FB0BE0A7
:10606000039B0D93E4E601238DF8A430BE42BFF6F6
:1060700053AF059B4B45DFDD089B099A9342BFF662
:106080005EAF029B049A93427FF75CAF039B002BA9
:10609000A9D1BDF8B030ADF85C30BDF8B430ADF882
:1060A0006030B8F90290BAF90230A9EB0309A945AA
:1060B000B8BFA9460FFA89F9B9F1000F56DD0027DC
:1060C0000DF194086BE7BDF9B240019B1E469C425E
:1060D00006DBD0E0BDF9B240019B1E469C421EDAB1
:1060E00025AF25B2ADF85E50ADF862504146289814
:1060F0000FF006F843462A46BDF95C102898FAF7D7
:10610000A5F88DF8A40039465846FCF78FFB0134FA
:10611000B442E6D1029B049A934200F3AC80009B08
:106120000133BDF9B620934220DC1D460A9E01369C
:10613000F61A25AF741924B2ADF85E40ADF862408E
:10614000414628980EF0DCFF43462246BDF95C101C
:106150002898FAF77BF88DF8A40039465846FCF7E2
:1061600065FB0135BDF9B630AB42E3DA19A8FAF7A1
:10617000BFF80698FAF792F81FA8FAF7B9F8079847
:10618000FAF78CF828980EF0A1FDD0E5BDF9B240E1
:10619000019B1A469C4206DB43E7BDF9B240019BD6
:1061A0001A469C4222DA0DF194080396164625B24F
:1061B000ADF85E50ADF86250514628980EF0A0FF41
:1061C00053462A46BDF95C102898FAF73FF88DF837
:1061D000A40041465846FCF729FB0134B442E6D1FD
:1061E000039E089B099A9342FFF61BAF009B5A1C23
:1061F000BDF9B6108A4222DC15460A9B03F101085C
:10620000A8EB020808EB050424B2ADF85E40ADF837
:106210006240514628980EF073FF53462246BDF95E
:106220005C102898FAF712F88DF8A40025A95846B2
:10623000FCF7FCFA0135BDF9B630AB42E2DA0C9A54
:106240000132BDF9B0309A42B8BF1A46ADF85C20B1
:10625000BDF9B430ADF8603001339B1A0FFA83F802
:10626000B8F1000F82DD029B049A93427FF732AFB0
:10627000BE42BFF628AF059B4B453FF777AF4EE7D1
:106280002DE9F04FABB0049089469246B1F92E301B
:10629000002B48D091F836200592022A43D9012BD1
:1062A00000F0C180B9F83020BAF800601644B6B2E8
:1062B000B9F8348002EB0804BAF804201444A4B2FC
:1062C000B9F83220BAF802701744BFB208EB0205E1
:1062D000BAF806201544ADB203EBD373C3F34F03F2
:1062E000A6EB0802013AD21AADF84C205A1C92B221
:1062F000A118ADF85010A7EB08010139CB1AADF881
:106300004E302A44ADF85220059BFE2B28BFFF23B8
:106310000593049B9A6813A915A80DF019FC099020
:10632000002840F08A8052464946049C2046FFF7E8
:106330003AF9524649462046FFF74BFB99F822109E
:10634000022964D9B9F92020002A60D099F82330B5
:1063500013F03E0F5BD013F0010F58D1BAF8045080
:10636000BAF80060BAF80600BAF802406B1C9B1B32
:106370001BB2471C3F1B3FB2BB42A8BF3B465B1052
:10638000B9F90070BB42A8BF3B4699F823C0CCF3D3
:1063900044071CF0080F11BF1FFA82FC02EB030C2C
:1063A000CCF1000C1FFA8CFC6644ADF88C6017F041
:1063B000080F11BF96B2D6187642B6B2AD1BADF833
:1063C000905017F0020F11BF95B2D5186D42ADB2C3
:1063D0002C44ADF88E4017F0010F11BF94B2D418C1
:1063E0006442A4B2001BADF8920099F80200039039
:1063F0000291B9F81E10ADF804109A1A12B222EAEE
:10640000E272009223AA51460498FFF701FC99F822
:106410002A40022C04D9B9F92630002B40F0DC8642
:106420002BB0BDE8F08FB1F93420002A3FF73AAF26
:106430000A6B002A7FF436AF75E7BAF80030ADF882
:106440005C30BAF80230ADF85E30BAF80430ADF81E
:106450006030BAF80630ADF862304FF0FF321146C6
:1064600017A80DF057FBB9F90020BDF860300133D3
:10647000BDF85C105B1ABDF862100131BDF85E001A
:10648000091A1BB209B28B42A8BF0B465B1093429C
:10649000A8BF13460A9308F101039BB21C44A4B29F
:1064A0002B44DB1B99B20691A71B3FB21BB29F4244
:1064B000A8BF1F467F109742A8BF1746B9F92E30D4
:1064C00003EB070B0BFB0BF040000EF09DFB07905E
:1064D000B9F92E8008EB070508EBD872C2F34F021A
:1064E00008F001030F9368F0010313443B449BB28F
:1064F000ADF87830013292B2ADF87620361B3344D5
:10650000ADF8743006998B18ADF87A3000233A460E
:106510001DA923A8FAF778F8B8F1010F00F0BB869F
:106520004FEA680308930B9528460EF06DFB8046F2
:10653000002D46DD0B9B5A00079F002429B26E1EDA
:106540004644CDF830B09B46CDF834909146CDF816
:1065500038A08A46069608E0494638460EF075FD92
:106560004F440134A54240F3B286594640460EF0EE
:10657000C7FD23AB0093534622B200214046239E21
:10658000B0470028E8D0089A104698F800309B01E0
:1065900093FBF2F33B80012DE2DD42463946069E35
:1065A000944612F8013F9CF800C09C450EBF0B8832
:1065B0009B0193FBF0F34B800231B242F0D106967F
:1065C000CEE70EF083FB23A8F9F792FE089B012B80
:1065D00040F08C8600F059BE83420BD002331A88FB
:1065E000002AF9D0FF2A0FBF1E80920192FBF1F220
:1065F0001A80F1E7079A2046FEF7FEFE05FB05F537
:10660000002D0BDD07998B1E4A1E01EB4505A81EC8
:1066100033F8021F02F8011F9842F9D113A8F9F7C5
:106620009DFE28B9B9F80230B3F57F4F00F0BB8169
:106630001DAC01230A9A17A92046F9F7E5FF0021AE
:106640002046F9F7E1FD0D9000230993BDF85000B5
:106650000130BDF84C30C01A00B20EF0D5FA044635
:1066600006901C2123A80EF0F0FC19A92391289173
:106670002694B9F82C30ADF8943099F836308DF86E
:10668000A43099F802308DF8A530BDF84C30BDF932
:106690005040601C80B2C21AC2F3C03505FA82F2C3
:1066A00003EB62031FB20897BDF94E50ABB2BDF8C1
:1066B00052200132D21AC2F3C03606FA82F203EB3C
:1066C000620296B20C960FFA82F8ADF868401FFA93
:1066D0008BF4ADF86650021B12B2BA42B8BF3A460C
:1066E000ADF86420013B23441BB24345A8BF434699
:1066F000ADF86A30049B9A681BA80DF029FA0028AF
:1067000040F05581BDF95020ADF86820BDF95230F8
:10671000ADF86A300132121B12B208998A42B8BF32
:106720000A46ADF8642008F101020B9201331B1BED
:106730001BB29342B8BF1346ADF86630049B9A680B
:1067400019A91BA80DF004FA002840F0AE81BDF88D
:106750004C302344ADF86430BDF850301B1BADF80D
:106760006830BDF94E30ADF86630013B23441BB2B2
:106770004345A8BF4346ADF86A30049B9A6819A9FF
:106780001BA80DF0E5F9002840F00D8299F836308D
:106790008DF8A430BDF84C302344ADF86430BDF81A
:1067A00050301B1BADF86830BDF95230ADF86A307F
:1067B00001331B1B1BB20B9A9342B8BF1346ADF8B3
:1067C0006630049B9A6819A91BA80DF0C1F900282E
:1067D00040F06A8299F836308DF8A430BDF9503017
:1067E0005A1C121B12B2ADF86830BDF84E3023446B
:1067F0001BB2BDF85210091B09B2984502DA0C9B76
:1068000001331BB2ADF866300B464145B8BF434675
:10681000ADF86A30089B9A42B8BF1A46ADF86420BA
:10682000049B9A6819A91BA80DF092F9002840F062
:10683000B882BBF1000F1DDD0BEBDB7676100BF1A0
:10684000FF35079F3D4400202B46BBF1010F0BDDB8
:106850007A1E12F8011F93F800C082F800C003F8F6
:106860000119E91AB142F4DB5F44013000B25D4422
:106870008345E9DCBDF94C30ADF864305A1E224442
:1068800012B2BDF84E3023441BB2BDF85210091BA2
:1068900009B2984502DA0C9B01331BB2ADF86630A1
:1068A0000B464145B8BF4346ADF86A30089B5E1EB3
:1068B000B242A8BF3246ADF86820049B9A6819A975
:1068C0001BA80DF045F9002840F0E082BDF94C20EE
:1068D000ADF86420BDF94E30ADF86630013A22447F
:1068E00012B2B242A8BF3246ADF86820013B234441
:1068F0001BB24345A8BF4346ADF86A30049B9A6873
:1069000019A91BA80DF024F9002840F02E83BDF929
:106910004C30ADF86430BDF95220ADF86A20013238
:10692000121B12B20B998A42B8BF0A46ADF8662014
:10693000013B23441BB2B342A8BF3346ADF86830D5
:10694000049B9A6819A91BA80DF002F9002840F0D1
:106950008683BDF84C302344ADF86430BDF8503028
:106960001B1BADF86830BDF84E302344ADF86630DF
:10697000BDF852301B1BADF86A30069B2693049B72
:106980009A6819A91BA80DF0E3F8002840F0DE83EF
:10699000099B002B00F0188407980EF097F90698D1
:1069A0000EF094F9BFE44FF0FF330D934EE60A9AD0
:1069B00017A91BA80DF0EBF900287FF4A3AEBDF9D1
:1069C0006C60BDF8703001339B1B1BB20B93BDF99B
:1069D0006E300E93BDF94E300F93BDF95070099B88
:1069E0007BBB099B18460B9B002B7FF78BAE069A4F
:1069F0002692BDF86C30ADF86430BDF87030ADF85B
:106A0000683002238DF89C30BDF96E50BDF97230AC
:106A1000AB42FFF677AEA7EB0B030133F61A0E9BE2
:106A20000F995B1A0BFB0366079B1E4423AFCDF83F
:106A300038800F940446DDF81080CDF840909146E0
:106A400013E00A9A17A91BA80DF08EFA099B1846A5
:106A5000C9E7269639464046FBF7E8FE5E44013515
:106A60002DB2BDF97230AB4219DBADF86650ADF80E
:106A70006A50002CEDD15A46314648460EF058F97E
:106A80000B9B2A46BDF96C104846F9F7DFFB01283D
:106A900012BF8DF89C0002238DF89C30DAE7DDF8F8
:106AA00038800F9CDDF840902CE60A9A17A91BA8A5
:106AB0000DF06DF900287FF44AAEBDF96C60BDF8A9
:106AC000703001339B1B1BB20E93BDF96A300F93DC
:106AD000BDF972301093BDF95070099B7BBB099BC7
:106AE00018460E9B002B7FF732AE069A2692BDF811
:106AF0006C30ADF86430BDF87030ADF8683002230A
:106B00008DF89C30BDF97250BDF96E30AB423FF745
:106B10001EAEA7EB0B030133F61A0F9B10995B1AFD
:106B20000BFB0366079B1E4423AFCDF83C801094FB
:106B30000446DDF81080CDF84490914613E00A9A9F
:106B400017A91BA80DF010FA099B1846C9E726964D
:106B500039464046FBF76AFE5E44013D2DB2BDF961
:106B60006E30AB4219DCADF86650ADF86A50002CBF
:106B7000EDD15A46314648460EF0DAF80E9B2A46C9
:106B8000BDF96C104846F9F761FB012812BF8DF87A
:106B90009C0002238DF89C30DAE7DDF83C80109CE5
:106BA000DDF84490D3E50A9A17A91BA80DF0EFF879
:106BB00000287FF4EBADBDF870300133BDF86C20D8
:106BC0009B1A1BB20E93BDF96E70BDF96660099BEE
:106BD0003BB90E9B002B7FF7D9AD099B1A46069B4C
:106BE0000BE00A9A17A91BA80DF0BEF90E9B002B0B
:106BF0007FF7CCAD099B1A4600232693BDF86C3075
:106C0000ADF86430BDF87030ADF86830BDF96E5045
:106C1000BDF97230AB42FFF6B9ADBE1B079B0BFB53
:106C2000063623AFCDF83C8010941446DDF8108072
:106C3000CDF844A0DDF814A014E0BAF1FF0F3378CA
:106C40001EBF99F8362053431B0A8DF8A4303946ED
:106C50004046FBF7EBFD5E4401352DB2BDF97230C5
:106C6000AB421BDBADF86650ADF86A50002CE4D1A6
:106C70000E9A317806980EF085F90E9B2A46BDF9DA
:106C80006C100698F9F7E2FA012808BF02208DF887
:106C90009C0039464046FBF7C9FDDCE7DDF83C8047
:106CA000109CDDF844A071E50A9A17A91BA80DF005
:106CB0006EF800287FF48EADBDF870300133BDF85A
:106CC0006C209B1A1FB2002F7FF784ADBDF96A605C
:106CD000BDF972300E93099B03BB069B2693BDF84A
:106CE0006C30ADF86430BDF87030ADF86830BDF987
:106CF0007250BDF96E30AB423FF76CAD0E9BF61A89
:106D0000079B0BFB0636CDF838800F94099CDDF805
:106D10001080CDF840A0DDF818A020E00A9A17A94D
:106D20001BA80DF021F90023D8E70A9A17A91BA880
:106D30000DF01AF9059BFF2B33781EBF99F836200A
:106D400053431B0A8DF8A43023A94046FBF76EFD80
:106D50005E44013D2DB2BDF96E30AB421BDCADF897
:106D60006650ADF86A50002CDFD13A463178504673
:106D70000EF008F93B462A46BDF96C105046F9F76B
:106D800065FA012808BF02208DF89C0023A940461F
:106D9000FBF74CFDDCE7DDF838800F9CDDF840A008
:106DA00018E50A9A17A91BA80CF0F1FF00287FF438
:106DB00040ADBDF96C30BDF870200132D21A12B26C
:106DC0001546BDF95020A2EB0B0201329B1A0BF1C4
:106DD000FF320BFB0233079AD3180593099B1BBBA9
:106DE000099E069B26932A46002D7FF722ADBDF80B
:106DF0006C30ADF86430BDF87030ADF86830022307
:106E00008DF89C30BDF96E50BDF97230AB42FFF683
:106E100010AD23AFCDF838B0CDF83C801094069C6F
:106E20009046DDF810B011E00A9A17A91BA80DF0E2
:106E30009BF8099E059BD5E739465846FBF7F6FCBB
:106E400001352DB2BDF97230AB4219DBADF8665099
:106E5000ADF86A50002EEFD14246059920460DF05C
:106E600067FF43462A46BDF96C102046F9F7EEF954
:106E7000012812BF8DF89C0002238DF89C30DBE7BF
:106E8000DDF838B0DDF83C80109CD2E40A9A17A9EE
:106E90001BA80CF07CFF00287FF418ADBDF96C3006
:106EA000BDF870200132D21A12B215460BF1FF3232
:106EB000BDF964105B1A0BFB0233079AD3180593D4
:106EC000099B0BBB099F069B26932A46002D7FF743
:106ED000FDACBDF86C30ADF86430BDF87030ADF885
:106EE000683002238DF89C30BDF96E50BDF97230C8
:106EF000AB42FFF6EBACCDF820B00C94069C0E969E
:106F00001646DDF810B011E00A9A17A91BA80DF07B
:106F10002BF8099F059BD7E723A95846FBF786FC6A
:106F200001352DB2BDF97230AB4219DBADF86650B8
:106F3000ADF86A50002FEFD13246059920460DF08A
:106F4000F7FE33462A46BDF96C102046F9F77EF964
:106F5000012812BF8DF89C0002238DF89C30DBE7DE
:106F6000DDF820B00C9C0E9EB0E40A9A17A91BA86D
:106F70000CF00DFF00287FF4CAACBDF96C70BDF8B1
:106F800070300133DB1B1BB20593BDF96E80BDF978
:106F900066300893BDF964300C93099B63BB099B71
:106FA0001946069A2692059B002B7FF7B0ACBDF8D8
:106FB0006C30ADF86430BDF87030ADF86830022345
:106FC0008DF89C30BDF96E50BDF97230AB42FFF6C2
:106FD0009EAC089BA8EB03080C9BFF1A0BFB0877E1
:106FE000079B1F440DF18C0808940C960C46049ED8
:106FF000CDF83890914625E00A9A17A91BA80CF005
:10700000B3FF099B1946CCE75A46394648460DF06E
:107010008FFE059B2A46BDF96C104846F9F716F914
:10702000012812BF8DF89C0002238DF89C30414648
:107030003046FBF7FBFB5F4401352DB2BDF97230E2
:10704000AB4207DBADF86650ADF86A50002CDBD0E0
:107050002697ECE7089C0C9EDDF8389057E40A9AD6
:1070600017A91BA80CF093FE00287FF472ACBDF9A1
:107070006C60BDF8703001339B1B1BB20593BDF9EA
:107080006A70BDF972300893BDF964300B93099BA7
:1070900053BBDDF82480069A2692059B002B7FF7D0
:1070A00058ACBDF86C30ADF86430BDF87030ADF858
:1070B000683002238DF89C30BDF97250BDF96E30F6
:1070C000AB423FF746AC089BFF1A0B9BF61A0BFB33
:1070D0000766079B1E4423AF08944446DDF81080E2
:1070E000CDF82C90914625E00A9A17A91BA80CF020
:1070F0003BFFDDF82480CEE75A46314648460DF086
:1071000017FE059B2A46BDF96C104846F9F79EF814
:10711000012812BF8DF89C0002238DF89C3039465F
:107120004046FBF783FB5E44013D2DB2BDF96E3056
:10713000AB4207DCADF86650ADF86A50002CDBD0EE
:107140002696ECE7089CDDF82C9002E40A9A17A931
:107150001BA80CF01CFE00287FF41AACBDF970309F
:10716000BDF96C205E1CB61A36B2002E7FF710AC4B
:10717000ADF86420ADF86830BDF96E40BDF97230ED
:10718000A342FFF605AC23AD069FDDF81080ADF8F5
:107190006640ADF86A40314638460DF0B1FF3346DF
:1071A0002246BDF96C103846F9F750F88DF89C006E
:1071B00029464046FBF73AFB013424B2BDF9723050
:1071C000A342E4DAFFF7E4BB1DA8F9F791F80D98A4
:1071D000F9F764F8FFF7E0BBBAF90260BAF90420E6
:1071E000BAF90600B9F82810013989B2BAF8005086
:1071F000A5EB010C1FFA8CFCADF874C0B6B2771A7F
:10720000BFB2ADF876700A4492B2ADF87820084467
:1072100080B2ADF87A009BB2ACEB030CADF88CC039
:1072200002EB030CADF890C0FF1AADF88E70C718D2
:10723000ADF89270C5F101050D442A4412B2C6F1B1
:1072400001063144084400B28242A8BF02465210EF
:10725000B9F900108A42A8BF0A46134499F80210EF
:1072600003910294B9F82410ADF8041000921BB2F7
:107270001DAA23A90498FEF7CBFCFFF7D1B840461E
:107280000DF024FD23A8F9F733F805FB05F5002DD3
:107290007FF7C4A90CE00B9528460DF0B5FC80469D
:1072A000002DECDD01230893FFF744B905FB05F53C
:1072B000079B9A1E591E03EB4505A81E32F8023F94
:1072C0009B0901F8013F9042F8D1FFF7A7B9DDF81B
:1072D00030B0DDF83490DDF838A040460DF0F6FC13
:1072E00023A8F9F705F8089B012BDFD02CB2079FE4
:1072F0003A46089E31462046FEF77EF80F9B3344FF
:107300001946012B7FF77AA94FF47F5696FBF3F6C7
:107310000B9800FB00F000283FF46CA9BB1E03EBA8
:107320004000FFF75BB900002DE9F04FA3B00091DA
:1073300008929A46BDF9B0300593BDF9B4400F9458
:107340009DF8BC5006952E9DB5F9004011946B88B0
:107350004FF4803292FBF3FBB5F904300993B5F991
:10736000065010956542B44F87FB0523ED17C5EB1A
:10737000A30505F101086FF0090605FB06F6361BAB
:1073800028B20DF0DFFA81460FFA88F00DF0DAFA34
:10739000044605F15A0000B20DF0D4FA054608F192
:1073A0005A0000B20DF0CEFAC6F10A0206FB04F450
:1073B00002FB094487FB0413E417C4EBA304611127
:1073C0000C9106FB00F302FB053387FB0327DB1759
:1073D000C3EBA7035E111996099B1E020A96109D26
:1073E0002D020B9500988388013302889B1A9AB26C
:1073F0001DB2C388013341885B1A1BB21293002B64
:1074000040F38C8329466D001395013A319D6B1C26
:1074100013FA82F900250195059B0F9C04FB03F3E9
:10742000089A02EB43031C93CDF81CB0CDF80890EA
:107430008146D3468A46BFE209021202B9F90430F6
:107440001B021446D7E2199E03FB06F10C9F02FBB8
:1074500007F0091A0A9C04EBA10102FB06F403FBE6
:1074600007430B9A02EBA302B9F90450099BED1AEA
:1074700005FB06F31B1A0A9800EBA30305FB074460
:107480000B9800EBA404B6E200242646C1E2BAF150
:10749000000F40F37F8233463199309E0025284605
:1074A000AC460393DDF808E08EE0BAF1000F40F33C
:1074B000718233463199309E00252846DDF808C098
:1074C00009E04FF000020A701844013102362544E9
:1074D000614500F05F8208EB20221212F1D45A4578
:1074E000EFDA009F07EB252E5FEA2E2EE9D4059FE9
:1074F000BE45E6DA0F9F0EFB072202EB4202089F11
:10750000039207EB020E9EF801200492039ABA5CE4
:10751000049F02EB072232809EF802200A70D3E714
:10752000F6F7A4FD03681D8F514631980DF0E8FD74
:10753000BAF1000F40F32E8233463199309E002776
:107540003846BE46CDF810A00395CDF83490DDF84E
:107550000890DDF818A00AE081F800E0BAF1060F03
:107560001CD0184401310236274449451DD008EB90
:1075700020221212F0D45A45EEDA009D05EB272C9A
:107580005FEA2C2CE8D4059DAC45E5DA0F9D0CFB99
:107590000522089D35F812203280DFE73288039DEE
:1075A000AA4208BF81F800E0DBE7DDF810A0DDF8B3
:1075B0003490EFE181F800C0039B1844013102369A
:1075C0002544714500F0E68108EB20221212F1D427
:1075D0005A45EFDA009F07EB25273F12EAD4059BB7
:1075E0009F42E7DA0F9B03FB0722089B33F81270D8
:1075F00037801C9B9A5C0A70DEE7069B043B102BCD
:1076000000F2C881DFE813F011003D001A00C60146
:10761000C601C601C601C601C601C601C601C60132
:10762000C601C601C601C601360000231D93022211
:1076300015921E930BE000BF67666666F6F716FDAF
:1076400003681B8F1D930223159301231E93BAF128
:10765000000F40F39F810396DDF8C4E0309E049450
:1076600000273D46BC460BF1FF331A93CDF86C90D2
:10767000C1461FE000231D930223159301231E938F
:10768000E5E700231D930323159301231E93DEE7F3
:107690004FF000038EF800300CF1010C039B1D44E9
:1076A0000EF1010E0236049B1F440FFA8CF39A452B
:1076B00040F36E8109EB25221312E9D45B45E7DA2A
:1076C000009901EB27200112E2D4059CA142DFDAE8
:1076D0005FFA82F8C4B212F0800F65D1C8F17F085A
:1076E0004FEA480216924FF0FF320E9210F0800FD0
:1076F00062D1C4F17F04620017924FF0FF321492FE
:107700000F9A02FB01F218929A18159800FB02F2E8
:10771000089810440D900E9813EB000800F1AE810C
:10772000C34540F3E980149C0C191F9400F1E480D8
:107730000598A04240F3E080159C0E9800FB04F8E9
:107740000D994144209114990F9800FB01F104FB1D
:1077500001F414940D99081921901E98002800F046
:107760008380069805282DD00698142855D0069BAE
:10777000062B67D0FF238EF800300D994B780898C0
:10778000825C02EB03239BB2219A54780846149A38
:107790008A5C02EB042292B22099497810F8080022
:1077A00000EB012084B269E0A8F180084FEA4802AA
:1077B000169201220E9299E7803C620017920122F4
:1077C00014929DE78B781893219B9978209B9B7846
:1077D0000E931898884208D0179B03FB01F1C3F55C
:1077E000807300FB0313C3F3072118980E9CA0427B
:1077F00009D0169B03FB04F4C3F5807300FB03441C
:10780000C4F307230E930E9B0B44C3F347038EF878
:107810000030002B3FF440AFAFE705980F9C04FB0E
:1078200000F0089C04EB400018991944445C18943B
:107830000E9C0444615C0E910F9C1F9901FB040097
:10784000C15CC6E7089B9B5A1D998B4208D00D98D6
:10785000149BC35A8B4203D030F808308B4289D135
:1078600000238EF8003017E7089B9B5A0D9A32F8D8
:1078700008401499525AFF218EF800109A4237D0CE
:107880005BBA190411FA83F3A648034052BA1104F3
:1078900011FA82F20240D21A17990431C90801FB89
:1078A00002F203EB5212024061BA0C0414FA81F1A5
:1078B0000140C91A169C0434E40804FB01F103EBEF
:1078C0005113034042EA1242110411FA82F20240BB
:1078D00043EA1343190411FA83F303409B1AC3F3D9
:1078E0005A031344034043EA13435BBA3380D3E69D
:1078F000A342C5D13380CFE60D984078089CA25CA6
:1079000002EB002292B232800698062819D0142881
:107910001ED0052821D10D9A927803B31A9883427C
:1079200026D049BB149B002B02DB059B012B27D1E2
:10793000179BC3F1FF0302FB03F31B128EF8003009
:10794000AAE61D98821A18BF4FF0FF32D2B2E4E7C0
:107950001C9A1A441898125CDFE7FF22DDE7B8F1A1
:10796000000FC0F29E800BF1FF309842D9D198E011
:107970000E9B002BD5DD94E0059B013B994203D083
:1079800000238EF8003087E6149B002BF8DDCFE74C
:10799000DDF86C90309B139A13443093319B534421
:1079A0003193019B01330193029A524402921BB21C
:1079B000129A934280F2B280B9F90010B9F902200C
:1079C000019B1A44119B002B74D1079BB3F5807F58
:1079D0003FF432AD099D491B0A9E079800FB0161E7
:1079E000109BD21A0B9B00FB0234B9F904305B1BCD
:1079F00000FB03632246BAF1010F7FF745AD0AF1A0
:107A0000FF305B1A1B0293FBF0F6A41A240294FBCE
:107A1000F0F401F1800802F1800300932E9B1B7D9E
:107A200013F0010F7FF4E9AD069B043B102BB1D896
:107A300001A252F823F000BF21750108AB740108C0
:107A40002175010895790108957901089579010852
:107A500095790108957901089579010895790108CA
:107A600095790108957901089579010895790108BA
:107A700095790108957901088F7401080D9840786F
:107A8000089CA25C02EB002292B232800698062883
:107A90003FF457AF14283FF45BAF05283FF43BAFEA
:107AA000FF22169BC3F1FF0302FB03F31B128EF8A8
:107AB0000030F1E5099BCB1A1099521A0799B1F5DC
:107AC000807F3FF4C0AC199F03FB07F10C9D02FBC4
:107AD00005F0091A079E06FB01F10A9C04EBA1219F
:107AE00002FB07F403FB054306FB03F30B9A02EBCF
:107AF000A322B9F90450099BED1A05FB07F31B1AE1
:107B000006FB03F30A9F07EBA3230C9805FB004435
:107B100006FB04F40B9800EBA4246CE723B0BDE84B
:107B2000F08F00BF1FF8E007838801330288981A9E
:107B300000B27047C38801334288981A00B2704778
:107B400010B4019C012B07DD0138042844D8DFE87C
:107B500000F0150837261D00A0F1030CBCF1020F40
:107B6000F2D8002302980380891A01EBD17123888F
:107B700003EB610323805DF8044B704700230298F8
:107B800003808A1A2388D1182180F4E7891A09B260
:107B9000013B1BB291FBF3F1029B1980EBE78A1AC0
:107BA00011B291FBF3F3029A128813441BB2029AAA
:107BB000138003EBD373228802EB63032380DAE79D
:107BC000891A09B201331BB291FBF3F1029B1980B0
:107BD000238819442180CEE70023029A1380CAE744
:107BE00049B11368013B1360002B0FDB82681268F8
:107BF00052F823007047136801331360826851689C
:107C00008B4205DA126852F8230070470020704753
:107C1000002070472DE9F04F89B082460F4691460B
:107C20000493BDF948300193139E01220021F4F71B
:107C300001FA0446042200215046F4F7FBF9FB78D0
:107C400013F0020F15D013F0010F09D024B242F245
:107C5000D1739C4209D0854B0593854B009310E06E
:107C600000B242F2D173984207D1FB7823F00203AD
:107C7000FB70FB7813F0010FEDD17D4B05937B4B2F
:107C8000009300237380B38033613380B360F3606B
:107C9000CDF81C9049465046F5F794F9054610B3C7
:107CA0004FF40008DFF8D0B114E059462846F0F749
:107CB00064FA78B3FB7813F0040F0CBF01234FF084
:107CC000FF33E118079100290DDB5046F5F77AF9EB
:107CD000054640B1079C4C45E7D041462846F0F7A1
:107CE00046FA0028E1D0B6F90430002B02DD019AF3
:107CF0009B1AB380336913B9B6F904300493049B1B
:107D000073801DB1079B4B4500F09680079809B022
:107D1000BDE8F08F574B1A8800212846F4F78AF9FE
:107D2000029010F0FF0F64D0306901303061B388E9
:107D3000019A1344B380337D13F0010F6CD000EB34
:107D4000800080000CF060FF0390002850D0F168A4
:107D500051B1336903EB83039A00143A03980CF092
:107D6000E7FFF0680CF0B2FF336903EB8303039A7B
:107D700002EB830343F8145CFB7813F0010F14BF8C
:107D80000222052200212846F4F754F900B2336993
:107D900003EB8303039A02EB830323F8100CFB78B5
:107DA00013F0010F14BF0322062200212846F4F726
:107DB00041F900B2336903EB8303039901EB8303B9
:107DC00023F80E0C336903EB830301EB83029DF868
:107DD000083042F8083C336903EB830301EB83036B
:107DE00013F8042C22F0010203F8042CF16013E0D4
:107DF000FEE72846059B9847FB7813F0020F06D054
:107E0000B6F904300344049A93423FF76CAFB38849
:107E1000019A13440344B3802846009B9847B6F95F
:107E20000030984203DD2846009B98470346338084
:107E3000B3680133B3603DE7DAF808301B6853F8E4
:107E40002940F97807AAC1F380015046FFF7C8FE20
:107E5000002C3FF45BAF2046009B984730802046C3
:107E6000059B984770800123B3604FE75593000846
:107E70006193000882CF0020010006002DE9F04F39
:107E8000A7B00646B94B1A880021F4F7D3F8C0F31F
:107E9000000282F001029DF8973062F30003C0F304
:107EA000850262F34103C0F3C40060F382038DF8DE
:107EB0009730AF4B1A8800213046F4F7BBF85FFAD1
:107EC00080F8AC4B1A8800213046F4F7B3F85FFA1B
:107ED00080FBA94B1A8800213046F4F7ABF85FFA13
:107EE00080FA8DF896A0162200213046F4F7A2F809
:107EF000C3B207939DF8975015F0010952D115228E
:107F000000213046F4F796F803B20F9314220021B3
:107F10003046F4F78FF803B208933046F1F743FA8E
:107F20000990322200213046F4F784F80446F78A9B
:107F3000102200213046F4F77DF8A4B223181F4424
:107F4000BFB23046F2F7CEFD3F1AADF89270B78A55
:107F5000122200213046F4F76DF804443C44A4B2E8
:107F60003046F2F7B6FD241AADF89040B9F1000F93
:107F700040F07283012200213046F4F75BF804B22E
:107F80001494042200213046F4F754F803B21393FA
:107F900042F2D1739C4221D0079B012B37D024ABF6
:107FA0000B9370E3142200213046F4F743F803B238
:107FB0000F93152200213046F4F73CF803B20893E2
:107FC0003046F1F7D3F90990ABE796F8233013F078
:107FD000040F0BD00DF192030B9354E396F823306A
:107FE00013F0080FD8D124AB0B9302E00DF19203EC
:107FF0000B93079B012B03D00024ADF88E4044E087
:10800000B9F1000F08D00024ADF88E403DE0BAF180
:10801000000F07D124AB0B930023ADF88E304FF047
:10802000010A37E3BAF1010F05D00023ADF88E3015
:1080300024AB0B932EE30023ADF88E3015F0040F24
:1080400040F085809A4624AB0B93544688E0002587
:108050002C4607E08846DDF808A0834615B10F9B43
:10806000E41A24B29DF8973013F0010F68D030461F
:10807000F1F799F901460DF18E0301930B9B0093E3
:108080002BB222465046FFF75BFD9DF8975015F046
:10809000040F60D0B3685B68013B9A46079B012BD5
:1080A0005BD0B3685B68534540F391824546D9463F
:1080B00057460696002FC0F289829DF8883043F01B
:1080C00001038DF888308DF894508DF895904FF01D
:1080D0000003ADF87430ADF876300023209321937F
:1080E0001DAB0193089B0093099B3A4625A906986E
:1080F000FFF790FD0A909DF894509DF89590BDF97A
:1081000074301093BDF97640DDF880B0219E079B56
:10811000012B39D0BDF990300C93BDF992300D93FD
:108120001A979DF8973013F0010F40F07182134BAE
:108130001593134B0E9300231293124B11936FE27E
:108140003046F1F713F9014695E700249DE724AB8B
:108150000B9300249EE700239FE715F0010FA0D1A9
:108160000B9A1388234413809BE700BF8ACF00201B
:1081700088CF002086CF002084CF0020EF3A02086D
:10818000357B0108297B01089DF8973013F0010F1A
:1081900040F037820B9A138810995B1A1380BDF94F
:1081A00090300C93BDF992300D931A97BFE7228956
:1081B0009B1A1BB21434444507D0227C12F0010FE5
:1081C000F5D1E2680A4411B2F4E75C460027BC46E8
:1081D0000295CDF80CE00490CDF814B010E0FEE765
:1081E000207C40F0010020740127AEF808204D1BD0
:1081F00029B29A1A13B20CF1010C1434B44519D0F7
:10820000A646227C12F0010FF5D10029E7D0A589FE
:1082100093FBF1F010FB05F000B2B4F906208242A6
:10822000A8BF0246B4F904B05A45B8BF5A469042B6
:10823000D6D1DAE7029DDDF80CE00498DDF814B041
:1082400027B11EB15C4673460021B6E74F46814612
:10825000162200210698F3F7EDFEC3B20393002324
:10826000ADF86430ADF866300DF16603019319ABDB
:108270000093BDF97C30524609992846FFF760FC0F
:10828000129A12B1039B012B11D039460698F4F7CC
:1082900099FE0446002800F06A8106EB86030593E8
:1082A00016951796CDF80890DDF84880C2E006983C
:1082B000F1F75CF8BDF864300344ADF86430E4E7EE
:1082C0009DF897101AAAC1F380010698FFF788FC61
:1082D0000446ACE0179B002B44D059460023059878
:1082E0005BF82320A24205D0143105339842F7D120
:1082F000002601E0B1F90860B8F1000F34D094F81D
:10830000233043F0080323F0040384F8233004F1FE
:10831000140528460E9B9847B04200F0A9802046DD
:10832000F1F763FAA38AADF86C30E38AADF86E30EA
:10833000238BADF87030638BADF872303146284630
:10834000159B98471BAA29212046EEF73BFF2046A4
:10835000F4F734FE22462221EEF734FF2046F1F7EF
:1083600044FA85E00026C7E794F8233043F004037D
:1083700023F0080384F82330C9E704F11400119BAB
:108380009847109B1F1A3FB284E0002782E004F157
:1083900014000E9B9847BDF864301B1AADF864308A
:1083A0007FE02AF4C043B3F5FA6F00F39780B3F58A
:1083B0007A7FC8BFC3F57A73049A03FB02F21346AF
:1083C0009F4A82FB0312DB17C3EB62130FFA83FA97
:1083D00084E029F4C043B3F5FA6F00F38580B3F568
:1083E0007A7FC8BFC3F57A7303FB00F0944B83FB1D
:1083F0000023C017C0EB63130FFA83F974E004F194
:1084000014000E9B9847089BC318BDF966201344BF
:10841000BDF8642013441BB2ADF864309DF897108A
:108420001AAAC1F380010698FFF7DAFB0446002C74
:1084300000F0BC801A9B0A9A9A4200F0958081490C
:108440002046EFF79AFE00287FF43AAF7E4B1A8859
:1084500000212046F3F7EEFD10F0FF0F7FF43AAF56
:1084600094F8233003F0F70323F0040384F8233057
:10847000029B012B81D0022B87D104F11400119BA8
:108480009847109B5F1C27F001073F1A07EBD7772F
:1084900047F34F07B8F1000F03D0039B012B3FF4C4
:1084A00076AF6B2200212046F3F7C4FD06460FFA93
:1084B00080FA6C2200212046F3F7BCFD05460FFA36
:1084C00080F92046F0F746FF04902046F0F748FF79
:1084D00006F4C046B6F5005F3FF463AF05F4C0454F
:1084E000B5F5005F3FF475AFA38A0C9AD31A5344D5
:1084F0009BB2E28A0D998A1A4A4492B2B8F1000FEF
:1085000079D0BDF864100B449EB21DB23A4497B2C4
:10851000ABB23B4317D02046F1F767F9A38A334447
:10852000A382238B33442383E38A3B44E382638B1C
:108530003B4463832046F1F758F900233AB22946B9
:108540002046F0F7C3FFB8F1000F3FF458AF039B8C
:10855000012B7FF454AFBDF86430BDF866209B1A40
:10856000089A9B1A1BB257E7169DDDF80890BBF1DD
:10857000000F02D058460CF0A9FB079B012B19D025
:10858000BDF88E30109A1A4413460F9A13440B9A72
:10859000128813441BB20B9A1380069B9B685B687E
:1085A0000A9FBB423FF786AD069E10E0169DDDF8A0
:1085B0000890DCE7129B002BE2D1BDF88E200F9BC8
:1085C0001A440B9B1B889B1A1BB2E4E7069E42F2DF
:1085D000D173149A9A420AD0139A9A4207D0002271
:1085E0002B213046EEF7EEFD27B0BDE8F08F304688
:1085F000F1F7E4FBF3E73B449EB21DB2BDF96470B2
:1086000084E7BDF990300C93BDF992300D931A9721
:108610000E4B15930E4B0E93012312930D4B11939A
:10862000BDF878A0A4EB0A0A0FFA8AFA06EB8608CE
:108630000BEB8808D6464846A246B94601E600BF7D
:108640001F85EB510100060082CF0020E53A0208A9
:10865000297B0108357B0108012200213046F3F710
:10866000E9FC03B21493042200213046F3F7E2FC44
:1086700003B21A46139342F2D1739A423FF4A5AC67
:108680000DF192030B930023ADF88E30BAF1000F79
:108690003FF45BAD15F0040F1DBFB3685B6803F1D9
:1086A000FF3300231A46B16849688B42BFF6CFAC4E
:1086B00000252C460DF194091DAF4146CDF808A0C8
:1086C000DDF83C80DDF820A05846DDF824B0002A13
:1086D000FFF6C0AC9DF8883023F001038DF8883098
:1086E0008DF894108DF895000197CDF800A05B46A9
:1086F00049463046FFF78EFA02469DF894109DF8E1
:108700009500BDF87430434423441CB20135B3686E
:108710005B689342DBDC8846DDF808A083469DE475
:1087200008B500210F48F0F781FD0F4B188000209D
:108730000DF096FA0D4B188004200DF091FA0C4BB9
:10874000188004200DF08CFA0A4B188004200DF0DC
:1087500087FA094B188004200DF082FA074B188025
:1087600008BD00BF7D7E01088CCF00208ACF00208D
:1087700088CF002086CF002084CF002082CF002029
:1087800008B513460A4602490988F4F768F808BD97
:108790008ACF002010B504460022FFF7F1FF002227
:1087A000024B19882046F4F7D0FB10BD8CCF002077
:1087B00008B513460A4602490988F4F750F808BD7F
:1087C00088CF002008B513460A4602490988F4F705
:1087D00046F808BD86CF002008B513460A46024970
:1087E0000988F4F73CF808BD84CF002070B5044632
:1087F00016461D460022FFF7DBFF002231462046C9
:10880000FFF7E0FF002229462046FFF7E5FF0022A0
:10881000024B19882046F4F798FB70BD8CCF0020DE
:1088200008B513460A4602490988F4F718F808BD46
:1088300082CF002010B504460022FFF7F1FF20464A
:10884000F4F7BCFBF0F7D2FC10BD00002DE9F041BD
:108850008446069D079E089C9DF8247079B30022EB
:108860002280012D0FD02146B01EA4F1020808EB92
:108870004508B1F900E030F8022F1A44724421F89B
:10888000022F4145F5D105F10043013B34F81300B7
:1088900036F8133018442388C01A00B26FB1023C76
:1088A000023E002234F8023F36F8021F0B44ACEBC4
:1088B0000303238001329542F4D8BDE8F081111FF3
:1088C000C9B2022902D8012D24D00023002D5FD087
:1088D000A6F1020E0EEB450800213EF8020F1844E7
:1088E000014488B209B2C645F7D199B2062AB8D870
:1088F0000FF2040E5EF822F01B890108238901089B
:1089000037890108638801087B8901085D890108AE
:108910004389010800230122DAE700222280A0E730
:108920000020421A12B2ACEB020202EBD2725210D9
:10893000228096E7002001EB0C02121A228090E7B9
:1089400000200023238001EB0C031B1A1BB26A1EBC
:1089500012B293FBF2F31BB283E7002001EB0C028F
:10896000121A12B22BB292FBF3F213B2C2F3C0325C
:108970001A445210228074E7002001EB0C031B1AEA
:108980001BB26A1C12B293FBF2F31BB2238068E79E
:1089900099B2062A3FF667AF01A050F822F000BF57
:1089A0001B890108218901083589010867880108A8
:1089B000798901085B890108418901082DE9F04F97
:1089C00095B08346B74B1A880021F3F733FB044672
:1089D000B54B1A8800215846F3F72CFB002C00F009
:1089E0002A84002800F0278400215846F4F7EAFA88
:1089F00068B3AD4B1A8800215846F3F71BFB0646B7
:108A0000B0F9002041F6FF739A4225D002460023B8
:108A100041F6FF70013332F9021F8142FAD158004A
:108A200012930CF0F1F80E90129840000CF0ECF854
:108A30001090129C002C74D0B11E4FF0000A9B4F76
:108A4000DFF8788204910596564689463FE01C215E
:108A50000DA80CF0FAFAF5E100200346E0E7013436
:108A60005846F4F7C4FA844225D221465846F4F712
:108A7000A9FA82463946EFF780FB0028EFD1B8F813
:108A8000002000215046F3F7D5FAC0B20128E6D104
:108A9000874B1A8800215046F3F7CCFAC0B2B04297
:108AA000DDD15046F0F75CFCA842D8DB5046F0F729
:108AB00057FC0546D3E7002D109AAEBF22F816509A
:108AC000002122F816100136129CA64208D239F96C
:108AD000021F41F69A729142F5D10024754DBFE70D
:108AE0000499059E002C38D000252C462A4641F6D4
:108AF0009A770DE0BB4207BF109B33F812301098F5
:108B000020F812301D442DB20132129B9A4209D234
:108B100031F9023FBB42EDDDA3F5FC531B3B1C4486
:108B2000F2E70025142200215846F3F783FA07469E
:108B30005846F0F738FC129A531E13FB07F3C01A7D
:108B4000401B00B220EAE0704AB3023E00224FF020
:108B5000FF35114641F69A7705E00025E2E701313D
:108B6000129B994210D236F9023FBB42F7DDA3F5C2
:108B7000FC531B3B1AB202FB00F3B3FBF4F3109D52
:108B800025F811300D46EAE7002D08DBA31A00FB9B
:108B900003F3B3FBF4F3C01A109B23F81500414B09
:108BA0001A8800215846F3F745FA06465846F0F76A
:108BB000DDFB0446B6F9002041F6FF739A4222D04D
:108BC0003246002341F6FF70013332F9021F814221
:108BD000FAD1580011930CF017F80D90119840003D
:108BE0000CF012F80F90119D002D00F08280B11E44
:108BF0004FF0000A2D4FDFF8C88004910594894694
:108C0000544606963AE000200346E3E7013558460D
:108C1000F4F7EDF9854225D229465846F4F7D2F902
:108C200082463946EFF7A9FA0028EFD1B8F80020BC
:108C300000215046F3F7FEF9C0B20128E6D11E4BE1
:108C40001A8800215046F3F7F5F9C0B2A042DDD1F1
:108C50005046F0F77FFBB042D8DB5046F0F77AFB86
:108C60000646D3E7002E0F9AAEBF22F8146000210B
:108C700022F814100134119DAC4208D239F9021FB8
:108C800041F69A729142F5D100250A4EBFE7049948
:108C9000059C069E002D44D000273D463A4641F6ED
:108CA0009A7C1DE0A0CF00209CCF00200100060090
:108CB00092CF002001E0FFFF98CF002090CF00204E
:108CC00096CF0020634507BF0F9B33F812300F98F3
:108CD00020F812301F443FB20132119B9A4209D250
:108CE00031F9023F6345EDDDA3F5FC531B3B1D4409
:108CF000F2E70027152200215846F3F79BF9119A55
:108D0000531E13FB00F3E01AC01B00B220EAE07010
:108D10004AB3023E00224FF0FF34114641F69A77E3
:108D200005E00027E6E70131119B994210D236F9A0
:108D3000023FBB42F7DDA3F5FC531B3B1AB202FB1B
:108D400000F3B3FBF5F30F9C24F811300C46EAE76F
:108D5000002C08DBAB1A00FB03F3B3FBF5F3C01ADE
:108D60000F9B23F81400152200215846F3F762F9EF
:108D700007B2142200215846F3F75CF906B2162216
:108D800000215846F3F756F9C2B2012A14BF4FF03A
:108D900000084FF00108012200215846F3F74AF974
:108DA00005B2042200215846F3F744F904B242F216
:108DB000D1739D4203BF9BF82390C9F3C00989F08A
:108DC00001094FF000095846F0F7D0FA0546384B34
:108DD0001A8800215846F3F72DF9CDF80C800D9B29
:108DE00002930F9B0193119B00933B46C2B24946ED
:108DF0002846FFF72BFDADF84C0042F2D1739C42A0
:108E000003BF9BF82350C5F3800585F001050025BD
:108E10005846F0F7C8FA0446264B1A8800215846EF
:108E2000F3F708F9002303930E9B0293109B019321
:108E3000129B00933346C2B229462046FFF706FD37
:108E4000ADF84E000C210AA80CF0FFF832220021E8
:108E50005846F3F7EFF80546122200215846F3F77B
:108E6000E9F8ADB22C18A4B2102200215846F3F74D
:108E7000E1F80544ADB2BBF814301C44A4B2584626
:108E8000F1F727FE241AADF83040BBF816301D4428
:108E9000ADB25846F1F726FE2D1AADF83250DBF888
:108EA00008305A68002A00F0A3810027BAE000BF0A
:108EB0009ECF00209ACF0020B9F1000F00F0C281B0
:108EC000B9F1020F40F01281258B0135A38AED1A0A
:108ED0002DB2668B0136E38AF61A36B20D9B33F952
:108EE0001890049A94F8233062F3C30384F8233073
:108EF000069A022A00F03781BDF91430032A00F0E7
:108F00001E81012A00F023810E9B33F91A3005934C
:108F100094F82330049A62F3820384F823302046C5
:108F2000F0F718FAA84200F02E81A38AADF820309D
:108F3000E38AADF82230238BADF82430638BADF893
:108F400026302046F0F751FC04F1140329461D4653
:108F500018460AF0C7FD314628460AF0C8FD2046EB
:108F6000F0F743FC08AA29212046EEF72BF920460A
:108F7000F4F724F822462221EEF724F96B2200218F
:108F80002046F3F757F806460FFA80F86C220021C6
:108F90002046F3F74FF805460FFA80FA2046F0F71F
:108FA000D9F904902046F0F7DBF906F4C046B6F58F
:108FB000005F00F0EF8005F4C045B5F5005F00F0FC
:108FC0000181BDF83050A38AED1A4D444544ADB23D
:108FD000BDF83260E38AF61A059B1E445644B6B2C9
:108FE00055EA060317D02046F0F7FFFBA38A2B446F
:108FF000A382238B2B442383E38A3344E382638B52
:10900000334463832046F0F7F0FB002332B229B2E9
:109010002046F0F75BFA0137DBF808305A68BA42AD
:1090200040F2E6801B6853F8274093492046EFF74B
:10903000A4F804900028EED1904B1A880021204615
:10904000F2F7F8FF05468E4B1A8800212046F2F70A
:10905000F1FF10F0FF06DED015F0FF05DBD0894BE5
:109060001A8800212046F2F7E5FF5FFA80F8864B68
:109070001A8800212046F2F7DDFF5FFA80FA834B61
:109080001A8800212046F2F7D5FF5FFA80F9804B5D
:109090001A8800212046F2F7CDFFC3B206930D993E
:1090A00045446FF0004215440F9B33F8153031F8FA
:1090B0001500034431F818105B1A9BB207930E9900
:1090C00056441644109B33F8163031F816201344DA
:1090D00031F81A209B1A9BB20593162200212046D4
:1090E000F2F7A8FFC0B201283FF4E6AE258B0135A8
:1090F000A38AED1A2DB2668B0136E38AF61A36B2D0
:10910000B9F1020F00F0A880BDF91C30B9F1030FCE
:109110000FD0B9F1010F7FF4E1AE5B1B03EBD3730A
:109120000D9A32F8189009EB63090FFA89F9049A3D
:10913000D8E60D9A32F918901D460122D2E60E9A11
:1091400032F91A2005921E4601230493E0E69B1B88
:1091500003EBD3730E9A32F81A8008EB63080FFA08
:1091600088F30593D4E60E9B33F81A80059B43449D
:109170001FFA83F82046F0F7F3F8A8EB00080FFA7F
:1091800088F30593C4E62046F0F7EAF8B0427FF48E
:10919000CCAEF3E628F4C043B3F5FA6F3FF70BAF5C
:1091A000B3F57A7FC8BFC3F57A73049A03FB02F262
:1091B0001346384A82FB0312DB17C3EB62130FFA24
:1091C00083F8F8E62AF4C043B3F5FA6F3FF7F9AE37
:1091D000B3F57A7FC8BFC3F57A7303FB00F02D4B5C
:1091E00083FB0023C017C0EB63100FFA80FAE8E698
:1091F0000D980BF06BFD0E980BF068FD0F980BF0BF
:1092000065FD10980BF062FD012200215846F2F72F
:1092100011FF04B2042200215846F2F70BFF00B2FE
:1092200042F2D1739C4209D0984207D000222B21F0
:109230005846EDF7C7FF15B0BDE8F08F5846F0F778
:10924000BDFDF3E7258B0135A38AED1A2DB2668BA0
:109250000136E38AF61A36B20D9B33F81890079B55
:109260004B441FFA83F92046F0F774F8A9EB000984
:109270000FFA89F9049A35E60100060096CF00201E
:1092800090CF002098CF002092CF002094CF0020D4
:109290008ECF00201F85EB5108B500211B48EFF74A
:1092A000C5FF1B4B188004200CF0DAFC194B18800A
:1092B00004200CF0D5FC184B188004200CF0D0FCD6
:1092C000164B188004200CF0CBFC154B18800420A2
:1092D0000CF0C6FC134B188004200CF0C1FC124BA0
:1092E000188004200CF0BCFC104B188004200CF0FB
:1092F000B7FC0F4B188004200CF0B2FC0D4B18800B
:1093000004200CF0ADFC0C4B188008BDBD89010891
:10931000A2CF0020A0CF00209CCF00209ECF002015
:109320009ACF002090CF002092CF002096CF00202F
:1093300098CF002094CF00208ECF002008B5FFF7F3
:10934000EFF9FFF7A9FF08BD70B50C460846F3F723
:1093500035FE78B1B1492046EFF7A2F9002800F0B8
:1093600097802046F3F72AFE0546AD49EFF798F9B6
:10937000A0B170BDAB4D002229682046F3F7E8F993
:1093800029684FF4803208312046F3F7E1F9296863
:10939000A54A10312046F3F7DBF9EAE72846F3F750
:1093A0000DFE9F49EFF77CF968BB2046F3F725FED9
:1093B00038B92046F3F702FE9C49EFF771F900280F
:1093C00036D12046F3F719FE01283FD02046F3F7A7
:1093D000F5FD9749EFF764F90028CAD1914D296846
:1093E000002218312046F3F7B3F929684FF4803290
:1093F00008312046F3F7ACF929688B4A1031204632
:10940000F3F7A6F9B5E7874D296800228031204699
:10941000F3F79EF929684FF4803208312046F3F7BC
:1094200097F92968804A10312046F3F791F9A0E7AF
:109430007C4D2968002248312046F3F789F92968D4
:10944000002270312046F3F783F992E72046F3F7C4
:10945000B5FD7649EFF724F90028B7D0714D002209
:1094600029682046F3F774F92968002280312046E4
:10947000F3F76EF929684FF4803208312046F3F78C
:1094800067F92968684A10312046F3F761F970E7F7
:1094900068492046EFF704F9002856D0614D296845
:1094A000002220312046F3F753F9296800222831A1
:1094B0002046F3F74DF929680022D0312046F3F712
:1094C00047F92968202258312046F3F741F92968E5
:1094D0002022D8312046F3F73BF929680422A03135
:1094E0002046F3F735F929682022C8312046F3F7E2
:1094F0002FF92968012238312046F3F729F9296824
:10950000802260312046F3F723F92046F3F756FD19
:109510004949EFF7C5F840B92046F3F74FFD4749F1
:10952000EFF7BEF800283FF424AF3E4D2968002233
:1095300001F5E8712046F3F70BF92968202201F5BF
:10954000F0712046F3F704F913E73D492046EFF7A1
:10955000A7F840B1334B1968002201F5A8712046E5
:10956000F3F7F6F805E737492046EFF799F80028B2
:1095700000F01C812046F3F721FD3349EFF790F806
:1095800000286DD12046F3F719FD2549EFF788F83B
:10959000002840F099802046F3F710FD2449EFF7AA
:1095A0007FF8002840F0CD801E4D29680022183138
:1095B0002046F3F7CDF829680422A0312046F3F7BE
:1095C000C7F829680822A8312046F3F7C1F82968AE
:1095D0004FF4A02220312046F3F7BAF829681B4A3D
:1095E00060312046F3F7B4F82968194A583120460B
:1095F000F3F7AEF82968174A28312046F3F7A8F8A0
:109600002968154AA0312046F3F7A2F82968134AC1
:10961000A8312046F3F79CF8ABE600BF30B204084F
:1096200004BA040814D000204000010058BA04080D
:10963000BCB30408503505087CB8040898B8040881
:10964000303605086C350508B0B9040880000500FF
:1096500020000500010005000400050008000500C9
:10966000BB4D2968002201F5FC712046F3F770F824
:109670002968002288312046F3F76AF829684FF4F8
:10968000A02220312046F3F763F82968B14A583107
:109690002046F3F75DF82968AF4A60312046F3F7BA
:1096A00057F82968AD4A28312046F3F751F8296860
:1096B000AB4A30312046F3F74BF82968A94A4031CC
:1096C0002046F3F745F854E6A14D296800225031B1
:1096D0002046F3F73DF829680422A0312046F3F72D
:1096E00037F82968042201F50C712046F3F730F8A9
:1096F0002968984A58312046F3F72AF8974E296886
:10970000324630312046F3F723F82968324601F516
:109710000E712046F3F71CF8033629683246A03153
:109720002046F3F715F829688E4AA8312046F3F74A
:109730000FF82968324601F50C712046F3F708F856
:1097400017E6834D2968002201F5C0712046F2F723
:10975000FFFF29680422A0312046F2F7F9FF2968AB
:109760000822A8312046F2F7F3FF29684FF4A0221F
:1097700001F5C4712046F2F7EBFF2968754A5831AC
:109780002046F2F7E5FF2968734A60312046F2F778
:10979000DFFF2968724AA0312046F2F7D9FF296815
:1097A000704AA8312046F2F7D3FFE2E56E49204621
:1097B000EEF776FF38B3664D296800223031204637
:1097C000F2F7C6FF29680022B0312046F2F7C0FF49
:1097D00029680422A0312046F2F7BAFF296808223E
:1097E000A8312046F2F7B4FF29684FF4003228313F
:1097F0002046F2F7ADFF29684FF40032B031204621
:10980000F2F7A6FFB5E559492046EEF749FF0028D3
:1098100042D04F4D2968002230312046F2F798FFA0
:1098200029680022B0312046F2F792FF296804220D
:10983000A0312046F2F78CFF29680822A831204683
:10984000F2F786FF29684FF4003228312046F2F7FC
:109850007FFF29684FF40032B0312046F2F778FFDD
:1098600029684FF44032F0312046F2F771FF404E44
:1098700029683246C8312046F2F76AFF29684FF45A
:109880004032D0312046F2F763FF29683246D831A2
:109890002046F2F75DFF6CE536492046EEF700FF03
:1098A00000286BD02A4D2968002218312046F2F793
:1098B0004FFF2968002268312046F2F749FF2968E6
:1098C0000022B8312046F2F743FF29680422A03174
:1098D0002046F2F73DFF29680822A8312046F2F71A
:1098E00037FF29684FF4803208312046F2F730FF05
:1098F0002968214A10312046F2F72AFF29684FF4DF
:10990000A02250312046F2F723FF29684FF4A0220D
:1099100001F5AC712046F2F71BFF29684FF4A02235
:1099200080312046F2F714FF29680A4A5831204650
:10993000F2F70EFF29680A4A28312046F2F708FF9D
:109940002968084A38312046F2F702FF11E500BFC6
:1099500014D0002020000500800005000100050053
:1099600004000500080005003435050884360508A4
:1099700020000300BC36050840000100B049204625
:10998000EEF78EFE002843D0AE4D296800228831C4
:109990002046F2F7DDFE29680422A0312046F2F7C6
:1099A000D7FE2968A84A60312046F2F7D1FE29681F
:1099B0004FF4003201F59C712046F2F7C9FEA34E28
:1099C0002968324628312046F2F7C2FE296832461D
:1099D00001F5A0712046F2F7BBFE1F36296832461A
:1099E00058312046F2F7B4FE29683246C831204685
:1099F000F2F7AEFE29683246D8312046F2F7A8FECB
:109A000029684FF40032D0312046F2F7A1FEB0E4CD
:109A10008F492046EEF744FE00285CD0894D296826
:109A2000002248312046F2F793FE29680022B03127
:109A30002046F2F78DFE29680022E8312046F2F731
:109A400087FE2968802260312046F2F781FE29686E
:109A50000422A0312046F2F77BFE7C4E2968324674
:109A600028312046F2F774FE29684FF40032B031F5
:109A70002046F2F76DFE2968734A60312046F2F7FE
:109A800067FE29684FF44032F0312046F2F760FE5D
:109A900029684FF4403250312046F2F759FE2968C8
:109AA0004FF4403201F5A4712046F2F751FE2968C7
:109AB000684A60312046F2F74BFE29683246D831B9
:109AC0002046F2F745FE29684FF40032D83120468F
:109AD000F2F73EFE4DE460492046EEF7E1FD002836
:109AE00041D0584D2968002218312046F2F730FE47
:109AF0002968002278312046F2F72AFE29680022E0
:109B000001F594712046F2F723FE29684FF4803264
:109B100008312046F2F71CFE2968504A10312046D1
:109B2000F2F716FE29684FF4A02201F5887120464D
:109B3000F2F70EFE29684FF4003201F58C712046D1
:109B4000F2F706FE29684FF4C02201F59071204615
:109B5000F2F7FEFD29684FF4E02201F588712046F6
:109B6000F2F7F6FD05E43E492046EEF799FD68B3AD
:109B7000344D2968002218312046F2F7E9FD2968A2
:109B80000022E0312046F2F7E3FD296800229031FF
:109B90002046F2F7DDFD2968002298312046F2F7D1
:109BA000D7FD29680422A0312046F2F7D1FD2968AB
:109BB0000822A8312046F2F7CBFD29684FF4802215
:109BC00028312046F2F7C4FDFFF7D3BB25492046D4
:109BD000EEF766FD002847D01A4D2968002218319B
:109BE0002046F2F7B5FD2968002278312046F2F7C9
:109BF000AFFD29680022D0312046F2F7A9FD29687F
:109C00002022D8312046F2F7A3FD296820225831BE
:109C10002046F2F79DFD29680422A0312046F2F784
:109C200097FD29680822A8312046F2F791FD29689E
:109C30004FF40032D8312046F2F78AFDFFF799BB86
:109C4000A435050814D000208000020001000200A5
:109C5000A03605088000030040B40408400001005D
:109C600068360508DC350508B9492046EEF718FDC9
:109C700000283BD0B74D2968002218312046F2F762
:109C800067FD29680022C0312046F2F761FD29688E
:109C9000002290312046F2F75BFD2968002201F591
:109CA00098712046F2F754FD29684FF4803208314C
:109CB0002046F2F74DFD2968A74A10312046F2F7F9
:109CC00047FD29684FF4802250312046F2F740FDCD
:109CD0002968A24A28312046F2F73AFD2968A04AAD
:109CE00058312046F2F734FDFFF743BB9D4920462B
:109CF000EEF7D6FC00B3974D2968002201F580717C
:109D00002046F2F725FD29684FF4003201F58071F5
:109D10002046F2F71DFD29684FF4003201F58471E9
:109D20002046F2F715FD29684FF44032F031204605
:109D3000F2F70EFDFFF71DBB8B492046EEF7B0FC96
:109D4000C8B1844D2968002201F580712046F2F7E0
:109D5000FFFC29684FF4003201F580712046F2F7CC
:109D6000F7FC29684FF4003201F584712046F2F7C0
:109D7000EFFCFFF7FEBA7D492046EEF791FCB0B14B
:109D8000744D2968002218312046F2F7E1FC296859
:109D90000022B0312046F2F7DBFC29684FF4003294
:109DA00001F5B4712046F2F7D3FCFFF7E2BA70492F
:109DB0002046EEF775FC00283CD0664D296800224D
:109DC00018312046F2F7C4FC296800227831204679
:109DD000F2F7BEFC2968802260312046F2F7B8FC19
:109DE00029680422A0312046F2F7B2FC2968082233
:109DF000A8312046F2F7ACFC29684FF480320831D4
:109E00002046F2F7A5FC2968534A10312046F2F7A4
:109E10009FFC2968574A01F5B8712046F2F798FC73
:109E200029684FF4002201F5BC712046F2F790FC3E
:109E3000FFF79FBA50492046EEF732FC70B1454D0E
:109E40002968002218312046F2F782FC2968002296
:109E500068312046F2F77CFCFFF78BBA4749204671
:109E6000EEF71EFC48B13B4B1968002201F5C871A2
:109E70002046F2F76DFCFFF77CBA41492046EEF729
:109E80000FFC48B1334B1968002201F5C871204618
:109E9000F2F75EFCFFF76DBA3A492046EEF700FC98
:109EA00000287DD000222B4B19682046F2F750FC89
:109EB000354B1B78012B274B19680CBF783170315B
:109EC00000222046F2F744FC224D29680422A031EA
:109ED0002046F2F73DFC29680822A8312046F2F717
:109EE00037FC29684FF4A02220312046F2F730FCDD
:109EF0002968264A60312046F2F72AFC29684FF487
:109F0000A02250312046F2F723FC29684FF4A0220A
:109F100001F502712046F2F71BFC29681C4A5831F2
:109F20002046F2F715FC29681A4A48312046F2F714
:109F30000FFC2968184A30312046F2F709FC2968DD
:109F4000164A40312046F2F703FCFFF712BA00BF71
:109F5000C035050814D000204000010001000400B5
:109F60002000040018350508E8B9040878B9040889
:109F7000D836050802000700BCB3040808B404087A
:109F800024B40408F0B70408EECF002080000500D8
:109F90002000050001000500040005000800050080
:109FA000BA492046EEF77CFBA0B9B9492046EEF746
:109FB00077FB60B3B74D2968002248312046F2F79D
:109FC000C7FB2968002201F508712046F2F7C0FBA3
:109FD000FFF7CFB9AF4D2968002218312046F2F7BC
:109FE000B7FB2968002201F504712046F2F7B0FBA7
:109FF00029684FF4803208312046F2F7A9FB29681E
:10A00000A54A10312046F2F7A3FBFFF7B2B9A349E6
:10A010002046EEF745FB48B39E4D2968002250319B
:10A020002046F2F795FB2968002201F506712046CB
:10A03000F2F78EFB2968042228312046F2F788FBCC
:10A040002968042201F508712046F2F781FB29688E
:10A05000202201F508712046F2F77AFB29682022B8
:10A0600058312046F2F774FBFFF783B98C4920463C
:10A07000EEF716FB78B1874D29680022183120468B
:10A08000F2F766FB2968002201F5D0712046F2F74D
:10A090005FFBFFF76EB983492046EEF701FBB0B1D5
:10A0A0007C4D2968002201F5D8712046F2F750FB5B
:10A0B00029684FF4803208312046F2F749FB2968BD
:10A0C000754A10312046F2F743FBFFF752B9764943
:10A0D0002046EEF7E5FAB0B16E4D2968002201F591
:10A0E000DC712046F2F734FB29684FF480320831E6
:10A0F0002046F2F72DFB2968674A10312046F2F717
:10A1000027FBFFF736B969492046EEF7C9FA10B3C5
:10A11000604D2968002201F5D4712046F2F718FB42
:10A120002968202201F5F0712046F2F711FB296819
:10A13000212230312046F2F70BFB29680122303111
:10A140002046F2F705FB2968042228312046F2F761
:10A15000FFFAFFF70EB956492046EEF7A1FA20B9EB
:10A1600054492046EEF79CFA48B14A4B1968002240
:10A1700001F5E4712046F2F7EBFAFFF7FAB84E4921
:10A180002046EEF78DFAB0B1424D2968002201F564
:10A19000E0712046F2F7DCFA29684FF4803208318A
:10A1A0002046F2F7D5FA29683B4A10312046F2F7EB
:10A1B000CFFAFFF7DEB841492046EEF771FA48B111
:10A1C000344B1968002201F5EC712046F2F7C0FA11
:10A1D000FFF7CFB83A492046EEF762FA48B12D4B67
:10A1E0001968002201F5F4712046F2F7B1FAFFF781
:10A1F000C0B834492046EEF753FA78B1254D2968A6
:10A20000002218312046F2F7A3FA2968002201F54E
:10A21000F8712046F2F79CFAFFF7ABB82A492046BE
:10A22000EEF73EFA48B11B4B1968002201F50071A8
:10A230002046F2F78DFAFFF79CB824492046EEF746
:10A240002FFA002844D0134D2968002218312046E7
:10A25000F2F77EFA2968002278312046F2F778FA80
:10A2600029680422A0312046F2F772FA29680822F0
:10A27000A8312046F2F76CFA29684FF4E022283121
:10A280002046F2F765FAFFF774B800BF60B804081B
:10A2900028B8040814D000204000010044B8040885
:10A2A0005CB90408D0B80408B4B8040824B9040898
:10A2B0007CB8040898B8040840B9040808B9040830
:10A2C000ECB80408B0B9040894B90408CCB904087F
:10A2D00041492046EEF7E4F9A0B1404D002229683B
:10A2E0002046F2F735FA29684FF4803208312046CB
:10A2F000F2F72EFA29683A4A10312046F2F728FA86
:10A30000FFF737B837492046EEF7CAF978B1334D31
:10A3100029684FF4803208312046F2F719FA29688B
:10A320002F4A10312046F2F713FAFFF722B82E49D0
:10A330002046EEF7B5F968B1284D0022296820467D
:10A34000F2F706FA2968002268312046F2F700FA8F
:10A35000FFF70FB825492046EEF7A2F940B11F4B91
:10A3600019680022C0312046F2F7F2F9FFF701B870
:10A370001F492046EEF794F9E8B1184D29680022EC
:10A3800001F5CC712046F2F7E3F92968002280310B
:10A390002046F2F7DDF929684FF44032503120466B
:10A3A000F2F7D6F929684FF4403280312046F2F7AF
:10A3B000CFF9FEF7DEBF0F492046EEF771F900280E
:10A3C0003EF4D7AF054B1968002201F51071204605
:10A3D000F2F7BEF9FEF7CDBF3CBA040814D0002056
:10A3E0004000010020BA040804BA040858BA04085E
:10A3F0005CB404080CB8040808B50846114609F016
:10A4000003FF08BD08B5044B1B7813B10BF014FC17
:10A4100008BD0BF00CFCFBE7DCCF002038B50C4688
:10A4200015461E4B1B6A13F0010F1BD00221122090
:10A4300009F0B8FF64BA230413FA84F4184B1C40E3
:10A4400040BA020412FA80F01840001B0435ED08EF
:10A4500005FB00F004EB50141C4044EA144460BABD
:10A4600080B238BD0221122009F076FF64BA2304BD
:10A4700013FA84F40A4B1C4040BA020412FA80F02A
:10A480001840001B0435ED0805FB00F004EB5014E8
:10A490001C4044EA144460BA80B2E2E7F0CF0020E6
:10A4A0001FF8E0072DE9F04782B0054688461746B9
:10A4B0001C460A9EBF4B1B68002B01F0938509F0D8
:10A4C00023F809F027F8B0F5A07F01F3988503225F
:10A4D000B94B1A70B948C560A0F810804782466130
:10A4E0008661C661B64B03600462002C01F0928560
:10A4F000B44B4AF210321A800521122009F02CFFC9
:10A50000B14B1880AD4B1B6A13F0010F01F096851B
:10A51000AE4B44F229621A80AD4B48F229621A8090
:10A52000AC4C2068D030FFF76DFF2068D830FFF7C3
:10A5300069FFDFF8A8A2DFF8A892DFF8A88200265A
:10A5400001964623009350235246494640460BF05D
:10A550002DFCA14F0196009650235246494638469D
:10A560000BF024FC20684146D0300BF029FF206816
:10A570003946D8300BF024FF20680830FFF742FF3F
:10A580008E4B1B6A13F0010F01F06485022112202B
:10A5900009F008FF01468F4C206808300BF028FEB8
:10A5A000206847F6FF7108300BF0ECFE266808368D
:10A5B000824BDC68204608F0D5FFC0EBC000EF28D6
:10A5C00001F34E850124214630460BF0F9FD21466A
:10A5D00030460BF0FBFD214630460BF0E5FD2146F1
:10A5E00030460BF0E7FD7B4B1C680834734BDE688C
:10A5F000304608F0B7FF00EB8000EF2801F34085FC
:10A60000012120460BF0ACFD724C20686621083019
:10A610000BF0F9FD2068704908300BF0D1FE20687E
:10A620001030FFF7EFFE2068FF2110300BF0EBFD3C
:10A630002068FFF7E7FEFF2120680BF0E4FD614B87
:10A64000198820680BF0D4FD5F4B198820680BF047
:10A650007CFE2468584B1B78012B01F02185022BCE
:10A6600001F03B85554BDE68304608F07BFF00EB80
:10A6700080004000EF2801F34D85012120460BF0BA
:10A68000ABFD544B1C684C4B1B78012B01F05285E1
:10A69000022B01F06C85494BDE68304608F062FF02
:10A6A00000EB80004000EF2801F37E850121204669
:10A6B0000BF098FD474C20681830FFF7A3FE246884
:10A6C00018343D4B1B78012B01F07E853B4BDE6837
:10A6D000304608F047FFC000EF2801F3A7850121AD
:10A6E00020460BF04FFE3B4C2068FF2118300BF04A
:10A6F0008AFD2068354B198818300BF079FD2068E9
:10A70000334B198818300BF095FD246818342B4B07
:10A71000DE68304608F026FF4000EF2801F39485FC
:10A72000012120460BF097FD2A4C206801211830AA
:10A730000BF09DFD2068244B198818300BF005FEA6
:10A74000266818361C4B1B78012B01F08B85022BD9
:10A7500001F0A585194BDC68204608F003FF0001D5
:10A76000EF2801F3B9850124214630460BF028FD7E
:10A77000214630460BF02AFD214630460BF014FDF1
:10A78000214630460BF016FD124B1C6818340A4B5C
:10A790001B78012B01F0AE85022B01F0C885074B19
:10A7A000DE68304608F0DEFE00EB80004000EF2857
:10A7B0001AE000BF84D00020EECF0020F0CF0020B0
:10A7C00049930108ECCF0020E8CF0020E4CF00201F
:10A7D000E0CF002014D00020B4CF00203138020890
:10A7E00088B30408C8CF002001F3BE8501212046AC
:10A7F0000BF0F2FCC04B1C681834C04B1B78012BCB
:10A8000001F0C285022B01F0DC85BD4BDE683046CD
:10A8100008F0A8FE00EB80004000EF2801F3EE8571
:10A82000012120460BF0DEFCB34E346818341220B0
:10A8300009F07EFD014620460BF065FD34681834B2
:10A84000AF4BDE68304608F08DFEEF2801F3E68559
:10A85000012120460BF051FDA74C2068A030FFF7E6
:10A86000D1FDA74E2068318AA0300BF00CFD246882
:10A87000A034F668304608F075FE00EB4000EF2883
:10A8800001F3D985012120460BF0F7FC9A4B1C6897
:10A89000A0349B4BDE68304608F064FE00EB4000BD
:10A8A000EF2801F3D885012120460BF0FDFC924CE6
:10A8B00020687F21A0300BF0F1FC2068A830FFF762
:10A8C000A1FD8F4E2068718AA8300BF0DCFC246853
:10A8D000A834F668304608F045FE00EB4000EF284B
:10A8E00001F3C985012120460BF0C7FC824C20688A
:10A8F0007F21A8300BF0D2FC20682030FFF782FDCA
:10A90000246820347D4B1B78012B01F0C485022B79
:10A9100001F0DA857A4BDE68304608F023FEC0008D
:10A92000EF2801F3EE85012120460BF02BFD724C40
:10A930002068FF2120300BF066FC2068714B1988DD
:10A9400020300BF055FC6E4B1B6A13F0010F01F029
:10A95000EB85694C20686C4B198820300BF0F5FCB6
:10A9600026682036654B1B78012B01F03D86022BB3
:10A9700001F05786624BDC68204608F0F3FD0001C9
:10A98000EF2801F36B860124214630460BF018FCBA
:10A99000214630460BF01AFC574B1E682036574BA9
:10A9A0001B78012B01F06886022B01F08286544B44
:10A9B000DC68204608F0D6FD00EB80004000EF2860
:10A9C00001F394860124214630460BF0EDFB21462D
:10A9D00030460BF0EFFB484B1C682034484BDE68D8
:10A9E000304608F0BFFD00EB8000EF2801F38E86B3
:10A9F000012120460BF0F6FB3F4B1C682034404BF6
:10AA0000DE68304608F0AEFD00EB8000EF2801F371
:10AA10008D86012120460BF0DFFB3C4F3C4B3B6019
:10AA20003C4E3D4B3360344C20685830FFF7EAFC15
:10AA30002068394658300BF0B1FC2068232158308B
:10AA40000BF0B2FC20686030FFF7DCFC2068314678
:10AA500060300BF0A3FC20687F2160300BF0A4FC79
:10AA60002068C030FFF7CEFC20680121C0300BF019
:10AA70008FFC20680121C0300BF0F9FB206880308A
:10AA8000FFF7C0FC266880361C4B1B78012B01F0B9
:10AA90005D86022B01F07786194BDC68204608F0B2
:10AAA00061FD0001EF2801F38B8601242146304629
:10AAB0000BF086FB214630460BF088FB21463046E2
:10AAC0000BF072FB214630460BF074FB0A4B1C68FE
:10AAD00080340A4B1B78012B01F08086022B01F099
:10AAE0009A86074BDE68304608F03CFD0001EF28EF
:10AAF00001F3AE86012111E014D00020EECF00203A
:10AB0000F0CF0020E0CF0020E8CF0020ACCF002025
:10AB1000F9A30108A4CF00201DA4010820460BF0D2
:10AB20005BFBC64B1C688034C54B1B78012B01F0C6
:10AB30009D86022B01F0BE86C24BDE68304608F0CF
:10AB400011FD0001EF2801F3D286012120460BF010
:10AB500049FBBA4C20687830FFF754FC26687836F9
:10AB6000B74B1B78012B01F0D086022B01F0EA864F
:10AB7000B44BDC68204608F0F5FC00EB8000400098
:10AB8000EF2801F3FC860124214630460BF018FB28
:10AB9000214630460BF01AFB214630460BF004FBF1
:10ABA000214630460BF006FBA44B1E687836A44BBA
:10ABB0001B78012B01F0F386022B01F00D87A14BCE
:10ABC000DC68204608F0CEFC00EB80004000EF2857
:10ABD00001F31F870124214630460BF0FDFA214680
:10ABE00030460BF0FFFA954C20688830FFF70AFCDE
:10ABF00024688834934BDE68304608F0B3FC00EBE1
:10AC000080004000EF2801F31487012120460BF05B
:10AC1000E3FA8A4B1C6888348A4BDE68304608F0B9
:10AC2000A1FC00EB80004000EF2801F31287012116
:10AC300020460BF0D7FA814C20689030FFF7E2FBFA
:10AC4000246890347F4BDE68304608F08BFC00EBC4
:10AC500080008000EF2801F30C87012120460BF0D3
:10AC600085FB764C20689830FFF7CCFB20680221EA
:10AC700098300BF081FB20686830FFF7C3FB266833
:10AC80006836002130460BF09BFA002130460BF06D
:10AC90009DFA002130460BF087FA002130460BF078
:10ACA00089FA2068002168300BF096FA20680021AC
:10ACB00068300BF097FA20687030FFF7A3FB266826
:10ACC00070365F4B1B78012B01F0E386022B01F0FD
:10ACD000F9865C4BDC68204608F044FC4000EF2815
:10ACE00001F30D870124214630460BF069FA214615
:10ACF00030460BF06BFA214630460BF055FA2146F0
:10AD000030460BF057FA4D4B1C6870344C4B1B7897
:10AD1000012B01F00287022B01F01887494BDE68F6
:10AD2000304608F01FFC4000EF2801F32C8701217A
:10AD300020460BF051FA414B1C687034404B1B7895
:10AD4000012B01F02E87022B01F044873D4BDE687A
:10AD5000304608F007FC4000EF2801F35D87012131
:10AD600020460BF03FFA354C20682830FFF74AFBAD
:10AD7000344E2068318A28300BF03AFA20684FF0C0
:10AD8000FF3128300BF0E1FA2068FF2128300BF06A
:10AD90003AFA20683030FFF735FB2068318A3030CE
:10ADA0000BF026FA2068318A30300BF0CEFA20689A
:10ADB000332130300BF027FA20683830FFF722FBC0
:10ADC0002068718A38300BF013FA20684FF0FF3199
:10ADD00038300BF0BAFA2068FF2138300BF013FA44
:10ADE00020684030FFF70EFB2068718A40300BF07E
:10ADF000FFF92068718A40300BF0A7FA20683321F0
:10AE000040300BF000FA20684830FFF7FBFA20686A
:10AE10000D4B198848300BF0EBF92068FF214830C2
:10AE20000BF0F1F9094F2068398848300BF08DFAA2
:10AE300020685030FFF7E6FA0AE000BF14D0002087
:10AE4000EECF0020F0CF0020E0CF0020E8CF0020A0
:10AE50002068CD4B198850300BF0CAF92068FF21CB
:10AE600050300BF0D0F92068398850300BF06DFA73
:10AE70002068B030FFF7C6FA206847F6FF71B0309F
:10AE80000BF080FA2068B830FFF7BCFA2068002188
:10AE9000B8300BF077FA2068C830FFF7B3FA2468AF
:10AEA000C834F668304608F05DFB00EB4000EF2840
:10AEB00001F3C086012120460BF06AF9B34B1C68F0
:10AEC000C834B34BDE68304608F04CFB00EB400062
:10AED000EF2801F3BF86012120460BF05FF9AB4C50
:10AEE0002068F030FFF78EFAA94F2068398AF030D9
:10AEF0000BF07EF92068FF21F0300BF084F9266812
:10AF0000F036FC68204608F02DFB00EB40004000C6
:10AF1000EF2801F3AF860124214630460BF050F9AB
:10AF2000214630460BF052F9214630460BF03CF9F1
:10AF3000214630460BF03EF9944C206847F6FF71ED
:10AF4000F0300BF01FFA2068E030FFF75BFA206862
:10AF5000C821E0300BF02EFA2068E830FFF752FAF3
:10AF600020687821E8300BF025FA206800F5807021
:10AF7000FFF748FA2068874B198800F580700BF0BE
:10AF8000D9F9246804F58074814BDE68304608F0F6
:10AF9000E9FAC0EB0010EF2801F37C86012120467E
:10AFA0000BF0BCF9794C2068012100F580700BF0A2
:10AFB000BBF9206800F58470FFF724FA744F20680D
:10AFC000398A00F584700BF0B5F9206800F59870A7
:10AFD000FFF718FA20684FF4827100F598700BF0B3
:10AFE000D1F8206800F59C70FFF70CFA266806F58A
:10AFF0009C76FC68204608F0B5FA00EB4000EF288C
:10B0000001F358860124214630460BF0D9F8214639
:10B0100030460BF0DBF8214630460BF0C5F82146F0
:10B0200030460BF0C7F8594B1C6804F59C74584B1C
:10B03000DE68304608F096FA4000EF2801F34A86B1
:10B04000012120460BF007F9504C2068504B198A1B
:10B0500000F59C700BF0EEF820684B4B198800F55A
:10B060009C700BF0C5F82068FF2100F59C700BF078
:10B07000CAF8246804F59C74474B1B78012B01F037
:10B080003786434BDE68304608F06CFAC000EF2884
:10B0900001F34D86012101EBD171491020460BF0DF
:10B0A00071F93A4C206800F5A070FFF7ABF9206801
:10B0B0003A4900F5A0700BF0B7F820684FF0FF3167
:10B0C00000F5A0700BF041F9314F2068796900F567
:10B0D000A0700BF045F9206800F5A470FFF792F915
:10B0E000266806F5A476FC68204608F03BFA800046
:10B0F000EF2801F32A860124644224B22146304617
:10B100000BF05EF8214630460BF060F821463046E1
:10B110000BF04AF8214630460BF04CF81B4C2068E7
:10B120004FF0FF3100F5A4700BF062F8206800F5D5
:10B13000A870FFF767F92068012100F5A8700BF0EF
:10B14000DCF82068164B198800F5A8700BF0DBF8C6
:10B15000206800F59470FFF755F92068002100F58C
:10B1600094700BF084F8246804F59474084BDE683E
:10B17000304608F0F7F900EB80004000EF2801F3BB
:10B18000F28501210EE000BFE4CF002014D00020A2
:10B19000F0CF0020E0CF0020EECF0020E4540308E1
:10B1A000E8CF002020460BF01DF8C84C2068C84BA3
:10B1B000198800F594700BF0A6F8206800F58870E7
:10B1C000FFF720F9246804F58874C24BDE68304626
:10B1D00008F0C8F900EB4000EF2801F3D485012105
:10B1E00020460BF08AF8B94B1C6804F58874B94BFB
:10B1F000DE68304608F0B6F900EB4000EF2801F3B6
:10B20000D285012120460BF0BDF8B04B1E6806F533
:10B210008876B04BDC68204608F0A4F9C000EF281F
:10B2200001F3D1850124214630460AF099FF2146D9
:10B2300030460AF0A1FFA54B1C6804F58874A54BA5
:10B24000DE68304608F08EF94000EF2801F3C9852A
:10B25000012120460AF0C6FF9C4C206800F58C7046
:10B26000FFF7D0F8206847F6FF7100F58C700BF0FF
:10B2700089F8266806F58C76964BDC68204608F03F
:10B2800071F9C000EF2801F3BA8501242146304648
:10B290000AF066FF214630460AF06EFF8D4E8B4C59
:10B2A0002068318A00F58C700AF0A2FF2068FF2127
:10B2B00000F58C700AF0A7FF206800F59070FFF78A
:10B2C000A1F8246804F59074F668304608F04AF94D
:10B2D000EF2801F3A285012120460BF00EF87B4CEC
:10B2E00020687D4B198800F590700BF00CF82668EB
:10B2F00006F59076774BDC68204608F033F940007D
:10B30000EF2801F397850124214630460AF058FFC3
:10B31000214630460AF05AFF214630460AF044FFE3
:10B32000214630460AF046FF684C266806F59076BE
:10B33000122008F0FDFF014630460BF006F82068A9
:10B3400000F5D070FFF75EF8266806F5D07600218C
:10B3500030460AF035FF002130460AF037FF002161
:10B3600030460AF021FF002130460AF023FF26680C
:10B3700006F5D076002130460AF02EFF0021304637
:10B380000AF030FF2068002100F5D0700AF0FAFFC3
:10B390002068012100F5D0700AF0FAFF2068002132
:10B3A00000F5D0700AF05DFF206800F5EC70FFF743
:10B3B00029F8246804F5EC74484B1B78012B01F044
:10B3C0004785444BDE68304608F0CCF8C000EF28D3
:10B3D00001F35B85012120460AF0D4FF3B4C206835
:10B3E000012100F5EC700AF0D3FF2068FF2100F581
:10B3F000EC700AF008FF2068394B198800F5EC70F2
:10B400000AF0F6FE2068344B198800F5EC700AF05B
:10B410009CFF206800F5D470FEF7F4FF266806F55F
:10B42000D4762E4B1B78012B01F03D85022B01F0C9
:10B430005785284BDC68204608F094F800EB800024
:10B440004000EF2801F369850124214630460AF0C7
:10B45000B7FE214630460AF0B9FE1C4B1E6806F5C1
:10B46000D4761E4B1B78012B01F06785022B01F06F
:10B470008585184BDC68204608F074F800EB8000E6
:10B480004000EF2801F397850124214630460AF059
:10B490008BFE214630460AF08DFE0C4B1E6806F5E9
:10B4A000D4760E4B1B78012B01F09585022B01F011
:10B4B000AF85084BDC68204608F054F800EB8000AC
:10B4C0004000EF2801F3C18501240BE014D00020D7
:10B4D000E0CF0020F0CF0020E8CF0020EECF00200A
:10B4E000E4CF0020214630460AF076FE2146304661
:10B4F0000AF078FECA4B1C6804F5D474C94BDE68A8
:10B50000304608F02FF8EF2801F3AF8501212046DF
:10B510000AF0A1FEC24C2068192100F5D4700AF08F
:10B5200094FE2068C04B198800F5D4700AF082FEA2
:10B530002068002100F5D4700AF093FE206800F521
:10B54000D870FEF75FFF266806F5D87600213046F2
:10B550000AF036FE002130460AF038FE002130465F
:10B560000AF022FE002130460AF024FE266806F585
:10B57000D876002130460AF02FFE002130460AF02E
:10B5800031FE246804F5D874A64BDE68304607F017
:10B59000E9FFEF2801F37685012120460AF05BFEE2
:10B5A0009F4C2068192100F5D8700AF04EFE2068E3
:10B5B0009D4B198800F5D8700AF03CFE20680821E0
:10B5C00000F5D8700AF04DFE206800F5DC70FEF73B
:10B5D00019FF266806F5DC76002130460AF0F0FDFA
:10B5E000002130460AF0F2FD002130460AF0DCFD71
:10B5F000002130460AF0DEFD266806F5DC760021E3
:10B6000030460AF0E9FD002130460AF0EBFD2068E3
:10B6100000F5E470FEF7F6FE266806F5E476834B47
:10B620001B78012B01F03B85022B01F055857D4BEA
:10B63000DC68204607F096FF00EB80004000EF2812
:10B6400001F367850124214630460AF0B9FD214601
:10B6500030460AF0BBFD724B1E6806F5E476734B6C
:10B660001B78012B01F06585022B01F07B856D4B6A
:10B67000DC68204607F076FF4000EF2801F38F8555
:10B680000124214630460AF08FFD214630460AF05B
:10B6900091FD634B1E6806F5E476644B1B78012B25
:10B6A00001F08B85022B01F0A5855E4BDC682046FE
:10B6B00007F058FF00EB80004000EF2801F3B7854A
:10B6C0000124214630460AF087FD214630460AF023
:10B6D00089FD534C206800F5E870FEF793FE26685C
:10B6E00006F5E876514B1B78012B01F0B085022B53
:10B6F00001F0C6854B4BDC68204607F033FF400065
:10B70000EF2801F3DF850124214630460AF058FD79
:10B71000214630460AF05AFD414B1E6806F5E87690
:10B72000424B1B78012B01F0DB85022B01F0F185E8
:10B730003C4BDC68204607F015FF4000EF2801F382
:10B7400005860124214630460AF02EFD214630466A
:10B750000AF030FD324C2068002100F5E8700AF054
:10B76000C6FD2068002100F5E8700AF04CFD206855
:10B770002D4B198800F5E8700AF0E7FD206800F508
:10B78000E070FEF73FFE266806F5E07600213046C1
:10B790000AF016FD002130460AF018FD266806F56D
:10B7A000E076002130460AF017FD002130460AF00D
:10B7B00019FD206800F5F070FEF724FE20683321A3
:10B7C00000F5F0700AF01FFD266806F5F0761220ED
:10B7D00008F0AEFD014630460AF00AFD206800F58B
:10B7E000F470FEF70FFE2068002100F5F4700AF0F7
:10B7F0000AFD266806F5F4760C4B1B78012B01F048
:10B80000B385022B01F0C985064BDC68204607F0A2
:10B81000A9FE4000EF2801F3DD85012408E000BF08
:10B8200014D00020F0CF0020E8CF0020EECF002081
:10B83000214630460AF0B8FC214630460AF0BAFCF0
:10B84000C74C206800F5B070FEF7DCFD246804F5F5
:10B85000B074C44BDE68304607F084FE00EB800015
:10B86000EF2801F3C585012120460AF046FDBC4CB6
:10B870002068BD4B198800F5B0700AF044FD2668B9
:10B8800006F5B076B74BDC68204607F06BFE00EBA0
:10B8900080008000EF2801F3BB850124214630465B
:10B8A0000AF05EFC214630460AF066FCAC4B1C6890
:10B8B00004F5B074AB4BDE68304607F053FEC0EBC6
:10B8C0000010EF2801F3B485012120460AF078FC2E
:10B8D000A34C206800F5B470FEF794FD206847F68D
:10B8E000FF7100F5B4700AF04DFD20689E4B198879
:10B8F00000F5B4700AF07CFC2068FF2100F5B470FC
:10B900000AF081FC266806F5B476964BDC68204682
:10B9100007F028FEC0EB0010EF2801F39985012401
:10B92000214630460AF01CFC214630460AF024FC31
:10B930008B4C206800F5AC70FEF764FD246804F5BC
:10B94000AC74884BDE68304607F00CFEEF2801F33C
:10B950008F85012120460AF07EFC814C2068834BB4
:10B96000198800F5AC700AF065FC2068032100F529
:10B97000AC700AF076FC206800F5B870FEF742FD66
:10B980002068794B198800F5B8700AF053FC2468D8
:10B9900004F5B874734BDE68304607F0E3FD4000F1
:10B9A000EF2801F37285012120460AF054FC6C4B0C
:10B9B0001C6804F5B8746B4BDE68304607F0D2FDA6
:10B9C000EF2801F370850121494209B220460AF0AF
:10B9D000F7FB634C2068042100F5B8700AF041FCC5
:10B9E00020684FF4C87100F5B8700AF0E3FC2068D5
:10B9F00000F5BC70FEF706FD246804F5BC74594BD5
:10BA00001B6A13F0010F01F05B850221122008F080
:10BA1000C9FC014620460AF098FC514C206800F50C
:10BA2000C070FEF7EFFC266806F5C076504B1B7819
:10BA3000012B01F04C85022B01F06685494BDC6837
:10BA4000204607F08FFD00EB80004000EF2801F357
:10BA500078850124214630460AF0B2FB2146304663
:10BA60000AF0B4FB214630460AF09EFB21463046E0
:10BA70000AF0A0FB3A4B1E6806F5C0763C4B1B78DB
:10BA8000012B01F06E85022B01F08A85354BDC68B5
:10BA9000204607F067FD00EB80004000EF2801F32F
:10BAA0009E85012404EBD4746410214630460AF0CC
:10BAB00093FB214630460AF095FB294C206800F59F
:10BAC000C470FEF79FFC246804F5C474254BDE683F
:10BAD000304607F047FDEF2801F39185012120460C
:10BAE0000AF0B9FB1E4C2068204B198800F5C47081
:10BAF0000AF0A0FB20681F4B198800F5C4700AF0FB
:10BB000077FB2068332100F5C4700AF07CFB2068C5
:10BB100000F5C870FEF776FC266806F5C876144B6B
:10BB20001B78012B01F07C85022B01F096850D4BD3
:10BB3000DC68204607F016FD00EB80004000EF288F
:10BB400001F3A8850124214630460AF039FB21463D
:10BB500030460AF03BFB024B1C6804F5C8740BE04E
:10BB600014D00020F0CF0020E8CF0020E0CF00204C
:10BB7000EECF0020E4CF0020C24B1B78012B01F058
:10BB80009985022B01F0B385BF4BDE68304607F084
:10BB9000E9FC00EB80004000EF2801F3C58501219E
:10BBA00020460AF001FBB94B1C6804F5C874B54B7C
:10BBB0001B78012B01F0C885022B01F0DE85B24B0A
:10BBC000DE68304607F0CEFC4000EF2801F3F28536
:10BBD000012120460AF0EEFAAC4B1E6806F5C87645
:10BBE000A84B1B78012B01F0F385022B01F00D8689
:10BBF000A54BDC68204607F0B5FC00EB8000400058
:10BC0000EF2801F31F860124214630460AF0E4FAAA
:10BC1000214630460AF0E6FA9C4C206800F5CC70CC
:10BC2000FEF7F0FB246804F5CC74974BDE683046D1
:10BC300007F098FC00EB80004000EF2801F312862B
:10BC4000012120460AF06AFB904C206800F5FC7048
:10BC5000FEF7D8FB266806F5FC768B4BDC682046A1
:10BC600007F080FC8000EF2801F30C8601242146B8
:10BC700030460AF0A5FA214630460AF0A7FA2146D6
:10BC800030460AF091FA214630460AF093FA7F4C8A
:10BC9000206800F5F870FEF7B5FB206842F26401F9
:10BCA00000F5F8700AF062FA206800F50070FEF7FF
:10BCB000A9FB266806F50076122008F039FB01463C
:10BCC00030460AF095FA20687F2100F500700AF0EE
:10BCD0009AFA206800F50270FEF794FB20680021B4
:10BCE00000F502700AF0E6FA246804F50274654B68
:10BCF0001B78032B01F0D485012B01F0EC85624BFE
:10BD0000DE68304607F02EFCC000EF2801F3008605
:10BD1000012120460AF036FB5C4C206800F50E70CD
:10BD2000FEF770FB584E2068318A00F50E700AF05D
:10BD300081FA246804F50E74F668304607F012FCA8
:10BD40004000EF2801F3F2850121490009B22046A5
:10BD50000AF081FA4D4C2068012100F50E700AF0BE
:10BD600080FA206800F50C70FEF74CFB246804F59F
:10BD70000C74454BDE68304607F0F4FB4000EF28BA
:10BD800001F3E2850121494209B220460AF08CFA0A
:10BD90003E4C206800F50470FEF734FB266806F57B
:10BDA0000476384B1B78012B01F0E085022B01F063
:10BDB000FA85354BDC68204607F0D4FB0001EF28FC
:10BDC00001F30E860124214630460AF0F9F9214696
:10BDD00030460AF0FBF92D4C266806F50476002162
:10BDE00030460AF0E1F9002130460AF0E3F926680E
:10BDF00006F50476002130460AF0EEF900213046BF
:10BE00000AF0F0F92068012100F504700AF0C0FA88
:10BE1000206800F50670FEF7F5FA246804F506744C
:10BE2000194BDE68304607F09DFBEF2801F3E685ED
:10BE3000012120460AF00FFA144C2068144B19888F
:10BE400000F506700AF0F6F92068012100F5067089
:10BE50000AF007FA266806F506760A4B1B78012BCE
:10BE600001F0D985022B01F0F385074BDC682046F1
:10BE700007F078FB00EB80004000EF2801F3058617
:10BE8000012407E0EECF0020F0CF002014D00020E6
:10BE9000E0CF0020214630460AF092F92146304694
:10BEA0000AF094F9214630460AF07EF921463046E0
:10BEB0000AF080F9CB4B1C6804F50674CA4B1B785A
:10BEC000012B01F0F285022B01F00C86C74BDE68D6
:10BED000304607F047FB00EB80004000EF2801F3FD
:10BEE0001E86012120460AF07DF9BE4C206800F52F
:10BEF0000870FEF787FA246804F50874BA4B1B78BB
:10BF0000012B01F01C86022B01F03686B74BDE6850
:10BF1000304607F027FB0001EF2801F34A86012194
:10BF200020460AF035F9AF4C206800F51070FEF796
:10BF300069FA2068FF2100F510700AF064F92068A2
:10BF40004FF0FF3100F510700AF052F9266806F53F
:10BF50001076122008F0ECF9014630460AF059F943
:10BF6000206847F6FF7100F510700AF00BFA24689C
:10BF700004F510749D4BDE68304607F0F3FAC0EB11
:10BF80000010EF2801F32386012120460AF092F9E0
:10BF9000944C20684FF0FF3100F510700AF09CF9C6
:10BFA000246804F51074914BDE68304607F0DAFA25
:10BFB00000EB8000EF2801F31A86012120460AF0E9
:10BFC00085F92DB12846EAF79FFE884B834202D1BE
:10BFD0000020F0F7E1F9864B01221A70834802B085
:10BFE000BDE8F087824B00221A704FF4127008F0FF
:10BFF000B9FD804B18607B4B1860FEF760BA07F004
:10C0000083FA07F087FAB0F5347FB4BF0222012229
:10C01000FEF75EBA0421122008F09EF9764B1880D4
:10C02000724B1B6A13F0010F7EF466AA04211220E2
:10C0300008F0B8F9714B1880FEF764BA704BFF2214
:10C040001A705A700221122008F086F96D4B188080
:10C05000FEF766BA122008F06BF90146FEF79BBAAC
:10C06000204607F07FFAC0EBC00000F15004664B99
:10C0700083FB0423E417C4EBA31424B2FEF7A3BA92
:10C08000304607F06FFA00EB800000F150015E4B84
:10C0900083FB0123C917C1EBA31109B2FEF7B1BAA3
:10C0A000524BDE68304607F05DFAC0EBC00040003E
:10C0B000EF2802DC0121FEF7E1BA304607F052FA20
:10C0C000C0EBC000410050314F4B83FB0123C91727
:10C0D000C1EBA31109B2FEF7D1BA444BDE6830467A
:10C0E00007F040FA00EB40008000EF2802DC01215D
:10C0F000FEF7C4BA304607F035FA00EB4000810085
:10C100005031414B83FB0123C917C1EBA31109B285
:10C11000FEF7B4BA304607F025FA00EB8000410084
:10C120005031394B83FB0123C917C1EBA31109B26D
:10C13000FEF7A4BA2D4BDE68304607F013FAC0EBC9
:10C14000C0004000EF2802DC0121FEF7B0BA304603
:10C1500007F008FAC0EBC000410050312A4B83FBC6
:10C160000123C917C1EBA31109B2FEF7A0BA1F4BF7
:10C17000DE68304607F0F6F900EB40008000EF285B
:10C1800002DC0121FEF793BA304607F0EBF900EB31
:10C190004000810050311C4B83FB0123C917C1EBC8
:10C1A000A31109B2FEF783BA304607F0DBF900EBC2
:10C1B000800041005031144B83FB0123C917C1EBB0
:10C1C000A31109B2FEF773BA084BDE68304607F0D8
:10C1D000C9F900EB40008000EF2817DC0121FEF7D1
:10C1E0007FBA00BF14D00020EECF0020F0CF002097
:10C1F000DCCF002084D00020ECCF0020E8CF00204E
:10C20000E4CF0020E0CF002067666666304607F086
:10C21000A9F900EB400081005031C14B83FB0123A1
:10C22000C917C1EBA31109B2FEF75ABA304607F09D
:10C2300099F9C1005031BA4B83FB0123C917C1EBF7
:10C24000A31109B2FEF74CBA304607F08BF9410052
:10C250005031B34B83FB0123C917C1EBA31109B2C2
:10C26000FEF75FBAAF4BDC68204607F07BF900EBC6
:10C270004000C000EF2802DC0124FEF775BA20461A
:10C2800007F070F900EB4000C4005034A44B83FB6E
:10C290000423E417C4EBA31424B2FEF765BAA14B40
:10C2A000DC68204607F05EF900EB80008000EF2894
:10C2B00002DC0124FEF758BA204607F053F900EBE0
:10C2C000800084005034964B83FB0423E417C4EBB6
:10C2D000A31424B2FEF748BA204607F043F904013C
:10C2E00050348F4B83FB0423E417C4EBA31424B214
:10C2F000FEF73ABA8B4BDE68304607F033F9C0EBF5
:10C30000C0004000EF2802DC0121FEF770BA304681
:10C3100007F028F9C0EBC00041005031804B83FB8F
:10C320000123C917C1EBA31109B2FEF760BA7D4B17
:10C33000DE68304607F016F900EB40008000EF2879
:10C3400002DC0121FEF753BA304607F00BF900EB8F
:10C35000400081005031724B83FB0123C917C1EBB0
:10C36000A31109B2FEF743BA304607F0FBF800EB21
:10C370008000410050316A4B83FB0123C917C1EB98
:10C38000A31109B2FEF733BA664BDE68304607F0F8
:10C39000E9F8C0EBC0004000EF2802DC0121FEF705
:10C3A00040BA304607F0DEF8C0EBC0004100503123
:10C3B0005B4B83FB0123C917C1EBA31109B2FEF745
:10C3C00030BA584BDE68304607F0CCF800EB40003E
:10C3D0008000EF2802DC0121FEF723BA304607F087
:10C3E000C1F800EB4000810050314D4B83FB01232D
:10C3F000C917C1EBA31109B2FEF713BA304607F013
:10C40000B1F800EB800041005031454B83FB012324
:10C41000C917C1EBA31109B2FEF703BA304607F002
:10C42000A1F850303E4B83FB0023C117C1EBA31191
:10C4300009B2FEF70EBA304607F094F800EB400060
:10C4400000F15001364B83FB0123C917C1EBA31147
:10C4500009B2FEF718BA304607F084F800EB400046
:10C4600000F150012E4B83FB0123C917C1EBA3112F
:10C4700009B2FEF719BA304607F074F800EB400035
:10C4800000F15001264B83FB0123C917C1EBA31117
:10C4900009B2FEF728BA234BDE68304607F062F88F
:10C4A0000001EF2802DC0121FEF73EBA304607F01A
:10C4B00059F8010150311A4B83FB0123C917C1EB15
:10C4C000A31109B2FEF730BA164BDE68304607F00A
:10C4D00049F800EB40008000EF2802DC0121FEF764
:10C4E00023BA304607F03EF800EB4000810050319F
:10C4F0000B4B83FB0123C917C1EBA31109B2FEF754
:10C5000013BA304607F02EF8C1005031044B83FBBC
:10C510000123C917C1EBA31109B2FEF705BA00BF89
:10C5200067666666F0CF0020264624682034122015
:10C5300007F0FEFE0146204609F0CEFE34682034A6
:10C54000002007F00FF800EB4000EF281CDC012171
:10C55000204609F0AFFECC4C20687F21203009F046
:10C56000C6FE26682036C94BDF68002006F0FAFFB9
:10C570003B2818DC0124384606F0F4FF04FB00F0E9
:10C58000EF2823DC01241BE0002006F0EBFF00EB8A
:10C59000400000F15001BE4B83FB0123C917C1EBE2
:10C5A000A31109B2D4E7002006F0DCFF1430B84B29
:10C5B00083FB0023C417C4EB231424B2002CDAD16C
:10C5C0002146304609F07CFEFEF7C3B9384606F036
:10C5D000C9FF04FB00F35033AD4A82FB0312DB17A3
:10C5E000C3EBA2131CB2EBE7A84BDC68204606F0B5
:10C5F000B9FF00EB4000C000EF2802DC0124FEF789
:10C60000C3B9204606F0AEFF00EB4000C400503432
:10C610009F4B83FB0423E417C4EBA31424B2FEF75F
:10C62000B3B99A4BDC68204606F09CFF00EB800013
:10C630008000EF2802DC0124FEF7A6B9204606F0B0
:10C6400091FF00EB800084005034914B83FB042366
:10C65000E417C4EBA31424B2FEF796B9204606F003
:10C6600081FF040150348A4B83FB0423E417C4EB9D
:10C67000A31424B2FEF788B9844BDC68204606F088
:10C6800071FFC0EBC0004000EF2802DC0124FEF780
:10C690009AB9204606F066FFC0EBC0004400503453
:10C6A0007B4B83FB0423E417C4EBA31424B2FEF7F3
:10C6B0008AB9764BDC68204606F054FF00EB400058
:10C6C0008000EF2802DC0124FEF77DB9204606F049
:10C6D00049FF00EB4000840050346D4B83FB042382
:10C6E000E417C4EBA31424B2FEF76DB9204606F09C
:10C6F00039FF00EB800044005034654B83FB04237A
:10C70000E417C4EBA31424B2FEF75DB9304606F07B
:10C7100029FF00EB800000F150015D4B83FB0123FA
:10C72000C917C1EBA31109B2FEF763B9304606F091
:10C7300019FF00EB800000F15001554B83FB0123F2
:10C74000C917C1EBA31109B2FEF764B94F4BDC68FE
:10C75000204606F007FF00EB4000C000EF2802DC97
:10C760000124FEF7A3B9204606F0FCFE00EB4000D2
:10C77000C4005034464B83FB0423E417C4EBA314DA
:10C7800024B2FEF793B9414BDC68204606F0EAFE7E
:10C7900000EB80008000EF2802DC0124FEF786B960
:10C7A000204606F0DFFE00EB800084005034384B5A
:10C7B00083FB0423E417C4EBA31424B2FEF776B979
:10C7C000204606F0CFFE04015034314B83FB042396
:10C7D000E417C4EBA31424B2FEF768B92B4BDE6850
:10C7E000304606F0BFFE00EB4000C000EF2802DC40
:10C7F0000121FEF793B9304606F0B4FE00EB40008D
:10C80000C1005031224B83FB0123C917C1EBA31197
:10C8100009B2FEF783B91D4BDE68304606F0A2FE72
:10C8200000EB80008000EF2802DC0121FEF776B9E2
:10C83000304606F097FE00EB800081005031144B2B
:10C8400083FB0123C917C1EBA31109B2FEF766B937
:10C85000304606F087FE010150310D4B83FB01236A
:10C86000C917C1EBA31109B2FEF758B9074BDE682F
:10C87000304606F077FE00EB4000C000EF2809DCF0
:10C880000121FEF763B900BF14D00020F0CF0020D3
:10C8900067666666304606F065FE00EB4000C10044
:10C8A0005031D34B83FB0123C917C1EBA31109B24C
:10C8B000FEF74CB9CF4BDE68304606F053FE00EB76
:10C8C00080008000EF2802DC0121FEF73FB93046EE
:10C8D00006F048FE00EB800081005031C44B83FB22
:10C8E0000123C917C1EBA31109B2FEF72FB93046D6
:10C8F00006F038FE01015031BD4B83FB0123C917FF
:10C90000C1EBA31109B2FEF721B9BA4BDC6820468E
:10C9100006F028FEC0EBC0004000EF2802DC012436
:10C92000FEF732B9204606F01DFEC0EBC000440001
:10C930005034AF4B83FB0423E417C4EBA31424B29D
:10C94000FEF722B9AB4BDC68204606F00BFE00EB8D
:10C9500040008000EF2802DC0124FEF715B92046D4
:10C9600006F000FE00EB400084005034A04B83FB37
:10C970000423E417C4EBA31424B2FEF705B9204640
:10C9800006F0F0FD00EB800044005034984B83FB30
:10C990000423E417C4EBA31424B2FEF7F5B8954BB7
:10C9A000DC68204606F0DEFDC0EBC0004000EF284A
:10C9B00002DC0124FEF70FB9204606F0D3FDC0EBE0
:10C9C000C000440050348A4B83FB0423E417C4EBBB
:10C9D000A31424B2FEF7FFB8864BDC68204606F0AD
:10C9E000C1FD00EB40008000EF2802DC0124FEF7CF
:10C9F000F2B8204606F0B6FD00EB4000840050344B
:10CA00007B4B83FB0423E417C4EBA31424B2FEF78F
:10CA1000E2B8204606F0A6FD00EB8000440050344A
:10CA2000734B83FB0423E417C4EBA31424B2FEF777
:10CA3000D2B8304606F096FD00EB80004100503140
:10CA40006B4B83FB0123C917C1EBA31109B2FEF79E
:10CA5000DDB8304606F086FD00EB80004100503125
:10CA6000634B83FB0123C917C1EBA31109B2FEF786
:10CA7000DFB8304606F076FD00EB800081005031D3
:10CA80005B4B83FB0123C917C1EBA31109B2FEF76E
:10CA9000E5B8584BDC68204606F064FDC000EF287E
:10CAA00002DC0124FEF71FB9204606F05BFDC00042
:10CAB00050304F4B83FB0023C417C4EBA31424B2A4
:10CAC000FEF711B94B4BDC68204606F04BFD00EB3E
:10CAD00040004000EF2802DC0124FEF704B92046A4
:10CAE00006F040FD00EB400044005034404B83FB17
:10CAF0000423E417C4EBA31424B2FEF7F4B82046D1
:10CB000006F030FD44005034394B83FB0423E41716
:10CB1000C4EBA31424B2FEF7E6B8364BDE68304609
:10CB200006F020FDC000EF2802DC0121FEF700B96D
:10CB3000304606F017FDC10050312D4B83FB012319
:10CB4000C917C1EBA31109B2FEF7F2B8294BDE6891
:10CB5000304606F007FD00EB40004000EF2802DC05
:10CB60000121FEF7E5B8304606F0FCFC00EB400082
:10CB7000410050311E4B83FB0123C917C1EBA311A8
:10CB800009B2FEF7D5B8304606F0ECFC4100503152
:10CB9000174B83FB0123C917C1EBA31109B2FEF7A1
:10CBA000C7B8144BDE68304606F0DCFCC000EF2846
:10CBB00002DC0121FEF7D4B8304606F0D3FCC100F8
:10CBC00050310B4B83FB0123C917C1EBA31109B2F1
:10CBD000FEF7C6B8074BDE68304606F0C3FC00EB34
:10CBE00040004000EF2807DC0121FEF7B9B800BF84
:10CBF00067666666F0CF0020304606F0B3FC00EBB7
:10CC0000400041005031D34B83FB0123C917C1EBD6
:10CC1000A31109B2FEF7A4B8304606F0A3FC410008
:10CC20005031CC4B83FB0123C917C1EBA31109B2CF
:10CC3000FEF796B8304606F095FC00EB400000F198
:10CC40005001C44B83FB0123C917C1EBA31109B2E7
:10CC5000FEF731B9304606F085FC00EB400000F1EC
:10CC60005001BC4B83FB0123C917C1EBA31109B2CF
:10CC7000FEF732B9204606F075FC00EB4000440098
:10CC80005034B44B83FB0423E417C4EBA31424B245
:10CC9000FEF742B9304606F065FCC0EB001000F12B
:10CCA0005001AC4B83FB0123C917C1EBA31109B29F
:10CCB000FEF775B9204606F055FC00EB400000F188
:10CCC0005004A44B83FB0423E417C4EBA31424B245
:10CCD000FEF799B9304606F045FC410050319D4BB6
:10CCE00083FB0123C917C1EBA31109B2FEF7A9B950
:10CCF000994BDE68304606F035FC00EB40008000C2
:10CD0000EF2805DC012101EBD1714910FEF7C6B90E
:10CD1000304606F027FC00EB4000810050318D4B7F
:10CD200083FB0123C917C1EBA31109B2EBE730461E
:10CD300006F018FCC1005031864B83FB0123C91754
:10CD4000C1EBA31109B2FEF7A6B9204606F00AFC12
:10CD5000840050347F4B83FB0423E417C4EBA314FB
:10CD600024B2FEF7C9B9304606F0FCFB00EB8000A8
:10CD700041005031774B83FB0123C917C1EBA3114D
:10CD800009B2FEF70FBA304606F0ECFB00EB4000AC
:10CD900000F150016F4B83FB0123C917C1EBA311B5
:10CDA00009B2FEF71DBA304606F0DCFB00EB40008E
:10CDB00000F15001674B83FB0123C917C1EBA3119D
:10CDC00009B2FEF71FBA204606F0CCFBC40050346F
:10CDD000604B83FB0423E417C4EBA31424B2FEF7D7
:10CDE00022BA304606F0BEFB41005031594B83FB5E
:10CDF0000123C917C1EBA31109B2FEF72ABA2046D5
:10CE000006F0B0FBC4005034524B83FB0423E417FC
:10CE1000C4EBA31424B2FEF739BA304606F0A2FBE5
:10CE200050304C4B83FB0023C117C1EBA31109B257
:10CE3000FEF752BA204606F095FB44005034454BAD
:10CE400083FB0423E417C4EBA31424B2FEF75CBAFB
:10CE5000414BDE68304606F085FB00EB4000800069
:10CE6000EF2802DC0121FEF7B6BA304606F07AFB65
:10CE700000EB400081005031364B83FB0123C91782
:10CE8000C1EBA31109B2FEF7A6BA304606F06AFB61
:10CE9000C10050312F4B83FB0123C917C1EBA311F4
:10CEA00009B2FEF798BA2C4BDC68204606F05AFB14
:10CEB000C0EBC0004000EF2802DC0124FEF7C5BA39
:10CEC000204606F04FFBC0EBC00044005034214B1D
:10CED00083FB0423E417C4EBA31424B2FEF7B5BA12
:10CEE0001D4BDC68204606F03DFB00EB4000800057
:10CEF000EF2802DC0124FEF7A8BA204606F032FB38
:10CF000000EB400084005034124B83FB0423E417F1
:10CF1000C4EBA31424B2FEF798BA204606F022FB15
:10CF200000EB8000440050340A4B83FB0423E417D9
:10CF3000C4EBA31424B2FEF788BA074BDC68204682
:10CF400006F010FBC0EBC0004000EF2806DC012417
:10CF5000FEF79BBA67666666F0CF0020204606F0B3
:10CF600001FBC0EBC00044005034D44B83FB0423CE
:10CF7000E417C4EBA31424B2FEF787BAD04BDC68E5
:10CF8000204606F0EFFA00EB40008000EF2802DCBC
:10CF90000124FEF77ABA204606F0E4FA00EB4000DE
:10CFA00084005034C54B83FB0423E417C4EBA31463
:10CFB00024B2FEF76ABA204606F0D4FA00EB8000ED
:10CFC00044005034BD4B83FB0423E417C4EBA3148B
:10CFD00024B2FEF75ABABA4BDC68204606F0C2FA11
:10CFE000C0EBC0004000EF2802DC0124FEF77ABA53
:10CFF000204606F0B7FAC0EBC00044005034AF4BF7
:10D0000083FB0423E417C4EBA31424B2FEF76ABA2B
:10D01000AB4BDC68204606F0A5FA00EB4000800030
:10D02000EF2802DC0124FEF75DBA204606F09AFAEA
:10D0300000EB400084005034A04B83FB0423E41732
:10D04000C4EBA31424B2FEF74DBA204606F08AFAC8
:10D0500000EB800044005034984B83FB0423E4171A
:10D06000C4EBA31424B2FEF73DBA304606F07AFAB8
:10D070005030924B83FB0023C117C1EBA31109B2BF
:10D08000FEF745BA304606F06DFA50308B4B83FB05
:10D090000023C117C1EBA31109B2FEF77EBA884B7A
:10D0A000DC68204606F05EFAC0EBC0004000EF28C6
:10D0B00002DC0124FEF7C7BA204606F053FAC0EBA3
:10D0C000C000440050347D4B83FB0423E417C4EBC1
:10D0D000A31424B2FEF7B7BA794BDC68204606F0F9
:10D0E00041FA00EB40008000EF2802DC0124FEF74B
:10D0F000AABA204606F036FA00EB4000840050340D
:10D100006E4B83FB0423E417C4EBA31424B2FEF795
:10D110009ABA204606F026FA00EB8000440050340C
:10D12000664B83FB0423E417C4EBA31424B2FEF77D
:10D130008ABA634BDC68204606F014FAC000EF2878
:10D1400002DC0124FEF79DBA204606F00BFAC0006F
:10D1500050305A4B83FB0023C417C4EBA31424B2F2
:10D16000FEF78FBA564BDC68204606F0FBF900EB61
:10D1700040004000EF2802DC0124FEF782BA20467E
:10D1800006F0F0F900EB4000440050344B4B83FBB9
:10D190000423E417C4EBA31424B2FEF772BA2046AA
:10D1A00006F0E0F944005034444B83FB0423E417B9
:10D1B000C4EBA31424B2FEF764BA414BDC682046EA
:10D1C00006F0D0F9C0EBC0004000EF2802DC0124DB
:10D1D000FEF777BA204606F0C5F9C0EBC000440060
:10D1E0005034364B83FB0423E417C4EBA31424B25E
:10D1F000FEF767BA324BDC68204606F0B3F900EB65
:10D2000040008000EF2802DC0124FEF75ABA2046D5
:10D2100006F0A8F900EB400084005034274B83FB54
:10D220000423E417C4EBA31424B2FEF74ABA204641
:10D2300006F098F900EB8000440050341F4B83FB4C
:10D240000423E417C4EBA31424B2FEF73ABA1C4B30
:10D25000DC68204606F086F9C000EF2802DC0124D5
:10D26000FEF752BA204606F07DF9C0005030134B4D
:10D2700083FB0023C417C4EBA31424B2FEF744BA03
:10D280000F4BDC68204606F06DF900EB40004000D3
:10D29000EF2802DC0124FEF737BA204606F062F9D7
:10D2A00000EB400044005034044B83FB0423E4179C
:10D2B000C4EBA31424B2FEF727BA00BF6766666604
:10D2C000F0CF0020204606F04DF944005034D24BF8
:10D2D00083FB0423E417C4EBA31424B2FEF714BAAF
:10D2E000CE4BDC68204606F03DF9C000EF2802DC9A
:10D2F0000124FEF727BA204606F034F9C00050306A
:10D30000C54B83FB0023C417C4EBA31424B2FEF760
:10D3100019BAC24BDC68204606F024F900EB400045
:10D320004000EF2802DC0124FEF70CBA204606F08C
:10D3300019F900EB400044005034B74B83FB042341
:10D34000E417C4EBA31424B2FEF7FCB9204606F0A0
:10D3500009F944005034B04B83FB0423E417C4EBB9
:10D36000A31424B2FEF7EEB9AC4BDC68204606F0FD
:10D37000F9F8C000EF2802DC0124FEF759BA204674
:10D3800006F0F0F8C0005030A34B83FB0023C41715
:10D39000C4EBA31424B2FEF74BBAA04BDC682046C2
:10D3A00006F0E0F800EB40004000EF2802DC01242A
:10D3B000FEF73EBA204606F0D5F800EB40004400E8
:10D3C0005034954B83FB0423E417C4EBA31424B21D
:10D3D000FEF72EBA204606F0C5F8440050348E4BB6
:10D3E00083FB0423E417C4EBA31424B2FEF720BA92
:10D3F000304606F0B7F800EB800000F15001864B94
:10D4000083FB0123C917C1EBA31109B2FEF72CBAA4
:10D41000204606F0A7F800EB8000840050347E4BD5
:10D4200083FB0423E417C4EBA31424B2FEF736BA3B
:10D43000304606F097F8C0EB001000F15001764B33
:10D4400083FB0123C917C1EBA31109B2FEF73DBA53
:10D45000204606F087F8C0EB001000F150046E4B38
:10D4600083FB0423E417C4EBA31424B2FEF758BAD9
:10D47000304606F077F85030674B83FB0023C11726
:10D48000C1EBA31109B2FEF765BA304606F06AF89F
:10D4900041005031604B83FB0123C917C1EBA3113D
:10D4A00009B2FEF781BA304606F05CF850305A4BAC
:10D4B00083FB0023C117C1EBA31109B2FEF784BAA5
:10D4C0000121122006F048FF0146FEF7A3BA534B94
:10D4D000DC68204606F046F8C0EBC0004000EF28AC
:10D4E00002DC0124FEF7B6BA204606F03BF8C0EB9A
:10D4F000C00044005034484B83FB0423E417C4EBC2
:10D50000A31424B2FEF7A6BA444BDC68204606F00A
:10D5100029F800EB40008000EF2802DC0124FEF730
:10D5200099BA204606F01EF800EB40008400503403
:10D53000394B83FB0423E417C4EBA31424B2FEF796
:10D5400089BA204606F00EF800EB80004400503403
:10D55000314B83FB0423E417C4EBA31424B2FEF77E
:10D5600079BA2E4BDC68204605F0FCFFC0EBC0000A
:10D570004000EF2805DC012404EBD4746410FEF7AE
:10D5800094BA204605F0EEFFC0EBC00044005034D2
:10D59000214B83FB0423E417C4EBA31424B2EBE771
:10D5A0001E4BDC68204605F0DDFF00EB40008000EC
:10D5B000EF2805DC012404EBD4746410FEF775BA7F
:10D5C000204605F0CFFF00EB400084005034124BA2
:10D5D00083FB0423E417C4EBA31424B2EBE7204637
:10D5E00005F0C0FF00EB8000440050340A4B83FB81
:10D5F0000423E417C4EBA31424B2FEF753BA304655
:10D6000005F0B0FF5030044B83FB0023C117C1EB82
:10D61000A31109B2FEF763BA67666666F0CF002011
:10D62000D04BDC68204605F09DFFC0EBC0004000F9
:10D63000EF2802DC0124FEF786BA204605F092FFAF
:10D64000C0EBC00044005034C74B83FB0423E417F5
:10D65000C4EBA31424B2FEF776BAC24BDC682046B2
:10D6600005F080FF00EB40008000EF2802DC012481
:10D67000FEF769BA204605F075FF00EB4000840014
:10D680005034B94B83FB0423E417C4EBA31424B236
:10D69000FEF759BA204605F065FF00EB8000440014
:10D6A0005034B14B83FB0423E417C4EBA31424B21E
:10D6B000FEF749BAAB4BDE68304605F053FFC0EBCE
:10D6C000C0004000EF2802DC0121FEF769BA3046B5
:10D6D00005F048FFC0EBC00041005031A24B83FB76
:10D6E0000123C917C1EBA31109B2FEF759BA9D4B2B
:10D6F000DE68304605F036FF00EB40008000EF2882
:10D7000002DC0121FEF74CBA304605F02BFF00EB9E
:10D71000400081005031944B83FB0123C917C1EBBA
:10D72000A31109B2FEF73CBA304605F01BFF00EB2F
:10D730008000410050318C4B83FB0123C917C1EBA2
:10D74000A31109B2FEF72CBA864BDE68304605F00D
:10D7500009FFC000EF2802DC0121FEF73ABA30468B
:10D7600005F000FFC10050317F4B83FB0123C91737
:10D77000C1EBA31109B2FEF72CBA7A4BDE68304632
:10D7800005F0F0FE00EB40004000EF2802DC012134
:10D79000FEF71FBA304605F0E5FE00EB4000410001
:10D7A0005031714B83FB0123C917C1EBA31109B29F
:10D7B000FEF70FBA304605F0D5FE410050316A4BF6
:10D7C00083FB0123C917C1EBA31109B2FEF701BA0C
:10D7D000644BDC68204605F0C5FEC0EBC00040008D
:10D7E000EF2802DC0124FEF70FBA204605F0BAFE4E
:10D7F000C0EBC000440050345B4B83FB0423E417B0
:10D80000C4EBA31424B2FEF7FFB9564BDC682046E4
:10D8100005F0A8FE00EB40008000EF2802DC0124A8
:10D82000FEF7F2B9204605F09DFE00EB40008400B3
:10D8300050344D4B83FB0423E417C4EBA31424B2F0
:10D84000FEF7E2B9204605F08DFE00EB80004400B3
:10D850005034454B83FB0423E417C4EBA31424B2D8
:10D86000FEF7D2B9304605F07DFE00EB80004100A6
:10D8700050313D4B83FB0123C917C1EBA31109B202
:10D88000FEF7DFB9204605F06DFE84005034364BBC
:10D8900083FB0423E417C4EBA31424B2FEF7E7B917
:10D8A000304BDE68304605F05DFEC000EF2805DC39
:10D8B000012101EBD1714910FEF72BBA304605F07A
:10D8C00051FEC1005031284B83FB0123C917C1EB26
:10D8D000A31109B2EDE7234BDE68304605F042FEA6
:10D8E00000EB40008000EF2802DC0121FEF711BAB6
:10D8F000304605F037FE00EB4000810050311A4BF6
:10D9000083FB0123C917C1EBA31109B2FEF701BACA
:10D91000304605F027FEC1005031134B83FB012335
:10D92000C917C1EBA31109B2FEF7F3B9304605F0F0
:10D9300019FE410050310C4B83FB0123C917C1EB89
:10D94000A31109B2FEF701BA304605F00BFE410003
:10D950005031054B83FB0123C917C1EBA31109B259
:10D96000FEF711BAF0CF002067666666A84BDC6848
:10D97000204605F0F7FD00EB4000C000EF2802DC78
:10D980000124FEF720BA204605F0ECFD00EB400034
:10D99000C40050349F4B83FB0423E417C4EBA3144F
:10D9A00024B2FEF710BA9A4BDC68204605F0DAFD87
:10D9B00000EB80008000EF2802DC0124FEF703BAB0
:10D9C000204605F0CFFD00EB800084005034914BE1
:10D9D00083FB0423E417C4EBA31424B2FEF7F3B9CA
:10D9E000204605F0BFFD040150348A4B83FB04231D
:10D9F000E417C4EBA31424B2FEF7E5B9304605F0F2
:10DA0000B1FD5030834B83FB0023C117C1EBA31141
:10DA100009B2FEF70EBA7E4BDC68204605F0A2FD87
:10DA2000C0EBC0004000EF2802DC0124FEF732BA50
:10DA3000204605F097FDC0EBC00044005034754B04
:10DA400083FB0423E417C4EBA31424B2FEF722BA29
:10DA50006F4BDC68204605F085FD00EB4000800040
:10DA6000EF2802DC0124FEF715BA204605F07AFD06
:10DA700000EB400084005034664B83FB0423E41722
:10DA8000C4EBA31424B2FEF705BA204605F06AFDE4
:10DA900000EB8000440050345E4B83FB0423E4170A
:10DAA000C4EBA31424B2FEF7F5B9594BDE68304637
:10DAB00005F058FDC0EBC0004000EF2802DC01215A
:10DAC000FEF710BA304605F04DFDC0EBC000410036
:10DAD0005031504B83FB0123C917C1EBA31109B28D
:10DAE000FEF700BA4A4BDE68304605F03BFD00EB1E
:10DAF00040008000EF2802DC0121FEF7F3B9304638
:10DB000005F030FD00EB400081005031414B83FBBC
:10DB10000123C917C1EBA31109B2FEF7E3B93046DF
:10DB200005F020FD00EB800041005031394B83FBB4
:10DB30000123C917C1EBA31109B2FEF7D3B9344BC6
:10DB4000DE68304605F00EFD00EB4000C000EF2817
:10DB500002DC0121FEF7E4B9304605F003FD00EBDD
:10DB60004000C10050312B4B83FB0123C917C1EB8F
:10DB7000A31109B2FEF7D4B9254BDE68304605F093
:10DB8000F1FC00EB80008000EF2802DC0121FEF7B1
:10DB9000C7B9304605F0E6FC00EB8000810050314B
:10DBA0001C4B83FB0123C917C1EBA31109B2FEF77C
:10DBB000B7B9304605F0D6FC01015031154B83FB57
:10DBC0000123C917C1EBA31109B2FEF7A9B9304669
:10DBD00005F0C8FCC0EB001000F150010D4B83FBB9
:10DBE0000123C917C1EBA31109B2FEF7CEB9304624
:10DBF00005F0B8FC00EB800000F15001054B83FB01
:10DC00000123C917C1EBA31109B2FEF7D7B900BFB1
:10DC1000F0CF002067666666034B1B68002B034845
:10DC200008BF1846704700BF84D00020F0CF002006
:10DC3000024B1868003818BF0120704784D00020BC
:10DC40004B1E18D40B2BC4BF0130A1F10D03012BC7
:10DC500015D0194981FB03211944DA17C2EBA1023F
:10DC6000C2EBC2029B1A03F0010048BF4042C0F160
:10DC70001F00C0B27047013801F10B03E7E710F055
:10DC8000030F13D10D4AA2FB00125209642101FBBC
:10DC9000120262B9094BA3FB0023DB094FF4C872DF
:10DCA00002FB1300B0FA80F35B0900E0002303F1EC
:10DCB0001C00C0B2704700BF932449921F85EB51EE
:10DCC000022994BF01230023A0EB030303EB02000E
:10DCD00000EB93000F4AA2FB032300EBD310A0EB51
:10DCE000531094BF0C2300231944C1EB41113E395A
:10DCF000094BA3FB013100EBD100084BA3FB002330
:10DD0000C21A03EB52039B08C3EBC303C01AC0B291
:10DD1000704700BF1F85EB51ABAAAAAA25499224E0
:10DD200070B50446E9F770FA05462046E9F774FA3B
:10DD3000436BB3F5A02F00D070BD0446816B06295C
:10DD400022D802690023D370026982F822304FF48E
:10DD50000042218F28460BF0C9FC40BB4FF48042A3
:10DD6000218F28460BF0C2FC0028E5D02369FF2252
:10DD700083F8222026692846F0F7AAFCF08322695E
:10DD8000138C01331384D7E7402289B228460BF065
:10DD9000ADFC0028DBD022690023D370226982F811
:10DDA00022306669122006F0C3FAB081CFE72369FA
:10DDB0006622DA7026692846F0F78AFCB080284689
:10DDC0000BF05CFCA36B9842C8D12369B222DA70D5
:10DDD000C4E770B504464FF44041406A0BF0E6FBDF
:10DDE000012294F92E10A08DFFF76AFF0646236BDF
:10DDF0000BB3A38EFBB1002504E00135A28EABB2BC
:10DE00009A4218D9236B03EB850133F82520A38DA3
:10DE10009A42F2D191F9022094F92E309A42ECD133
:10DE200091F90310B31D19444FF4004289B2606A9E
:10DE30000BF0CEFBE1E7E36AA26A534033F07F4385
:10DE400000D070BD94F92B300633F1184FF48042A6
:10DE500089B2606A0BF0BCFBF3E700002DE9F04FDC
:10DE600083B004460F46818553B2009380F82E306C
:10DE7000012380F82F304021406A0BF097FB0025EA
:10DE800040263246A9B2606A0BF0A2FB0135072D8D
:10DE9000F7D1BBB21D460193009E31461846FFF7ED
:10DEA000CFFE0746012231462846FFF709FF80468C
:10DEB0000744B84216D200F1460604EB8606054632
:10DEC000C0F1010BDFF800A14FF004090BEB0503D3
:10DED000DBB252464946304607F084FE013504362F
:10DEE000BD42F3D3009B591E0198FFF7A9FEC8F16C
:10DEF000010318445FFA80FBB8F1000F18D004F555
:10DF00008C7600254FF0040A4FF040090BEB050317
:10DF1000DBB22D4A5146304607F064FEE91D4A4601
:10DF200089B2606A0BF054FB01350436A845EDD187
:10DF3000292F1BD807F1460504EB850504F5E07B86
:10DF40000126DFF884A04FF0040906373346524615
:10DF50004946284607F046FEB919402289B2606A50
:10DF60000BF036FB043501365D45EFD12046FFF757
:10DF700030FF606A0BF082FB4FF6FF7398420AD1C4
:10DF80002046EBF732FC2046EFF731F80646C0B1E9
:10DF900000251C2709E008F1070189B2606A0BF02F
:10DFA000C9FAEDE70135AE420BD029462046EFF71E
:10DFB00009F8636A8342F5D022463946E9F702F947
:10DFC000F0E703B0BDE8F08FE8540308F8B50D465C
:10DFD00040F2E4720A85012381F82A3081F82B305F
:10DFE0008A8581F82E3081F82F3000240C638C86CE
:10DFF000A82105F58C7007F028F805F138022346B2
:10E0000020462A4E4FF0780C294F0EE0062915D9EC
:10E0100000F1460405F824C005EB840414600130C7
:10E02000C0B201330432382B0ED013F0FF0105D0FB
:10E030005C1C14F0070FE9D11760F2E756F82310C3
:10E0400042F8041B0133F0E71A4BC5F81431284697
:10E050000BF0DCF8686205F138010BF0E3F84FF4DF
:10E060000871686A0BF0F8FA00231A221249686AEC
:10E07000E9F7EAF842F26401686AEBF765F8012112
:10E080002846FAF787FB0121686AFAF7D3FB95F96E
:10E090002E20A98D2846FFF7E1FE2846FFF799FEBE
:10E0A0004FF48041686AEAF78FFAF8BDA0B304081C
:10E0B000EC540308D454030821DD01082C307047C8
:10E0C000F8B50C4600212046EFF7E6F8002120467F
:10E0D000FAF760FB0023022219462046FAF786FB76
:10E0E00020460AF029FD054600222849EEF7D3FE16
:10E0F00042F264012846EBF73EF82846ECF706FAB0
:10E100002846EBF72DF9064601462846EBF71CF8A2
:10E110001F4F0023072239462846E9F795F80421C6
:10E120002846E9F7CBFF20460DF0FEFC054603210B
:10E130000EF092FA002202212846EEF7F8FE0121A5
:10E140002846FAF777FB20460AF0F6FC054600223F
:10E150001049EEF7A0FE324631462846EBF722F88A
:10E160000023072239462846E9F76EF8042128469D
:10E17000E9F7A4FF00231C2207492046E9F764F8C9
:10E1800000221C212046E9F71DF8F8BD0C550308B4
:10E19000D5E10108105503089DE1010838B5E9F7FC
:10E1A00033F80546EEF70AFFFFF788FF0446012122
:10E1B0002846EEF707FF94F90230013B034A52F874
:10E1C0002330228802490EF004FA38BDD8B304087F
:10E1D000145503082DE9F041E9F716F88046EEF7EB
:10E1E000EDFE0546EEF7EAFE0746FFF767FF0688F5
:10E1F00090F9024000212846EEF7E4FE804516D053
:10E200000C2C1DD0013464B2224631463846FFF74B
:10E2100025FE01212846EEF7D5FE013C0A4B53F8B6
:10E220002430324609490EF0D4F9BDE8F081012CC2
:10E2300002D0013C64B2E7E7013EB6B20C24E3E74A
:10E240000136B6B20124DFE7D8B304081455030839
:10E2500070B50C460846EEF7B1FE06460021204692
:10E26000EFF71AF800212046FAF794FA20460CF04E
:10E2700077F9054614490CF07FF933461C221349FF
:10E280002846E8F7E1FF01212846FAF7D3FA2046AD
:10E290000CF066F905460E490CF06EF933461C2267
:10E2A0000C492846E8F7D0FF01212846FAF7C2FAC0
:10E2B00000231C2208492046E8F7C6FF00221C2143
:10E2C0002046E8F77FFF70BD8855030875E3010815
:10E2D000F057030847E30108DDE2010870B5E8F7ED
:10E2E00093FF0546EEF76AFEFFF7E8FE04460021BD
:10E2F0002846EEF767FE06460CF0FCF90378303B43
:10E3000041783039642202FB01F14FF47A7202FB4A
:10E3100003118378303B03EB830301EB4301C378A4
:10E32000303B19442388C91A89B230460CF0CCF925
:10E3300001212846EEF746FE94F90210013989B210
:10E340000CF0C2F970BD38B50546E8F75DFF04462C
:10E350002846E8F763FF054620460CF0D3F904464B
:10E360002846FFF7ABFE621C52B201882846FFF731
:10E3700075FD38BDF8B50446E8F746FF0746204668
:10E38000E8F74CFF044638460CF0BCF90646204638
:10E39000FFF794FE90F9025038460CF0ABF9037881
:10E3A000303B41783039642202FB01F14FF47A723C
:10E3B00002FB03118378303B03EB830301EB430142
:10E3C000C378303B1944891B2A4689B22046FFF79F
:10E3D00045FDF8BDB0F882308B4200D870472DE97A
:10E3E000F04F83B004460D46EAF7C0FFB4F884301E
:10E3F00000FB03F343F30F262046ECF7EFFB074641
:10E4000094F8883013F0080F0BD003F00703012BAA
:10E410000BD0022B6AD02046EBF7E7F903B0BDE83A
:10E42000F08F2046EBF7E1F9F8E732220021204691
:10E43000EDF700FE8046122200212046EDF7FAFD9E
:10E440004044A38A1844C71BBFB249224FF4A021FD
:10E450002046EDF7EFFD804601224FF400312046C3
:10E46000EDF7E8FDB4F91620B4F91A3080441FFA2C
:10E4700088F8A2EB0802ADF802204344ADF806305C
:10E48000B4F88230013B9D421ADB002DC6D0013D1D
:10E4900006FB05F5B4F88220013A95FBF2F3A7EBF1
:10E4A00008010B44ADF80030731993FBF2F34744B5
:10E4B0003B44ADF8043069462046EBF772F9ADE70E
:10E4C00006FB05F292FBF3F1A7EB08000144ADF85F
:10E4D0000010324492FBF3F307EB08021344ADF84B
:10E4E000043069462046EBF75CF9CEE7152200219F
:10E4F0002046EDF79FFD00B2B4F8843000FB03F333
:10E500004FEA232806EB2326B4F8823096FBF3F675
:10E51000322200212046EDF78DFD1FFA86F916FB09
:10E5200005F6B6B2B4F9143003FA80FB12220021CA
:10E530002046EDF77FFD0FFA80FA69462046EAF79C
:10E54000A4FEDA44AAEB070A5644B6B2B144ADF8C9
:10E550000490A6EB0806ADF8006069462046EBF78C
:10E5600020F95BE770B50D468B6A0BB301F1240609
:10E570000CE0406806F014FB10E02146304606F03F
:10E5800074F9204606F00CFBAB6A8BB1304606F0FE
:10E59000AFF90446037B13F0040FEAD0237B13F09A
:10E5A000020FEAD120680028E7D006F0F9FAE4E784
:10E5B00005F1240006F088F96B6B7BB105F130069C
:10E5C000304606F095F904460146304606F04DF90E
:10E5D000204606F0E5FA6B6B002BF1D105F1300017
:10E5E00006F072F970BD10B50C46102104F124003C
:10E5F00006F0C7F8102104F1300006F0C2F800223E
:10E60000A4F86C20A4F87420A4F86E20A4F8762056
:10E610006423A4F87030A4F87830A4F87230A4F819
:10E620007A300323A4F87E300523A4F880300A232F
:10E63000A4F8823047F6FF73A4F87C3094F8883051
:10E64000012161F3020362F3C30384F888304FF4BD
:10E650008073A4F88430A4F8863010BD39B190F8E6
:10E66000883013F0080F0CBF488900207047FEE780
:10E6700088B12DE9F04F89B00E4615461C46074675
:10E6800051B1B0F88230934207D8002323806380D1
:10E6900009B0BDE8F08FFEE7FEE7EAF767FEB7F8DE
:10E6A000843000FB03F343F30F283846EAF77BFE80
:10E6B000B7F8869000FB09F94FEA292A49F30F2998
:10E6C00097F8883003F00703012B4CD0032B53D06D
:10E6D000022B64D0322200213846EDF7ABFC0FFA52
:10E6E00080F8122200213846EDF7A4FC08FA80F3E6
:10E6F0002288134423803846ECF770FA23881B1ACB
:10E70000238031463846FFF7A9FF327BC2F300125F
:10E7100007EB4202B2F96C100544B7F8823095FB62
:10E72000F3F003FB1055736833F915305B1A09FBDE
:10E7300003F3B2F97020521A93FBF2F3AAEB030A27
:10E74000A4F802A0102200213846EDF773FC08FA65
:10E7500080F36288134463803846ECF7CCF9638811
:10E760001B1A1BB293E705FB08F3B7F88220013AA6
:10E7700093FBF2F32380ADE7337BC3F3C00307EBD6
:10E780004303B3F97820B3F97410336833F91500F3
:10E79000CDF80080002306F0B9F920809AE707F150
:10E7A00024039B46184606F0B2F8059015224FF454
:10E7B000A0213846EDF73EFC02B2B7F8843002FBE8
:10E7C00003F31A120692152200213846EDF732FCA7
:10E7D00002B2B7F8843002FB03F31B121946079309
:10E7E000B7F88220531E01FB138393FBF2F31AB296
:10E7F0000392CDF808B0584606F07EF8014678B18D
:10E800004FF0000B0494029C8E420CD00BF1010BD4
:10E81000204606F079F801460028F5D1049C03E073
:10E820004FF0000B00E0049C0598431E039A0699E4
:10E8300001FB1323B3FBF0F3C3F3C03202FA83F2FC
:10E84000079B434405FB03F3B7F8821093FBF1F3F6
:10E8500003EB6203039A0BFB02F2B2FBF0F21344E8
:10E86000238037E704290CD8DFE801F00307050B04
:10E8700009003C3070474830704754307047603072
:10E8800070470020704700002DE9F04FB3B00546F7
:10E89000089106921146FFF7E5FF064690F9093008
:10E8A000002B01DB03685BB13489C4F30E04012C37
:10E8B00006D9013CF388C3F30E0303FB04F414B937
:10E8C00033B0BDE8F08F069B1F1E18BF0127322210
:10E8D00000212846EDF7AEFB814610220021284694
:10E8E000EDF7A8FB80462846EAF75DFDB5F88630CF
:10E8F00000FB03F343F30F220592C844EB8A9844CC
:10E900001FFA88F82846ECF7F6F8A8EB00081FFA7B
:10E9100088F20B92069B002B55D112224FF4C02196
:10E920002846EDF787FB03B20A93B5F91430079335
:10E93000B6F900B0B6F902800DF1B40A5046F0F70E
:10E9400074FE52464FF4C0212846EAF7DDF90DF176
:10E9500094094846F0F704FB4A464FF4C021284684
:10E96000EAF723F9089913A8EAF7E4FA8D4B149310
:10E9700006231593069A21924FF4C0232093CDF8D5
:10E9800064A0CDF86090BDF81C3003F1FF3901336D
:10E99000002A18BF99461FFA89F30FFA89F9A3EBE9
:10E9A00008080FFA88F20992A3EB0B030FFA83FB16
:10E9B0004FF000080DF14C0A05EB4707CDF81CB0ED
:10E9C000DDF82CB09DE013224FF4C0212846EDF76E
:10E9D00031FB03B20A93B5F918300793B6F900B0CA
:10E9E000B6F90280069B012BA6D1CBF1000B0FFAE2
:10E9F0008BFBC8F100080FFA88F89DE7079BADF87C
:10EA0000C03031AB1C9330AB1D93B7F96C30B7F904
:10EA10007020009222460021A4EB080006F076F850
:10EA2000239096F90920002A80F2988003465E4AD6
:10EA300010210FA807F0D6F825AB18930FAB1E9343
:10EA400010231F9352461A212846E8F7BBFB0023E8
:10EA5000029341F6FF730193BDF9A6300093BDF90F
:10EA6000A830259A1E990CA808F025FCBDF8C230E4
:10EA7000BDF9322002EBD272C2F34F02991A09B2E9
:10EA8000ADF8361013441BB2ADF83A30069A02BB0B
:10EA9000BDF8C020BDF828C0BDF83000101AA0EBAA
:10EAA0000C00ADF83400A2EB0C0212B2ADF8382025
:10EAB000B5F916209A425ADCB5F91A308B4256DB6A
:10EAC000002300931E9B0DAA25A90898F0F77AFA57
:10EAD0004DE0BDF8C000BDF8282000EB020CADF8F9
:10EAE00034C0BDF830C06044024412B2DEE7524682
:10EAF0001B212846E8F766FB08F101084445FFF4AE
:10EB0000DFAEBDF9B630059AD31A08FB03F3B3FBA9
:10EB1000F4F35B441BB2ADF8C630ADF8C230ADF8CB
:10EB2000C490F388C3F30E03B8FBF3F203FB128324
:10EB3000002B3FF463AF099BADF8C03031AB1C93A1
:10EB400030AB1D93B7F96C30B7F9702000922246B4
:10EB50000021A4EB080005F0D9FF239000231893AF
:10EB60001E931F9352461A212846E8F72BFBBDF946
:10EB7000B63003EBD3735910BDF9C62002EB630323
:10EB8000B5F916209342B2DBBDF9C2305B1AB5F974
:10EB90001A209342ABDC30AB31AA2DA90898F0F7CC
:10EBA0005AFDA4E740B40408145803082DE9F04FB7
:10EBB000B1B00446059191461146FFF753FE068910
:10EBC000C6F30E06012E0DD9074690F90930002B29
:10EBD00001DB036833B1013EFB88C3F30E0303FB83
:10EBE00006F616B931B0BDE8F08F1222002120469A
:10EBF000EDF720FA0990322200212046EDF71AFAAB
:10EC000008902046EAF7B2FB0546B4F884A00DF15F
:10EC100098084046F0F7A4F942464FF4C021204638
:10EC2000E9F7C3FFB4F914802046EBF7D7FF07904C
:10EC3000B9F1020F51D097F90930002B75DB002391
:10EC40000693E38A013B0FFA83FB0AFB05F31D12CF
:10EC500043F30F230493099B089A13449A46C24432
:10EC6000079BAAEB030A1FFA8AFA0DF18C084046AB
:10EC7000F0F7DBFC42464FF4C0212046EAF744F8A7
:10EC80000023ADF89230ADF89030059911A8EAF75D
:10EC900051F9A84B12930623139302231F934FF4A9
:10ECA000C0231E9326AB1693CDF85C80B9F1020801
:10ECB00018BF4FF0010894F8883003F00703022BC7
:10ECC0003CD00FFA8AFAADF8BEB0002504EB480339
:10ECD00007930DF1440BA0468FE097F90930002B04
:10ECE0001ADB00230693638B01330FFA83FB059B2A
:10ECF0009A68B2F906305B45FFF674AF269BB3F90C
:10ED00000830069959440B44B7F900100B44B2F986
:10ED10000220934299DA65E711224FF4C021204680
:10ED2000EDF788F903B20693DDE710224FF4C02116
:10ED30002046EDF77FF903B2069382E71522002102
:10ED40002046EDF777F900B2B4F8841000FB01F12A
:10ED5000049B03EB2122B4F8823092FBF3F213B24E
:10ED6000A3EB212303EBD3730AEB630A0FFA8AFAAE
:10ED700005EB2125AD1A2BB20493A4E7B7F90210D5
:10ED8000521A12B2ADF8BA202FAA1A922EAA1B92CA
:10ED900098F8882002F00702032A58D0B5FBF3F355
:10EDA00021931CB997F90920002A5DDB00231693F3
:10EDB0001C931D935A461A214046E8F703FABDF901
:10EDC0008E3003EBD3735910BDF9BC2002EB630303
:10EDD000B8F91420934207DBBDF9B8305B1AB8F9D3
:10EDE0001820934240F39E805A461B214046E8F784
:10EDF000E9F90135AE42FFF4F5AEFB88C3F30E032B
:10EE0000B5FBF3F403FB1454BDF98E2004998A1A60
:10EE100005FB02F2B2FBF6F2524412B2ADF8BC208E
:10EE2000ADF8B820B9F1020F06D0BDF8BE20002C15
:10EE3000A4D1B7F90010A3E7BDF8BE2024B9B7F9F3
:10EE400000100A4412B29DE7B7F90210F9E7079AD9
:10EE5000B2F97430B2F97820009232460021284687
:10EE600005F054FE03469BE70DAC334A10212046C3
:10EE700006F0B8FE26AB16931C9410231D935A4639
:10EE80001A214046E8F79EF90023029341F6FF73EA
:10EE90000193BDF9AA300093BDF9AC30269A1C99B4
:10EEA0000AA808F008FABDF8B830BDF9282002EB2E
:10EEB000D272C2F34F02991A09B2ADF82C10134462
:10EEC0001BB2ADF83030B9F1020F1ED0BDF8BA2038
:10EED0000698121A92B2ADF83220BDF82A00121A22
:10EEE000ADF82E20B8F914209A423FF768AFB8F970
:10EEF00018308B42FFF663AF002300931C9B0BAAD4
:10EF000026A90598F0F75EF859E7BDF8BA200698EB
:10EF1000024492B2ADF82E20BDF82A000244ADF8AA
:10EF20003220DFE72EAB2FAA23A90598F0F793FB39
:10EF30005AE700BF40B40408145803082DE9F04F05
:10EF4000D1B00D46CF48E8F775F8012802D051B08E
:10EF5000BDE8F08F2846E8F75BF904462846E8F755
:10EF600053F98146631E2B2BF1D801A252F823F0EE
:10EF700021F001084FEF01084FEF01084FEF0108A2
:10EF80004FEF01084FEF01084FEF0108DFF00108D4
:10EF90004FEF01084FEF01084FEF01084FEF010855
:10EFA0004FEF01084FEF01084FEF01084FEF010845
:10EFB0004FEF01084FEF0108F7F001084FEF01088C
:10EFC0004FF101084FEF01084FEF01084FEF010823
:10EFD0004FEF01084FEF01084FEF01084FEF010815
:10EFE0004FEF01084FEF01084FEF01084FEF010805
:10EFF0004FEF01084FEF01084FEF01084FEF0108F5
:10F000004FEF01084FEF01084FEF01084FEF0108E4
:10F01000F1F001084FEF01084FEF010821F101085D
:10F02000E8F742FB3EA9E8F7B6FBBDF8F840B9F8AF
:10F030001430E41AA4B2ADF8F8404846EBF7CEFD20
:10F0400006464846EAF792F90546B9F88470122256
:10F0500000214846ECF7EEFF231A33441BB2002B85
:10F060003BDB07FB05F444F30F249C421EDB99F8BD
:10F07000882002F00702012A1CD0022A26D0002490
:10F08000B9F97C30A3423FF462AFA1B24846FFF722
:10F09000A1F9B9F87C104846FFF79CF9A9F87C4023
:10F0A00000221C214846E8F78DF850E7B9F8824065
:10F0B000013CE5E7B9F88210013904EBD47242F360
:10F0C0004F0203FB012393FBF4F4D9E7B9F8822044
:10F0D00002FB03F393FBF4F4D2E70024D0E7B0F88B
:10F0E0007C10FFF777F947F6FF73A9F87C302EE71D
:10F0F000EAF7D2F92BE7B0F96410B0F95830994229
:10F10000B8BF1946B0F94C309942B8BF1946B0F9AA
:10F1100040309942B8BF19462846E8F7F1F816E79B
:10F120002846E8F779F804464846EAF71FF9B9F89F
:10F13000843000FB03F31B1223804846EAF733F9BF
:10F14000B9F8863000FB03F31B126380FFE6284604
:10F15000E8F7CEF8824609F1140304938268194651
:10F1600022A804F0F5FC002840F08E8000225146D1
:10F170004846FFF789FB012251464846FFF784FBCA
:10F18000022251464846FFF711FD042251464846E7
:10F19000FFF70CFD09F124030393184605F0C6FBA5
:10F1A00060B999F8883003F00703012B00F0C081A3
:10F1B000022B00F0E483032B00F03C8509F13007BB
:10F1C000384605F0B3FB039000287FF4C0AE049AE4
:10F1D000DAF8081018A804F0BBFC079000283FF4E8
:10F1E000B6AEDAF8085018ABCAF808301CAC2046A6
:10F1F000F0F71BFA22464FF4E0214846E9F784FD78
:10F2000022A8F1F741FC9DF878308DF88B3047F655
:10F21000FF73ADF8883001224FF4E0214846ECF747
:10F2200009FFC0F3C03303FA80F0431005930122B5
:10F230004FF4E0214846ECF7FDFEC0F3C03303FA7B
:10F2400080F04310069351463EA8E9F773FE1FABCA
:10F25000449330AB42934FF4E0234B93094B3F93DD
:10F2600005234093384605F047FB0446002800F08C
:10F270008F870DF1700B0DF17C080497089500F055
:10F2800038BF00BF40B40408DAF80830059322AB59
:10F29000CAF80830322200214846ECF7CBFE04467B
:10F2A000122200214846ECF7C5FE0790A3B2069350
:10F2B000102200214846ECF7BDFE83464846EAF797
:10F2C00055F80990B9F884200A924846EAF76BF895
:10F2D0000646B9F8868030AD2846F0F7A6F92A46EA
:10F2E00000214846E9F710FD3EAF51463846E9F7A0
:10F2F00021FE00244B948D4B3F93409444954FF056
:10F30000FF334C93479448943A461A214846E7F70E
:10F3100059FF312221464846ECF78CFEC5B2322215
:10F3200021464846ECF786FE02B20B923322214674
:10F330004846ECF77FFE04460C904846EBF74EFC3F
:10F3400008904846EBF7D7FBB9F87E70002F69D0DC
:10F35000069B5B44B9F8162013441B1A9BB2039317
:10F36000B9F81430ADF87030B9F81830ADF87C3019
:10F370000FFA87FB022D20D90B9A002A40F38380D5
:10F3800014F0020F0FD100240C9B13F0010F15D0C5
:10F39000112200214846ECF74DFE00B270B9013F42
:10F3A0000FFA87FB0AE0102200214846ECF742FEE4
:10F3B00004B2B4FA84F46409E6E70024A34531DD1D
:10F3C00008FB06F848F30F281CAF0D9504FB08F363
:10F3D000B9F87E20013A93FBF2F3039A13441BB26F
:10F3E000ADF87230ADF87E30504B3F93012340931F
:10F3F00047971FAE48964C943EAD2A461A21484680
:10F40000E7F7E0FE33463A4630A95046F0F723F9D5
:10F410002A461B214846E7F7D5FE013424B25C4555
:10F42000D4DB0D9DB9F88070002F6DD0069B079A34
:10F430001344B9F814201344089A9B1A9BB20393FF
:10F44000B9F81630ADF87230B9F81A30ADF87E3030
:10F450000FFA87FB022D22D90B9B002B63DD0C9B3F
:10F4600013F0040F11D100240C9B13F0080F17D0D8
:10F47000132200214846ECF7DDFD00B280B9013FC0
:10F480000FFA87FB0CE0002498E71222002148467F
:10F49000ECF7D0FD04B2B4FA84F46409E4E7002484
:10F4A000A34531DD099B0A9A02FB03F848F30F28B4
:10F4B0001CAF04FB08F3B9F88020013A93FBF2F388
:10F4C000039A13441BB2ADF87030ADF87C30174B83
:10F4D0003F930223409347971FAE48964C943EAD0E
:10F4E0002A461A214846E7F76DFE33463A4630A9C8
:10F4F0005046F0F7B0F82A461B214846E7F762FE6F
:10F50000013424B25C45D4DB4FF0FF334C9300232D
:10F51000479348933EAA1B214846E7F753FE059BB5
:10F52000CAF8083022E60024BAE700BF40B4040855
:10F53000DAF80820DDF810B059461AA804F008FBE4
:10F5400000283FF43BAEDAF8083006931AABCAF84D
:10F550000830B9F88230012B7FF630AE322200211C
:10F560004846ECF767FD0446122200214846ECF7B6
:10F5700061FD0790102200214846ECF75BFD0990E1
:10F580004846E9F7F3FE0890B9F884504846E9F791
:10F590000AFF0646B9F88670B9F914804846EBF7B9
:10F5A0001DFB0B90B9F916300D934846EBF7A3FA03
:10F5B0000F90DAF8082059461CA804F0C9FA002870
:10F5C0003FF4FCAD0DF1880B5846F0F72EF85A4683
:10F5D0004FF4A0214846E9F797FB0DF1C00B5846C0
:10F5E000F1F752FA5A464FF400314846E9F75CF910
:10F5F00001224FF400314846ECF71CFDC0F3C03344
:10F6000003FA80F04210059204224FF4003148467C
:10F61000ECF710FDC0F3C03303FA80F040101290F5
:10F62000BDF98A3003EBD371059A8242A8BF024626
:10F63000B2EB610F05DD9DF8912042F010028DF8CC
:10F640009120012B2FD0B9F882300E93089B05FB37
:10F6500003F343F30F230893039805F04DF9834612
:10F66000002800F0888107FB06F242F30F230A937B
:10F67000079B13FA84F343440B995B1A99B20C91DC
:10F680001EB2099B13FA84F30D990B440F995B1A70
:10F690009BB203EB22239BB20B93CDF840A01596AF
:10F6A000DDF814A00EE19DF8913043F010038DF8C1
:10F6B0009130C8E7013212B20F92CAE080B2139AB9
:10F6C000831AADF87C301044ADF880001FFA8CFC32
:10F6D000149AACEB0203ADF87E309444ADF882C0CE
:10F6E0006B1E4C93099A5400DBF8043033F9123046
:10F6F00047F6FF72934214BF17AB00234793DBF822
:10F70000043033F9173047F6FF72934214BF18AB39
:10F71000002348931FAB4193DBF804301B5F4E93EB
:10F720003EAA1A214846E7F74DFDDBF804301A5F80
:10F7300047F6FF718A4204D033F917208A4240F01D
:10F74000A080BAF1000F09D0129B3BB1DBF8043066
:10F750001A5F47F6FF739A4240F09A803EAA1B2137
:10F760004846E7F72FFDB9F882200135089B9844F9
:10F770000136ABB29A4240F291800997ABB207933F
:10F78000BDF96000ADF85C00BDF962C0ADF85EC0C7
:10F79000069BB3F9043053440133984200F383804D
:10F7A000531E98FBF3F30C990B4499B20D911BB2C5
:10F7B000ADF8603096FBF2F702FB17673FB2DBF85B
:10F7C00004E09BF80C10C1F3001109EB4101059115
:10F7D000B1F96C403EF91720121B0A9901FB02F2A5
:10F7E0000599B1F97010091B92FBF1F40B990C1BF0
:10F7F00024B2ADF86240069AB2F90020A2EB0A02E8
:10F80000013A9342AFDB079A002AACD00E9A0899CE
:10F810008A42FFF653AF099A3EF9122047F6FF7C61
:10F820006245A0D03EF9171061459CD00F9AA242C4
:10F83000B8BF22460F921199A142A8BF214611914B
:10F84000984290D00D994B1E1BB211998A423FF4F9
:10F8500031AFADF86030ADF85C30119BADF85E3083
:10F860000F9BADF8623018AB17AA22A91098EFF7DA
:10F87000F2FEBDF860300133ADF860300F941194A2
:10F8800071E718AB17AA22A91098EFF7E4FE58E722
:10F890001FAA30A91098F1F741F95FE7079B0133E0
:10F8A0009BB2079309970E9B08998B4203DA079B3B
:10F8B000934200F076845946039805F025F8834674
:10F8C000002856D09BF80C3013F0010FF3D1BBF891
:10F8D0000830ADF88830BBF80830ADF8C430594670
:10F8E0004846FEF7BBFE03B218460993159AADF8D9
:10F8F0005C20ADF860201E469BF80C20C2F300127D
:10F9000009EB4202B2F96C10DBF8043033F9103025
:10F910005B1A0A9800FB03F3B2F97020521A93FBAA
:10F92000F2F30B9AD31AADF8623010993EA8E9F7BA
:10F9300001FBBF4B3F93032340934FF4A0234B9312
:10F9400022AB449330AB4293CDF83CB1BDF9623069
:10F950000F93B9F88220002A00F01E8411934FF013
:10F96000000845461FFA8AF31393BDF848301493F4
:10F9700004E7DDF840A0069BCAF808301EE4DAF878
:10F98000082004991FA804F0E3F800283FF416ACFF
:10F99000DAF808701FABCAF8083012220021484676
:10F9A000ECF748FB8046102200214846ECF742FB6A
:10F9B00007904846E9F7DAFCB9F8843000FB03F316
:10F9C00043F30F254846E9F7EEFCB9F8863000FB13
:10F9D00003F31A12059243F30F230693039804F0DE
:10F9E00096FF0446152200214846ECF723FB02B29D
:10F9F000B9F88210B9F8843002FB03F31B124A1ED7
:10FA000002FB135393FBF1F30FFA83FB15224FF420
:10FA1000A0214846ECF70EFB02B2B9F8843002FB95
:10FA200003F31B121A460D93631E02FB13B3B3FBC1
:10FA3000F4F31BB2012BB8BF01231E463222002172
:10FA40004846ECF7F7FA04464846EBF7C7F8A4B285
:10FA5000A044A8EB00081FFA88F84846EBF74BF8DB
:10FA6000079B1C44241AA3B2079330AC2046F1F73D
:10FA70000BF822464FF4A0214846E8F715FF9DF801
:10FA8000CF3023F007038DF8CF30FF238DF8C3303C
:10FA9000B9F81A30BDF8C0201344ADF88E30514685
:10FAA0003EA8E9F747FA4FF4A0234B93604B3F93EE
:10FAB00004234093B9F88230002B00F0B480A5EB0A
:10FAC0000B020B920022114615461FFA86FC0CF120
:10FAD000FF32039ECDF820A08A460F97CDF83080E4
:10FAE000CDF838C093467CE022AF41970DF1C008B5
:10FAF000CDF808814F94626832F913304E933EAAD4
:10FB00001A214846E7F75EFB3A4641460898F1F766
:10FB100005F83EAA1B214846E7F754FBA84600E03B
:10FB2000A8462146304604F0EFFE044600284DD09A
:10FB3000237B13F0010FF4D121464846FEF78EFDDA
:10FB4000ADF888801FFA88F505EB0B031BB2ADF802
:10FB50008C3055442DB2BDF97C209A42E0DCBDF9D1
:10FB60008030434558DB2389ADF8C430039B03FA4A
:10FB700080F0B9F8823090FBF3F203FB12031BB262
:10FB80006068227BC2F3001209EB4202B2F96CC03A
:10FB900030F91370A7EB0C07069901FB07FEB9F8C3
:10FBA0001610079F3944059F3944B2F97020A2EB23
:10FBB0000C029EFBF2F28A1AADF88A2030F913107B
:10FBC00047F6FF7291428FD1A846AAE7DDF824A03C
:10FBD0000A9DB9F8823001350B9A9244AAB2934239
:10FBE0001ED9039503F1FF389AFBF8F8B9F81430E1
:10FBF0000C9A134498440FFA88F84C95304604F058
:10FC00007BFE04460028E4D00E9B0D9A9F18CDF889
:10FC100024A00A95BA468BE7DDF824A00A9DD8E710
:10FC2000DDF820A00F9FCAF80870FFF7C7BA00BF21
:10FC300040B40408DAF8082004991CA803F088FFEF
:10FC400000283FF4BBAADAF808300D931CABCAF8C1
:10FC50000830322200214846ECF7ECF90446122223
:10FC600000214846ECF7E6F90646102200214846F6
:10FC7000ECF7E0F905464846E9F778FBB9F8843037
:10FC800000FB03F343F30F2305934846E9F78BFB8F
:10FC9000B9F8863000FB03F31F1243F30F230693DA
:10FCA000A4B2A219B9F8143013449EB24846EAF738
:10FCB00095FF331A9AB207921EB22C44B9F8163047
:10FCC0001C44A4B24846EAF716FF241AA5B222AC97
:10FCD0002046EFF7AAFC22464FF4A0214846E9F758
:10FCE00013F830AC2046F0F7CFFE22464FF4003137
:10FCF0004846E8F7D9FD01224FF400314846ECF7B9
:10FD000099F9C0F3C03303FA80F044100894042238
:10FD10004FF400314846ECF78DF9C0F3C03303FAD5
:10FD200080F040100990BDF98A3003EBD371224670
:10FD30008442A8BF0246B2EB610F05DD9DF8912019
:10FD400042F010028DF89120012B0ED0039C20462A
:10FD500004F0D2FD002800F05B81EB190393CDF88D
:10FD600028A0A2460446B346DBE09DF8913043F05C
:10FD700010038DF89130E9E7237BC3F3C00309EB4F
:10FD80004303B3F97820B3F97410236833F91500ED
:10FD9000059B0093002304F0B9FE079B0344ADF8D4
:10FDA0006830237BC3F3001309EB4303B3F97020DE
:10FDB000B3F96C10636833F91500069B00930023B8
:10FDC00004F0A4FE039B1B1A1BB2CAE03EAA1B212F
:10FDD0004846E7F7F7F9B9F882307A1C013691B254
:10FDE000994280F090801746BDF86820ADF86020F9
:10FDF000BDF86A20ADF86220AA4696FBF3F503FB36
:10FE000015652DB24FEA450B636833F9150040457F
:10FE1000E1D0237BC3F3001309EB4303B3F9702054
:10FE2000B3F96C10069B0093002304F06FFE039B54
:10FE3000181AADF86A00237BC3F3C00309EB430330
:10FE4000B3F97820B3F97410236833F91500059BD2
:10FE50000093002304F05AFE079B1844ADF8680095
:10FE6000BBB2002BB7D0BDF86030BDF82020991A86
:10FE7000ADF87C101344ADF88030BDF86230BDF8A9
:10FE80002420991AADF87E101344ADF882307B1E01
:10FE90004C93636833F91A30434514BF18AB002301
:10FEA0004793636833F90B30434514BF1AAB002303
:10FEB00048931FAB4193636833F91A304E933EAABF
:10FEC0001A214846E7F77EF9636833F91A2042455C
:10FED0003FF47CAF33F90B3043453FF477AF1AABB7
:10FEE00018AA22A90A98EFF7B6FB089B002B3FF44B
:10FEF0006DAF099B002B3FF469AF1FAA30A90A9888
:10FF0000F0F70CFE62E7DDF82CA0DDF830B092B21D
:10FF1000934244D02146504604F0F6FC04460028A3
:10FF200074D0237B13F0010FF4D12389ADF888300E
:10FF30002389ADF8C43021464846FEF78FFB05B251
:10FF4000ADF860B0ADF868B02E46636833F915308F
:10FF50000A2B7FF411AF4EF20103ADF86830A3F520
:10FF60008033ADF86A300A993EA8E8F7E3FF4FF412
:10FF7000A0234B93A94B3F930323409322AB44937D
:10FF800030AB42934F94B9F882303BB1002747F62B
:10FF9000FF78CDF82CA0CDF830B025E71A4663687D
:10FFA00033F9151047F6FF739942B3D0BDF86830A6
:10FFB000BDF82010581AADF87C000B44ADF8803025
:10FFC000BDF86A30BDF82410581AADF87E000B4415
:10FFD000ADF88230013A4C920023479348931FAE0C
:10FFE0004196636833F915304E933EAD2A461A2187
:10FFF0004846E7F7E7F8324630A90A98F0F78EFD51
:020000040802F0
:100000002A461B214846E7F7DDF883E7DDF828A0FC
:100010000D9BCAF80830FFF7D1B8B4F9042047F6B1
:10002000FF739A425ED01AAB92B2A1684846FEF7BF
:100030001FFBBDF96860BDF96A5077E0039F00229D
:100040004192227B12F0030F23D012F0010F08BF60
:100050003346ADF85830ADF85A5012F0020F14BFC5
:10006000B9F918303346ADF85C30ADF85E503EAAB1
:100070001A214846E7F7A6F817AB16AA414650469C
:10008000EFF7E9FA002F76D13EAA1B214846E7F7A1
:1000900099F8237B13F00C0F24D0ADF8586013F0BF
:1000A000040F14BFB9F916202A46ADF85A20ADF84E
:1000B0005C6013F0080F18BFB9F91A50ADF85E5024
:1000C0003EAA1A214846E7F77DF817AB16AA414623
:1000D0005046EFF7C0FA002F53D13EAA1B214846E5
:1000E000E7F770F82146049804F00EFC0446002857
:1000F0004DD00A225946404604F01AFE382222A961
:1001000030A804F015FEE388ADF87C30E388ADF844
:10011000C43016AB479317AB4893637B13F0010FC2
:100120003FF47BAFB4F90060B4F90250B9F9143070
:100130001E44B1B236B2B9F816201544AAB22DB297
:10014000059800283FF47AAF069F8FB180B20F1A4E
:10015000ADF868700144ADF86C10BDF81810501A75
:10016000ADF86A000A44ADF86E20079F1AAA67E747
:10017000039F002264E71AAA30A95046F0F7CEFC8C
:1001800082E71AAA30A95046F0F7C8FCA5E7089DF7
:10019000CAF80850FEF7DBBE0E9B08998B42BFF6EB
:1001A0008AABDBF80430099C33F9141047F6FF736F
:1001B00099423FF480ABBDF860301FFA8AF1581ABB
:1001C000ADF87C000B44ADF88030BDF86230BDF86E
:1001D0004810581AADF87E000B44ADF88230013A51
:1001E0004C920023479348931FAD4195DBF80430B0
:1001F00033F914304E933EAC22461A214846E6F7B6
:10020000E1FF2A4630A91098F0F788FC22461B210E
:100210004846E6F7D7FFFFF74EBB00BF40B40408DF
:1002200070B5049C059D01B38C46010A10F4007F53
:100230002AD09E4611F0040608BF2346002E08BFB0
:10024000744611F0010F28D11A7011466FEA0C03A1
:10025000DBB202FB03F31B0A237010F0FF000CD08B
:100260004042C0B200FB0CF024E02A7022701A70E9
:1002700027E01E462B463546E3E74FEA0C2019E0FF
:10028000294625460C46DFE711F0040FF1D111F0A5
:10029000010FF5D0294625460C462A7011466FEA13
:1002A0000C05EDB205FB02F2120A2270C0B200FB8F
:1002B0000CF01D466FEA1020C0B201FB00F0000AEE
:1002C000287070BD2DE9F84307460D4650220021E5
:1002D0002846EBF7AFFEC0F3C03303FA80F0C0F35B
:1002E0004F0412224FF440312846EBF7A3FE81461B
:1002F00013224FF440312846EBF79CFE06461022AD
:100300004FF440312846EBF795FE804611224FF41A
:1003100040312846EBF78EFEAA8A2B8D1A4492B202
:10032000EB8A698D0B449BB204EB0901511A3980A9
:1003300026449E1B7E80A0444244BA800444234449
:10034000FB803846BDE8F883F0B583B0044601462B
:100350006846FFF7B7FF69462046E9F722FA2046CC
:10036000E8F7F8FF0546502200212046EBF762FE31
:1003700006B2AE1B06EBD67646F34F0694F83C3039
:1003800003F00303012B24D0022B2DD0A78C38B20D
:1003900004F0D8FA06FB00F0C013208507F15A00DC
:1003A00000B204F0CFFA05EBD575C5F34F05238DE8
:1003B0002B44238506FB00F005EBE03565852146DF
:1003C0006846FFF77FFF69462046E9F7EAF903B080
:1003D000F0BD94F826704FF4B47303FB07F7084B95
:1003E00083FB07377F09D2E794F827704FF4B47383
:1003F00003FB07F7024B83FB07377F09C7E700BF03
:100400001F85EB5110B50C4600238B84642281F8C4
:10041000262081F8272091F83C2002F0FC0263F3AB
:10042000820281F83C200B634B6391F82C300A4A1E
:10043000127862F3000381F82C304FF480312046AB
:10044000E8F7C2F84FF440712046E7F737FE204640
:10045000FFF77AFF10BD00BF1CD0002010B582B09E
:100460000446019189B2B1F5B47F09D9CB08174A86
:10047000A2FB03239B084FF4B47202FB131399B23F
:100480009DF80630642B28BF64238DF806309DF854
:100490000730642B28BF64238DF80730A38C8B4270
:1004A00004D1E28CBDF806309A420CD0ADF80410AD
:1004B000019B63622046FFF747FF2046E9F795F965
:1004C000012002B010BD0020FBE700BF176CC11671
:1004D00008B590F8272090F82610808C03F0A8FE2D
:1004E00008BD00002DE9F04FA7B00F46BC48E6F765
:1004F000A1FD012802D027B0BDE8F08F3846E6F70D
:1005000087FE04463846E6F77FFE0546631E292B24
:10051000F1D801A252F823F065070208ED0702089E
:10052000F7040208F7040208F7040208F7040208B7
:10053000F7040208F7040208F7040208F7040208A7
:10054000F7040208F704020865060208F704020827
:10055000F7040208F7040208C5090208790D020829
:10056000C1050208F7040208DF090208F7040208BF
:10057000F7040208F7040208F7040208F704020867
:10058000F7040208F7040208F7040208F704020857
:10059000F7040208F7040208F7040208F704020847
:1005A000F7040208F7040208F7040208F704020837
:1005B000F7040208F7040208250602085F0602088D
:1005C00012224FF44031EBF735FD0FFA80F8132279
:1005D0004FF440312846EBF72DFD04B210224FF4C2
:1005E00040312846EBF726FD06B211224FF4403188
:1005F0002846EBF71FFD05B23846E6F70DFE234609
:100600004445B8BF4346B342B8BF3346AB42B8BF18
:100610002B4602331BB2B0F900209342B8BF1346F9
:10062000038068E73846E6F7F7FD04462846E8F712
:1006300091FEA388013322889B1A1BB2984203D0F3
:100640002846FFF781FE56E72846E8F789FEE3884B
:10065000013362889B1A1BB29842F1D14BE7FFF736
:1006600073FE48E73846E6F7D7FD0368113B032BD6
:100670003FF641AFDFE803F0024102416B6A189395
:1006800095F83C3003F00303012B1CD0022B27D03C
:1006900063B9AB8C0133534A82FB03121A44121222
:1006A0004FF4B47101FB1233ADF86030189928464D
:1006B000FFF7D4FE00283FF41EAF00221C2128467D
:1006C000E6F780FD17E795F826300133464A82FBAE
:1006D00003125211642101FB12338DF86230E5E7F9
:1006E00095F827300133404A82FB031252116421EE
:1006F00001FB12338DF86330D8E76B6A189395F8D5
:100700003C3003F00303012B18D0022B20D02BB96F
:10071000AB8C83B1013B9BB2ADF860301899284691
:10072000FFF79CFE00283FF4E6AE00221C2128467D
:10073000E6F748FDDFE64FF4B473EDE795F82630B1
:1007400023B1013BDBB28DF86230E7E76423FAE7BF
:1007500095F8273023B1013BDBB28DF86330DDE73C
:100760006423FAE702F062FF6863E6F79DFF05F194
:100770003801E7F710F8E6F797FF0446286B02F018
:1007800063FF23689B8B984214D26B6A189395F889
:100790003C3003F00303012B10D0022B12D00BB915
:1007A000ADF860302046E7F73BF818992846FFF788
:1007B00055FE58B902F03AFF28639CE664238DF891
:1007C0006230EFE764238DF86330EBE700221C21F1
:1007D0002846E6F7F7FC01287FF48DAEEAE700BF74
:1007E0005CB40408B7600BB61F85EB51E6F75CFFFD
:1007F000064600283FF47FAEE6F75CFF042802D0EF
:10080000022840F09580AC8A2846E8F7A3FD00EB6B
:10081000D07004EB6004ADF84840EC8A2846E8F755
:100820009FFD00EBD07004EB6004ADF84A403368E4
:100830001A7EBDF94830B5F938105B1A002BB8BFE5
:100840005B42934209DCBDF94A30B5F93A105B1AB4
:10085000002BB8BF5B429A4208DA02F0E7FE6863F9
:10086000BDF848302B87BDF84A306B87BDF848305B
:10087000AA8A9B1AADF84830BDF84A30EA8A9B1A1A
:10088000ADF84A302846E8F765FD044650220021BD
:100890002846EBF7CFFBC4F34E03BDF84820D21A2D
:1008A00012B2ADF84820BDF84A10C91A09B2ADF825
:1008B0004A101B1A9CB21BB2412B09DDC0F3C03396
:1008C00003FA80F3A4EB630423B2412BB8BF4123A6
:1008D00001FB01F102FB021703FB03F4686B02F05A
:1008E000B3FEA74229DA33689B8B8342BFF403AE81
:1008F00095F83C3013F0040F7FF4FDAD194603F07A
:1009000003030133C64A82FB030202EB42029B1A35
:100910000A4663F3010285F83C202846FFF714FDE0
:100920002846E8F762FFE6F7BFFEE6F779FFE2E563
:1009300012A93046E6F72FFF79E7BDF94A10BDF955
:10094000480004F065F8C208B649A1FB02129208FB
:100950004FF4B47101FB120399B21BB26A6A189288
:1009600095F83C2002F00302012A11D0022A1CD083
:100970000AB9ADF8601018992846FFF76FFD0028F6
:100980003FF4B9AD00221C212846E6F71BFCB2E576
:10099000642202FB03F3A44A82FB03121A44DB170E
:1009A000C3EB22238DF86230E5E7642202FB03F3F8
:1009B0009D4A82FB03121A44DB17C3EB22238DF8F6
:1009C0006330D8E73846E6F727FC044647F6FF725F
:1009D000016805F1140003F007F920718BE5384632
:1009E000E6F712FC80463846E6F782FC0590404662
:1009F000E8F7B0FC82464046E8F7B2FC0AEBDA7A48
:100A00004AF34F0AB8F814B0D3441FFA8BFB00EB3B
:100A1000D070B8F8163003EB60039BB203930FACB1
:100A20002046EEF702FE224600214046E8F76CF928
:100A30004FF41D7303FB0AF37C4A82FB0312DB179E
:100A4000C3EB22330233ADF83E3050220021404642
:100A5000EBF7F0FA044603B2069312AD002347F613
:100A6000FF7208F114012846EFF7CEFD0021284659
:100A7000EFF7CAFB0546B8F91620B8F91810B8F90F
:100A80001A30A4B2B8F814002044ADF82C00091BA9
:100A9000ADF830102244ADF82E201B1BADF83230DB
:100AA00018AC012347F6FF720BA92046EFF7ACFD07
:100AB00000212046EFF7A8FBBDF93E300493002645
:100AC000DFF87C9107950890099767E000EBC0007C
:100AD000400080B20DAB01930DF12B0300930DF19B
:100AE0002A03534A127853490978FFF799FB9DF876
:100AF0002B209DF82A00C0089DF83410C90855091C
:100B00009DF83C3065F3020360F3C7038DF83C3079
:100B10009DF83D3061F30403920862F347138DF8AA
:100B20003D30250A049B0AEB030744F30F242046BB
:100B300003F008FF07FB00F00BEBE030ADF83400EA
:100B40005A352DB2284603F0FDFE07FB00F0039A4C
:100B500002EBE030ADF836000699AAEB0107049BE2
:100B6000FF1A204603F0EEFE07FB00F00BEBE0302F
:100B7000ADF83800284603F0E5FE07FB00F0039AC5
:100B800002EBE030ADF83A000EAB0DAA0FA90598C4
:100B9000EEF761FD0136562E00F0B280B0B200EBE8
:100BA00040039BB24FF4876406FB04F400228DF8E7
:100BB0002A208DF82B208DF834201F4A12889A4263
:100BC0001CBFFF2289F800201B4A138098F83C3094
:100BD000C3F3010203F00303012B33D0022B60D0D7
:100BE00099F8001099423FF471AF98F8263003EB62
:100BF000430303EB0313114981FB0353DB100D4D3A
:100C00002B7098F8273003EB430303EB031381FBAE
:100C10000313DB1006490B7089F8002056E700BF6C
:100C200056555555176CC116B7600BB653A45C7B6F
:100C30001AD000201BD00020620000206766666684
:100C40006100002099F80030012B19D0B8F8243049
:100C500003EB43039B014D4AA2FB03239B084C4A31
:100C6000138098F8273003EB430303EB0313494A3F
:100C700082FB0323DB10484A1370012389F80030FC
:100C800006EB46010DAB01930DF12B0300930DF123
:100C90002A03414A1278C9B23D480088FFF7C0FADA
:100CA00025E799F80030022B19D0B8F8243003EB6F
:100CB00043039B01354AA2FB03239B08344A13805C
:100CC00098F8263003EB430303EB0313314A82FB0E
:100CD0000323DB10314A1370022389F8003006EB3E
:100CE00046020DAB01930DF12B0300930DF12A0386
:100CF000D2B22A49097826480088FFF791FAF6E629
:100D0000079D089C099F12A8EFF7F2FA18AE30462B
:100D1000EFF7EEFA2846EFF7C1FA2046EFF7BEFAF2
:100D20003846E6F771FA04463846E6F7E1FA054632
:100D30003046EFF7A9FE32464FF440312046E7F740
:100D4000B3FD47F6FF73ADF8603094F82C3013F024
:100D5000010F0BD112AE21463046FFF7B3FA3246EF
:100D600018A92846EFF7DAFEFFF7C5BB2046FFF7C4
:100D7000AFFBADF86400EDE73846E6F74DFA0378CF
:100D8000022B1CBF01230370FFF7B5BB176CC11604
:100D900018D00020676666661AD000201BD000209D
:100DA00038B5044690F83D3013F0010F07D090F8A5
:100DB0003C20164B53F8221008F0B0FB38BD008ED3
:100DC000400003F0CFFE0546228E94F83C105200FE
:100DD0000E4B53F8211003F0ABFF238E73B1A5F136
:100DE000020C00223CF8023F23F48063ACF8003090
:100DF0000132B4F830E093B29E45F3D8294620463C
:100E000008F08CFB284603F0CBFED7E764000020F7
:100E100010B5044690F83C20044B53F8221008F01B
:100E200001FA2046FFF7BCFF10BD00BF880000207C
:100E300038B50C4604212046E7F740F90025A563A4
:100E400084F83C5094F83D3065F3000384F83D305D
:100E50002B462A4605212046E8F70AFA2B461C2293
:100E600006492046E6F7F0F92A4629462046ECF7DF
:100E700073F82046FFF7CCFF38BD00BF810E020893
:100E800070B5E6F7C1F9044608F0F8FB4FF6FF73BA
:100E9000984239D0204608F0F1FB0146204608F080
:100EA000EFFB054680B36D49DFF79AF908B36C494B
:100EB0002846DFF795F940B36A492846DFF790F9ED
:100EC00078B369492846DFF78BF920B1674928468E
:100ED000DFF786F988BB002220212046E6F772F969
:100EE000012811D1A06B78B100222021E6F76AF920
:100EF0000AE0002384F83C305D4B1968204608F076
:100F000091F92046FFF74CFF70BD012384F83C3077
:100F1000574B5968204608F085F92046FFF740FFF7
:100F2000F2E7022384F83C30514B9968204608F0E0
:100F300079F92046FFF734FFE6E74E492846DFF708
:100F40004FF9D8B1A66B002EDED04B492846DFF70B
:100F500047F920B149492846DFF742F9E8B90A21A3
:100F600030460EF0F9FDA06B0EF03DFD0028CBD011
:100F700000221F21A06BE6F725F9C5E700221F21FB
:100F80002046E6F71FF90128BED1A06B0028BBD090
:100F900000221F21E6F716F9B6E739492846DFF7A0
:100FA0001FF948B337492846DFF71AF940B33649E5
:100FB0002846DFF715F938B334492846DFF710F92A
:100FC000002845D130460EF089FC0546A06B0EF096
:100FD00079FC03782D2B1BD02B2B29D00021A06B63
:100FE0000EF068FB2D21A06B0EF0B6FDA9B2013109
:100FF000A06B0EF05FFB87E730460EF003FF83E740
:1010000030460EF0F9FE7FE730460EF02BFE7BE710
:101010000121A06B0EF04EFBA06B0EF023FE2B21E6
:10102000A06B0EF099FDA9B2A06B0EF043FB6BE72D
:101030000121A06B0EF03EFBA06B0EF013FE2D21E4
:10104000A06B0EF089FDA9B2A06B0EF033FB5BE73D
:10105000294630460EF0E8FC56E700BF1858030852
:101060001C5803082058030824580308285803086C
:1010700088000020E45403082C580308345803085F
:101080000C55030810550308385803083C5803084A
:1010900010B50C460846EDF71BFBA084FF2384F82F
:1010A000263010BD2DE9F04FA3B00C460846E6F7F8
:1010B000AFF8A0F11503DBB2012B0DD9214605488D
:1010C000E5F7B8FF012802D12046E6F79DF823B0E6
:1010D000BDE8F08F0CB8040806462046E6F794F801
:1010E0000546152EF3D102AE3046EFF7CDFC324661
:1010F00000212846E7F7D8FBBDF80C3003F00707BE
:10110000C3F30421C3F34230C3F3C40303EB43121C
:10111000C3EBC203DA1D5211002362F3174300EB45
:10112000C70202EBC21002EB40020332921162F3DB
:101130000F2301EB4112C1EBC2010731491161F3E9
:10114000070343F07F43AA8C52BA110411FA82F2CA
:10115000F94F3A40C3F3074101EB4101C3F30720C4
:1011600001EB800151FA83FECEF3C70E0EF1040E9F
:101170004FEADE0E02FB0EFE07EA5E1EBDF80E30E1
:1011800003F00708C3F3042CC3F34230C3F3C403D2
:1011900003EB4311C3EBC103D91D4911002361F3D4
:1011A000174300EBC80000EBC01100EB4100033017
:1011B000801160F30F230CEB4C11CCEBC10C0CF144
:1011C000070C4FEA6C1C6CF3070343F07F43C3F337
:1011D000074101EB4101C3F3072001EB800151FA04
:1011E00083FCCCF3C70C0CF1040C4FEADC0C02FBC3
:1011F0000CFC07EA5C1CBDF8123003F00709C3F3CE
:101200000428C3F34230C3F3C40303EB4311C3EB1D
:10121000C103D91D4911002361F3174300EBC90035
:1012200000EBC01100EB41000330801160F30F238D
:1012300008EB4811C8EBC10808F107084FEA681825
:1012400068F3070343F07F43C3F3074101EB410118
:10125000C3F3072001EB800151FA83F1C1F3C70109
:101260000431C90802FB01F107EA5111BDF834301D
:1012700003F00709C3F30428C3F34230C3F3C403E4
:1012800003EB431AC3EBCA0303F1070A4FEA6A1AD6
:1012900000236AF3174300EBC90000EBC01900EB11
:1012A00049000330801160F30F2308EB4810C8EBAE
:1012B000C00808F107084FEA681868F3070343F00D
:1012C0007F43C3F3074000EB4000C3F3072800EB64
:1012D000880050FA83F3C3F3C7030433DB0802FB2F
:1012E00003F307EA531343EA13435ABAADF8342021
:1012F000BDF8262002F00709C2F30428C2F34230E9
:10130000C2F3C40202EB421AC2EBCA0202F1070A9C
:101310004FEA6A1A00226AF3174200EBC90000EB99
:10132000C01900EB49000330801160F30F2208EB75
:101330004810C8EBC00808F107084FEA681868F3BE
:10134000070242F07F42B5F8248098FA98F84FEAF5
:10135000084010FA88F808EA0708C2F3074000EBD3
:101360004000C2F3072900EB890050FA82F2C2F371
:10137000C7020432D20808FB02F207EA52120192B5
:10138000BDF82C0000F0070AC0F30429C0F3423274
:10139000C0F3C40000EB401BC0EBCB0B0BF1070B01
:1013A0004FEA6B1B00206BF3174002EBCA0A0AEBF3
:1013B000CA1B0AEB4B0A0AF1030A4FEAAA1A6AF39C
:1013C0000F2009EB491AC9EBCA0909F107094FEACD
:1013D000691969F3070040F07F40C0F3074909EB42
:1013E0004909C0F3072A09EB8A0959FA80F0C0F3CA
:1013F000C7000430C00808FB00F007EA501095F859
:10140000268008F104084FEAD8084EEA1E4E4FEA3B
:101410000E4919FA8EFE0EEA070E08FB0EFE07EAC9
:101420005E1E4EEA1E4E9EFA9EFEADF80CE04CEAA1
:101430001C4C4FEA0C4E1EFA8CFC0CEA070C08FB05
:101440000CFC07EA5C1C4CEA1C4C9CFA9CFCADF8BA
:101450000EC041EA11414FEA014C1CFA81F13940BA
:1014600008FB01F107EA511141EA114149BAADF80F
:101470001210019A42EA1242110411FA82F23A4021
:1014800008FB02F207EA521242EA124252BAADF8DF
:1014900026201A0412FA83F33B4008FB03F307EA01
:1014A000531343EA13435BBAADF8343095F8263052
:1014B00040EA1040020412FA80F038401A1DD208A7
:1014C00002FB00F007EA501747EA17477FBAADF86A
:1014D0002C70503BBDF9362002FB03F3174A82FB08
:1014E0000301DB17C3EBA113ADF8363095F82630B6
:1014F000503BBDF93C1001FB03F382FB0312DB17E9
:10150000C3EBA213ADF83C302046E5F7F1FE0446EC
:1015100010AF01463846E7F70DFD05F11408CDF888
:101520004C80074B11930023129314961D933A4657
:101530001A21284606E000BF1FF8E00791739F5D5F
:101540000CB80408E5F73EFE424631462046EFF768
:10155000E5FA3A461B212846E5F734FEB7E500BF19
:1015600008B501F1540003F0AFF908BD10B50C4601
:1015700001212046F7F70EF902212046E6F79EFDED
:1015800010BD10B50C4600212046F7F703F90223E1
:101590001A4600212046F7F729F902212046E6F7EE
:1015A0008DFD10BD70B50C46484B19882046E7F7F5
:1015B00033FE00212046F7F7EDF894F8623000255D
:1015C00084F8605084F8615003F0F10365F3000380
:1015D00084F86230042104F1540003F0D2F820466C
:1015E000E6F760FD60620121E6F7EEFFE563656402
:1015F000A564E564256421463548E7F769F80646A1
:10160000E7F719F942F264013046E7F7B4FD01212A
:101610003046F7F70FF901213046F7F7BBF84FF4E2
:1016200080413046E6F7D0FF02213046E6F746FD1E
:10163000A66231462748E7F74BF80646E7F7FBF87E
:1016400042F2D17242F264013046E7F7ABFD29461F
:101650003046F7F79FF802231A4629463046F7F737
:10166000C5F802213046E6F729FD4FF480413046A7
:10167000E6F7AAFF2663304607F05EFA06462346E1
:1016800007221549E5F7E0FD4FF480413046E6F7C3
:101690009BFF29463046F7F77DF86663304609F030
:1016A0008BFD0E4909F094FD206B0AF03DFA0646C9
:1016B0000121E6F789FFA663E562256523461C2222
:1016C00007492046E5F7C0FD70BD00BF8CCF002064
:1016D000B4B8040898B80408271902080C55030880
:1016E000A5170208486A30B110B50C4603F058FA45
:1016F0000023636210BD704710B50C460846EBF737
:101700005DFC416A2046EBF756FD01212046F7F7C4
:1017100041F802231A4600212046F7F767F84FF4F4
:1017200080412046E6F750FF10BD10B50446006B1F
:1017300010B3E36A03B394F86230C3F34103012B9F
:101740001BD0022B21D033B90021EBF7A5FD0121DD
:10175000E06AF7F76FF8206BE8F730FBE06AE8F72C
:101760002DFB206BE8F7D2FE206BE7F71CFEA0B93B
:101770000121206BE6F728FF10BD0021EBF78CFD5F
:101780000021E06AF7F756F8E5E70121EBF784FD61
:101790000121E06AF7F74EF8DDE70121206BE6F75B
:1017A0008DFCE9E710B5E5F739FD0446C36A4BB196
:1017B000806B38B1596A91B10AF0D0FE0121A06B5B
:1017C000E6F77CFC236C4BB1E06C38B1596A51B13F
:1017D0000AF0C4FE0121E06CE6F770FC10BD0121A7
:1017E000E6F7F2FEEEE70121E6F7EEFEF6E7836CA0
:1017F0008B420BD0436B8B4201D00020704790F896
:10180000610001288CBF0020012070470120704733
:1018100010B50446543003F057F8002384F86030C4
:1018200010BD38B50446C06A884245D00D4610B197
:10183000616AEBF7C0FC002D40D004F1540002F0C7
:10184000A8FF002839D0056094F86030013384F88F
:101850006030A16A2846EBF7AEFCE562206D20B14E
:10186000236C7BB30121E6F76BFC236C002B3FD08C
:1018700094F8623013F0010F0AD013F0080F25D04E
:101880000121A06CE6F71AFC0221A06CE6F79CFE91
:1018900094F86030012B22D90121606BE6F70EFC31
:1018A0000221606BE6F790FE00221C212046E5F73E
:1018B00089FC2046FFF739FF38BDFEE72046FFF7D9
:1018C000A7FFCAE70121E6F747FCCEE70121A06C9C
:1018D000E6F77AFE0221A06CE6F7F0FBD8E70121DB
:1018E000606BE6F771FE0221606BE6F7E7FBDBE772
:1018F00094F86030012B04D894F8623013F0080F8C
:1019000008D00121606BE6F7D9FB0221606BE6F796
:101910005BFEC9E70121606BE6F756FE0221606BB2
:10192000E6F7CCFBC0E7F8B50446E5F771FC0728FD
:1019300000D0F8BD2046E5F767FC05462046E5F7F0
:101940006DFC0446436BAB4202D0836CAB42F0D1DA
:1019500094F8603084F8613029462046FFF747FF4D
:101960000028E6D104F15406304602F0C1FF0546D6
:101970000146304602F0C4FF07460028D9D0294668
:10198000304602F072FF284603F00AF994F86030FE
:10199000013B84F860303946304602F066FF94F827
:1019A0006030013B84F8603039682046FFF739FF2A
:1019B000384603F0F5F8BCE72DE9F04FDBB00C46F4
:1019C000B048E5F737FB012802D05BB0BDE8F08FE7
:1019D0002046E5F71DFC05462046E5F715FC069078
:1019E000152DF2D12046E5F783FC80460A9015AD0F
:1019F0002946069F3846E7F7F3FC40AC2046ECF753
:101A000077FE51224FF4A0213846EAF713FB031E5C
:101A100018BF01239DF80D2163F382028DF80D217B
:101A2000BDF85420BDF8583001339B1AC3F3C031C0
:101A300001FA83F3C3F34F063244ADF8E020BDF85A
:101A400056303344ADF8E23000213846EBF784F9E4
:101A50000590414648A8E7F76DFA50944FF40033DB
:101A60005593884B499300234A933D4607F1300B29
:101A7000584602F041FF0446002859D00DF1E00815
:101A800048AF4FF01A09AA46049606E02146584688
:101A900002F03AFF044600284AD02379032BF5D1FF
:101AA000238BADF80031238AADF802316379FD2B29
:101AB0009DBF059A5343C3F30723059B8DF80C3153
:101AC0002568B5F92030AA696969A068EE8B1E44C3
:101AD000009603F01BF80646B5F92030AA6969693B
:101AE000E068ED8B1D44009503F010F8B5B2ADF839
:101AF000045186B2ADF80661638B049A1344ADF8C5
:101B00005C315994CDF844813A4649465046E5F750
:101B100059FB01960095BDF85C31424640A90A98F0
:101B2000ECF7FCFD3A461B215046E5F74BFBADE7D1
:101B3000BDF85410BDF85620BDF8583001335B1A7B
:101B4000C3F3C03404FA83F4BDF85A3001339B1A4E
:101B5000C3F3C03000FA83F364105B109C42A8BF4B
:101B60001C46A0B20B900144ADF844100244ADF8FD
:101B700046201FAD2846EDF758FD2A464FF4C021F8
:101B8000069F3846E7F7C0F89DF8853043F010030C
:101B90008DF8853038AE3046EDF7E2F932464FF435
:101BA000C0213846E7F701F80A9948A8E7F7C2F9D3
:101BB000344B49934FF4C023559303234A934E95D6
:101BC0003B4624330F93184602F096FE002800F09F
:101BD000BD814FF00009822CB8BF82240D945B4672
:101BE00083469A4652E12146504602F08DFE044655
:101BF00000284BD02379022BF5D1A168B142F2DC49
:101C0000E268B242EFDB238A3B441FB2A58A638AB3
:101C1000AB42E8D0A37D13F0010F04BFDBF818201E
:101C2000DBF81410FF2300934B46304602F06EFFA2
:101C3000C0B2658A6DBA2B0413FA85F525F0784594
:101C400025F4F81525F4FC65A38A5BBA1A0412FA88
:101C500083F323F0784323F4F81323F4FC635B1B32
:101C60000430C00800FB03F305EB531525F078455D
:101C700025F4F81525F4FC6545EA15456DBAADB2B5
:101C8000B1E700BF78B90408049D079FBBF81E3078
:101C9000089A02FB03F303EB83046400BBF80230F1
:101CA000013B94FBF3F4BBF9203003EB830304EB1B
:101CB0004304ADF87C50ADF87E7012AD11AFBDF8A5
:101CC00044300B9A13440D9A1344ADF84830BDF8D4
:101CD0004630ADF84A303B464FF4807221462846E4
:101CE00002F09AF951975295CDF8588138AB4D933F
:101CF000099B002B00F0A3800C98EEF7CFFA13ADF0
:101D0000BBF910200E9B9A1A3B4639880A44ADF85D
:101D10004C207A88ADF84E204FF480722146284638
:101D200002F07AF940AC202238A9204603F000F8EE
:101D30004D9422AC3346A94A1021204603F052FFAD
:101D4000539448AA1A210698E5F73CFA14ACCDF84A
:101D5000089041F6FF730193BDF912310093BDF96C
:101D60001431409A5399204605F0A5FABDF9500068
:101D700000EBD073BDF84C20A2EB630292B2ADF839
:101D80007420BDF9521001EBD174BDF84E30A3EBB5
:101D900064039BB2ADF876300244ADF878200B4472
:101DA000ADF87A30CDF80090539B1DAA4D990A9852
:101DB000EDF708F9494632A8EEF726FA0C902CA860
:101DC0004946EEF721FA044611AB12AA1FA90A9858
:101DD000EDF741FC2046EEF761FA48AA1621069875
:101DE000E5F7F0F9049BADF87C30079BADF87E3049
:101DF000BBF8022008F101081FFA88F3934232D29F
:101E0000059B013319460593BBF80A30994200F04F
:101E1000FD81CDF82080DBF81430DBF8181000913C
:101E2000013A4946404602F071FE06465890BBF81A
:101E300000300493BBF80630CDF82490FDE1CDF8D6
:101E40003491CDF84C9148AA1A210698E5F7BAF9D1
:101E500026A8B5E74FF6FF730593BBF802204FF0B5
:101E60000008002ACCD126A8EEF742FA2CA8EEF7FB
:101E70003FFA32A8EEF73CFA0C98EEF70FFA594603
:101E80000F9802F041FD834600285ED0CDF864B182
:101E9000BBF804300B9FFA1A92B2BBF80C40391B06
:101EA0008EB209B20E91BDF84400DB1B9BB217A99C
:101EB000C7180F80BDF846703B444B8010448880A3
:101EC0003A44CA80012347F6FF7226A8EEF79CFB2E
:101ED000BDF844200B9FE31B9BB219A9D0180880C2
:101EE000BDF8460003444B80531E33448B800138B9
:101EF0000644CE80012347F6FF722CA8EEF784FB40
:101F0000BDF84420D31BADF86C30BDF84630D91B6A
:101F1000ADF86E10013A3A44ADF87020013B3B44F5
:101F2000ADF8723032AC4B4647F6FF721BA9204623
:101F3000EEF76AFB49462046EEF766F90C90BBF8CF
:101F40000A30002B86D0013B86E7D346BDF85420EB
:101F5000BDF8583001339B1AC3F3C03000FA83F345
:101F6000C3F34F052A44ADF89820BDF856302B44F2
:101F7000ADF89A3038AC2046EDF757FB22464FF4C7
:101F8000A021DDF818804046E6F7BEFE40AC2046B2
:101F9000ECF727FE22464FF4A0214046E6F75CFE10
:101FA00000214046EAF7D8FE04900A9948A8E6F7CF
:101FB000C1FF0B4B499326AB51934FF4003355931C
:101FC000584602F099FC0446002800F0D7804FF0F4
:101FD000020ADFF81090059569E000BF1458030865
:101FE00078B9040803000180B5F92030AA6969694D
:101FF000E068EE8B1E44009602F088FD0646638A78
:10200000059A1344AA8B9D182DB200B202F09AFCD7
:1020100005FB00F389FB03121A44DB17C3EBA23361
:10202000BDF89A201344ADF8CA3006F15A0000B248
:1020300002F088FC05FB00F389FB03121A44DB174E
:10204000C3EBA233BDF898201344ADF8C830A38A7F
:10205000ADF8E030238AADF8E2306379FD2B9DBF07
:10206000049A5343C3F30723049B8DF8E8300123FC
:102070004A9338AF4E9732AD529526AB519348AE46
:1020800032461A214046E5F79DF82B46519A3946CB
:102090000A98EDF7E0FA32461B214046E5F792F840
:1020A0002146584602F030FC0446002866D02568D8
:1020B00059942379012B97D0002BF1D12369002B60
:1020C000EED0B5F92030AA696969E068ED8B1D444E
:1020D000009502F01BFD05462CA92069EFF782FA56
:1020E000B4F91460BDF89820921B92B2ADF8C820E4
:1020F000B4F91600BDF89A301B1A9BB2ADF8CA307D
:102100002C99C1F38A2101390A44ADF8CC20BDF8DD
:10211000B220C2F34A12013A1344ADF8CE306379CB
:10212000FD2B9DBF049A5343C3F30723049B8DF8F3
:102130000B31ADF80461ADF8060105EB85056B00C8
:102140001A46B3F5616FC8BFA3F56162ADF800210F
:10215000CDF828A140AE4F9648AD2A461A214046F8
:10216000E5F730F8236932AA31460A98ECF796FD74
:102170002A461B214046E5F725F891E7BDF8542093
:10218000BDF8583001339B1AC3F3C03000FA83F313
:10219000C3F34F031A4495B2BDF8562013449CB2C2
:1021A00048AF3846EEF770FC3A464FF40031DDF8A0
:1021B00018804046E6F778FB01224FF40031404694
:1021C000E9F738FF06B204224FF400314046E9F740
:1021D00031FF06EBD676C6F34F03EA1AADF80021BD
:1021E000C0F3C03202FA80F2C2F34F02A11AADF876
:1021F00002111D44ADF804511444ADF8064140AA43
:1022000039460A98EEF78AFCFFF7DFBBCDF820804D
:10221000DBF81430DBF818100091013A49464046CB
:1022200002F074FC06465890BBF808300493BBF8E3
:102230000E3000220592012209921FB207975046E4
:1022400002F05AFB044600283FF41EAD049DD1E481
:1022500010B50C4601F1300002F036FB04F1240009
:1022600002F032FB10BD10B50C462421601802F0BC
:1022700088FA1C2104F1300002F083FA10BD00003E
:102280002DE9F0418AB00446122105A802F0DDFED6
:10229000E36E002B60DB012505AF636E01AE002B02
:1022A000B8BF5B42444A0E21304603F09BFC94F8D1
:1022B000748008F00F083046DDF7F2FFA8EB000647
:1022C000002E54DD01AB421C1A4403EB08001146FA
:1022D00012F8013D00F8013901ABC91A0229F6D5FF
:1022E000F218302103F8011B9342FBD194F87400DB
:1022F0000F2845D994F87460360943D001A900230A
:1023000011F8012B22B107F8012B0133B342F7DB9F
:102310000F2838D805A920460DF0FEFC236F94F84D
:10232000741001F00F01092B0ADD244F1A4687FBB8
:1023300003C0DB17C3EBA0030139C9B2632AF5DC84
:10234000B142C4BF0131C9B2491BC9B220460DF028
:10235000B1F90AB0BDE8F081636E002BB4BF2D2344
:102360002B238DF8143000250DF1150795E794F80F
:1023700074000F28BED8B8F1000F1BD04646BDE749
:102380004646BBE700233A462E2102F8011B98453A
:10239000C0DD03F128016944253908F10100C01AA4
:1023A000384411F8013F002BB4D002F8013B8242BF
:1023B000F7D1AFE74646ADE714580308676666668F
:1023C00038B50C4600234B66052381F8743001258F
:1023D0000D670C4B8B660C4BCB6691F8753003F098
:1023E000FE03022262F3420381F87530294620463B
:1023F0000DF02BFA294620460DF020FA2046FFF773
:102400003FFF38BD9F8601006179FEFF08B5036F6D
:10241000092B09DD054A82FB0312DB17C3EBA2037C
:102420000367FFF72DFF08BD0123F9E767666666BE
:1024300010B5026F02EB8202C36E002BB8BF5B4285
:10244000816E8B42B8BF0B46B3EB420FA4BF540062
:102450000467FFF715FF10BD08B5426E016F02EB70
:10246000010C836E9C450CDCBCF1000F03DD002ADF
:10247000BCBF52424266436E0B444366FFF700FF07
:1024800008BD90F8751011F0010FF6D09A4208BF00
:10249000C36EF2E708B5426E016FA2EB010CC36E8A
:1024A0009C450DDBBCF1000F05DB436E5B1A4366F8
:1024B000FFF7E6FE08BD002AC4BF52424266F4E7B9
:1024C00090F8751011F0010FF1D09A4208BF836E99
:1024D000EDE7000070B50C466148E4F7ABFD01285C
:1024E00000D070BD2046E4F793FE05462046E4F791
:1024F0008BFE0646082D11D00D2DF2D1E5F7D4F84C
:10250000E5F7D8F805462046E4F786FE0368113B58
:10251000032BE6D8DFE803F09B9F8791E5F7C4F82B
:10252000E5F7C8F8042815D030460DF0CBF9746CE7
:10253000035D2E2B46D0DDF7B3FE844266D0002C1F
:1025400043D1F36E002B66DB96F8740000F00F00A9
:1025500001384EE03046E5F718FEE5F79EF8002812
:10256000BFD096F8742002F00F02012AB9D996F86C
:10257000753003F00603042B10D1336F012B03DDFC
:102580003046FFF743FFACE7023A0A20002102F091
:1025900096FA30673046FFF74BFFA2E7356FEC172E
:1025A000013A0A20002102F08AFA85428C4103DABE
:1025B0003046FFF73DFF94E70A2333673046FFF7C5
:1025C00025FF8EE730460DF01DFC96F8741001F0E3
:1025D0000F000138726C93B2B2EB111F04D90F29AE
:1025E00084BF03F1FF339BB2C01AF36E002BB8BF58
:1025F0000130A8B10122002302EB820251000A46F9
:1026000001339BB28342F7D331676AE7411E3046FC
:102610000DF050F8D9E7012130460DF04BF8D4E722
:10262000012333675DE7042D03D03046FFF7EEFE4C
:1026300057E73046FFF710FF53E7042D03D030462D
:10264000FFF7F6FE4DE73046FFF724FF49E7304637
:10265000FFF702FF45E73046FFF71CFF41E700BFE9
:10266000CCB90408F0B593B00C4602212046E5F73A
:1026700025FD01AE304601F00BF90194154B029394
:102680004FF6FF73ADF84430134B1B680C93134B9C
:102690001B6809930A9303F5B4730B93304601F05A
:1026A00049F90F4B0893002509950A954FF4B47723
:1026B0000B970C4B0293304601F03CF93A46294601
:1026C000204605F0FFF94FF48771204605F005FA22
:1026D00013B0F0BDF326020824D0002020D0002043
:1026E0004D3A0208E926020808B589B205F07BF8E0
:1026F00008BD08B589B205F0B7F808BD10B5064B9E
:102700001960064B1A6001460548E5F7E1FF0446EB
:10271000E6F791F8204610BD24D0002020D00020FC
:10272000E8B9040870B50C4691F82C3013F00C0F82
:102730000FD00B8D13B300252E46636A53F8250086
:1027400002F02EFA636A43F825600135238DAB420F
:10275000F3D894F82C3013F0030F0FD0238D6BB106
:1027600000252E46636A53F8350002F019FA636AB1
:1027700043F835600135238DAB42F3D8606A02F02F
:102780000FFA0023636270BD70B50C46524B1B7884
:1027900081F82C30013B072B09D8DFE803F0595EA4
:1027A00008040808085401212046F5F7F3FF42F217
:1027B000640211462046E6F7F5FC204606F026FDA9
:1027C00006462046E5F76EFC05460121304607F037
:1027D000E1FA042002F0C6F96062404B0360616ACE
:1027E000304606F01FFD00231C223D493046E4F729
:1027F0002BFD4FF480413046E5F7E6FE00231A46F4
:1028000038492846E4F720FD00212846E8F708F972
:1028100094F82C30042B27D024D8013BDBB2012BB9
:1028200033D842F26402304BB3F900103046E6F779
:10283000B9FC42F264012846E6F79DFC01212846D6
:10284000F5F7F8FF21E009212046F5F7A3FFAEE7F1
:1028500000212046F5F79EFFA9E708212046F5F75D
:1028600099FFA4E7082B10D11F4BB3F9002042F2C7
:1028700064013046E6F796FC42F264012846E6F72A
:1028800063FC01212846F5F7D5FFE4F709FE10B1F6
:102890003146E4F79CFE94F82C3013F00C0F11D065
:1028A00000212846F5F776FF03212846E8F7DBF8F4
:1028B00080212846E5F788FE4FF480612846E5F739
:1028C000FDFB70BD01212846F5F764FF0321284672
:1028D000E8F7D4F8ECE700BF2AD00020D45403086E
:1028E000C32A0208F529020828D0002008B50121D2
:1028F000EAF768FB08BD08B50021EAF763FB08BDED
:102900002DE9F84390F8233013F0100F57D1044607
:102910000D461646038D8B4298BF03F1FF35E7F74E
:10292000F5FD2046FFF7E2FF0746002847D094F860
:102930002C3013F00C0F26D015220021E9F77AFB7A
:102940000FFA80F93846E6F711FD8046162200217D
:102950002046E9F76FFBC0B2012809D009EB080057
:1029600010FB05F1324609B23846E8F797FB1CE048
:1029700009EB08016B4211FB03F1324609B23846FC
:10298000E8F78CFB11E014220021E9F753FB0FFA62
:1029900080F83846E6F707FD08EB000111FB05F16A
:1029A000324609B23846E8F78DFB2046FFF7A3FF11
:1029B000ADB24FF48072294606F00AFE6585BDE887
:1029C000F883000038B50C460948E4F733FB0128CA
:1029D00000D038BD2046E4F71BFC05462046E4F74E
:1029E00013FC292DF5D10022418DFFF789FFF0E777
:1029F00004BA040870B582B00446E4F705FC054645
:102A00002046E4F705FC04462846EAF7D7FA0646CE
:102A10002B2C03D00A2C06D002B070BD0022418DB1
:102A2000FFF76EFFF8E7E4F73FFE10B10379012BE3
:102A3000F2D001A92846E8F7BDF996F82C3013F03A
:102A40000C0F21D02846E6F791FC054616220021FE
:102A50003046E9F7EFFAC0B201280AD0BDF90440C8
:102A600005EBD57343F34F031C4494FBF5F424B2F8
:102A700017E005EBD57444F34F04BDF90430E41AB4
:102A800094FBF5F424B20CE02846E6F78CFCBDF983
:102A9000064000EBD07343F34F031C4494FBF0F467
:102AA00024B224EAE474758D012221463046FFF7F2
:102AB00027FFAC42B0D000221C213046E4F782FB55
:102AC000AAE738B5E4F7A0FB0546EAF777FA04462B
:102AD000284606F0D3FD014600222046FFF710FFEE
:102AE00038BD000010B50C4642F264021146204683
:102AF000E6F758FB00231A4608492046E4F7A4FBF2
:102B000080212046E5F760FD03212046E7F7ABFF73
:102B100003212046E7F7B2FF10BD00BF212B0208BA
:102B20002DE9F04383B00546E4F772FB04462846DE
:102B3000E4F76AFB0A2C02D003B0BDE8F083074635
:102B4000E4F7B2FD10B10379012BF5D03846E6F772
:102B50000DFC05463846E6F726FC044601A9384632
:102B6000E8F728F9BDF9048005EBD57343F34F036B
:102B7000984498FBF5F818FB05F80FFA88F8BDF9AA
:102B8000069004EBD47343F34F03994499FBF4F993
:102B900019FB04F90FFA89F9002400E001343846E2
:102BA000EAF725FAA04217D921463846EAF70AFA89
:102BB0000546E6F777FB06462846E6F796FBB0455E
:102BC000ECD18145EAD17D6295F8244000221C2198
:102BD0003846E4F7F7FA00E00F2421463846E7F7D5
:102BE00032FFA9E72DE9F0410C460846EAF7E6F97D
:102BF000064642F2640211462046E6F7D3FA204622
:102C0000E7F784FC3046E6F7B1FB114FB7F9003027
:102C100003FB00F52DB23046E6F7C5FBDFF8388040
:102C2000B8F9003003FB00F212B229462046E6F75D
:102C300081FA084B197884F824103B68D8F80020F2
:102C4000134301D0BDE8F0813046E7F7FCFEF9E719
:102C500030D0002034D000202CD0002070B50C469D
:102C60000846EAF7ABF90646E6F774FB0546304638
:102C7000E6F776FB024629462046E6F793FA01215D
:102C80002046F5F787FD2046E5F70CFA05460F4B81
:102C9000B3F9002042F26401E6F784FA00212846E5
:102CA000F5F778FD02231A4600212846F5F79EFD28
:102CB0002046E5F7F7F904460121F5F7BBFD42F29E
:102CC00064012046E6F740FA70BD00BF36D0002010
:102CD00018B108B54268904708BDFEE758B12DE924
:102CE000F0470D4617469846814629B100260E60EA
:102CF0000446B24607E0FEE7FEE7BAF1000F08BF60
:102D0000A246646974B143463A462946204626687D
:102D1000B04703460028F4D0AA7B12F0100FECD184
:102D20002C600CE0BAF1000F0CD0DAF800404346FA
:102D30003A4629465046A047C5F800A00123184648
:102D4000BDE8F0871F2F10D94FF6FF039F421FD019
:102D500042F20C039F421ED0B9F9083003EBD37343
:102D6000C3F34F039A1C92B201E000231A46EB8092
:102D7000AA8000232B60B9F808202A816B81AB81DF
:102D8000AA7B012161F3030242F01002AA73D6E785
:102D900000231A46EBE700231A46E8E750B100B5D6
:102DA00085B013460A466946FFF798FFBDF8040050
:102DB00005B000BDFEE703780A78934211BF981A68
:102DC00040784B78C01A704703880A88934211BF35
:102DD000981A40884B88C01A704700880B88C01A20
:102DE000704700002DE9F04784B00D46002971D0EE
:102DF00004696769002F71D03B688B4218D0628AE2
:102E0000C2F3080ABAF1000F5FD0A3680026B046EB
:102E10009E461868291AB3F804C08C454CD993F81B
:102E200012C0BCF1030F45D8DFE80CF00E2D0417DB
:102E3000786806E0D8880844636913B11D60636947
:102E4000586004B0BDE8F087DA68515C09B9A8425F
:102E500032D1BEF806000844EEE7ADF80E101A8A2B
:102E60009968224B009302230DF10E0004F092FAB0
:102E700038B1A36833449968421AD88800EB6200DD
:102E8000DAE70020D8E7ADF80E101A8A9968174BD8
:102E9000009302230DF10E0004F07CFA40B1A36808
:102EA00033449968421AD968885ADB881844C3E7C2
:102EB0000020C1E70020BFE708F1010814331436F1
:102EC0001FFA88F18A45A3D837B13D6063690020B5
:102ED0005860B6E70846B4E70020B2E7628AC2F35A
:102EE000080ABAF1000F90D10020AAE7DB2D0208F2
:102EF00010B50929046908BF2021FFF773FF50B1FD
:102F0000E37C3F2B09D8636853F83030C3F31303D5
:102F10002068184410BD0020FCE70020FAE70000FC
:102F20002DE9F04385B007460C4615469846092A18
:102F3000066914BF11462021FFF754FF002800F056
:102F400092808146F368002B5AD041463846FFF7FD
:102F500049FF034608B9002153E03A69D17C11F0DA
:102F6000200F3AD1D768FA7A3F2A05D902F0C00279
:102F7000402A1AD0002144E0D7F8008009EB002352
:102F8000ADF80C30BA68394B0093022322F040426E
:102F9000414603A804F0FEF928B1A0EB08035B103A
:102FA0007A68D1562DE000212BE0D7F8008009EB9C
:102FB00000430393BA682E4B0093042322F040424F
:102FC000414603A804F0E6F928B1A0EB08039B10E2
:102FD0007A68D15615E0002113E0D268516811F8E3
:102FE0000910002937D09068C05C002835D001391D
:102FF000577B1368034407FB013313F9011C00E0FE
:103000000021726802EBC902338A01FB03F31B1132
:103010005188C1F30B11092D08BF490008330B4437
:103020001B09A380537923811179E18092F906303D
:10303000638192F90730A381F27CC2F34302A37B40
:1030400062F3030323F01003A373092D07D00120BB
:1030500005B0BDE8F0830021D3E70021D1E74900A6
:10306000E1800120F4E70020F2E700BFB72D02085D
:10307000C92D020870472DE9F04104460D46164659
:103080009DF81870027822F0E00202704288012157
:1030900061F34F12428003F0070CC3F30421C3F322
:1030A0004230C3F3C40303EB4312C3EBC203073341
:1030B0005B11002263F3174200EBCC0303EBC31058
:1030C00003EB400303339B1163F30F2201EB411326
:1030D000C1EBC3010731491161F3070242F07F429E
:1030E000C2F3074303EB4303C2F3072103EB81035E
:1030F00053FA82F2C2F3CC08FC2F08D95FFA88F3A6
:10310000324629462046EDF7B3FDBDE8F081324650
:1031100029462046EDF732FDC7F1FF0313FB00F30C
:1031200007FB0833C3F30723EAE710B586B09DF821
:103130002840022C01D806B010BD0846194605905B
:10314000039B62F3942303930E2262F304038DF82E
:103150000C300094BDF82430BDF9202003A8FFF7FF
:103160008AFFE8E710B586B09DF82840022C01D808
:1031700006B010BD084619460590039B62F39423E0
:1031800003930D2262F304038DF80C300094BDF814
:103190002430BDF9202003A8FFF76DFFE8E710B544
:1031A00086B09DF82840022C01D806B010BD084614
:1031B00019460590039B62F3942303930C2262F358
:1031C00004038DF80C300094BDF82430BDF92020A4
:1031D00003A8FFF750FFE8E710B586B09DF8284038
:1031E000022C01D806B010BD084619460590039B75
:1031F00062F3942303930B2262F304038DF80C30E3
:103200000094BDF82430BDF9202003A8FFF733FF58
:10321000E8E7000070B59DF818C0BDF9100000FB8C
:10322000023303EB4303CC18BDF81400BCF1FC0FD0
:103230007ED894F802E0BEF1020F66D96578CA5CC8
:1032400002EB052292B2BCF1020F1DD9BEF1FC0FB8
:103250001CD952BA150415FA82F2384D2A4040BAE8
:10326000060416FA80F02840801A0CF1040C4FEA8C
:10327000DC0C0CFB00F002EB50122A4042EA124236
:1032800052BA92B2FF20A070104653E02C4D2D7818
:10329000654540D02A4D85F800C02A4D85F800E0EC
:1032A000294D2880294D2A80CCF1FF06CEF1FF0E52
:1032B00016FB0EF686F47F46C6F30726244D2E70C5
:1032C00052BA150415FA82F21C4D02EA050ECCEB37
:1032D0000C2292B292FBF6F2D2B20432D20840BA79
:1032E000060416FA80F02840A0EB0E0000FB02F264
:1032F0000EEB52122A4042EA124252BA154802809C
:10330000144A1088124A92F800C084F802C0BCF136
:10331000020F12D90EE00B4D2D787545BAD10A4D2A
:103320002D888542B6D1094D2D889542B2D1E7E767
:1033300084F802C0C854000A607070BD1FF8E0072E
:103340005BD000205AD0002058D0002054D000205C
:1033500052D0002050D0002010B50446502101F07A
:1033600074FE4FF4A0732380F02363804FF6FF7345
:10337000A380E380002222816281237C43F0080342
:1033800062F3861323742369822262F3D0132361CC
:103390004EF207032387034B236463645823A3641B
:1033A00010BD00BF2D180108F8B504460D4617469C
:1033B0001E461C2101F049FE25606760A560E6609D
:1033C000F8BD000070B582B005464A4801F0E1F949
:1033D00000287ED00446EB6B002B7BD04FF4B471F9
:1033E000204601F032FE25600123C4F85431082143
:1033F00004F5AC7001F0C5F93F4B1E681C60224615
:103400001E213E4802F0F0FF606000286ED02B7C49
:1034100013F0020F0DD0EA68B5F90030B5F90210CB
:1034200001FB03F3D2689A4203D22B7C23F0020300
:103430002B74FF2384F82A3084F82B3084F8293049
:10344000FAF7F6FB002852D1052000F071FF05467F
:10345000002000F06DFF0246294B0093002329460F
:103460002046F7F71FF8A0600020E4F71BFE20615C
:103470000020E4F717FEE0610020E4F713FE20626D
:10348000204D2A460021E069E9F76EF82A4600211E
:10349000206AE9F769F80221E069E4F70FFE0221EA
:1034A000206AE4F70BFE0021E069E7F7B9FA002192
:1034B000206AE7F7B5FA2069E6F797F9002E08BF0A
:1034C00026460D4B1E60606803F0B0F8204602B03F
:1034D00070BDFEE7A86C01F045FB064628B12B6CD9
:1034E000014628469847EE6378E7FEE7FEE7FAF7DD
:1034F00093FBB8E774D200205CD0002085E0000880
:1035000004DF0408FFFF0F00014B1868704700BF7D
:103510005CD00020034648B11B681A7C12F0100FE3
:1035200014BFB3F90200B3F900007047024B1B68E7
:10353000002BF1D1002070475CD00020034648B139
:103540001B681A7C12F0100F14BFB3F90000B3F916
:1035500002007047024B1B68002BF1D1002070471E
:103560005CD00020034620B11B681869C0F3C91065
:103570007047034B1B68002BF6D18220704700BFB9
:103580005CD00020C26800231361C2685361704799
:1035900008B520B10146044801F0B2F908BD02485F
:1035A00001F0A6F9FAE700BF74D200200368D868DA
:1035B00070470000053909290FD8DFE801F0100E27
:1035C0000E0E0E0E05070A0C064B00E0064BC361FB
:1035D0007047064BFBE7064BF9E70023F7E7054B7F
:1035E000F5E700BFD93102089F31020865310208B2
:1035F0002B3102081532020808B520B101460448F3
:1036000001F07EF908BD024801F072F9FAE700BF47
:1036100068D20020034B00221A70034A1368034447
:103620001360704760D0002064D00020044B1868FD
:10363000044B4FF0010119701A78002AFBD0704733
:1036400064D0002060D0002010B50446FFF7EEFFE4
:10365000001B10BD08B5084B01221A70074801F085
:1036600047F920B1064B186802F0DBFF08BD044B98
:10367000186802F0D1FFF9E76DD0002050D2002089
:1036800068D000202DE9F843654B1868FFF7DCFF90
:103690000646644A137883F001031370624801F010
:1036A00027F9002800F09F800446604D4FF0000984
:1036B000DFF870815C4F27E09B1900F19A8012F0CF
:1036C000010F09D163693BB120469847236A03443F
:1036D0002362A36A0344A362A3680BB12046984700
:1036E00094F8423043F0080384F8423023E0E36A60
:1036F000226B9A4237DA2B78002B7BD0384601F0C8
:10370000F7F80446002C6ED085F8009098F8002059
:1037100094F84230C3F3800393426BD094F8423064
:1037200062F3820384F84230DAB213F0080F02D158
:10373000236B002BC0DD236B33442363002BDADBC8
:10374000E26A9A42A8BF1A462263E3692046984774
:10375000636A8342CBD060626368002BC7D00146A6
:1037600020689847C3E794F8422012F002020AD179
:10377000B4F84010002943D04FF6FF70814246D084
:103780000139A4F84010B4F84010B9B1E16B4942D6
:103790002163A16B0029AED0002A34D0B2FA82F2A4
:1037A000520994F8420062F3410084F84200226A10
:1037B000A06A2062A262E162A3639CE7A16B01B1EF
:1037C0000AB32146184801F050F8FFF743FFE368B9
:1037D0000BB12046984723690BB1204698472046F5
:1037E00001F0DEF987E7FFF721FF0D4B1860BDE818
:1037F000F88323632146384601F082F8044681E7C6
:10380000A16B0029DDD0606B40422063C6E7E16B0D
:1038100049422163A16B00293FF46DAFF3E700BF7C
:1038200070D000206CD0002050D200206DD000203D
:1038300010B582B004464FF4806300930023C26A3F
:103840001946006B01F062F9226AA36A9B1A03FB16
:1038500000F002EBA02002B010BD000008B544212A
:10386000074800F08EFF00221E21064802F0BCFD32
:10387000054B1860FFF7EEFE044B00221A7008BDDE
:1038800050D200208536020868D000206DD000207C
:1038900010B50446442101F0D8FB4FF4FA73E362FB
:1038A000002323626423A3620123A4F84030044B65
:1038B000E36194F8423043F0010384F8423010BDD4
:1038C000313802082DE9F04706468846184801F0CD
:1038D0000FF840B304464FF00009154F4FF0010AAE
:1038E00006E06B6843450FD0B8F1000F0CD0E4B18F
:1038F00025462146384601F003F804462B68B342BA
:10390000EFD0002EF3D1ECE72946384600F0ADFFAA
:103910002B690BB128469847284601F041F9FFF77B
:1039200099FED146E3E74FF000094846BDE8F0872D
:1039300050D2002038B50446416811B10068FFF745
:10394000C1FF1B4800F0F2FF58BB194800F021FFEF
:10395000054658B34422214601F0EAF92368A34200
:1039600008BF2D6095F84230124A127862F3820344
:1039700085F8423013F0010F0FD06B693BB1284638
:1039800098472B6A03442B62AB6A0344AB626B68B3
:103990001BB1286808B1296A9847FFF75BFE2846E3
:1039A00038BDFFF743FE044B1860CEE7FEE700BFCB
:1039B00050D200206CD0002070D0002070B504469A
:1039C0000D460B4800F094FF014670B1084E04E02C
:1039D000304600F095FF014638B10B68A342F7D19D
:1039E0004B68AB4201D0002DF2D1084670BD00BF3C
:1039F00050D200200346891A0029B8BF49424FF42B
:103A00007A7202FB01F1B1FBF0F0994238BF01304C
:103A1000704730B583B004464FF4806500950023AD
:103A2000C26A1946006B01F071F8009540F2B63396
:103A30004FF46172002100F0C1FF226AA36A9B1A51
:103A400003FB00F002EBA02003B030BD30B583B023
:103A500004464FF4806500950023C26A1946006B46
:103A600001F054F800954FF46E733222002100F0FB
:103A7000A5FF226AA36A9B1A03FB00F002EBA020B9
:103A800003B030BD026BC36A9A42ACBF806A006A61
:103A9000704700B5B0F900E0B0F90430A3EB0E03B5
:103AA00003EBD373C3F34F0C43F34F030A88A2EB2A
:103AB0000E02A2EB0C0249884088091AA1EB0C0106
:103AC00003FB03F311FB01F112FB0212934234BF1B
:103AD0000020012000BD018042808380BDF90030BC
:103AE000C3807047013903881944818070470139C8
:103AF00043881944C1807047B0F90420B0F9003000
:103B0000D21AB0F90630B0F90210581A013002FB8F
:103B10000000704789B203885B1A038083881944C8
:103B2000818092B243889B1A4380C3881A44C28022
:103B3000704789B203880B440380838819448180CD
:103B400092B2438813444380C3881A44C2807047AA
:103B500010B50346B2F900E0B1F900008645B8BFE0
:103B60008646A3F800E0B2F90200B1F90240A04293
:103B7000B8BF20465880B2F904C0B1F90440A4454A
:103B8000A8BFA446A3F804C0B2F90620B1F90610F4
:103B90008A42A8BF0A46DA809042D8BFE645D4BF21
:103BA0000120002010BDB2F90030B1F900C063451A
:103BB000A8BF63460380B2F90230B1F902C0634581
:103BC000A8BF63464380B2F90430B1F904C063452D
:103BD000B8BF63468380B2F90630B1F9062093423C
:103BE000B8BF1346C38070472DE9F04F85B00C462F
:103BF000B1F90030B0F900108B42C0F29B80B0F9EF
:103C00000460B34200F39A80B4F90230B0F9027054
:103C1000BB42C0F29580B0F906904B4500F392800C
:103C2000002A40F391801FFA86FA1FFA81F81FFAE2
:103C300089FBB8B2ADF808100AF10105A5EB08053B
:103C4000C5F3C03303FA85F50BF1010301461B1AD6
:103C5000C3F3C03000FA83F36D105B109D42A8BF20
:103C60001D469542A8BF1546ADB2A8441FFA88F874
:103C7000ADF80C80ADF80A7029440BB20193ADF891
:103C80000E300022214602A8FFF7AEFF38B14544AE
:103C9000ADF80C50214602A8FFF7FBFE4BE0ABEB62
:103CA000050B1FFA8BFBADF80AB0ADF80E900022A1
:103CB000214602A8FFF798FF58B1A844ADF80C8040
:103CC000ABEB0505ADF80A50214602A8FFF7E1FE6F
:103CD00031E0AAEB050A1FFA8AFAADF808A0ADF8A0
:103CE0000C600022214602A8FFF77EFF60B1AAEB1C
:103CF000050AADF808A0ABEB050BADF80AB02146FC
:103D000002A8FFF7C6FE16E0ADF80A70019BADF8F9
:103D10000E300022214602A8FFF766FF08B90120F5
:103D200009E0AAEB050AADF808A0214602A8FFF7B2
:103D3000B0FE00E0002005B0BDE8F08F0020FAE7FB
:103D40000020F8E70020F6E70120F4E7B0F90020B2
:103D5000B1F904309A4214DCB0F90420B1F9003012
:103D60009A4210DBB0F90220B1F906309A420CDC1D
:103D7000B0F90600B1F902309842B4BF002001202A
:103D800070470020704700207047002070472DE9E1
:103D9000F04182B0B0F90060B1F90030B3423ADCD2
:103DA0000C461546B0F90230B1F902209A4236DCD1
:103DB000B0F90470B1F90420BA4232DBB0F90680E0
:103DC000B1F9062042452EDB0DB9012024E0ADF803
:103DD0000460ADF806302A4601A92046FFF704FF2B
:103DE000D0B1ADF804702A4601A92046FFF7FCFEC9
:103DF00090B1ADF80460ADF806802A4601A92046CE
:103E0000FFF7F2FE40B1ADF804702A4601A9204642
:103E1000FFF7EAFE00E0002002B0BDE8F0810020DC
:103E2000FAE70020F8E70020F6E72DE9F04706461C
:103E30000C46154611462046FFF788FF002800F083
:103E40008E80002229462046FFF7A1FF002840F07F
:103E50008980B4F904E01FFA8EF3B4F900901FFAD8
:103E600089F1E288B4F902801FFA88FCB5F9027082
:103E7000A7EB0C0000B200286FDDA6F80090A6F8B2
:103E80000280A6F804E0F7800120B5F906E01FFAE9
:103E90008EF7B4F802804244D21BA2EB0C021FFA48
:103EA00082FC12B2002A15DDB4F90620724511DD3C
:103EB000B4F900A0B4F9049000F1010806EBC002C7
:103EC00026F830A0A2F802E0A2F804906744D78058
:103ED0004FFA88F0B4F902C0B5F902209445B8BF92
:103EE0009446B4F90620B5F90670BA42A8BF3A461E
:103EF000B5F90080B4F90090A8EB090E0FFA8EFE18
:103F0000BEF1000F11DDA2EB0C073FB2002F0CDD5C
:103F100000F1010E06EBC00726F83090A7F802C0AA
:103F2000A7F80480FA804FFA8EF0B5F90470BDB29C
:103F3000248823445B1B5B1A99B21BB2002B0ADD59
:103F4000441C06EBC00326F83070A3F802C00D44F1
:103F50009D80DA8060B2BDE8F087002095E74FF0E1
:103F6000FF30F8E70020F6E72DE9F04782B0B0F91E
:103F70000470B1F90030BB4243DC0C461646B0F980
:103F80000680B1F90230434540DCB0F90090B1F948
:103F900004304B453CDBB0F90230B1F906209A42BF
:103FA00038DB0EB900252DE0ADF80490ADF80630F1
:103FB000324601A92046FFF717FE054608B1002545
:103FC00020E0ADF80470324601A92046FFF70CFE50
:103FD0008246B8B9ADF80490ADF80680324601A922
:103FE0002046FFF701FE08B155460BE0ADF804701E
:103FF000324601A92046FFF7F7FD80F00105EDB23A
:1040000000E00125284602B0BDE8F0870125F9E768
:104010000125F7E70125F5E72DE9F04F83B00446C8
:1040200016461D46002936D1B2F5807F00F0A680E5
:1040300002881B88D21A12B20280438869885B1AF0
:104040001BB2438006FB02F2298801EB2222028088
:1040500006FB03F36A8802EB232343808EE0B9F169
:10406000000FB4BF09F56168C84626E0454B1B68E0
:10407000454A176801FB03F600FB17662A8802EB26
:10408000A622228000FB03F301FB07336A8802EBC0
:10409000A323638072E0894603882A889B1A0380E1
:1040A00043886A889B1A4380384B1B688B4245D0F3
:1040B000B9F5616FD3DDA9F56168DFF8D4A08AFB9B
:1040C00008234FEAE877C7EBA30707F1010B6FF06E
:1040D000090303FB078838B200F034FC00900FFAA4
:1040E0008BF000F02FFC019007F15A0000B200F0B5
:1040F00029FC07460BF15A0000B200F023FCC8F17E
:104100000A02019B08FB03F3009902FB01338AFBBF
:1041100003C1DB17C3EBA1035B111B490B6008FB59
:1041200000F002FB07008AFB003AC017C0EBAA00B0
:104130004011144B1860154BC3F80090B4F90010EF
:10414000B4F90200B6F5807F90D00E4B1B680E4A82
:10415000D2F800C001FB03F200FB1C2206FB02F2B6
:104160002F8807EBA242228000FB03F301FB0C33F4
:1041700006FB03F36A8802EBA343638003B0BDE848
:10418000F08F00BF74D0002078D00020AC00002059
:104190006766666600B51FFA81FE10F0030F1CBF4C
:1041A00020F8021B02F1FF320EEB0E41102A23D938
:1041B00000F12003944643F8201C43F81C1C43F8EC
:1041C000181C43F8141C43F8101C43F80C1C43F84B
:1041D000081C43F8041CACF1100C2033BCF1100F88
:1041E000E9D8A2F111031B09203000EB4310103A6B
:1041F000C3EB037302EB03122AB100EB420220F877
:1042000002EB9042FBD100BD40BA030413FA80F0E8
:10421000064B18400431C90800FB01F1494200EB8C
:104220005110184040EA104040BA70471FF8E007AC
:1042300010B4C1EB01218CB23A49A1FB0434C4F3A0
:104240004714C2EB022293B2A1FB0313C3F347133B
:10425000002C38D0C0EB0020C008334AA2FB00205D
:10426000C0F38F0C314AA2FB0C2CCCF3C70CC4F169
:10427000FF0103FB01F1C1F307216FF02A0202FBEA
:104280000CF202EB900202EB42025200D2B202FBAD
:1042900004F00012C0F1FF0003FB00F0C0F30720A0
:1042A000C2F1FF0204FB02F21212C2F1FF0203FB91
:1042B00002F2C2F30722BCF1040F2ED8DFE80CF0A3
:1042C000090B202328005C09D908C3F382030A469E
:1042D00009E018461346C3F34214C0F3C402C1F305
:1042E000C401C3F382034FF0000064F3020062F3E1
:1042F000C70061F30C2063F34F305DF8044B704747
:1043000008461146E7E70246084619461346E2E723
:1043100018460B4601461046DDE7024618460B4696
:104320001146D8E71F85EB51176CC11683BEA02F2D
:10433000122803D8074B33F8100070474FF00000E5
:1043400020F0070020F0F80020F4F85020F460403E
:10435000704700BFC433050812280AD80139C9B212
:10436000042911D800EB800008440D4B33F81000ED
:1043700070474FF0000020F0070020F0F80020F414
:10438000F85020F4604070474FF0000020F0070024
:1043900020F0F80020F4F85020F46040704700BF8F
:1043A00004330508122809D80139C9B2032910D8E5
:1043B00001EB80000C4B33F8100070474FF0000009
:1043C00020F0070020F0F80020F4F85020F46040BE
:1043D00070474FF0000020F0070020F0F80020F4B4
:1043E000F85020F4604070476C32050808B504218D
:1043F000014800F0C6F908BD5CD2002038B504467B
:104400004068B0B1C368B3B1216898470546636896
:104410005B8843B1A36833B1D86808B100F0C0FB32
:10442000A06800F0BDFB002323606360A360284602
:1044300038BD0B25FBE70925F9E72DE9F04F87B0DB
:1044400004460E4615461F460BB100233B606068CC
:10445000002800F0BC80D0F81080B8F1000F00F008
:10446000B98000230593B0F80290B9F1000F0DD187
:1044700005AB00932B4632462168C04780460FB1FA
:10448000059B3B60404607B0BDE8F08FD4F808A01C
:10449000DAF808B0DAF80010DAF80C3003938B453C
:1044A00055D3DAF804309B4551D2ABEB010189B208
:1044B000A3EB0B0AA9EB01039A4528BF9A46554581
:1044C00008D82A46039B0B441946304600F030FCBE
:1044D000059548E05246039B1944304600F028FCFD
:1044E000002304934D4512D9606804AB0093D0F8C3
:1044F0001080A5EB0A0306EB0A022168C04780463C
:10450000049B5344AB4228BF2B46059328E06068C8
:1045100004AB0093D0F810804B46DDF80C904A466F
:104520002168C0478046A3685A681A60A268049947
:1045300013680B445360A5EB0A028A4228BF0A465F
:1045400092B2494606EB0A0000F0F2FBD8E74D456F
:1045500011D905AB00932B4632462168C0478046EF
:10456000B8F1000F8BD1A268936805990B44936052
:104570004FF0000883E7039BF3B1002304936068C6
:1045800004AB0093D0F810804B46DDF80C904A46FF
:104590002168C0478046A368C3F800B0A168049AA8
:1045A0000B6813444B60AA4228BF2A46059249462D
:1045B000304600F0BDFBD3E7484600F0D3FACAF816
:1045C0000C00A368DB680393002BD6D1FEE74FF005
:1045D0000B0857E74FF0090854E730B583B004469D
:1045E0004068002842D013468569002D40D042889B
:1045F000002A36D0012B13D0022B23D0002B39D127
:10460000A2689160A1688A680868824202D34968FA
:104610008A4231D96068856900232168A84723E070
:10462000A26893680B449360A3689A6819688A42E9
:1046300002D35B689A4221D96068856900232168AA
:10464000A84711E002230A462168A84760B96068BC
:10465000C36901AA2168984730B9A368019A9A6092
:1046600002E00A462168A84703B030BD0B20FBE7F3
:104670000920F9E70020F7E71846F5E70020F3E7FF
:1046800038B50446084800F033F9014650B1064DEC
:1046900008680378A34205D0284600F031F90146A6
:1046A0000028F5D138BD00BF5CD20020002933D0EE
:1046B000F8B5044617460E460878FFF7E1FF0546B1
:1046C00060B343680BB1984750B3AB6853B372788B
:1046D0003A2A14BF711CB11C3A4628469847431E1B
:1046E00013F1030F20D8656020606B880BB90020A0
:1046F000F8BD102000F036FAA06060B1102100F083
:10470000A4FCA3684FF0FF321A60A3686FF00102A7
:104710005A600020ECE7FEE70B2070470320E7E734
:104720000120E5E70920E3E70C20E1E710B50446A6
:10473000DBF7B6FD88B10246411C214411F8013D6A
:104740002E2B07D02F2B0AD05C2B0AD0013AF5D1A3
:10475000054801E00132A01810BD0348FCE70248FB
:10476000FAE70148F8E700BFD45403080B4609B143
:1047700001685A5070470B4611B101680B445A60EA
:104780007047002343608360033121F0030101601F
:10479000704738B504460068083000F0E3F9054674
:1047A00090B1002201462046FFF7E0FF62682946EB
:1047B0002046FFF7E0FF616819B12A462046FFF75F
:1047C000D5FF6560A3680BB1284638BDA560FBE73F
:1047D000F8B5064630B30C4631B3436899421DD054
:1047E0000068083000F0BEF90546A8B13368E75804
:1047F000024639463046FFF7BEFF3A462946304664
:10480000FFF7B4FF2A4621463046FFF7AFFF2246A6
:1048100029463046FFF7AFFF2846F8BDFFF7B9FF3E
:104820000546F9E70546F7E70D46F5E738B50446CE
:104830000068083000F096F9054690B10022014664
:104840002046FFF798FFA26829462046FFF78EFF13
:10485000A16819B12A462046FFF78DFFA56063685D
:104860000BB1284638BD6560FBE760B370B5044600
:104870004368994210D08368994219D00368CE5892
:1048800019444D682A463146FFF775FF32462946DE
:104890002046FFF76BFF70BD03681944496841600B
:1048A00019B10022FFF762FFF5E700238360F2E70A
:1048B0000368C958816019B10022FFF75CFFEAE77D
:1048C00000234360E7E7704788B170B50646446847
:1048D00064B1254633681C44646829463046FFF7B6
:1048E000C4FF284600F05CF9002CF2D170BD70477F
:1048F00008B140687047704708B1806870477047DA
:1049000003681944486870470368C858704748B13D
:1049100043684BB102680432002001309B58002BE1
:10492000FBD17047002070470020704740B14268BB
:104930000AB1002070478068B0FA80F040097047E3
:10494000012070471B4B83FB00230344C217C2EBBB
:1049500023234FF4B47202FB130000B20028BCBF43
:10496000801800B2592803DC134B33F9100070474C
:1049700080B2A0F15A039BB2592B06D8C0F1B40003
:1049800000B20D4B33F910007047A0F1B4039BB295
:10499000592B06D81BB2084A32F81300404200B225
:1049A0007047C0F5B47000B2034B33F810004042BA
:1049B00000B27047B7600BB6EC33050830B5C0F5F0
:1049C000806C0CFB0CFE4FEA9E2E00FB00F4A40A48
:1049D00000FB02F20EFB02F202EB420204FB00F0CB
:1049E000800A039D05FB00F0800A00EB125003FBD8
:1049F0000CF304FB03F303EB430300EB13500EFB38
:104A00000CFC4FEA9C2C01FB0CFC00EB9C2030BD05
:104A10000028BABF404201230023002917DB884247
:104A200019D901EB4101C1EB0111B1FBF0F11033D8
:104A3000DBB2CAB2162A15D92C2A1ED8292A2ED89A
:104A4000252A2ED8212A34BF0420032016E0023361
:104A5000DBB24942E3E700EB4000C0EB0010B0FBE3
:104A6000F1F1E6E7012A1ED9052A1ED9092A1ED925
:104A70000E2A8CBF0420032000E00020084413F01D
:104A8000100F18BFC0F15A0013F0020F11D013F02D
:104A9000010F14BFB430C0F1B40080B270470120E0
:104AA000ECE70220EAE70020E8E70120E6E7022041
:104AB000E4E713F0010F18BFC0F5B470EDE732B1B1
:104AC00000B503468C469646012000210AE00120ED
:104AD000002170474FEA6E0E03FB0CF2A3FB033C70
:104AE0000CEB420C1EF0010FF4D000FB0CF203FBA8
:104AF0000122A0FB0301114403FB0CF2A3FB033CC6
:104B00000CEB420C5FEA6E0EECD100BD8A420EDB6C
:104B1000824212DD814212DAA0EB010C0098C01A29
:104B200000FB0CFC521A9CFBF2F2D0187047824238
:104B300007DA8142F0DC1846704700987047184643
:104B4000704700987047000008B54FF44041034893
:104B500001F02FFF024B186008BD00BF8CD200206F
:104B60009492012008B90A48704710B504460146DE
:104B7000084B186801F02BFF48B1074B1A68144422
:104B80001C60064A1368A34238BF2346136010BD59
:104B9000B000002094920120909201208C9201207C
:104BA00008B50A4B98420CD0014650B1084B186822
:104BB00001F027FF074B1B68834203D91B1A054AE4
:104BC000136008BD034B00221A60FAE7B000002012
:104BD000949201209092012008B549B10A46084BF1
:104BE000984209D00146074B186801F04FFF08BDF5
:104BF000FFF7D6FF0248FAE70846FFF7B3FFF6E7EC
:104C0000B00000209492012000285AD038B5044604
:104C100000234FF0FF3C2C490D1D0EE02A4A02EB09
:104C2000C3018B7943F001038B7152F8300034E0FB
:104C30004FFA83FC0133102B16D0184601EBC30248
:104C4000927912F0010FF5D135F83320A242F1D359
:104C5000E4D0BCF1000FEBDB01EBCC00808890428C
:104C600088BF4FFA83FCE5E7BCF1000F0CDA0023A4
:104C700015491D4601EBC302927912F0010F0DD0C8
:104C80000133102BF5D1FEE70F4A02EBCC018B79F3
:104C900043F001038B7152F83C0038BD21460A4AAB
:104CA00052F83300FFF798FF50B1074901EBC503F5
:104CB0009A7942F001029A719C8041F83500ECE744
:104CC000FEE70020704700BF78D10020002308498C
:104CD00051F83320824203D00133102BF8D17047B2
:104CE000034A02EBC3039A7922F001029A717047DA
:104CF00078D10020F8B500240C4D26462F1D02E087
:104D00000134102C10D055F834000028F8D0FFF7EB
:104D100047FF05EBC40345F834609A7966F3000257
:104D20009A7127F83460EBE7F8BD00BF78D1002016
:104D3000F0B500F003040E4601F003039C4200F0BE
:104D4000A980202A40F2A48000F1200301F1200470
:104D5000A2F121014F0921F01F01451805F1400E74
:104D600014F820CC03F820CC14F81FCC03F81FCC87
:104D700014F81ECC03F81ECC14F81DCC03F81DCC7F
:104D800014F81CCC03F81CCC14F81BCC03F81BCC77
:104D900014F81ACC03F81ACC14F819CC03F819CC6F
:104DA00014F818CC03F818CC14F817CC03F817CC67
:104DB00014F816CC03F816CC14F815CC03F815CC5F
:104DC00014F814CC03F814CC14F813CC03F813CC57
:104DD00014F812CC03F812CC14F811CC03F811CC4F
:104DE00014F810CC03F810CC14F80FCC03F80FCC47
:104DF00014F80ECC03F80ECC14F80DCC03F80DCC3F
:104E000014F80CCC03F80CCC14F80BCC03F80BCC36
:104E100014F80ACC03F80ACC14F809CC03F809CC2E
:104E200014F808CC03F808CC14F807CC03F807CC26
:104E300014F806CC03F806CC14F805CC03F805CC1E
:104E400014F804CC03F804CC14F803CC03F803CC16
:104E500014F802CC03F802CC14F801CC03F801CC0E
:104E60002033203473457FF47BAF203AC7EBC7670C
:104E700002EB47122036314405F120033AB10139E3
:104E80001A4411F8014F03F8014B9342F9D1F0BDD8
:104E90000346F3E7002C65D10446202A98BFA646B6
:104EA0003AD904F1200301F1200CA2F121056E0989
:104EB00025F01F05A64640342C445CF8207C43F8BE
:104EC000207C5CF81C7C43F81C7C5CF8187C43F864
:104ED000187C5CF8147C43F8147C5CF8107C43F874
:104EE000107C5CF80C7C43F80C7C5CF8087C43F884
:104EF000087C5CF8047C43F8047C20330CF1200C23
:104F0000A342DAD1203AC6EBC66602EB4612203144
:104F100029440EF1200EAE44042A18D90B1F561F47
:104F2000B70826F003068C463144744653F8045FF4
:104F300044F8045B8B42F9D1043AC7EB877702EB64
:104F400087020CF1040399190EF1040EB644002AED
:104F50009DD00139724411F8013F0EF8013B96458E
:104F6000F9D194E7C4F10404044486463146002A8A
:104F7000D2D016F8013B0EF8013B013AA645F5D117
:104F800031468AE730B510F003030AD0C3F10403B9
:104F90000344002A52D000F8011B013A9842F8D18C
:104FA000184601EB012404EB014404EB0164202AC0
:104FB00026D900F12003A2F1210C4FEA5C1E2CF04F
:104FC0001F0C05464030604443F8204C43F81C4C0D
:104FD00043F8184C43F8144C43F8104C43F80C4C6D
:104FE00043F8084C43F8044C20338342ECD1203A78
:104FF000CEEBCE6E02EB4E1205F1200303EB0C005C
:10500000042A14D9551F4FEA950E0EF1010C00EB3E
:105010008C0C034643F8044B6345FBD1043ACEEBBA
:105020008E7E02EB8E0225F003050430284422B167
:10503000024400F8011B9042FBD130BD01EB01247A
:1050400004EB014404EB0164DAE710B510F003034C
:1050500049D1202926D900F12003A1F121044FEAEA
:10506000541C24F01F04864640302044002243F89C
:10507000202C43F81C2C43F8182C43F8142C43F82C
:10508000102C43F80C2C43F8082C43F8042C203344
:105090008342ECD12039CCEBCC6C01EB4C110EF1FE
:1050A00020031819042916D9A1F1050E4FEA9E0C08
:1050B0000CF1010200EB82020346002443F8044B8A
:1050C0009342FBD10439CCEB8C7C01EB8C012EF0AC
:1050D000030E0430704429B10144002300F8013B61
:1050E0008842FBD110BDC3F1040303440022002910
:1050F000D8D000F8012B01399842F8D11846A8E71A
:1051000010B510F003034BD1202927D900F120035B
:10511000A1F121044FEA541C24F01F0486464030BC
:1051200020444FF0FF3243F8202C43F81C2C43F866
:10513000182C43F8142C43F8102C43F80C2C43F88B
:10514000082C43F8042C20338342ECD12039CCEBDB
:10515000CC6C01EB4C110EF120031819042917D95E
:10516000A1F1050E4FEA9E0C0CF1010200EB820248
:1051700003464FF0FF3443F8044B9342FBD104390C
:10518000CCEB8C7C01EB8C012EF0030E04307044D0
:1051900029B10144FF2300F8013B8842FBD110BD37
:1051A000C3F104030344FF220029D7D000F8012BE8
:1051B00001399842F8D11846A6E79A4238BF885478
:1051C000704770472DE9F04F83B00746884600923C
:1051D00099460C9EDDF834B09DF83850109C11991A
:1051E000129810F00203019330D159B110F0010F61
:1051F00000F0B28015B910F00C0F00D00139A345B2
:1052000002D312E0A3450DD20BF1FF3232444FF02E
:10521000300CBBF11F0F05D80BF1010B02F801CFC9
:105220005C45F6D810F0010F10D059450ED90BF19E
:10523000FF3232444FF0300CBBF11F0F06D80BF198
:10524000010B02F801CF8B45F6D18B4610F0100F01
:1052500017D010F4806F06D1BBF1000F03D0A34527
:1052600035D08B4533D00F9B102B3AD00F9B022BA0
:1052700045D0BBF11F0F0ED8302206F80B200BF1E2
:10528000010BBBF11F0F06D8002D41D02D2206F8CF
:105290000B200BF1010B10F0030F61D1594553D9CD
:1052A000009C01EB040AAAEB0B0A20250C960E4683
:1052B000224601344B4641462846B8475445F7D16B
:1052C00031460C9E5546BBF1000F4BD16AE0BBF155
:1052D000010212D00F9B102B01D09346C6E7ABF111
:1052E000020B10F0200F61D1BBF11F0FC1D8782243
:1052F00006F80B200BF1010BBBE79346B3E7BBF1BC
:105300001F0FC8D8622206F80B200BF1010BB0E783
:1053100010F0040F05D02B2206F80B200BF1010B27
:10532000B9E710F0080F05D0202206F80B200BF18A
:10533000010BB0E710F0030FB0D0DDF800A0BBF117
:10534000000F0FD1009D1CE0BBF1000F02D0DDF873
:1053500000A007E0009D25E0A345FFF455AF75E7E9
:10536000DDF800A05E445C4611910BEB0A052A1B98
:10537000013C4B46414616F8010DB847002CF4D1CC
:105380001199019B73B1009BEC1AA1420AD9202606
:105390008A462A464B46013541463046B8470134D5
:1053A0005445F6D3284603B0BDE8F08FBBF11F0F7C
:1053B0003FF671AF582206F80B200BF1010B58E7AE
:1053C0002DE9F04190B0169C189DDDF86C802CB949
:1053D00028F0100618F4806F34D1B04618F0200F72
:1053E00014BF412761270DF1200E00260A3F00E07F
:1053F0006446B4FBF5FC05FB1C4C5FFA8CFCBCF16D
:10540000090F94BF0CF1300CBC445FFA8CFC0136E0
:105410000EF801CBB4FBF5FCAC4201D3202EE7D152
:10542000CDF818801A9C0594199C049403959DF856
:105430005C400294019608AC0094FFF7C3FE10B0E4
:10544000BDE8F081B0462646EAE72DE9F04F95B079
:10545000089009910A920B93DDF878B0DDF87CA0F2
:10546000229FDDF88C90DDF898805BEA0A0205D176
:1054700028F0100218F4806F3CD1904618F0200FED
:1054800014BF412561250CAC00260A3D01E083468E
:105490008A463A464B4658465146DBF70DFCD2B297
:1054A000092A94BF30325219D2B2013604F8012BC6
:1054B0003A464B4658465146DBF7FEFBBB457AEB76
:1054C000090A01D3202EE2D1CDF81880259B05933F
:1054D000249B049303979DF88030029301960CABB4
:1054E00000930B9B0A9A09990898FFF76BFE15B079
:1054F000BDE8F08F90460026E6E700002DE9F04F6A
:1055000091B017461C46B1F10009974B14BF804675
:1055100098462078002800F0DD82DDF868B000258C
:1055200081E10134002202E042F0010201342378DB
:10553000203B102B34D801A151F823F091550208DB
:10554000A1550208A155020899550208A155020863
:10555000A1550208A1550208A1550208A15502084B
:10556000A1550208A155020889550208A155020853
:1055700081550208A1550208A155020829550208C3
:1055800042F002020134D2E742F004020134CEE7D5
:1055900042F008020134CAE742F010020134C6E7C3
:1055A0002378A3F13001C9B2092916D92A2B23D0B7
:1055B000002623782E2B28D0002321786839122941
:1055C00051D8DFE801F070507E5047505050505095
:1055D00050507A50505050508200002606EB8606FC
:1055E00003EB4603A3F1300614F8013FA3F13001A9
:1055F000C9B20929F2D9DCE75BF8046B002EBCBF05
:1056000042F0020276420134D3E742F4806204F1B0
:10561000010C6178A1F13003DBB2092B04D92A29EE
:1056200012D064460023C8E7002303EB830301EB99
:105630004301A1F130031CF8011FA1F13000C0B2F9
:105640000928F2D96446B8E75BF8043B23EAE37320
:105650000234B2E761786C2919BF42F480720134D8
:1056600042F4407202342078782814D8612830D966
:10567000A0F16201C9B24FF0010C0CFA01FC3B49E8
:105680000CEA0101002940F04E82732800F0A0814D
:10569000632800F062816E1C3B462A464946C0479B
:1056A00001343546BBE06178682919BF42F08002B9
:1056B000013442F0C0020234D5E742F48072013472
:1056C000D1E742F400720134CDE742F48072013434
:1056D000C9E7252808D16E1C3B462A4649462520A5
:1056E000C047013435469AE02428D4D900F0F701A8
:1056F0005029D0D1A0F15001282969D8DFE811F054
:105700002900680068006800680068006800680098
:105710009E00680068006800680068006800680013
:10572000680068007002680068006800680068002F
:105730006800680068006800680068006800FA0196
:105740002900680068006800680068006800680058
:105750009E0042F488726178562909D0A2465028EA
:105760000BD05446102136E0C35102088560480032
:1057700004F1010A08465829F1D142F02002102113
:1057800012F4806F40F0C98122F00C02562800F01C
:10579000A38012F4007F40F0AF8012F4807F40F0CD
:1057A000C38012F0400F00F0D1805BF8040BC0B250
:1057B00005920496039302910023019300903B46C7
:1057C0002A4649464046FFF7FBFD0546544625E07C
:1057D00022F010020A21692833D112F4806F40F0C0
:1057E000998112F4007F36D112F4807F58D112F0E3
:1057F000400F69D05BF8040BC0B205920496039386
:105800000291C30F01930028B8BF404200903B466D
:105810002A4649464046FFF7D3FD05460134207825
:10582000002800F0588125283FF47BAE6E1C3B46D3
:105830002A464946C04701343546F0E7A24658207B
:105840009BE7642805D112F4806FCAD022F00102D0
:10585000C7E7A24694E70BF1070C2CF0070CE346D0
:105860005BF8080BDCF804C00892079606930491D5
:10587000002305934FEADC7302936246BCF1000FEC
:1058800009DB009001923B462A4649464046FFF715
:10589000DCFD0546C2E7434218466CEB4C02F0E7DC
:1058A0005BF8040B0592049603930291C30F0193D6
:1058B0000028B8BF404200903B462A464946404631
:1058C000FFF77EFD0546A9E712F0800F14BF3BF9F4
:1058D000040B5BF8040B90E75BF8043B5A68126812
:1058E0000F921B6800927A1B09EB05014046FFF7F7
:1058F00005FE0544544691E70BF1070B2BF0070B0F
:105900000892079606930023049105930293FBE8FF
:105910000223CDE900233B462A4649464046FFF78D
:1059200094FD0546544679E7059204960393029147
:10593000002301935BF8043B00933B462A4649460B
:105940004046FFF73DFD0546544667E712F0800FDD
:105950005BF8040B18BF80B22AE712F0020F1AD0CE
:1059600005F1010A5BF8040B3B462A464946C0B2E2
:10597000C047012E98BF554628D906EB0A05013DC0
:10598000202652460AF1010A3B4649463046C047A6
:10599000AA45F6D11AE0012E40F2AE80691E3144CC
:1059A000AA460A950D4652460AF1010A3B46494667
:1059B0002020C047AA45F6D129460A9D35445BF808
:1059C000040B3B460A464946C0B2C047013426E7AD
:1059D000594651F804EB0A91002B14BF9A464FF038
:1059E000FF3A9EF8000020B3F24471469C468A4577
:1059F00006D011F8013F002BF9D163468A4600E03A
:105A00006346AAEB0E0112F4806A02D0994228BFC5
:105A1000194612F002020B920DD0AB46002845D079
:105A2000F3462A460C910D94314656461C468A464A
:105A300028E0F246E5E78E4268D906EB050BABEBB2
:105A4000010BCDF830A00D9474469A462A460135D4
:105A50003B4649462020C0475D45F7D1A6460D9CF0
:105A60005346DDF830A0711C9EF8000070B35D460F
:105A7000D6E71C46551C3B464946C0471BF8010F5C
:105A800050B12A46002EF5D0631E002CF1D10C999E
:105A90000D9C5646154602E00C990D9C56460B9BF4
:105AA0001BB90134DDF828B0B9E6AB468E420FD9F8
:105AB00006EB0B056D1A20265A460BF1010B3B46EF
:105AC00049463046C047AB45F6D1EAE75D46E8E7D0
:105AD0005D46E6E70025AF4294BF07F1FF322A4654
:105AE0003B4649460020C047284611B0BDE8F08F2C
:105AF000082170E608216EE66E1C5BF8040B3B463D
:105B00002A464946C0B2C04735465FE70028C8D09C
:105B1000013185E722F0010263E622F00D0235E64D
:105B20002078A2461BE6A0F1500128293FF650AE8E
:105B30000FF2040C5CF821F053570208D157020809
:105B4000D1570208D1570208D1570208D15702088D
:105B5000D1570208D1570208215B0208D157020829
:105B6000D1570208D1570208D1570208D15702086D
:105B7000D1570208D1570208D1570208D15702085D
:105B8000DD5B0208D1570208D1570208D15702083D
:105B9000D1570208D1570208D1570208D15702083D
:105BA000D1570208D1570208D1570208D15702082D
:105BB000D1570208F15A020853570208D157020878
:105BC000D1570208D1570208D1570208D15702080D
:105BD000D1570208D1570208215B02080221FAE5D9
:105BE0000221F8E50CB410B584B00A4606AC54F8AE
:105BF000043B0394009401460348FFF77FFC04B084
:105C0000BDE8104002B07047BB51020800B583B038
:105C1000009313460A4601460248FFF76FFC03B0A3
:105C200000BD00BFBB51020810801960704708B565
:105C30000821FFF70AFA08BD82884FF6FF739A42DF
:105C40000DD010B50446C379012B04D80821204695
:105C5000FFF7FBF910BD0068FEF7A2FFF6E77047FB
:105C600038B50546194B1868B8B1194B1B885A1C32
:105C700012F4404F26D1A3F16F02164909689142F0
:105C800011D3134A1388013398B210800F4B1B684D
:105C9000BBB1034403F8715C15E00E4B00221A609F
:105CA00070230B4A1380503B33F01F0400D1FEE7F2
:105CB0002146FEF791FF38B1044B1860054B1C607C
:105CC000DFE7FEE7002038BD0020FCE77CD00020A5
:105CD000B400002098920120F8B583884FF6FF7237
:105CE00093425CD005460C46C079002859D0012863
:105CF00011D02F6807EB800CACF102063146002270
:105D000031F8023FC3F30D039C420ED001329042A2
:105D1000F6D1002046E0C3F30D03994201D00020E4
:105D200040E00023AB80EB713CE0022810D001384A
:105D300000EB40004000FEF715FF844698B3286052
:105D4000E8790138C0B2E871800000231A4616E0F5
:105D50000123EB714AB9BCF80230AB807B682B6041
:105D60003846FEF71DFF01201CE037F82030AB80DD
:105D70003B682B60F4E70133E9799942F0D336F8B8
:105D8000021FA142F7D057F823104CF82210B6F8A2
:105D900000E00CEB420121F800E00132EBE70020CB
:105DA00000E00020F8BD0020FCE70000F8B5044644
:105DB0000F4615461E461421FFF747F92760054B8D
:105DC000002D08BF1D46A560E660069B2361079B6A
:105DD0006360F8BD31380208362830D8022840F216
:105DE00084800338332800F28080DFE800F07B7E77
:105DF0007E7B7E7E7E7E7E7E7E7E7E7E7E7E7E7EC6
:105E00007E7E7E7E7E7E7E7E7E7E7E687E6B7E7EDB
:105E1000757E7E7E267E7E7E7E7E7E6B267E777E75
:105E20007E6B373880B201238340314A1A40002A02
:105E300048D1304A1A40002A57D0FF2070475528D1
:105E4000EFD9A0F156039BB2172B4ED8563817281E
:105E50004BD801A353F820F03B5E0208E15E020834
:105E6000EB5E0208EB5E0208EB5E0208EB5E0208E6
:105E7000EB5E0208EB5E0208EB5E0208EB5E0208D6
:105E80003B5E02083B5E0208EB5E0208EB5E020826
:105E9000EB5E0208EB5E0208EB5E0208EB5E0208B6
:105EA000EB5E0208EB5E0208EB5E0208EB5E0208A6
:105EB000EB5E0208B95E02084FF4807070474FF63F
:105EC000FF707047002020F0070020F0F80020F459
:105ED000F85020F460407047FF2070470F20704753
:105EE0000548704741F6FF7070470020704700BFBB
:105EF0000020414801C0801004DF040870B503464B
:105F0000144682884FF6FF70824215D0D87920B3AC
:105F1000012842D91E68054606EB80034FF0000CAD
:105F200033F8022BC2F30D00814226D00CF1010C94
:105F30006545F5D1002010E0D879864668B11D6826
:105F40002A46002335F833C0CCF30D00814205D03A
:105F5000013308327345F5D1002070BD1CF4004FA9
:105F600030D11CF4804F04D0FFF736FF20600120B1
:105F7000F3E7536823600120EFE712F4004F23D1C9
:105F800012F4804F04D0FFF727FF20600120E4E7E0
:105F900056F82C3023600120DFE7C2F30D00814268
:105FA00001D00020D9E712F4004F0FD112F4804F36
:105FB00004D0FFF711FF20600120CEE71B682360AB
:105FC0000120CAE70220C8E70220C6E70220C4E792
:105FD000C079B0FA80F040097047000910F0180F3E
:105FE0000CBF00F01F00072070472DE9F0419046DC
:105FF0001F4683884FF6FF7293425FD004460E46D9
:10600000C1F30D05C179012947D900684B1E01EB89
:10601000410E00EB4E0EAEF1020E7246AEF1020ED4
:10602000B2F800C0CCF30D0C654530D0013BB3F1A4
:10603000FF3FF2D1013101EB41014900FEF7CCFDF8
:10604000024600283AD02060E37900EB830C591E09
:106050000CD402330CEB43030CEB41010CF1040CA8
:1060600031F8020923F8020D6345F9D1E1790131D4
:10607000C9B2E1718800031F01F10041013900EB51
:1060800041001344024441463046B8470EE000EB5D
:10609000830341463046B84710E0012910D0012360
:1060A000C3710346021D41463046B8472846FFF7F4
:1060B00094FF01238340A0791843A071BDE8F081CB
:1060C000C3F30D039D4218D00C20FEF74BFD034691
:1060D0000028F3D020682360E1790131C9B2E17171
:1060E00003EB8102B4F804C023F821C043F8040B89
:1060F000023241463046B847D8E70346021D4146C2
:106100003046B847DAE7000008B5024BFFF76DFFED
:1061100008BD00BF295C02084FF6FF73984212D0F9
:1061200098B170280AD90B4B1B6883B1713880B2C3
:10613000094A1268904204D300207047074B185C4C
:106140007047185C70471F20704700207047002080
:10615000704700BF7CD0002098920120A43405082D
:1061600008B50A460121FFF7CFFF08BD08B50A466A
:106170000321FFF7C9FF08BD08B50A460421FFF750
:10618000C3FF08BD08B50A460621FFF7BDFF08BDDD
:1061900008B50A466921FFF7B7FF08BD08B50A46EA
:1061A0006A21FFF7B1FF08BD08B50A461021FFF7C5
:1061B000ABFF08BD08B50A461121FFF7A5FF08BDD2
:1061C00008B50A461221FFF79FFF08BD08B50A4629
:1061D0001321FFF799FF08BD08B50A461421FFF700
:1061E00093FF08BD08B50A461521FFF78DFF08BDCE
:1061F00000B583B00023ADF800308AB22021FFF74C
:1062000083FF03B000BD08B50A462121FFF77CFFDC
:1062100008BD00B583B00023ADF800308AB222215A
:10622000FFF772FF03B000BD08B50A462821FFF74B
:106230006BFF08BD00B583B00023ADF800308AB213
:106240003021FFF761FF03B000BD08B50A463121D8
:10625000FFF75AFF08BD08B50A463221FFF754FF81
:1062600008BD08B50A463321FFF74EFF08BD08B543
:106270000A463421FFF748FF08BD08B50A46352114
:10628000FFF742FF08BD00B583B00023ADF8003032
:106290008AB23621FFF738FF03B000BD08B50A46C1
:1062A0003721FFF731FF08BD08B50A463821FFF74F
:1062B0002BFF08BD08B50A464021FFF725FF08BDA2
:1062C00008B50A464221FFF71FFF08BD08B50A4678
:1062D0004321FFF719FF08BD00B583B00023ADF8D7
:1062E00000308AB24421FFF70FFF03B000BD08B5AC
:1062F0000A464521FFF708FF08BD08B50A464921AF
:10630000FFF702FF08BD00B583B00023ADF80030F1
:106310008AB24D21FFF7F8FE03B000BD08B50A466A
:106320005021FFF7F1FE08BD08B50A465121FFF7DD
:10633000EBFE08BD00B583B00023ADF800308AB293
:106340005221FFF7E1FE03B000BD00B583B000238A
:10635000ADF800308AB25521FFF7D6FE03B000BD7C
:1063600008B50A465721FFF7CFFE08BD08B50A4613
:106370005921FFF7C9FE08BD08B50A465B21FFF7A2
:10638000C3FE08BD08B50A460B21FFF7BDFE08BDD8
:1063900008B50A461721FFF7B7FE08BD08B50A463B
:1063A0006221FFF7B1FE08BD08B50A466321FFF779
:1063B000ABFE08BD08B50A466521FFF7A5FE08BD7E
:1063C00008B50A466721FFF79FFE08BD08B51821EA
:1063D0000348FEF7D6F9034B01221A7008BD00BF2F
:1063E00080D20020AC920120F8B506460F46154633
:1063F0000B48FEF7CEF990B10446076086604FF077
:10640000FF330361037D23F001030375FDF70EF9EC
:106410006060E560034B01221A702046F8BDFEE77C
:1064200080D20020A992012010B5044601460548FB
:10643000FEF71BFA044B01221A702046FEF7B0FB50
:1064400010BD00BF80D20020AA9201202DE9F04F9C
:1064500083B0674B1B78002B40F08680644B012291
:106460001A70644B1B78009323B9614B00221A7099
:1064700001257AE0FDF7DAF8019030B95E4B1B6830
:106480000133642B0AD85C4A13605C4F4FF0000B59
:10649000DFF880A1DFF86C81594E10E0564B0022E6
:1064A0001A60F2E7FDF7C2F86860AB6813B1B9F1A2
:1064B000000F6CD13B78002B6CD0336853B187F858
:1064C00000B08AF800B04046FEF712FA0446306089
:1064D000002873D14B48FEF70BFA0446D0B14FF0B9
:1064E000FF350027474E05E021463046FEF708FA03
:1064F000044688B1237D13F0010FF5D16068FDF7E4
:10650000A3F82368984234BF1B1A3B469D4228BF1C
:106510001D46E9E74FF0FF350198FDF795F83A4A37
:10652000136803441360394B1868FDF78DF8B0F514
:10653000FA7F15D3344B1B68642202FB03F3B3FBD1
:10654000F0F3DBB293429ABFD31ADBB20023304A96
:1065500013702D4B00221A60FDF768F82B4B186062
:10656000234B00221A7000E00125284603B0BDE845
:10657000F08FD5F81090B9F1000F93DD09F1FF33DA
:106580002B61FDF753F86860AB68002B92D028466A
:1065900098478FE72B693BB9DDF800902846FFF755
:1065A00043FFB9F1000F06D09AF80030002B84D1D8
:1065B0003B78002B81D13460002C8BD021464046A3
:1065C000FEF79EF9044635682B7D13F0010FF2D1DA
:1065D0006868FDF739F82B689842CAD297F800909E
:1065E000B9F1000FE7D12B69002BD7D0E3E700BF4B
:1065F000A8920120AC920120A4920120AA9201202D
:10660000F8D1002080D20020A09201209C9201208D
:10661000AB920120A9920120037D43F00103037591
:106620007047037D23F001030375704710B50446DE
:10663000FCF7FCFF2368C31A013B636010BD0346EF
:1066400008B9184670474A1E11EA020000D0FEE75A
:10665000134449420B40B3F5803F03D20C2B38BFA3
:106660000C23EEE70346ECE710B59646CA686AB11C
:106670000446886858B1C260906003EB4E1C04EB7E
:106680008C0CDCF83C208A4202D010BDFEE7FEE70D
:10669000CCF83C008442F8D104EB8E0101229A40F0
:1066A0004B6923EA02034B61002BEED1012202FA6F
:1066B0000EF2236923EA02032361E6E77F2808D864
:1066C00003460028B8BFC31C981000230B6010605D
:1066D0007047B0FA80F3C3F11A0C20FA0CF080F086
:1066E0002000C3F11903F1E730B583B005460C462D
:1066F00048686A4601A920F00300FFF7DFFF009B0E
:10670000019A21462846FFF7AFFF03B030BD30B5F0
:1067100083B005460C4648686A4601A920F003008C
:10672000FFF7CCFF0199009800EB411305EB8303C1
:10673000DA6B5AB1A260E560D46004F1080C04F190
:106740000B0222F00302944501D0FEE7FEE7DC6372
:10675000012303FA01F42A6922432A6105EB81052A
:1067600083406A691A436A6103B030BD436833F0FD
:10677000030300D1FEE718440430704710B5044607
:10678000FFF7F4FF046010BD10B543181C1D03F1A2
:106790000C020F3323F003039A4200D0FEE7436854
:1067A00023F003035A1AA2F1040C0A449A4200D0BF
:1067B000FEE7636803F0030343EA0C03636023F01E
:1067C00003030B2B00D8FEE7436803F003030B43DE
:1067D00043602046FFF7D2FF426842F00202426067
:1067E000636843F001036360204610BD4B6813F0FB
:1067F000010F00D1FEE770B505460C4602F110010D
:1068000023F00303994200D970BD11462046FFF7DB
:10681000BBFF06462046FFF7B1FF736843F0020353
:10682000736031462846FFF772FFEDE710B5044666
:10683000FFF79CFF436823F002034360636823F083
:106840000103636010BD70B582B0002945D00446D5
:106850000D467F2929D9B1FA81F3C3F11A0301202A
:106860009840013808446A4601A9FFF727FF019ABA
:10687000092A36DC4FF0FF3300998B4004EB82018C
:1068800049690B4013D101324FF0FF3303FA02F292
:106890002369134027D093FAA3F2B2FA82F201924D
:1068A00004EB82035B6913B9FEE70846DBE793FA62
:1068B000A3F3B3FA83F303EB421204EB8202D66B29
:1068C00066B1726822F00302954200D9FEE7019A90
:1068D00031462046FFF7C8FE00E00026304602B0F1
:1068E00070BD0026FAE70026F8E770B505460C46AD
:1068F0000846FFF73BFF40B10646436813F0010F1F
:1069000015D06368032B01D8FEE7FEE70146284651
:10691000FFF7EAFE6368032B00D8FEE7726822F0F7
:1069200003020433134463602046FFF727FF204629
:1069300070BD11F0030F1AD138B50C46083A22F099
:106940000302A2F10C014FF6F473994211D82546C7
:1069500055F8043942F001026A602946FFF7D7FE74
:106960002846FFF70BFF02234360204638BD002076
:1069700070470020FAE710F0030F18D110B5014658
:106980008060C060844600234CF8103F00F1B802DC
:1069900000F1380E1C464CF8044FA2F1800343F876
:1069A000041F9342FBD18032F445F4D110BD002086
:1069B000704770B505460E46FFF7DDFF0446A6F2A8
:1069C0003C5205F23C51FFF7B4FF204670BD70B554
:1069D000054608460421FFF732FE044601462846D4
:1069E000FFF731FF064650B104B9FEE722460146E3
:1069F0002846FFF7FBFE3046FFF718FF0836304603
:106A000070BDF8B500293ED005460E4651F8044C3D
:106A100014F0010F00D0FEE7A1F108073846FFF798
:106A2000ADFE436843F00203436056F8043C43F074
:106A3000010246F8042C13F0020F08D1394628460B
:106A4000FFF753FF01462846FFF761FE1CE056F8AA
:106A5000087C27B17B6813F0010F01D1FEE7FEE748
:106A600039462846FFF740FE7A68032A00D8FEE739
:106A700056F8043C23F00303134404337B60384688
:106A8000FFF77CFEDAE700242046F8BD2DE9F84F39
:106A900080461446F1B10F46B2B1A1F1080A504642
:106AA000FFF764FE814657F8046C26F0030B0421BF
:106AB0002046FFF7C4FD05465C4501D9002856D0A5
:106AC00016F0010F0BD0FEE7FFF79BFF00252846CD
:106AD000BDE8F88F1146FFF77AFF0546F7E75D45F9
:106AE0002BD9D9F8043013F0010F06D00BF10402B2
:106AF00023F003031344AB4212D221464046FFF772
:106B000066FF05460028E2D022465C4528BF5A466B
:106B10003946FEF70DF939464046FFF772FFD6E7D2
:106B200051464046FFF7E1FE5046FFF77FFE57F81B
:106B3000046C16F0010F00D0FEE705F1100326F0FB
:106B40000306B34201D93D46C1E729465046FFF747
:106B50001BFE0146436823F0020343604046FFF7F3
:106B6000C4FE01464046FFF7D2FD3D46AFE7002593
:106B7000ADE7037890F90020002A0FDA03F0E00275
:106B8000C02A0DD003F0F002E02A0BD003F0F80089
:106B9000F02814BF002001208000704701207047BA
:106BA00002207047032070477F283FD9B0F5006F5F
:106BB00015D2C0F3871343F0C00300F03F0040F04C
:106BC00080010022104682B08DF804308DF8051047
:106BD0008DF806208DF80700019802B07047B0F5D7
:106BE000803F0DD2C0F3073343F0E003C0F38511BB
:106BF00041F0800100F03F0040F080020020E2E719
:106C0000B0F5881F10D2C0F3874343F0F003C0F300
:106C1000053141F08001C0F3851242F0800200F09E
:106C20003F0040F08000CEE700207047704730B54D
:106C300083B00246002301938C4651B1DCF800304A
:106C4000D05CD156002907DB0133CCF8003003B00B
:106C500030BD0DF1040CF1E700F0E001C0290CD0CB
:106C600000F0F001E0291AD000F0F801F02934D04A
:106C70000133CCF800300020E9E7591CCCF80010B3
:106C8000525C02F0C001802953D1800100F4F86009
:106C900002F03F0210440233CCF80030D7E7591C11
:106CA000CCF80010515C01F0C00EBEF1800F42D153
:106CB0009C1CCCF80040125D02F0C004802C3CD13A
:106CC000000380B202F03F021044890101F47C61AC
:106CD00008440333CCF80030B9E7591CCCF8001055
:106CE000515C01F0C004802C29D19C1CCCF80040E0
:106CF000145D04F0C00EBEF1800F22D1DD1CCCF873
:106D0000005012F805E00EF0C002802A1BD1820468
:106D100002F4E012090301F47C310A43A10101F4F9
:106D20007C610EF03F0E714488180433CCF80030BB
:106D30008DE700208BE7002089E7002087E700200F
:106D400085E7002083E7002081E70000F0B583B0ED
:106D500006460D460B68013B0B6004240D4F05E011
:106D600001382860631E13F0FF0408D028683B68D0
:106D70003044984730B928680028F1D100E000205D
:106D800003B0F0BD2B680193034B1B6801A930468B
:106D90009847F5E7D0000020C80000202DE9F04119
:106DA0000F460C4691B1064600242546DFF82480A4
:106DB0003019335D53B1D8F800309847012838BFF7
:106DC000012054FA80F40135AF42F1D12046BDE8EC
:106DD000F08100BFD00000202DE9F04182B00023F7
:106DE00001930E4681B105461C460DF10408074F7C
:106DF0003B684146284698470134019BB342F7D38C
:106E0000204602B0BDE8F0810C46F9E7C80000203A
:106E1000F0B583B00023019303787BB104460025CD
:106E200001AF074E33683946204698470135019B2C
:106E3000E35C002BF6D1284603B0F0BD0025FAE74D
:106E4000C8000020232904D00378012B15D000208E
:106E5000704703781BB90123037018467047012B54
:106E600003D0022B05D00020704700230370184682
:106E700070470023037001207047202903D10223AB
:106E80000370012070470120704700002DE9F04F8A
:106E900093B0824608910A9202931C9C9DF874203C
:106EA0000CB100232380BAF1000F00F016819AF88C
:106EB0000030002B00F013810899002900F01381A5
:106EC00012F0060115D00A2B11D0524600200D2BCE
:106ED00005D02BB1013012F8013F0A2BF7D1013058
:106EE000002C00F0FD804FF6FF732380F8E00020B7
:106EF000F5E700238DF8473010930793DFF8EC9106
:106F0000DFF8ECB10D911C940C92A4E00C9B06935D
:106F1000B2E0019A21460898FBF740FF0544ADB264
:106F200000B2002802DD0A9B1D44ADB22DB2B8F1BB
:106F3000FF3F38D00A2C3ED00D2C3CD0A4F59C420B
:106F400045F2A5139A4236D90D9B2022A24232D097
:106F50000133DBB21BF80320002AF7D1049BB8F100
:106F6000FF3F08BF2B4604930E9B03930F9B0E938A
:106F7000039BFB5C002B2BD0019CD9F800300FA9A0
:106F800038469847019009960136059B002BC0D0E2
:106F900021460DF14700FFF755FF0028B9D00E9BA1
:106FA00003930F9BE3E70A9BEB1A039A0B99994211
:106FB000B8BF9046BEE7039B63B9B8F1FF3F0CD161
:106FC0000495099B43B30D2C1ED0DDF80C8025E001
:106FD000019C0996B8F1FF3FF3D0069B13F0080F10
:106FE0001CD11C9C109B002B72D1404B1B6810A91C
:106FF000504698470146002C6DD000220898FBF7B8
:10700000CDFE03B2079364E0019B0A2B04D0DDF8A8
:107010000C8003E000230493DDF83880BDF81030C5
:10702000029AD21A12B20292079A13441BB2079321
:10703000B8F1000F44D0109B08EB030110919AF8AF
:1070400000300A2B3ED00D2B3ED01AF801300A2B0F
:107050002FD00D2B2DD0109C0AEB04071AF804300A
:10706000002B33D0029B002B28DD002C7FF44EAF89
:107070000C9B43F008030693029B0B9300230E9393
:107080000F93D9F800300EA93846984701900E9B0F
:107090000F931AF80430002BBCD000231E46049333
:1070A00003934FF0FF381D46069B03F00103059341
:1070B00062E70B461C9C0133109393E71C9C91E7FD
:1070C0001C9C8FE71C9C8DE71C9C8BE71C9C89E714
:1070D0000CB1079B2380109802E0002000E0002004
:1070E00013B0BDE8F08F0020FAE700BFC800002011
:1070F0009059030880B32DE9F843894616460446A3
:1071000042B31046D9F7CCF8074618B32046D9F752
:10711000C7F8054600EB0708104B1B684946204698
:10712000984707EB000CE0450BD3631908F1010207
:1071300022443D1B13F8011902F8011DE9188C4582
:10714000F8D92318721E1F4412F8011F03F8011BFF
:107150009F42F9D1BDE8F883704700BFC00000200E
:1071600018B32DE9F0410C4690460546D9F798F83A
:1071700006460E4F3B6821462846984704463B6822
:10718000414628189847A6EB000C64450BD82318F5
:107190002B44621E2A442C1813F8011B02F8011F0D
:1071A000191B8C45F8D2BDE8F0817047C000002063
:1071B0002DE9F04182B005460C4601910B4602468E
:1071C00000210846FEF722FD064600F10108404670
:1071D000FDF7C8FC58B107460023835523462A46CD
:1071E0004146FEF713FD384602B0BDE8F081FEE7E8
:1071F000F8B507460E4615461C46074B1B68214648
:107200009847306028B12068034B1B680021384440
:1072100098472860F8BD00BFC80000202DE9F04F56
:1072200085B000283CD00E4615461F468046002AF1
:1072300038D00378002B37D0002303938DF80B3020
:10724000002936D01C460DF10C0B0DF1040A9DF8F7
:10725000389009F001090DE0019A00992846FBF7E2
:107260009DFD03B2002B02DD3C44204404B2039B8D
:10727000B34210D25B46524669464046FFF7B8FF1C
:10728000B9F1000FE8D000990DF10B00FFF7DAFD1E
:107290000028E1D0EBE7002C07DDE71B3CB204E05F
:1072A000002402E0002400E00024204605B0BDE8F0
:1072B000F08F0024F9E72DE9F04F87B004461F4610
:1072C000BDF940C0BDF944309DF8489000202080B1
:1072D000608000295BD092468B46002A57D019F077
:1072E000020F41F6FF7118BF0B46B2F90820059254
:1072F0001FFA82FE9BF80010002946D05E46054624
:107300000EEB0C081FFA88F20392CDF810C002931E
:10731000CDF8049000230093029B3A465146304634
:10732000FFF7B4FD01460544B4F9023008EB03024F
:10733000B2F5004F2BD2039A13446380CDF800902E
:107340003B4652463046FFF769FFB4F900308342AE
:10735000B8BF034623800BEB05061BF80530002B56
:10736000D6D1DDF810C04DB116F8013C0A2B01D082
:107370000D2B03D16388039A1A446280B4F902305A
:107380001BB1A3EB0C03638001E0059B638007B096
:10739000BDE8F08F2DE9F047814688461F46DDF8AD
:1073A00020A0144642B9002613E0E44304F001048F
:1073B0002C1B06EB07085CB1650807FB0586314608
:1073C0004846D0470028F0DC002802DA2C46F2E7D5
:1073D00000263046BDE8F087828C90F8343013F0F8
:1073E000060304D1038D13449AB210B27047042BE4
:1073F0001FD0022BF9D100B5818D438D99423CBF3E
:1074000001F5B47189B209B2B0F828C0C08C8445C6
:107410003ABF0CF5B47E1FFA8EFEE6460B4403EB32
:10742000D3735910B0EB630F07DA104482B210B275
:1074300000BDC38C13449AB2D7E70FFA8EFE8E4577
:10744000C7BF94441FFA8CF289188AB2EFE72DE97E
:10745000F04F83B004460E46174612220021E4F78F
:10746000E9FD05460190132200212046E4F7E2FDE4
:107470000FFA80F9102200212046E4F7DBFD824656
:107480000090112200212046E4F7D4FD0FFA80F885
:107490002046E1F75FFF0FFA85FBA0EB0B05A5EB9C
:1074A00009052046E1F75CFF0FFA8AFAA0EB0A0013
:1074B000A0EB080085421BDA2046E1F74BFFA0EB6A
:1074C0000B03A3EB090303EBD37343F34F039AB20C
:1074D000A18A01980844014611443180E18A00984C
:1074E00008440244728007B13B8003B0BDE8F08FCE
:1074F0002046E1F735FFA0EB0A03A3EB080303EBFB
:10750000D37343F34F03E2E7F8B5054640224FF447
:107510004031E4F78FFD044643224FF440312846C2
:10752000E4F788FD0444A4B241224FF440312846D8
:10753000E4F780FD00B200282DDD41224FF44031F8
:107540002846E4F777FD00B20444A4B242224FF487
:1075500040312846E4F76EFD00B2002824DD4222C7
:107560004FF440312846E4F765FD06B235224FF46A
:1075700040312846E4F75EFD074638224FF440319B
:107580002846E4F757FD3444C31924B218B2A04288
:10759000B8BF2046F8BD41224FF440312846E4F7F9
:1075A00049FD00B24042CFE742224FF44031284625
:1075B000E4F740FD06B27642D8E72DE9F04F83B0FC
:1075C00080468A461546994650224FF40031E4F72A
:1075D00031FDC0F3C03303FA80F0C0F34F042D1B1C
:1075E000ADB24046FFF7F8FE07462DB25A3000B262
:1075F000FDF7A8F906463846FDF7A4F901901222D6
:107600004FF440314046E4F715FD834613224FF412
:1076100040314046E4F70EFD074610224FF440315A
:107620004046E4F707FD009011224FF440314046F8
:10763000E4F700FD05FB06F6C6F3CF36A344BAF81F
:107640000030A3EB0B033344A9F800302744BAF809
:1076500000301F443E44A9F80460019B05FB03F37E
:10766000C3F3CF3300992144BAF80220521A1A44C6
:10767000A9F802200444BAF8022014442344A9F8CB
:10768000063003B0BDE8F08F38B50C4600258D8478
:1076900087234B852D228A85CB844FF487730B85F6
:1076A00091F834304FF40042CA8503F0F9030D8697
:1076B00064224A8643F0080365F3000381F83430FE
:1076C0004FF434738B63FBF7B1FFE063238DA4F8B1
:1076D000403094F8343065F3041384F834300221D8
:1076E0002046E0F771FF4FF444712046E0F7E6FCD6
:1076F0000D212046E2F7B9FA38BD2DE9F04188B0F6
:1077000006460C4615461F46E2F790FA002847D079
:10771000AC4245D0B4F5B47F84BFA4F5B474A4B230
:10772000B5F5B47F84BFA5F5B475ADB2B28C144481
:10773000A4B22A441FFA82F8B4F5B47F84BFA4F53A
:10774000B474A4B2B8F5B47F84BFA8F5B4721FFABC
:1077500082F80DF11E0206A93046FFF778FE50228E
:1077600039463046E4F766FC05B2512239463046C8
:10777000E4F760FC04AF0397003818BF01200290C3
:107780000195CDF800802346BDF81E20BDF91A10E2
:10779000BDF91800E6F7D8FF39463046E2F701F8A0
:1077A00008B0BDE8F08130B585B0044603AD0DF1F9
:1077B0000A022946FFF74BFE6B46BDF90A2029460F
:1077C0002046FFF7FAFE2046FFF79EFE011E05DC6D
:1077D00069462046E1F7E5FF05B030BD0A46684638
:1077E000FCF798F9F4E738B504460D46B1F5B47FD7
:1077F00084BFA1F5B475ADB2038DC18C5A1A1FFABE
:1078000082FC12B25B1B98B21BB2002ABCBF0CF503
:10781000B47C0FFA8CF2002BBCBF00F5B47003B23D
:10782000981A0028B8BF4042B4280BDC9A4214DCF6
:107830009A420ADA4FF400330A4629462046FFF7F7
:107840005CFF02E02046E1F7D0FF2046FFF7ABFFE8
:10785000E5842046FFF7A7FF38BD4FF400332A46E2
:107860002046FFF74AFFF0E738B504460D46B1F56C
:10787000B47F84BFA1F5B475ADB2018DC38CCA1AB3
:107880001FFA82FC12B2EB1A98B21BB2002ABCBFDC
:107890000CF5B47C0FFA8CF2002BBCBF00F5B47071
:1078A00003B2981A0028B8BF4042B4280ADC9A42B2
:1078B00013DC9A4209DA4FF400332A462046FFF7D8
:1078C0001CFF02E02046E1F790FF2046FFF76BFF28
:1078D00025852046FFF767FF38BD4FF400330A4681
:1078E00029462046FFF709FFEFE738B504460D4665
:1078F0001146FFF7B9FF29462046FFF774FF38BD50
:10790000F0B583B00446B0F92E0010F5004F5FD0FB
:10791000A28D638D9A423CBF02F5B47292B215B249
:1079200094F83420C2F34102012A11D0022A3FD038
:10793000002A4DD10095B4F93220B4F93010FDF78A
:10794000E5F805B282B2618D2046FFF7CEFF3DE03B
:107950005A1902EBD272561042F34F07B4F93010A5
:10796000B4F9322001EB020C0CEBDC7C4CF34F0C35
:1079700060450DDA00976246FDF7C8F805B281B29E
:107980002046FFF730FFB1B22046FFF76DFF1DE044
:1079900000953B466146FDF7B9F8074605B2B1B21E
:1079A0002046FFF720FFB9B22046FFF75DFF0DE04C
:1079B00000932B46B4F93220B4F93010FDF7A6F845
:1079C00005B2A28D81B22046FFF78FFFA4F8405088
:1079D00003B0F0BD38B505460C46B1F5B47F84BFA1
:1079E000A1F5B474A4B2838D418D5A1A1FFA82FC9A
:1079F00012B21B1B98B21BB2002ABCBF0CF5B47CA0
:107A00000FFA8CF2002BBCBF00F5B47003B2981AC9
:107A10000028B8BF4042B4280ADC9A4210DC9A42DF
:107A200009DA00230A4621462846FFF766FE02E0EF
:107A30002846E1F7DAFE6C852846FFF761FF38BD7E
:107A4000002322462846FFF758FEF4E738B50546DE
:107A50000C46B1F5B47F84BFA1F5B474A4B2818D96
:107A6000438DCA1A1FFA82FC12B2E31A98B21BB2F3
:107A7000002ABCBF0CF5B47C0FFA8CF2002BBCBF03
:107A800000F5B47003B2981A0028B8BF4042B42879
:107A900009DC9A420FDC9A4208DA00232246284683
:107AA000FFF72BFE02E02846E1F79FFEAC85284653
:107AB000FFF726FF38BD00230A4621462846FFF778
:107AC0001CFEF3E738B504460D461146FFF7BEFF2E
:107AD00029462046FFF77EFF38BD08B58184E1F7CF
:107AE00084FE08BDB0F92EC08C4510D008B5B0F9A1
:107AF00032208A42A8BF0A46B0F930309342B8BF5C
:107B000013469C4502D0C385FFF7FAFE08BD7047B7
:107B10002DE9F043ABB00C46B548DFF78BFA0128EE
:107B200002D02BB0BDE8F0832046DFF771FB05469D
:107B30002046DFF769FB06462046DFF765FB074670
:107B4000AB1E132BEDD801A252F823F09D7B020847
:107B5000ED7E0208237B0208237B0208237B0208B8
:107B6000237B0208ED7E0208237B0208237B0208A8
:107B7000237B0208237B0208257F0208237B02085F
:107B8000237B0208237B02086F7F0208237B020805
:107B900005800208237B0208C1800208DFF784FD0C
:107BA00004460028BDD0DFF785FD0128B9D10AA918
:107BB0002046DFF7F0FD06AA18A93046FFF747FC7C
:107BC000BDF82830BDF860209B1AADF82830BDF80C
:107BD0002A30BDF862209B1AADF82A3097F834306D
:107BE00013F0010F31D0BDF92810BDF92A0051EA78
:107BF000000396D0BD8D7B8DAB4284BF05F5B47577
:107C0000ADB2FCF705FFBB8C7A8D1344C41AA3B246
:107C100024B2002CBCBF03F5B4731CB2BDF91880AC
:107C20000020FBF79FFC322300FB03F35033B3F536
:107C3000A07F51D24FF4B4732046728DB18D8A4229
:107C40005AD2944694425CD25DE050224FF4003107
:107C50003046E4F7EFF905461FFA80F8BDF8184002
:107C6000A4EB0804A4B24FF480313046E0F77FFA69
:107C7000E0B1A4EB08081FFA88F31BB2012BB8BFD0
:107C80000123ADF81830BDF92820BDF92A1001FBF9
:107C900001F102FB021203FB03F39A4212DC97F894
:107CA000343013F0010F3FF43CAF9CE723B2002BBC
:107CB000B8BF03339A102DB2AA42ACBFA31A631BFC
:107CC0009BB2DAE797F8343043F0010387F8343099
:107CD000FBF7ACFCF863E2E70020FBF743FC322241
:107CE00002FB00F35033434AA2FB0323DB094FF4AA
:107CF000B47202FB03F39FE7C2F5B47211444FF074
:107D0000000C884219D94FF41D7202FB08F2DFF80B
:107D1000E8E0AEFB02E25209B3FBF2F3634542D066
:107D2000634544D9C3F5B4726244904247D3B0F579
:107D3000B47F44D80122002007E0A1EB0C0CB0EB8B
:107D40005C0F94BF01220022012097F83410C1F388
:107D5000C00196F8343062F3C30360F3041386F86D
:107D60003430788DA5EB000C0FFA8CFCB7F840305E
:107D7000A3EB00081FFA88F8C31A9BB21A1912B2B3
:107D8000002AB8BF524292B2B2F58C7F36D897F82B
:107D900034E01EF0100F38D11EF0080F1ABF401B40
:107DA00004B2644631E0B1F5B47F40F06382C3F5BC
:107DB000B472904203D3B0F5B47F40F25E820B44BC
:107DC000B3F5B47F09D8844461453FF6AAAE634554
:107DD000FFF4A7AE00221046B7E7A3F5B4739842AC
:107DE0003FF69FAE88427FF69CAE00221046ACE77D
:107DF00018350508CDCCCCCC1F85EB5197F8340055
:107E000010F0080F0CBF64460024002946D197F8F3
:107E1000342002F01802082A08BF644623441CB22A
:107E2000F86BFBF711FCBB6B00FB03F3A34AA2FB4F
:107E300003239A09C3F38F139C4239DD14B22AB28B
:107E4000798DB7F93250B7F93030501AC000A5EB30
:107E5000030C90FBFCF00430B7F92E90884408EB3B
:107E600020102044009500B2FCF750FE97F8343003
:107E700003F00603042B21D004B2B6F92E30A3423E
:107E800022D1B7F93030A34204D0B7F93230A3423F
:107E90007FF447AEFBF7CAFBF86342E697F834106D
:107EA00011F0180FBAD1B2F58C7F88BF0024B5E766
:107EB0005B429C42BCBF524214B2C0E77C8E3B8EF8
:107EC0001C44241A24B2D8E7FBF7B0FBF863214620
:107ED0003046FFF707FE4C45D3D000221C21304628
:107EE000DFF770F901287FF41CAECAE790F8343050
:107EF00023F0010380F834303046E0F746F90546B8
:107F0000DFF7CBFB0446DFF7CFFBDFF7D3FB04281B
:107F10007FF407AE002C3FF404AE00212846DFF7C3
:107F20009AFBFEE52046DFF777F9B7F92E40037894
:107F3000113B032B09D8DFE803F002130213F18D84
:107F4000013109B23046FFF7CDFDB7F92E30A3421B
:107F50003FF4E7AD00221C213046DFF733F9E0E5BE
:107F6000F18D013909B23046FFF7BCFDEDE720463F
:107F7000DFF752F9074606AA0AA93046FFF767FA63
:107F8000B36873B3B3F91440502200213046E4F7CC
:107F900051F8BDF81830A6B23518ADB25C1BA4B2CA
:107FA000ADF81840BDF82810EB1A98B2BDF82AC0F9
:107FB00063180CEB000201440DF16008644424B224
:107FC00000941BB212B209B24046FBF784FD47F69B
:107FD000FF7239684046FBF707FE20B100233B7172
:107FE0009FE50024D0E7711909B218AC0A46204673
:107FF000FBF790FD47F6FF7239682046FBF7F4FD6A
:1080000038718EE5122200213046E4F713F807B2EA
:10801000132200213046E4F70DF805B210220021AA
:108020003046E4F707F80FFA80F8112200213046B5
:10803000E4F700F803B2AF42B8BF2F464745B8BFD8
:1080400047469F42B8BF1F4612224FF44031304688
:10805000E3F7F0FF0FFA80F913224FF44031304676
:10806000E3F7E8FF05B210224FF440313046E3F762
:10807000E1FF0FFA80F811224FF440313046E3F768
:10808000D9FF03B24D45B8BF4D464545B8BF45463B
:108090009D42B8BF1D460235ED1BADB23046FFF71D
:1080A00033FA06462046DFF7B7F83544B0F900301A
:1080B0002DB2AB42B8BF2B46038032E5D34D6210E0
:1080C0002046DFF7A1F805462046DFF711F90646FE
:1080D0000DF10A0203A92846FFF7B9F9314618A89D
:1080E000E0F728FFBDF90A70002F57DC12224FF489
:1080F00000312846E3F79EFF04B213224FF400310B
:108100002846E3F797FF0FFA80F910224FF4003169
:108110002846E3F78FFF0FFA80F811224FF4003161
:108120002846E3F787FF03B24C45B8BF4C464445A9
:10813000B8BF44469C42ACBF3A1BFA1A14B2002C9A
:108140005EDC0DF1100843463A4603A92846FFF7C6
:1081500034FA0AAC2046E8F797FC22464FF4403147
:108160002846E0F7A1FB4FF440332593444B199385
:1081700002231A93CDF86C801C9418AF3A461A214A
:108180002846DFF71FF8424621463046E8F7C6FC8E
:108190003A461B212846DFF715F8C2E406AC204614
:1081A000E6F7A6FA224600212846E0F709FE00235A
:1081B0002593334A19921A930DF10C09CDF8849046
:1081C000ADF89C7020940DF1600842461A212846B3
:1081D000DEF7F8FFAB8CAA8D1A4492B201926A8D39
:1081E00013449BB20093BDF89C304A46214630466A
:1081F000E6F794FA42461B212846DEF7E3FF75E7CF
:108200000DF118084046E6F773FA42464FF4003184
:108210002846E0F7D5FD4FF400332593184B19930A
:1082200001231A9303AB2193ADF89C40CDF88080D5
:1082300018AA1A212846DEF7C5FFBDF99C30BDF902
:108240001A209A42C8BFADF81A30AA8C298D114461
:1082500089B20191E98C0A4492B200929BB203AABE
:1082600006A93046E6F75AFA18AA1B212846DEF777
:10827000A9FF66E70122104667E50122002064E5B8
:1082800018350508838801330288981A00B27047B0
:10829000C38801334288981A00B270472DE9F04F25
:1082A000CFB00546DEF7B0FF04462846DFF720F8DA
:1082B00001904CA92046E0F7E8FF69220021204602
:1082C000E3F7B8FE05466A2200212046E3F7B2FE36
:1082D000BDF83011ABB2CA1AADF83021BDF8346127
:1082E0001E44B6B2ADF83461BDF8322180B2151A21
:1082F000ADF83251BDF836510544ADB2ADF8365146
:1083000001331E44761A33B2009301300544AD1A8E
:108310002DB2E16AA26AA1EB020B94F85C3003F083
:108320000303012B00F0CC800023059312220021CF
:108330002046E3F77FFE8146132200212046E3F723
:1083400079FE8046102200212046E3F773FE07469F
:10835000112200212046E3F76DFEBDF93211BDF96F
:108360003421BDF936311FFA89F60696BDF830C1C1
:10837000B4441FFA8CFCA4F834C01FFA88F60296A5
:10838000921B92B22287BEB20396314489B2E18633
:1083900080B204901B1A9BB263870098854200F359
:1083A000A08001335B1A1BB2032B09DC05EBD572ED
:1083B000E38A03EB62039BB29A1EE2860233638771
:1083C000B4F8389009F10109A38EA9EB03090FFA5B
:1083D00089F9638F0133E28E9B1A1BB2079304F174
:1083E000340A04F138031E46CDF820908B4B0993D4
:1083F000A26DB2F1FF3F00F09E80A16A276D7F1A47
:1084000009FB07F797FBFBF7636D5B1A09FB03F3A7
:1084100093FBFBF31BB239B25B1A02FB03F3002B95
:10842000B8BFFF3307EB23273FB2A26CB2F1FF3F87
:1084300000F08A80A16A236CA3EB010809FB08F80D
:1084400098FBFBF8636C5B1A09FB03F393FBFBF3EC
:108450001BB20FFA88F15B1A02FB03F3002BB8BFC3
:10846000FF3308EB23280FFA88F816220021204654
:10847000E3F7E0FD009B9D4200F3D680C0B20128E7
:108480006DD0BAF800309844A6F80080BAF80030F1
:108490001F44BFB2AAF80070059B002B00F0D180EA
:1084A000A36A5B4209FB03F393FBFBF31F443FB258
:1084B000B6F90030BB425CDCAAF800303780C7E078
:1084C000002A02DB0023059330E7002906DD236B39
:1084D000934214BF00230123059327E7002305934C
:1084E00024E70132A2EB0C0212B2032A0ADC009B41
:1084F00003EBD372A38A03EB62039BB29A1EA2869C
:1085000002332387238F0133A28E9B1A1BB2089359
:10851000B4F83A9009F10109A2463AF8363FA9EBBE
:1085200003090FFA89F904F13A031E46CDF81C90AD
:108530003B4B09935CE7276BA36AFF1A09FB07F71C
:1085400097FBFBF73FB270E7636AA26AA3EB0208EE
:1085500009FB08F898FBFBF80FFA88F885E7C8F1E3
:1085600000080FFA88F87F423FB25346B2461E46D3
:1085700087E7AAF800706BE03380B6F90020BAF9FB
:1085800000309A4264DAAAF80020338060E00AAD35
:1085900001992846E0F7CEFC4FF400331793214BA6
:1085A0000B9300230C930D972A461A212046DEF7E1
:1085B00009FE2A461B212046DEF704FE35E1628FC4
:1085C0000132E18E521A12B2B2EB430F40F3A08097
:1085D00086E00132121A12B2032A00F3F180009BE6
:1085E00003EBD376A38A03EB66039BB29A1EADF826
:1085F00088200233ADF88C30E2E00133A26A5242A7
:1086000009FB02F292FBFBF29B1A1BB2BAF90020A3
:108610009A42B1DC3280AAF80030AEE785820208C7
:10862000918202083435050833880133A3EB08032F
:10863000AAF800303388DB1B9BB23380059A002AEE
:10864000DBD104F134073846099B984701289EDDA9
:108650000DF1F8084046E8F717FA42464FF40031AA
:108660002046E0F721F90DF1B00901994846E0F7FD
:1086700061FC4FF4003339936D4B2D9300272E97F7
:10868000CDF8C08004F13408CDF8BC804A461A21E8
:108690002046DEF797FD0B2239462046E3F7CAFC59
:1086A00000B22F4600998D42A8BF0F467F10874227
:1086B000A8BF0746079B089A9342A8BF13465B10C2
:1086C000BDF9F8209342A8BF13468D423FF777AF1C
:1086D000228F0132A18E521A12B2B2EB430F17DD74
:1086E0009DF8FBB09DF812A19DF81A9100238DF81A
:1086F000FB308DF812318DF81A3142463EA90198AF
:10870000E8F70CFA8DF8FBB08DF812A18DF81A91EC
:10871000A38A069E3344ADF89030238B029A9B1AAD
:10872000ADF89430E38A03990B44ADF89230638B33
:1087300004981B1AADF896300DF1980900233A46BB
:1087400024A94846E7F760FF00214846E7F75CFDAB
:1087500007469DF81A9100238DF81A318DF82E31B5
:10876000BDF93211BDF93421BDF93631BDF8300102
:10877000304480B2ADF88800039E314489B2ADF830
:108780008A10029E921B92B2ADF88C20049E9B1B15
:108790009BB2ADF88E30009EB5423FF71AAF013361
:1087A0005B1A1BB2032B0BDC05EBD575E38A03EBDD
:1087B00065039BB29A1EADF88A200233ADF88E3065
:1087C0001CAE0023BDF9F82041463046E7F71CFFF8
:1087D00000213046E7F718FD05460DF1F80A22AAF8
:1087E0005146DDF804B05846E8F798F98DF81A912B
:1087F00000238DF8FB308DF812318DF82E31424672
:1088000051465846E8F78AF93046E7F771FD26A841
:10881000E7F76EFD2846E7F741FD3846E7F73EFDEE
:108820002CAA1B212046DEF7CDFC4FB0BDE8F08F0F
:10883000343505082DE9F0410D464248DEF7FAFBD4
:10884000012801D0BDE8F0812846DEF7E1FC0446AE
:108850002846DEF7D9FC0646631E142BF2D801A287
:1088600052F823F031890208458802084588020839
:10887000458802084588020845880208458802089C
:10888000318902084588020845880208458802089F
:10889000458802084588020845880208458802087C
:1088A000458802084588020845880208B9880208F8
:1088B000458802083B8902084FF40031E0F7D0FAFE
:1088C00004462846DEF7A8FC0546B0F90000A042A1
:1088D000B8BF20462880122200213046E3F7AAFBC9
:1088E0000FFA80F8132200213046E3F7A3FB04B20D
:1088F000102200213046E3F79DFB07B21122002130
:108900003046E3F797FB02B223464445A8BF4346EF
:10891000BB42A8BF3B469342A8BF1346002B91DA47
:108920005B42B5F900209342B8BF13462B8089E71C
:1089300000F13401E0F735FF84E72846FFF7AEFC8D
:1089400080E700BF3435050810B50C46002104F15E
:108950003C00FAF7B7FF002104F14C00FAF7B2FF30
:1089600010BD08B503681A684FF0FF31D96002F1F5
:108970003C018B4209D002F14C018B4204BF996843
:1089800011631868E0F731FF08BD99685162F8E794
:1089900008B5C1600068E0F728FF08BDF0B593B0E6
:1089A00007460D4616461C469DF860302BB3E3681B
:1089B000B3F1FF3F0CBF1368A3686360A16031602F
:1089C00000212046FAF77EFF01AD2846FAF760FF46
:1089D0000194104B0293002109910A914FF4807386
:1089E0000B930D4B049365223846E3F723FB0C9061
:1089F0002846FAF79FFF13B0F0BD00212046FAF792
:108A000061FF4FF0FF33E36035603846E0F7EDFE7D
:108A1000F1E700BF918902086389020830B583B08D
:108A2000446A8C4214D0C36A9942A8BF1946836A2B
:108A3000056BAB42B8BF2B469942B8BF19468C4272
:108A400006D0009200F13C0300F12402FFF7A6FFDC
:108A500003B030BD38B50C4600258D626423CB626F
:108A60000D634D628D860D87CD864D8791F85C3004
:108A700065F3010381F85C30C9630D644D644FF008
:108A8000FF338B64C9640D654D658B6508212046F5
:108A9000DFF714FB10212046DFF710FB2A4629469A
:108AA0002046FFF7BBFF38BD90F85C3003F00303AE
:108AB000022B19D1C36A9942A8BF1946836A994209
:108AC000B8BF1946436A9942A8BF1946036B8B4247
:108AD0000AD000B583B0009200F14C0300F13002DF
:108AE000FFF75CFF03B000BD7047836CB3F1FF3F3D
:108AF00014BF406C406A704790F85C3003F0030389
:108B0000022B01D0806A7047836DB3F1FF3F14BF21
:108B1000406D006B704790F85C0000F003007047F8
:108B200010B50C4610212046DFF7C8FA4FF48061DB
:108B30002046DFF749FD10BD10B501460348DFF7B9
:108B4000C7FD0446DFF777FE204610BD5035050807
:108B50002DE9F04F8BB00546009108A9E0F795FB91
:108B60002846E0F7F7FB80462846E0F7F9FB064683
:108B7000122200212846E3F75DFA07B213220021F2
:108B80002846E3F757FA0FFA80FB10220021284607
:108B9000E3F750FA04B2112200212846E3F74AFA1B
:108BA0000FFA80FA142200212846E3F743FA81469F
:108BB000152200212846E3F73DFA09F001030133AD
:108BC000C9F3C03202FA89F903EB69090FFA89F98E
:108BD00000F0010C0CF1010CC0F3C03303FA80F07B
:108BE0000CEB600C0FFA8CFCB9F10D0FA8BF4FF025
:108BF0000D0963460D2BA8BF0D2301935A460D2A7C
:108C0000A8BF0D2203920D2CA8BF0D24D446BAF1A3
:108C10000D0FA8BF4FF00D0C2B8E002B64D0A34678
:108C200000243B460D2FA8BF0D230493A8EB020898
:108C3000A8F10208A6EB0C06023ECDF814C002967D
:108C40001FFA84FAAA6A02EBC40332F934C0B3F9FA
:108C50000200B3F90410B3F906206745BDF82030CF
:108C6000ACBF049E019E9B1B63449BB2ADF81830C1
:108C70008345BDF82230ACBFA3EB0B03A3EB090384
:108C800003449BB2ADF81A304145BDF82030ACBF6B
:108C90000398019803440B449BB2ADF81C30029B2F
:108CA0009A42BDF82230A6BF05995B184B44134485
:108CB0009BB2ADF81E300022009906A8FAF794FF87
:108CC00040B901342A8EA3B29A42B9D85046013035
:108CD00080B200E050462A8E4FF6FF73824208BFF2
:108CE00018460BB0BDE8F08F4FF6FF70F9E70000B3
:108CF0004FF6FF73994272D0F0B585B004460D4629
:108D0000038E8B4201D805B0F0BD826A02EBC1032D
:108D100032F93120ADF80820B3F90220ADF80A206D
:108D2000B3F90420ADF80C20B3F90630ADF80E30DD
:108D30006946E0F7AAFA142200212046E3F77AF9FF
:108D400006B2152200212046E3F774F907B2204647
:108D5000E4F710F9FAF706FC214981FB0031C3174B
:108D6000C3EBA1031BB2BDF800009E42B8BF1E4674
:108D7000B6B2BDF808200244921BADF80820BDF839
:108D80000220BB42B8BF3B469BB2BDF80A1011445B
:108D900089B2CF1ABFB2ADF80A70BDF80CC06044FA
:108DA0000644ADF80C60BDF80E0002441A4492B2BD
:108DB000ADF80E20A08EA84204D002A92046E0F70C
:108DC000F0FCA0E7E06A30F8150010F4806FF4D0F2
:108DD00001393944CB1A9B1AADF80A30EDE77047D8
:108DE000676666662DE9F04FD3B00446DEF70CFAED
:108DF000038E13B953B0BDE8F08F05462046DEF769
:108E000077FA8046059095F8223043F0080385F8FC
:108E1000223050A92846E0F738FA2B8C069300241C
:108E20002C8495F8223043F0080385F822302AAFCD
:108E30003846E7F729FE22AE3046E6F791F83A4683
:108E40004FF4A0212846DFF72FFD32464FF4A02132
:108E50002846DFF7AAFE95F8223064F3C30385F8AD
:108E60002230069B2B84102221462846E3F7E2F8A5
:108E700003B20993112221462846E3F7DBF803B237
:108E80000A93122221462846E3F7D4F803B20B9343
:108E9000132221462846E3F7CDF803B20C9310AE17
:108EA00041463046E0F746F84FF4A0231D93CB4BE4
:108EB0001193129440AB149338AB15932B8E002B67
:108EC00000F090814FF000094C46DFF814B3069B88
:108ED00003F020030D934F461CE10134A4B2A60019
:108EE000594658F82400D7F77BF90028F5D04FEA07
:108EF000470AEB6A33F8173013F0100F40F0038184
:108F0000C3F3002813F0400F00F0078148F08008F9
:108F1000D5F828E00EEBC703B3F90210B3F904C08B
:108F2000B3F90600BDF840213EF837301344ADF8E0
:108F30003831BDF842311944ADF83A116244ADF808
:108F40003C210344ADF83E31B8F1000F40F00181FF
:108F500038222AA940A8FBF7EBFE202222A938A834
:108F6000FBF7E6FEEB6A33F80A3013F4006F9DF866
:108F7000FD3014BF43F0010303F0FE038DF8FD3014
:108F800010AA4EABD36097631A212846DEF71AF970
:108F90009DF82331C3F344030F2B31D99DF82331BE
:108FA0000F2262F345038DF82331BDF93831B5F94D
:108FB00014200B990A44934214BF0F230B239DF8EE
:108FC000232163F345028DF82321BDF93C11B5F946
:108FD00018200C98121A914200F0E080BDF93A2155
:108FE000B5F9163009990B449A4200F0E080BDF9BA
:108FF0003E21B5F91A300A995B1A9A4200F0E280D4
:10900000BDF83A210892BDF83E31013399B207917B
:1090100018F0200809D0EB6A33F80A3013F4806F97
:109020001CBFC1EB4203ADF83A314EAA40A90598E6
:10903000E7F774FD6B6A53F806900FAE9DF8FD30AC
:109040000293BDF844310133BDF840219B1A1BB295
:109050000193BDF9F2300093BDF9F430389A4946D6
:109060003046FEF728F9BDF83821BDF93CC0BDF8FF
:109070003C3101339B1A1BB2A3EB0C0303EBD373FC
:1090800002EB630292B2ADF83821BDF83A11BDF996
:109090003E00BDF83E3101335B1A1BB21B1A03EBD5
:1090A000D37301EB630189B2ADF83A116244ADF8B4
:1090B0003C21084480B2ADF83E01B8F1000F15D054
:1090C000EB6A33F80A3013F4806F0FD0079B089ACD
:1090D000A3EB020ACAF3C03303FA8AFACAF34F03B6
:1090E000C91AADF83A11C01AADF83E010023009339
:1090F0004B464EAA38A90598E5F764FF10AA1B2134
:109100002846DEF75FF80134A4B201372A8EBBB2DD
:109110009A4267D9D5F82480E1E6AA8EBBB29A427A
:109120007FF4F6AE0D9B0BB148F02008069B13F0C0
:10913000020F18BF48F00208069B13F0040F18BF77
:1091400048F00408069B13F0080F18BF48F0080801
:10915000DEE6A5F8208095F8223043F0080385F874
:10916000223040A8E7F790FC0DF1E0094846E5F70A
:10917000F7FE40AA4FF4A0212846DFF795FB4A46A8
:109180004FF4A0212846DFF710FD069B2B8495F8AD
:10919000223023F0080385F82230E3E603F01703BA
:1091A0009DF8232163F345028DF8232116E79DF8EE
:1091B0002331C3F3440202F01D0262F345038DF82C
:1091C000233114E79DF82331C3F3440202F01E0259
:1091D00062F345038DF8233112E700BF6C350508B3
:1091E000EC54030895F8223023F0080385F8223068
:1091F00000E600BF10B50C46886AFBF7D1FCE06AB8
:10920000FBF7CEFC0023A362E36210BD10B501465C
:109210000348DFF75DFA0446DFF70DFB204610BD7B
:109220006C350508002900F05E812DE9F04F93B000
:1092300083468A460123438608680025B8B1002486
:109240002546A94E09E0BBF832300133ABF8323085
:109250000134A4B25AF8240048B103783BB1314636
:10926000D6F7BEFF0028EED00135ADB2F0E7BBF86F
:109270003030AB4227D0DBF8280020B1FBF790FC60
:109280000023CBF82830DBF82C0020B1FBF788FC5A
:109290000023CBF82C30E800FBF764FCCBF8280067
:1092A00000284DD06800FBF75DFCCBF82C000028AF
:1092B00047D0DBF82830002B08BF00256900FBF7FA
:1092C000C4FEABF83050CBF824A01622002158463B
:1092D000E2F7B0FEC3B20693122200215846E2F72D
:1092E000A9FE1190102200215846E2F7A3FE044681
:1092F000142200215846E2F79DFE05461522002162
:109300005846E2F797FE10905846E0F72FF80F9076
:109310005846E0F748F8BBF83230AAB20B925A1E12
:1093200012FB05F2821A12B20A929846002B00F044
:10933000D180A2B200218E460891079111461FE00C
:10934000FEE7FEE7DDF80880DDF80CE0494604E0C2
:10935000DDF80880DDF80CE04946002E41D10134EB
:109360000AEB840A0EF1010EBBF83280079B0A9AC1
:10937000134407930B9B0B4499B2F04540F2AA802B
:10938000DAF800700024002FE9D000263546344674
:10939000CDF80880DDF82080CDF80CE089465249F0
:1093A0003846D6F71DFF0028D2D03B78002BC9D015
:1093B0004444DBF82C3033F8143003F00F03012B56
:1093C0002CBFED180135ADB20136B6B234465AF8AD
:1093D0002670002FE3D1DDF80880DDF80CE0494667
:1093E000BBE7079AB2FBF8F30B441BB204930A9B4A
:1093F0001344B3FBF8F3481E03441BB20593BDF8B6
:109400003CC0109A93B20393731E13FB02F3ACEBB0
:1094100003031BB223EAE373089A4FEA42080026CB
:10942000B1463746BDF844200294CDF824C0144616
:10943000CDF830E00D91CDF838A09A461BE00998A0
:10944000C31A19B2831A1BB221442344DBF8280043
:10945000059A00921BB2049A09B200EB8800FAF751
:109460003AFB09F1010908F10208039B1E44B6B258
:10947000029B99451CD207FB0AF3B3FBF5F3334477
:109480009AB2DBF82C3033F8083003F00F03012BCD
:109490002CBFFF18013707FB0AF3B3FBF5F3711E6E
:1094A0000B449BB206990129C9D011B21BB2CBE77C
:1094B0001C46DDF830E00D99DDF838A0013B002CAA
:1094C00008BF0023089801300344089301340AEBD5
:1094D000840A47E75846DFF73CFD5846E0F785F930
:1094E00013B0BDE8F08F7047EC54030808B5084688
:1094F00000230B864B864FF6FF728A868B62CB6207
:109500004B6291F8362063F3000281F8362002495D
:10951000FFF788FE08BD00BFD400002010B5044648
:10952000028E5200C06AFBF703FC616A2046FFF717
:1095300079FE10BD38B504460D46038E8B4203D824
:109540004FF6FF73994208D1A18E2046FFF7D0FB5A
:10955000A58629462046FFF7CBFB38BD038E8B42FC
:1095600023D970B506460C46154612F0100F0ED1E1
:10957000F26A32F8143023EA050322F81430214647
:109580003046FFF7B5FB15F4806F0AD170BD01219D
:10959000DEF7EDFD0028EBD001213046DEF78EFD31
:1095A000E6E73046DFF7D5FCF0E77047038E73B18E
:1095B00070B505460E4600243246A1B22846FFF794
:1095C000CDFF0134288EA3B29842F5D870BD704704
:1095D000038E8B423FD970B504460D46164690F86F
:1095E000363013F0010F02D012F4807F0AD116F04A
:1095F000100F1ED0B4F830C0BCF1010F15D90023F4
:10960000012007E04FF48071FFF7D0FFEFE701334F
:10961000634509D09AB29542F9D0E26A12F8131064
:10962000C1F300110840F2E718B101212046DEF72E
:10963000CBFFE26A32F81530334322F81530294661
:109640002046FFF755FB16F4806F00D170BD204611
:10965000DFF77FFCFAE77047038E73B170B50546FC
:109660000E4600243246A1B22846FFF7B1FF01346E
:10967000288EA3B29842F5D870BD7047808E70478F
:109680002DE9F84F4FF6FF73994226D082460F46D8
:10969000B0F830B08B4522D3B1B1D0F82490002679
:1096A0003546DFF8448003E025460136BE420CD043
:1096B0006C1CA4B2414659F82400D6F791FD00284D
:1096C000F2D10235ADB2F0E70D46BB4509D0DAF86C
:1096D000243053F82500BDE8F88F0020FBE7002078
:1096E000F9E70020F7E700BFEC540308038E8B4234
:1096F00007D9C36A33F811309A430CBF0120002008
:1097000070470020704770B504460E464FF48072D3
:10971000FFF7ECFF05464FF480712046FFF746FF48
:1097200005B970BD4FF4807231462046FFF750FFF7
:10973000F7E700002DE9F04782B00E46C748DDF795
:1097400079FC012802D002B0BDE8F0873046DDF791
:109750005FFD05463046DDF757FD0446132D59D011
:10976000013D292DEFD801A353F825F08398020875
:10977000239902089B9A0208479702084797020814
:10978000659A020847970208C79902084797020896
:10979000479702084797020847970208579B020815
:1097A000A99A02083F9B02083F9B020847970208BC
:1097B000479702084797020847970208819D0208C9
:1097C00047970208479702084797020847970208F9
:1097D00047970208479702084797020847970208E9
:1097E00047970208479702084797020847970208D9
:1097F00047970208479702084797020847970208C9
:109800004797020847970208479702087B98020883
:1098100073980208438E002B95D0D0F82490D9F885
:109820000070002F8FD00025A846DFF834A25146E3
:109830003846D6F7D5FC002885D03B78002B82D05F
:10984000E36A33F8183013F4806F07D10135ADB2F5
:10985000A84659F82570002FE9D174E72046DFF7B4
:10986000A2FD638E90FBF3F109B23046DDF748FDAF
:1098700069E7416AFFF7D6FC65E7416AFFF7D2FC6A
:1098800061E73046DDF7C8FC0546A18E2046FFF7AC
:109890002FFADDF709FFDDF70DFF00F0FD03012BC7
:1098A0001FD0A38E4FF6FF7293423FF44CAFE26A93
:1098B00032F8132012F4007F7FF445AF12F4806F6A
:1098C0007FF441AF12F0400F7FF43DAF12F0100F64
:1098D0007FF439AF00936A461C212046DDF772FC05
:1098E00031E701AE31462846DDF755FF31462046C7
:1098F000FFF72EF94FF6FF73A38698423FF423AF8C
:10990000E36A33F8103013F0400F7FF41CAF13F00C
:10991000100F7FF418AFA08601462046FFF7E8F944
:10992000BFE73046DDF778FC0646DDF7BDFE0546AD
:10993000DDF7C0FE04283FF406AF02283FF403AF72
:1099400001AF39462846DDF726FF39462046FFF7A6
:10995000FFF80546A18E81423FF4F5AE4FF6FF7346
:1099600099422CD1A5863046DDF708FF4FF6FF73EC
:109970009D423FF4E8AEE36A33F8153013F0400F30
:109980007FF4E1AE13F0100F7FF4DDAE29462046E0
:10999000FFF7AEF9E36A33F8152012F4007F7FF485
:1099A000D2AEA28E33F8123013F4806F7FF4CBAEB8
:1099B00000956A461C212046DDF704FCC3E62046DC
:1099C000FFF796F9CEE7828E4FF6FF739A4230D0BA
:1099D0001046E56A35F81230194613F0800F18D09A
:1099E00013F0400F40F0D08113F4807F08D094F83A
:1099F000361011F0010F03D123F480739BB201E004
:109A000043F4807325F8123094F8363013F0010FC8
:109A100014D1A08EE36A33F8101011F4007F02D144
:109A200011F4806F05D011F0400F02D111F0100F2A
:109A300009D0A18E2046FFF75BF984E6A18E20466F
:109A4000FFF761FEE5E700906A461C212046DDF73E
:109A5000B9FB01287FF477AEEBE700BF6C35050852
:109A6000EC540308838E4FF6FF7293423FF46BAEC3
:109A7000C26A32F8132012F0200F7FF464AE12F0A5
:109A8000400F7FF460AE12F0100F7FF45CAE0093D5
:109A90006A461C21DDF796FB55E6818EFFF728F913
:109AA0004FF6FF73A3864EE6038E002B3FF44BAEBA
:109AB0003046DDF7B1FB0646DDF7FCFD0546DEB1BD
:109AC0002046DEF762FBDDF7E8FDA28E4FF6FF735E
:109AD0009A427FF438AE022D05D0042D7FF433AEC8
:109AE00000283FF430AE94F8363013F0010F0AD15D
:109AF000E16A0239002319E00020F9F77DFDDDF766
:109B0000D9FD0546DCE7E16A0239002300E00133B4
:109B100031F8022F12F0100FF9D112F0400FF6D1E8
:109B200012F4807FF3D0A3860DE6013331F8022FC3
:109B300012F0100FF9D112F0400FF6D1F3E7818E39
:109B40004FF6FF73994203D14FF6FF73A386FAE5F0
:109B5000FFF7CEF8F8E7818EFFF7CAF83046DDF759
:109B60005BFB0378113B032B29D8DFE803F0AF54EC
:109B7000022DA38E4FF6FF7293421ABF01339BB2A0
:109B80000023A386218E99429CBF0023A386A58E25
:109B9000E06A07E001339BB2994298BF0023A38695
:109BA0009D4209D0A38E30F8132012F0100FF1D18E
:109BB00012F0400FEED102E04FF6FF73A386A18EA4
:109BC0002046FFF795F8BEE5A38E4FF6FF7293424D
:109BD00003D013B1013B99B202E0218E013989B261
:109BE000A186E06A05E073B1013B9BB2A38699426E
:109BF0000DD0A38E30F8132012F0100FF3D112F015
:109C0000400FF0D1DBE7238E013B9BB2EEE74FF62E
:109C1000FF73A386D3E7152200212046E2F70AFA54
:109C2000A38E4FF6FF72934219D0D4F828C00CEBE4
:109C3000C3063CF83310B2880132521A42F34E0286
:109C400011440FB2258EAB42B9D20FFA80FEB6F99D
:109C500002605A000CF102000CF104081CE0002321
:109C6000A386E16A05E001339BB2A386228E9A4265
:109C700009D9A38E31F8132012F0100FF3D112F08E
:109C8000400FF0D19BE74FF6FF73A38697E70133B0
:109C90009BB20232AB4292D230F92210B142F6DDD1
:109CA0003CF92210B942F2DC38F9221071448F429B
:109CB000EDDCE16A895A11F0400FE8D111F0100F84
:109CC000E5D19D427FF67BAFA38678E71522002180
:109CD0002046E2F7AFF9A38E4FF6FF72934219D0F8
:109CE000D4F828C00CEBC3053CF83310AA88013225
:109CF000521A42F34E0211440EB21BB2002BFFF671
:109D00005EAF07B2B5F902505A000CF102000CF137
:109D1000040E1EE00023A386E16A05E001339BB236
:109D2000A386228E9A4209D9A38E31F8132012F00D
:109D3000100FF3D112F0400FF0D140E74FF6FF7350
:109D4000A3863CE7013B1BB2023AB3F1FF3F3FF46D
:109D500036AF30F92210A942F4DA3CF92210C91BBF
:109D60008E42EFDB3EF92210B142EBDBE16A895A09
:109D700011F0400FE6D111F0100FE3D1A3861EE7DA
:109D80003046FFF72FF8DEE413F4007F7FF451AE86
:109D900046E600BF08B590F8362061F3000280F86F
:109DA00036200021FFF7AFFC08BD08B501F13C00EB
:109DB000E7F786F808BD08B50846042381F83C306B
:109DC000CB8F6FF34F13CB87CB6B6FF39423CB63A6
:109DD00000230B644B643C3101F0FAF908BD10B567
:109DE0000C460868C16BE7F767FD2368D86BFAF784
:109DF000D7FE10BD2DE9F04105460C4617461E461C
:109E000000221A80C36BC3F38A23013BB3807280A4
:109E1000C38FC3F34A13013BF3804FF4B471204660
:109E2000FBF713F927603846F9F796FA2268EB6BCF
:109E3000C3F38A2313802268EB8FC3F34A13538042
:109E40005820FAF78FFEB8B1804601463846E7F74A
:109E5000EDFC2368C3F83C80C8F80860C8F80460CB
:109E60006B6CC8F8003095F83C1001F01F012068B9
:109E7000F9F7A0FBBDE8F081FEE7000010B5014650
:109E80000348DEF725FC0446DEF7D5FC204610BD6E
:109E900088350508E1B110B50C4690F83C109DF8E6
:109EA00008C06CF3040180F83C10C16B62F394218C
:109EB000C163C1F30F4163F34F11C187446400F1E3
:109EC0003C04214601F084F92046E6F7F9FF10BD75
:109ED000FEE790F83CC00CF1190C0CF01F0CBCF123
:109EE000030F00D870472DE9F043F3B004460E4647
:109EF00015461F460DF1600902AB04AA4946FFF75B
:109F000079FFE4F7B3F880464846E4F7B5F894F8EB
:109F10003C3003F01F03062B1FD06A46ADF80060EB
:109F2000ADF80250013F3E44ADF80460BDF9E831A0
:109F3000013B1D44ADF806507B991398E6F7EEFD02
:109F40004046E4F799F818A92046FFF748FF204655
:109F5000DFF74BFC73B0BDE8F0837B9B9A884EF231
:109F600007039A42D9D1D9F80020137C23F00803C3
:109F70001374D2E72DE9F04FB9B00D46B848DDF7BC
:109F800059F8012802D039B0BDE8F08F2846DDF736
:109F90003FF904462846DDF737F906462C2C00F039
:109FA000F480132C00F04B81152CECD12846DDF702
:109FB0002BF904462846DDF79BF90490572200212F
:109FC0002046E2F737F80690B0F9081005913222E2
:109FD00000212046E2F72EF80546102200212046F7
:109FE000E2F728F8ADB228441FFA80F812220021C7
:109FF0002046E2F71FF80544ADB2152200212046A5
:10A00000E2F718F8079012224FF400312046E2F7E9
:10A0100011F8074613224FF400312046E2F70AF800
:10A02000824610224FF400312046E2F703F806463C
:10A0300011224FF400312046E1F7FCFF83466922EC
:10A040004FF400312046E1F7F5FF08906A224FF403
:10A0500000312046E1F7EEFF09900DF16009484616
:10A06000E6F712FD4A464FF400312046DEF71CFCAD
:10A07000A38A1D44ABB2BDF8142007EB0A05013DCD
:10A0800015441D44ADB2E18A414489B25E44013EAB
:10A090001644B6B2BDF820209B1AADF830302A44E1
:10A0A000ADF83420BDF82430CA1AADF8322033445C
:10A0B0001944ADF836100DF1980A04995046DEF7B0
:10A0C00039FFCDF8A890664B2793002728970DF10C
:10A0D000300BCDF8A4B04FF40033339352461A211D
:10A0E0002046DDF76FF85A464946DDF810B058466D
:10A0F000E6F714FD52461B212046DDF763F859228E
:10A1000039462046E1F796FF0FFA80F95822394682
:10A110002046E1F78FFF616A029741F6FF730193D2
:10A12000CDF8009003B2069A0BA8FDF7C4F80DF124
:10A1300040094846E4F714FF4A4639462046DEF710
:10A1400034FD079B1D44ADB2ADF83850BDF82C303E
:10A150001D44ADF83C50731C1BB205995B1A03EB10
:10A16000D37308EB6303E28A13449BB2ADF83A3031
:10A17000BDF82E201344ADF83E30636A00970EAA56
:10A1800049465846E4F71EFFFDE62846DDF744F849
:10A190000546572200213046E1F74CFF0446B0F94E
:10A1A0000890592200213046E1F744FF07B25822B7
:10A1B00000213046E1F73EFF716A4FF00008CDF80C
:10A1C000088041F6FF730193009703B2224626A848
:10A1D000FDF771F8152241463046E1F72BFF804626
:10A1E00012224FF400313046E1F724FF04461322D7
:10A1F0004FF400313046E1F71DFF824610224FF444
:10A2000000313046E1F716FF074611224FF40031C6
:10A210003046E1F70FFF1FFA89F304EB0A02BDF89D
:10A2200098100A4442441A442A8007443B441BB213
:10A23000BDF99A209342B8BF13466B80A3E6284627
:10A24000DCF7EAFF04464FF400313046DEF708FE43
:10A25000B4F900308342B8BF0346238093E600BFC1
:10A26000A435050891F8283013F0010F00D070478D
:10A2700010B50C46486AFAF793FC0023636210BDE0
:10A2800010B50C460A4B4B6291F8283043F001039D
:10A2900081F8283002212046DEF796F90821204671
:10A2A000DEF792F94FF480612046DEF78DF910BD9C
:10A2B000C05903084B6A00225A627047406A20B1B5
:10A2C00008B50021E2F77EFE08BD704770B5044670
:10A2D000FFF7F4FF40B10646DFF742F80546204697
:10A2E000DFF761F8854200DC70BD5722002130465F
:10A2F000E1F7A0FEB0F90850592200213046E1F7FD
:10A3000099FE0544E18E11FB05F1002209B2606A55
:10A31000E0F7D8FE606ADFF768FAE5E72DE9F0417B
:10A3200006460C46FFF7CAFF10B30746B0F8168082
:10A3300057220021E1F77EFEB0F908505922002192
:10A340003846E1F777FEC0F3C03303FA80F304EB3D
:10A350006304A4EB080424B205442DB294FBF5F485
:10A36000A0B2B38E834201D8013B98B2BDE8F08120
:10A370000020FBE710B50C46486A18B1E2F7F4FE7E
:10A380000023636294F83C3013F0100F00D010BD2E
:10A39000206BFAF705FC00232363F8E72DE9F04F63
:10A3A00091B093464FF6FF72934551D006460F4643
:10A3B000446AB4F82080984506D0238494F822306B
:10A3C00043F0080384F8223057224FF480212046BE
:10A3D000E1F730FE814659224FF480212046E1F713
:10A3E00029FE05460FFA80FAB9F908903046FFF7C2
:10A3F00065FF09EB0A0212FB0BF20AEBDA7AA2EB19
:10A400006A02C38A1A4492B2ADF83A20013D4D4423
:10A410002A44ADF83E20736A9A8AADF838201B8B27
:10A42000ADF83C306846E6F72FFB6A464FF48021D2
:10A430002046DEF739FA0EAA69463846E6F76EFB83
:10A44000A4F8208094F8223023F0080384F8223006
:10A4500011B0BDE8F08F2DE9F0438FB090464FF674
:10A46000FF7290454DD007460D46446A268C9E42A9
:10A4700006D0238494F8223043F0080384F8223075
:10A480000DF118094846E4F76BFD4A464FF4802168
:10A490002046DEF78AFB59224FF480212046E1F75F
:10A4A000C9FDADF82A003846FFF708FF074640B35C
:10A4B000069BB3F90800BDF92A10431813FB08F2F4
:10A4C00001EBD173A2EB6302FB8A1A4492B2ADF89E
:10A4D0001220013901440A44ADF81620A38AADF8D0
:10A4E0001030238BADF8143004AAA96802A8F9F73C
:10A4F0002FFB48B9268494F8223023F0080384F80F
:10A5000022300FB0BDE8F083D5F8088002ABAB6015
:10A51000384601F01FFB03460022009207F11402A7
:10A5200049462846E4F74EFDC5F80880E2E710B535
:10A530000C464FF480612046DDF7C0FD0421204623
:10A54000DDF7BCFD4FF400312046DEF73DF8012178
:10A550002046DEF739F8204601F0E6FA10BD00008B
:10A5600010B501460348DEF7B3F80446DEF763F999
:10A57000204610BDDC35050841B170B504460D46D6
:10A58000002383860B785BB10A4603E0FEE712F8EE
:10A59000013F2BB10A2BFAD1A38E0133A386F6E734
:10A5A000A38E0133A3860023E38623872846D5F7AD
:10A5B00077FE461C206B20B194F83C3013F0100F4E
:10A5C00015D03046FAF7CEFA2063A8B1294607F035
:10A5D000E8FA94F83C3023F0100384F83C3020462D
:10A5E000DFF703F9606A08B1DFF7FFF870BDFAF72B
:10A5F000D7FA00232363E4E7FEE741B138B5044608
:10A600000D46002383860B785BB10A4603E0FEE724
:10A6100012F8013F2BB10A2BFAD1A38E0133A38686
:10A62000F6E7A38E0133A3860023E386238794F8FD
:10A630003C3013F0100F03D1206B08B1FAF7B0FAD9
:10A6400094F83C3043F0100384F83C3025632046F6
:10A65000DFF7CBF8606A08B1DFF7C7F838BD000054
:10A6600038B50C4600234B620B63144ACA628B62F6
:10A6700091F83C20CB860B874FF6FF716187A3864C
:10A6800042F03003082262F3030384F83C304FF4B5
:10A6900080612046DDF798FF09492046FFF7ADFFAE
:10A6A0002046E2F760FC01460648DEF711F8054651
:10A6B000DEF7C1F865626C6238BD00BFCC59030893
:10A6C000D0590308C0350508C38E8B4211D010B590
:10A6D0000446838E8B429CBF03F1FF3399B2C1863F
:10A6E0000187436A0BB1FFF7F1FD2046DFF77DF8E4
:10A6F00010BD7047006B024B002808BF184670471A
:10A70000D4540308C08E7047F8B50E46076BD7B116
:10A71000044615463846D5F7C3FD034680B1B4F864
:10A7200038C0781E00218E468C450FD010F8012FBE
:10A730000A2A08BF01310EF1010E7345F4D100233E
:10A740000022F254F8BD00230B70FBE7734517D9C4
:10A75000721EA3EB0E010023681E04E002F801CF75
:10A7600001338B420ED0276B07EB0E0C1CF803C095
:10A77000BCF10A0FE4D0002DF0D09842EED8DFE70C
:10A780000023DDE70B46DBE72DE9F04182B004460C
:10A790000121DDF7D5FC656A2046E2F7E4FB0146BE
:10A7A0002846E2F708FD4FF0FF31606AE2F774FDDA
:10A7B0000121606ADDF782FC00221F212046DCF7C0
:10A7C00001FD2046FFF77AFD0646216B01F02AFFC6
:10A7D00042F2D171606ADEF7B7FC3046DFF796FED1
:10A7E000606ADEF7B7FD05462046DEF7B3FD854219
:10A7F00009DC94F83C2002F00F024FF48873D34038
:10A8000013F0010F34D13046DEF7AAFD074632229D
:10A810000021606AE1F70EFC804610220021606A88
:10A82000E1F708FC054611220021606AE1F702FC0D
:10A83000054405EB48053D442DB294F83C3003F047
:10A840000F07082F1DD0042F4ED02946A942A8BFBC
:10A850002946606ADEF78FFC2046FFF737FD7B1E36
:10A86000072B6AD8DFE803F08890692F696969626D
:10A87000656A2046DEF76EFD01462846DEF764FC79
:10A88000C1E7B4F91A80A844F8F73EFEF8F756FE7F
:10A89000804501DC2946D9E7B4F91680F8F734FE83
:10A8A000F8F74CFEB4F91A30C01A804513DDE18A7E
:10A8B000013909B2A942A8BF2946606ADEF75BFCEC
:10A8C0002046FFF703FD002300930A222146606A19
:10A8D000DFF740FE31E0F8F717FEF8F72FFE638B45
:10A8E000C11A013909B2B1E7B4F91680A84501DBF4
:10A8F0002946ABE7F8F708FEF8F720FEB4F91A305E
:10A90000C01A804502DBB4F916109FE7F8F7FCFD8A
:10A91000F8F714FE638BC11A09B2A942A8BF2946F1
:10A92000606ADEF728FC2046FFF7D0FC0023009386
:10A930000D222146606ADFF70DFE606ADFF7E6FD53
:10A9400094F83C3003F00F03013BDBB2012B23D919
:10A95000226B00213046E2F7EEF9022838D00328B6
:10A960004FF000031A4614BF012103213046DEF7E1
:10A970007FFC02B0BDE8F081002300931022214645
:10A98000606ADFF7E7FDD8E7002300931322214632
:10A99000606ADFF7DFFDD0E7606ADEF7A6FC0546F8
:10A9A000606ADEF7C5FC0746F8F7AEFDF8F7C6FDAE
:10A9B000B842CDDCD4F82480F8F7A6FDF8F7BEFD48
:10A9C000691EC91B014409B24046DEF79CFBBFE784
:10A9D00000231A4602213046DEF74AFCC9E710B5CB
:10A9E00004460121DDF7B8FB4FF6FF7363870121B1
:10A9F000606ADDF7E9FD002220212046DCF7E2FB5A
:10AA000010BD0000F0B583B00D460846DCF700FC31
:10AA1000182800F09B80044629466A48DCF70AFBA8
:10AA2000012878D12846DCF7EFFB0646476A013C4F
:10AA3000172C70D8DFE804F04F6F6F6F6F6F6F0CDB
:10AA40006A6F6F6F6F6F6F6F6F6F6F6F6F6F6F8DFD
:10AA5000DCF72AFEDCF7C6FE00285CD1746ADCF75E
:10AA600023FE0546DCF726FE042821D02846DCF725
:10AA700021FE012804D02846DCF71CFE03280AD159
:10AA800069462846DCF787FEBDF902102046FFF72D
:10AA900045FCE08620872046FFF7A1FFA36AB3B1FB
:10AAA000E38E00936A461C212046DCF78BFB32E0E4
:10AAB000E38E23872046DDF768FB0646DCF7EDFDD5
:10AAC0000028D3D000213046DCF7C5FDCEE7204674
:10AAD000DEF78BFEE4E7DCF7E7FD0446D8B1DCF7F0
:10AAE000E9FD012804D02046DCF7E4FD032812D15B
:10AAF00069462046DCF74FFEBDF902103846FFF7E5
:10AB00000DFC78873046DEF770FE04E04FF6FF73E9
:10AB10007B87DEF76AFE03B0F0BD21232146304675
:10AB2000FFF73CFC2123728F21463046FFF793FC50
:10AB300041E02023728F21463046FFF72FFC20236F
:10AB4000728F21463046FFF786FC34E02846DCF75A
:10AB50005BFB2846DCF758FB466A2846DCF7C8FB57
:10AB60000446726A143281686846F8F7F1FF18B338
:10AB7000A768C4F808D096F83C3013F0200FD8D05E
:10AB8000728FF38E9342C8D0202321463046FFF7C0
:10AB900005FC2023728F21463046FFF75CFC012321
:10ABA000F28E21463046FFF7F9FB0123F28E214653
:10ABB0003046FFF750FCA76029460248DCF73AFA16
:10ABC000A9E700BFC035050808B50121406ADDF7D7
:10ABD000CEFA80F00100C0B208BD30B583B00446A3
:10ABE000DCF762FD0546DCF7FDFD38B1238FE38617
:10ABF0002046DEF7FAFD012003B030BD2046FFF706
:10AC0000E3FF08B32046FFF7EAFEE38E228F9A4265
:10AC10000BD02387019301AA1C212046DCF7D2FA2E
:10AC20000128E9D12046DEF7E0FD2846DCF742FDA9
:10AC3000042801D00120DFE72046DDF7A6FA002135
:10AC4000DCF709FD0120D7E72046FFF79DFD012035
:10AC5000D2E700002DE9F04F9BB00D467948DCF7B4
:10AC6000E9F9012802D01BB0BDE8F08F2846DCF7D7
:10AC7000CFFA04462846DCF7C7FA0646A4F10803D3
:10AC8000242BF0D801A252F823F000BF53AD0208E4
:10AC900067AC020867AC020867AC020867AC020840
:10ACA0007FAD020821AD02084DAD02084DAD02088E
:10ACB00067AC020867AC020867AC020867AC020820
:10ACC00049AE020867AC020867AC020867AC02082C
:10ACD00067AC020867AC020867AC020867AC020800
:10ACE00067AC020867AC020867AC020867AC0208F0
:10ACF00067AC020867AC020867AC020867AC0208E0
:10AD000067AC020867AC020867AC020867AC0208CF
:10AD10005FAD020859AD020867AC020865AD0208D4
:10AD2000DDF733FADCF7B9FC0446DCF7BDFCDCF7F1
:10AD3000C1FC042897D11CB13046FFF725FD92E7EE
:10AD4000338FF3863046FFF74AFE8CE7FFF747FE66
:10AD500089E7FFF742FF86E7DEF79EFB83E7DEF732
:10AD60009BFB80E72846DCF757FA04465722002170
:10AD70003046E1F75FF9B0F90830638073E72846A1
:10AD8000DCF74AFA03780A3B112B3FF66CAF01A2BD
:10AD900052F823F033AE020867AC020867AC020831
:10ADA00067AC020867AC020867AC020867AC02082F
:10ADB00003AE0208DDAD0208DDAD020803AE0208F5
:10ADC00067AC020867AC020867AC020867AC02080F
:10ADD00067AC020867AC020827AE02083046FFF7EE
:10ADE000F3FE50B1F38E591CB28E9142BFF63BAFC9
:10ADF000F1863046FFF76AFA35E73046FFF7C4FCC4
:10AE000031E73046FFF7E0FE48B1F38E002B3FF408
:10AE10002AAF013BF3863046FFF758FA23E7304666
:10AE2000FFF7B2FC1FE7338FF3863046FFF7D7FDFD
:10AE300019E7DCF7FBFC86423FF415AF3046FFF71D
:10AE4000CCFE10E7DC3505082846DCF7DDF90446C2
:10AE50002846DCF74DFA0490322200212046E1F723
:10AE6000E9F80546122200212046E1F7E3F8ADB2E9
:10AE700028441FFA80F9132200212046E1F7DAF86E
:10AE80002F18BFB2102200212046E1F7D3F8054465
:10AE9000ADB20AAE3046E4F763F832464FF4003103
:10AEA0002046DDF782FED4F82880B8F1000F00F0CC
:10AEB000B58094F83C6006F00F06012E14BF002602
:10AEC0000126162200212046E1F7B4F8C0B201287D
:10AED00008BF46F00106E06A00285BD0E3F7C6FE33
:10AEE0008346022800F0A48012A9E06AE6F77AFB04
:10AEF000012800F0B3804FF0FF3ACDF814A0002EE7
:10AF000000F0B580A28A4A4493B212B2013B05997F
:10AF10000B441BB2ADF82020ADF82430BBF1020F7A
:10AF200000F0AE80B4F816B02046DEF719FAA0EBB8
:10AF30000A0303EBD3730BEB63039BB2ADF8223030
:10AF40000AF1FF321344ADF826300DF1480B584694
:10AF5000E3F747FE5A464FF400312046DDF77CFE0A
:10AF6000059B03EBD3735B10ADF84C300AEBDA7A38
:10AF70004FEA6A03ADF84E306E224FF4003120469E
:10AF8000E1F758F8ADF84800E36A08AA5946049872
:10AF9000E3F784FE0DF1480A5046E3F7E1FF52461D
:10AFA00000212046DDF701FE9DF86530029341F651
:10AFB000FF730193BDF95A300093BDF95C30129ACA
:10AFC000414607A8FCF777F9E38A1D44ADB2ADF816
:10AFD0002250BDF81E301D44ADF82650E36A002B08
:10AFE00060D0002E6FD0238BDB1B9BB2BDF81C20E2
:10AFF0009A1AADF820201BB2ADF82430002300933C
:10B00000434608AA12A90498E3F7DCFFA36A002BC1
:10B010007FF429AE4046F9F759FE24E68020F9F77F
:10B02000F3FD8046802201462046FFF76DFB40E796
:10B03000E16A9DF84530029341F6FF730193BDF933
:10B040003A300093BDF93C300A9A12A8FCF733F964
:10B05000BDF948300593BDF94AA050E7129BC3F3F0
:10B060008A230593BDF84AA0CAF34A1A47E7238BFF
:10B07000DB1B9BB2059A9A1A12B2013B1BB249E73D
:10B08000E38A2B449BB2ADF82230013B5344ADF828
:10B090002630E36A0022009208AA0AA90498E3F77E
:10B0A00091FF77E7A58A2046DEF754F9BDF91C2009
:10B0B000831A03EBD37305EB63039BB2ADF8203027
:10B0C00013441BB298E7A38A4B449BB2ADF82030DF
:10B0D000BDF81C2013441BB28EE700BF00B587B03B
:10B0E00000F132030193C38E0093B0F93030B0F910
:10B0F0002E20B0F92C1003A8E5F736FEBDF812306B
:10B100000133BDF80E209B1ABDF810200132BDF8A6
:10B110000C10521A002092B262F30F009BB263F33C
:10B120001F4007B000BD91F8383003F00303013B26
:10B13000DBB2012B00D9704710B50C46486AF9F70D
:10B140002FFD0023636294F8383043F0030384F842
:10B15000383010BD38B50C4600254D6291F83830B6
:10B1600043F0030365F3860381F838300846DEF7C1
:10B17000F1F8A0852046DEF7F3F8E08525864FF448
:10B180008073E38694F8383043F0800384F83830D5
:10B19000258565856586A58694F8393065F30103B4
:10B1A00084F8393002212046DCF788FF4FF48031E3
:10B1B0002046DDF709FA38BD10B501460348DDF732
:10B1C00087FA0446DDF737FB204610BDF835050841
:10B1D0002DE9F04186B004460E46DEF706FB304608
:10B1E000E3F744FD03283CD0054605A93046E6F7C1
:10B1F000F9F9002D4ED194F8383003F00303013BE8
:10B20000DBB2012B42D9666294F8383065F3010352
:10B210000599C1F38A22A285BDF81620C2F34A100F
:10B22000E0859DF81400C0F3040060F3860384F801
:10B230003830C1F3C9216186C2F38912A286204643
:10B24000DEF72AF9238E1BB9E38EB3F5807F02D097
:10B250002046DDF77EFE2046DEF7C7FA06B0BDE8E1
:10B26000F08194F8383003F00303013BDBB2012B8B
:10B2700008D90023636294F8383043F0030384F85C
:10B280003830EBE7606AF9F78BFCF2E7606AF9F7B0
:10B2900087FCB8E76B1EDBB2012BB5D8676AB742F3
:10B2A00023D094F8383003F00303013BDBB2012BC9
:10B2B00009D93046D4F7F4FF0130F9F753FC0746BB
:10B2C000002842D1FEE73046D4F7EAFF0130F9F713
:10B2D00049FC80460028F5D0314606F062FCC4F8EF
:10B2E000248017B13846F9F75BFC022D8CD1572228
:10B2F00000212046E0F79EFE074658220021204606
:10B30000E0F798FE0FFA80F8592200212046E0F776
:10B3100091FE00B20023029341F6FF730193009067
:10B3200043463A46314604A8FBF7C5FF059BBDF8E6
:10B33000102062F394230593C3F30F43BDF812204A
:10B3400062F34F13ADF816305EE73146384606F02B
:10B3500028FC6762C9E700002DE9F04F99B00C4660
:10B360000846DBF755FF152803D00546182840F09E
:10B37000E3802046DBF748FF2046DBF749FF06461F
:10B380002046DBF741FF0546122E00F0F081152E16
:10B3900002D0182E40F07E812846DDF7DBFF804684
:10B3A0002846DDF7DDFF8146322200212846E0F7FE
:10B3B00041FE0746122200212846E0F73BFEBFB2BD
:10B3C00038441FFA80FB132200212846E0F732FEA2
:10B3D0000490102200212846E0F72CFE38441FFA82
:10B3E00080FA112200212846E0F724FE05906B8E9A
:10B3F0005B44ADF82030AB8E5344ADF8223095F865
:10B40000393003F00303012B00F02382B5F930300B
:10B4100008AA0192EA8E00924A4641460AA8E5F738
:10B42000A3FCAA8ABDF828301344ADF82830EB8A73
:10B43000BDF82A101944ADF82A10BDF82C100A44A2
:10B44000ADF82C20BDF82E201344ADF82E30B5F900
:10B4500014300293B5F916200392B5F91890B5F996
:10B460001A80BDF82830AB82BDF82A30EB82BDF8D7
:10B470002C302B83BDF82E306B832146C848DBF778
:10B48000D9FD012840F00681029BAB82039AEA8233
:10B49000A5F81890A5F81A80152E40F0FB80B5F994
:10B4A0002E30002B00F0F680B5F92C30002B00F088
:10B4B000F180EB8E002B00F0ED802046DBF718FFCB
:10B4C0008046B5F914300293B5F91690B5F91860B5
:10B4D000B5F91A402846FFF701FE099003B206931A
:10B4E0000314039395F8393003F00303012B00F0A4
:10B4F000B581BDF82C30BDF828209B1A029A134460
:10B500001BB20793BDF82E30BDF82A209B1A4B447E
:10B510001CB295F8383013F0020F00F0C28103F02E
:10B520000303022B00F07D82002305F1140219466B
:10B530004046E3F7B3FBADE021469948DBF77AFDDF
:10B54000012840F0A7802046DBF75EFE0646113D4D
:10B550001B2D00F29F8001A353F825F069B6020865
:10B5600079B30208E7B5020895B6020879B3020874
:10B5700095B6020895B6020879B3020895B6020896
:10B5800095B6020895B6020895B6020895B6020867
:10B5900095B6020895B6020895B6020895B6020857
:10B5A00095B6020895B6020895B6020895B6020847
:10B5B00095B6020895B6020895B6020895B6020837
:10B5C000CDB5020895B602083DB7020890F83830AC
:10B5D00003F00303022B02D0DDF7BBFC5AE0416A03
:10B5E000FFF7F6FD56E02046DBF716FE0546338EE4
:10B5F0001BB9F38EB3F5807F4CD03046DDF7AAFE41
:10B6000080463046DDF7ACFE0746B6F9303006F12D
:10B6100032020192F28E00920246414610A8E5F7EE
:10B62000A3FBBDF940305B42B5F900209342B8BF9F
:10B6300013461BB22B80BDF9424064429C42B8BF06
:10B640001C4624B22C80BDF94430A3EB0803A3426E
:10B65000B8BF23461BB22B80BDF94620D21B9342B4
:10B66000B8BF13462B8015E02046DBF7D5FD044616
:10B67000B6F92C503046DDF76DFE85420DD010AD89
:10B6800029463046DEF7F9FA002221682846F8F705
:10B69000ABFA207119B0BDE8F08FB6F92E503046E4
:10B6A000DDF75EFE8542EAD1F38EB3F5807F0AD1E5
:10B6B000338E43B9B6F92C3003EBD373B6F932208D
:10B6C000B2EB630F30D03046DDF744FE074630461C
:10B6D000DDF746FE0246B6F9303010AD06F1320114
:10B6E0000191F18E009139462846E5F73DFBB28A7B
:10B6F000BDF840301344ADF84030F38ABDF8421035
:10B700001944ADF84210BDF844100A44ADF8442085
:10B71000BDF846201344ADF8463000222168284683
:10B72000F8F762FA2071B5E7B6F92E3003EBD37360
:10B73000B6F93420B2EB630FC5D1A0E72046DBF7A2
:10B740006BFD044696F8393003F00303012B06D055
:10B75000B6F92C300380B6F92E3043809AE7304694
:10B76000FFF7BCFC2080C0F30F40608092E72046CA
:10B77000DBF752FD06460378022B8BD095F8383064
:10B7800013F0020F08D103F07C03102B0AD0042B16
:10B7900008D0012303707DE7012303707AE700BF1F
:10B7A000F8350508462200212846E0F743FCC3B2DD
:10B7B000FF2B02D0012333706CE72B8E13B10123D2
:10B7C000337067E72046DBF727FD0446EB8EB3F5C1
:10B7D000807F33D02846DDF7BDFD80462846DDF763
:10B7E000BFFD024610AF05F132030193EB8E0093CB
:10B7F000002341463846E5F7B7FAAA8ABDF840303B
:10B800001344ADF84030EB8ABDF842101944ADF84E
:10B810004210BDF844100A44ADF84420BDF846205B
:10B820001344ADF84630002239462046F8F7AFFA07
:10B8300000287FF42FAF012333702BE7002205F19E
:10B840001401F8F7A4FA00287FF424AF0123337021
:10B8500020E70AA92846DDF718FDF8E5B5F92C30F0
:10B86000069A9B1A013303EBD3735B105B42029A77
:10B8700012FA83F212B2029216FA83F31BB2079302
:10B88000B5F92E30039A9B1A013303EBD3735B1087
:10B890005B4219FA83F20FFA82F914FA83F31CB2AD
:10B8A00037E6049B3B449BB2049305990F44BFB217
:10B8B00010AE3046E3F795F9324600212846DDF711
:10B8C000CBF9EB8EADF842302B8EADF840306B8E5D
:10B8D000ADF84430AB8EADF8463095F83830C3F350
:10B8E000C0139DF8542063F300028DF85420BDF876
:10B8F00028305B44ADF83030BDF82A305344ADF801
:10B900003230BDF82C30049A9B1AADF83430BDF8B3
:10B910002E30DB1BADF83630D8F8083005930CA874
:10B9200002461946F8F714F900283FF4B3AE0AEBC3
:10B9300009010CABC8F80830B5F928C0B5F92C30AE
:10B940009CFBF3F203FB12CCB5F92E20B5F92A309B
:10B9500093FBF2F002FB103313FA81F398B21BB29F
:10B9600009B29942BCBF801A03B2ADF83A30E11B6C
:10B9700009B2581E0244ADF83E2099424DDD029BAB
:10B980005B441EB2079A0498121A0FFA82FA1CFA44
:10B9900083FB1FFA8BF304930FFA8BFB0DF138092D
:10B9A00031E0BDF93820531EA88D0344ADF83C307A
:10B9B000924519DD10AFBDF8184002960E466B6A2D
:10B9C0004A4639464046E3F769F9BDF83830234422
:10B9D0001BB2ADF83830BDF83C202244ADF83C2015
:10B9E0009A45ECDC3146029EBDF80C20BDF83A3099
:10B9F00013441BB2ADF83A30BDF83E000244ADF836
:10BA00003E20994209DDADF838B05E45C9DAAB8D0C
:10BA1000049AD31AADF83830C3E7059BC8F808304C
:10BA200038E610AC2046E3F79BFA22460021284670
:10BA3000DDF7BBF8002300936B6A05F11402214681
:10BA40004046E3F7BFFA25E610B5044690F84830C3
:10BA500013F0400F03D0806A08B1F9F7A1F894F809
:10BA6000483023F0400384F848300023A36210BD1F
:10BA700038B590F8483003F00703012B30D1044665
:10BA8000C16AB1F1FF3F2BD0174B1B680339406AE5
:10BA9000984794F8483013F0400F14BFA56A04F19A
:10BAA0002805636A03EB000C1B5CD3B100239E46A0
:10BAB00015F80E208CF800200133DBB29E461A18D0
:10BAC000616A01EB020C8A5C002AF1D115F80E3094
:10BAD0008CF800302046FFF7B7FF4FF0FF33E362EA
:10BAE00038BD4FF0000EF1E7C000002010B50C4645
:10BAF0000846FFF7A9FF94F8483013F0080F02D06A
:10BB00000023636210BD606AF9F74AF8F8E708B5E8
:10BB1000A0F84610DDF769FE08BD08B5A0F844108E
:10BB2000DDF763FE08BD000010B501460348DCF7F1
:10BB3000CFFD0446DCF77FFE204610BD1436050815
:10BB400008B5C163DDF751FE08BD08B50164DDF736
:10BB50004CFE08BD406A704790F84800C0F30010E2
:10BB6000704700002DE9F04F91B008910792A2B103
:10BB70000746466A32460021E1F7DDF80A9033783D
:10BB8000DBB9079A538002280ED0032806D001287B
:10BB900040F0BE8000231380BAE0FEE73846DDF7B0
:10BBA000E5FB079B1880B3E03846DDF7DFFB00EBD1
:10BBB000D0704310079A1380AAE00EA93846DDF72B
:10BBC0000FFCBDF83C300133BDF838209B1A1BB286
:10BBD0000593BDF83E300133BDF83A209B1A1BB2E5
:10BBE0000993572200213846E0F724FA04460390CF
:10BBF000592200213846E0F71DFA0B9003B20C934E
:10BC0000582200213846E0F715FA0D9003B204934C
:10BC1000B4F908B097F84830C3F3001913F0200FB7
:10BC200018BF49F00209012200213846E0F702FA64
:10BC300003B242F2D172934214D0554B1B6808995B
:10BC40003046984782463378002B36D03046002560
:10BC5000A8460B9B5B440693099C09974F46DDF869
:10BC600030901BE097F8233013F0080F08BF49F01D
:10BC70000409E2E7019700230093059B049A0399C6
:10BC8000FBF704F900EB08039A451AD3F018F25CAD
:10BC9000002A40D0069A15442DB2984609EB4B0372
:10BCA0002B44A342E6DD099B93F8483003F00703D9
:10BCB000012B08BF47F00807DCE70025A8462C4603
:10BCC00001E01C46B946BAF1000F07D006EB0A03A3
:10BCD00013F8013C0A2B21D00D2B1FD04644CDF880
:10BCE0000090049B039AAAEB08013046FBF796FAF2
:10BCF0000746089B984502D00D9B03441FB20A9B40
:10BD0000022B15D00A9B032B2ED0079B1F805D8032
:10BD100011B0BDE8F08F1C46B946D4E716F80A30DA
:10BD2000002BDBD10B9B5B442B441DB2D046D5E7E7
:10BD3000CDF80090049B039AA4EB08013046FBF772
:10BD40006DFABDF83C300133BDF838209B1AC3F3BF
:10BD5000C03202FA83F200EBD07040F34F03C3EB22
:10BD600062033B441FB2D0E7CDF80090049B039AD6
:10BD7000A4EB08013046FBF751FABDF83C30013323
:10BD8000BDF838209B1A1BB21B1A3B441FB2BCE7FC
:10BD9000C0000020002971D02DE9F04F95B08246F7
:10BDA0000C46B1F900300C9312220021E0F742F961
:10BDB0000D906488102200215046E0F73BF9241AC8
:10BDC00023B2049312A95046DDF70AFBDAF824B037
:10BDD000BDF84C300133BDF848209B1A1BB20693C6
:10BDE000BDF84E300133BDF84A209B1A1BB20A93AE
:10BDF000572200215046E0F71DF9054602905922CE
:10BE000000215046E0F716F9044603B20593582284
:10BE100000215046E0F70EF9099003B20393B5F9FB
:10BE200008909AF84830C3F30012089213F0200FDC
:10BE30001CBF42F002030893012200215046E0F7A4
:10BE4000F9F803B242F2D172934218D0DAF8242002
:10BE500000215046E0F76FFF80469BF80030002B32
:10BE600070D05E4600273D4609EB04030793089C0B
:10BE70000B90CDF820A0DDF828A020E0FEE79AF88E
:10BE8000233013F0080FE1D1089B43F0040308931B
:10BE9000DCE7019400230093069B039A0299304645
:10BEA000FAF7F4FF2844049B984519DA079B1F44CE
:10BEB0003FB20BEB00061BF8003013B3054607EB4F
:10BEC0000908059B43444B445345E2DD089B93F826
:10BED000483003F00703012B08BF44F00804D8E7FB
:10BEE00008940446DDF82C800F904C4B1B680FA97A
:10BEF000584698470A2809D01BF8043033B9013452
:10BF000004E008940446DDF82C800546B8F1020FE1
:10BF10001CD0B8F1030F33D04FF0000A00228DF887
:10BF200047201092002C6BD0AC4269D90C9B0D9A23
:10BF3000A3EB02090FFA89F94FF00008089B03F000
:10BF400001074AE05E4600252C46DFE7089B009388
:10BF5000039B029A611B3046FBF760F9BDF84C3039
:10BF60000133BDF848209B1AC3F3C03202FA83F2B2
:10BF700000EBD0735B10C3EB62030FFA83FACDE7DB
:10BF8000089B0093039B029A611B3046FBF746F91E
:10BF9000BDF84C300133BDF848209B1A1B1A0FFA2C
:10BFA00083FABBE70F9A0E990298F6F7F7FE0AFAA2
:10BFB00080F3994522DB109B5A19A2421ED00BEB4D
:10BFC0000802525DD2B1099A924450440FFA80FAA5
:10BFD0009846109B2B44A34212D210AB0FAA0EA975
:10BFE0003046FBF705F9002FDCD0109BF15C0DF11A
:10BFF0004700FAF727FF0028D4D0EAE7CDF84080C1
:10C00000074F3B6810993046984704463B682946DD
:10C0100058469847204415B0BDE8F08FC400002072
:10C02000BC000020436A002B00F08E822DE9F04F07
:10C030009DB004464FF0FF3303631AA9DDF7D0F932
:10C04000BDF86C500135BDF86830ED1A2DB257229D
:10C0500000212046DFF7EEFF064659220021204648
:10C06000DFF7E8FF80460FFA80F9582200212046CA
:10C07000DFF7E0FF07B294F84830C3F3001A13F07B
:10C08000200F18BF4AF0020A012200212046DFF7E4
:10C09000D1FF00B242F2D17398421FD0CDF808A070
:10C0A0000195CDF800903B463246616A19A8FBF72E
:10C0B00002F92046DDF7F0F994F8481001F0070185
:10C0C000022913D0032900F0BE80012900F0648109
:10C0D0002046DDF78AFB1DB0BDE8F08F94F82330D1
:10C0E00013F0080F08BF4AF0040AD7E766220021C0
:10C0F0002046DFF79FFF85B2002D4DD008A8F7F747
:10C10000C7FB08944FF6FF73ADF860304FF4967399
:10C1100015931793BDF96420BDF86C300133BDF859
:10C1200068105B1A1BB29A4246DD002110911191F2
:10C130009B1A1293A94909912046F7F73FFC002862
:10C1400037D0026B90F84230C3F340031399914209
:10C1500010DD14929DF8622022F001028DF8622019
:10C1600043B1D3B243F002038DF86230109B129AB0
:10C1700010921293129A10992846F7F73BFC1390ED
:10C18000169008A8F7F7D6FB95492046F7F79AFBD3
:10C190000023A4F846309BE72046E0F7EBFEF7F7D4
:10C1A000E1F9A5F1AA3585FB0035A5EBE075ADB247
:10C1B000A4E700231A46C9E788492046F7F782FB1F
:10C1C0000023A4F84430BDF96620BDF86E30013379
:10C1D000BDF86A105B1A1BB29A42D5DD9B1AB6F9FC
:10C1E00008209B1A00221092119212937C49099107
:10C1F0002046F7F7E3FB18B3026B90F84230C3F325
:10C2000040031399914210DD14929DF8622022F0B0
:10C2100001028DF8622043B1D3B243F002038DF8DE
:10C220006230109B129A10921293129A109928461B
:10C23000F7F7E0FB1390169008A8F7F77BFB47E7AA
:10C2400000231A46DDE7642200212046DFF7F2FED4
:10C250000746662200212046DFF7ECFE85B2002D5E
:10C2600040D008A8F7F714FB08944FF6FF73ADF819
:10C270006030BDF86C300133BDF868209B1ABDF901
:10C2800064201BB29A4247DD202211463046F6F761
:10C2900085FDA0EB8000BDF96430C21A0021109129
:10C2A000119112924D4E09962846F7F7A3FB139071
:10C2B00031462046F7F782FB08B3036B0FB33B6BA5
:10C2C0001493FB6B1793B7F84030ADF8603008A8B3
:10C2D000F7F730FB42492046F7F7F4FA0023A4F8B9
:10C2E0004630F5E62046E0F745FEF7F73BF9A5F1C5
:10C2F000AA3585FB0035A5EBE075ADB2B1E70023AB
:10C30000DCE7139A9A42E2DD14939DF8623023F041
:10C3100001038DF86230DAE730492046F7F7D2FAA8
:10C320000023A4F84430BDF96620BDF86E30013317
:10C33000BDF86A105B1A1BB29A42CBDD5242B6F9C5
:10C340000830D21A0021109111911292244E0996B0
:10C350002846F7F74FFB139031462046F7F72EFBA0
:10C3600068B1036B6FB13B6B1493FB6B1793B7F81A
:10C370004030ADF8603008A8F7F7DCFAA8E60023F3
:10C38000F0E7139A9A42F6DD14939DF8623023F099
:10C3900001038DF86230EEE7BDF96620BDF86E301E
:10C3A0000133BDF86A105B1A1BB29A4203DC4FF0EE
:10C3B000FF33E3628CE6B6F90830934203DB4FF0BB
:10C3C000FF33E36284E6074B1B68606A98470328E3
:10C3D0000AD84FF0FF33E3627AE600BF1BBB0208C6
:10C3E0000FBB0208B8000020BDF86C500135BDF845
:10C3F0006830ED1AADB22E2211463046F6F7CEFC6B
:10C40000C319C3EB833203EB82031D44ADF81C5008
:10C41000BDF86E300133BDF86A209B1A9AB2B6F9A6
:10C4200008101BB2894493FBF9F009FB103318B2D2
:10C430008842ACBF5218A2EB0802D31A9BB2ADF8E7
:10C440001E3007A92046FFF7A5FC0746656A284667
:10C45000D3F726FF81463D4B1B683946284698474F
:10C460000646089000F10308C1450CD20DF1200AE0
:10C47000374D2B685146606A9847013F089E06F188
:10C480000308C845F5D804230025DFF8C8B0DFF855
:10C49000C8A005961E46606ADBF80030089A104472
:10C4A00098472844C5B2DAF8003008A9606A98476E
:10C4B000032D28D8089B4B4544D8013EEBD1059E5F
:10C4C000636A03EB0609AA462046FFF7BDFA94F813
:10C4D000483023F0400384F848305246494604F17E
:10C4E0002800F8F725FC636A2E229A55636A3344C4
:10C4F0005A70636A33449A70636A002203F8082012
:10C500000337E762E4E5059E636A03EB0609AA4682
:10C510002046FFF799FA042DD9D9681CF8F722FBB9
:10C52000A06200283FF4D4AD2A464946F8F700FC43
:10C53000A36A00225A5594F8483043F0400384F827
:10C540004830D0E7059EBBE7704700BFC000002021
:10C55000C4000020D0000020C800002038B50446E8
:10C560000D46DDF742F9EDB1606AA8421BD020B15B
:10C5700094F8483013F0080F25D02846D3F790FEE2
:10C580000130F8F7EFFA606210B3294605F009FBB5
:10C5900094F8483023F0080384F848302046FFF729
:10C5A00041FD38BD656A94F8483013F0080FE4D1B6
:10C5B0002846D3F775FE411C2846F8F70DFB08B155
:10C5C0006062EBE7FEE7F8F7EBFA00236362D4E77B
:10C5D000FEE70EB430B582B0059DEDB10446DDF73F
:10C5E00004F9606A20B194F8483013F0080F14D0B1
:10C5F00006A901912846FAF7DBFD606294F84830FD
:10C6000023F0080384F848302046FFF70BFD02B002
:10C61000BDE8304003B07047FEE7F8F7C1FA0023E9
:10C620006362E5E738B504460D4690F8483013F0EC
:10C63000080F05D1406A18B1F8F7B2FA0023636217
:10C6400035B194F8483043F0080384F84830656207
:10C650002046FFF7E7FC38BD38B504460D461749BC
:10C66000F7F730F916492046F7F72CF90023A4F81C
:10C670004430A4F84630AA1ED2B2022A8CBF00224F
:10C68000012294F8483062F3451384F8483003F0EF
:10C690000703012B09D094F8483065F3020384F8AE
:10C6A00048302046FFF7BEFC38BDE36AB3F1FF3FD8
:10C6B000F1D02046FFF7DCF9EDE700BF1BBB020815
:10C6C0000FBB020838B50C4600254D6291F8483082
:10C6D0004FF0FF32CA62A1F84450A1F846500A63F5
:10C6E0008D634D634FF6FF72CA630A648D6203F077
:10C6F000E00365F3861381F8483002212046DBF71A
:10C70000DDFC29462046FFF7A7FF02492046FFF738
:10C7100025FF38BDEC5903082DE9F04393B00D46D1
:10C72000CC48DAF787FC012802D013B0BDE8F083CB
:10C730002846DAF76DFD04462846DAF765FD064619
:10C74000A4F11303192BF0D801A252F823F000BF73
:10C75000C5C702082BC7020891C802082BC70208E8
:10C760002BC702082BC702082BC702082BC70208D9
:10C770002BC702082BC702082BC702082BC70208C9
:10C780002BC702082BC702082BC702082BC70208B9
:10C790002BC702082BC702082BC702082BC70208A9
:10C7A0002BC702082BC70208E1C70208B9C7020855
:10C7B0002BC70208EDC70208FFF75AF93046FFF70A
:10C7C00031FCB2E757220021DFF734FCB0F9081042
:10C7D0000029B8BF033189102846DAF791FDA4E794
:10C7E000FFF746F93046FFF71DFC9EE75722002170
:10C7F000DFF720FC0446582200213046DFF71AFC00
:10C8000007B2592200213046DFF714FC0FFA80F8F6
:10C8100096F84830C3F3001913F0200F18BF49F001
:10C8200002093046DCF7A2FD012200213046DFF785
:10C8300001FC00B242F2D173984204D196F8233041
:10C8400013F0080F21D03046DCF790FD716ACDF867
:10C8500008900190CDF800803B4622460AA8FAF7DE
:10C860002AFD2846DAF7D8FCBDF92830B0F90020B7
:10C870009342B8BF13460380BDF92A30B0F90220B5
:10C880009342B8BF134643804FE741F6FF70DDE7A0
:10C890002846DAF7B9FC04462846DAF729FD0546AA
:10C8A00006A92046DCF79CFD94F84830C3F3001637
:10C8B00013F0200F18BF46F0020601220021204687
:10C8C000DFF7B8FB00B242F2D17398423BD00AAF17
:10C8D0003846E2F745FBB4F84430ADF83E30B4F8E2
:10C8E0004630ADF840308DF845603A46002120468C
:10C8F000DCF75BF99DF8443013B901238DF844301F
:10C90000E36B0B93226C0C924FF6FF718B4201D0BC
:10C910008A4220D194F8483003F00603022B31D02C
:10C9200094F8483003F00703032B4ED0BDF81E30B7
:10C930000133BDF81A209B1A1BB2B3F5806F6CDB74
:10C9400004F1300742E094F8233013F0080F08BFD9
:10C9500046F00406BBE755224FF480212046DFF75E
:10C9600069FB02464FF480212046E0F78DF8ADF8D0
:10C97000360020224FF480212046DFF75BFBADF824
:10C980003800C7E79DF84430023BDBB2012BC7D823
:10C99000616A029641F6FF730193BDF93A30009344
:10C9A000BDF93C300A9A08A8FAF785FCBDF81C309E
:10C9B0000133BDF818209B1ABDF920201BB29A4202
:10C9C000C4BF01238DF84430AAE70027AA6806A94E
:10C9D00008A8F7F7BDF800283FF4A7AE94F8483050
:10C9E00013F0070F1BD094F8483003F00603022B16
:10C9F00022D0636A009706AA0AA92846E2F7E2FA5B
:10CA0000D5F8088008ABAB6094F8483003F0070312
:10CA1000032B21D0C5F8088087E60027D6E72046FB
:10CA2000DEF769F8424212B2002106A8F7F781F852
:10CA3000638BADF81E30D6E7D5F8088008ABAB6045
:10CA4000636A009706AA0AA92846E2F7BBFAC5F866
:10CA50000880D5E714360508616A029641F6FF732F
:10CA60000193BDF93A300093BDF93C300A9A05A80C
:10CA7000FAF721FCBDF91420BDF81C300133BDF8D4
:10CA800018105B1A1BB29A421EDCBDF91620BDF8C5
:10CA90001E300133BDF81A105B1A1BB29A42B9DD81
:10CAA000B4F84430ADF83E300A9B1B891344B4F807
:10CAB00046201344ADF84030636A009706AA0AA9DD
:10CAC0002846E2F77FFAA5E7B4F844301A4496B254
:10CAD000202211460A98F6F761F900EB400006445F
:10CAE000ADF83E60B4F84630ADF84030636A009768
:10CAF00006AA0AA92846E2F765FAC6E72DE9F04F2B
:10CB000093B00890002956D0894610A9089D284660
:10CB1000DCF766FC28466E6ABDF844300133BDF888
:10CB200040209B1A1BB20693BDF846300133BDF876
:10CB300042209B1A1BB2059357220021DFF77AFA95
:10CB400007460290592200212846DFF773FA04466F
:10CB500003B20493582200212846DFF76BFA0990AC
:10CB600003B20393B7F908A028466A6A0021E0F7E8
:10CB7000E2F8074695F84830C3F300120A9213F022
:10CB8000200F1CBF42F002030A93012200210898E3
:10CB9000DFF750FA03B242F2D17293420CD03378ED
:10CBA000002B41D0B3460025A8460AEB04030793A7
:10CBB0000A9C0B9721E0FEE7089B93F8233013F0C3
:10CBC000080FECD10A9B43F004030A93E7E70194B2
:10CBD00000230093069B039A02995846FAF756F9E8
:10CBE0004044B9F902309F4223DA079B1D442DB21D
:10CBF00006EB000B335C93B1804605EB0A07049B00
:10CC00003B445344059A9342E1DD089B93F8483036
:10CC100003F00703012B08BF44F00804D7E70A9488
:10CC200004460B9F804607E0B3464FF00008444699
:10CC300002E00A9404460B9F022F17D0032F2FD037
:10CC4000002500238DF83F30CDF838800D930C93EC
:10CC5000002C61D0671E474577D304930DF1380B44
:10CC60000DF1300A0A9B03F0010440E00A9B009397
:10CC7000039B029AA4EB08015846FAF7CFFABDF8D5
:10CC800044300133BDF840209B1AC3F3C03202FA8E
:10CC900083F300EBD0704510C5EB63052DB2D0E7F0
:10CCA0000A9B0093039B029AA4EB08015846FAF7EB
:10CCB000B5FABDF844300133BDF840209B1A1B1A69
:10CCC0001DB2BEE70C9A0D990298F6F767F8284452
:10CCD00083B2B9F9002000B2824219DB099A1344E9
:10CCE000DDF8388004951DB20E9BBB4216D85B461A
:10CCF00052460DA93046FAF77BFA002CE2D00E9B83
:10CD0000F15C0DF13F00FAF79DF80028DAD0EBE76F
:10CD1000CDF83880049501E0002304930C9A0D9916
:10CD20000298F6F73BF8B9F90020049C0399631ABE
:10CD30009A420DDB0B460344013323449A42CCBF95
:10CD40000020012013B0BDE8F08F00230493E5E735
:10CD50000020F7E7C06B7047006C70475AB12DE9AF
:10CD6000F04104460E46174690F8483013F0080F7D
:10CD700002D0BDE8F081FEE7DCF737FDD4F824806F
:10CD80004046D3F78DFA05463846D3F789FA05446D
:10CD9000691C4046F7F720FF606268B14FF6FF73E9
:10CDA0009E420AD03A463146606AFAF7A3F900215A
:10CDB0002046FFF7D3FBDCE7FEE7024B1B689847F2
:10CDC0000646EFE7B80000202DE9F04788B00C4692
:10CDD0005F48DAF72FF9012802D008B0BDE8F087E4
:10CDE0002046DAF715FA06462046DAF70DFA054628
:10CDF000132E38D02C2E44D0152EEED12046DAF743
:10CE000077FA07462B8D002BE7D06B6A002BE4D016
:10CE100003A92846DCF739FABDF80C602846DDF78F
:10CE200058FE361AB6B2BDF80E902846DDF75AFE07
:10CE3000A9EB00091FFA89F92846DCF791FA804628
:10CE400005AC2046E2F7F1FB224600212846DBF73D
:10CE50005BFF2B8D012BC0D90024C8441FFA88F832
:10CE60000DF1080A57E049220021DFF7E3F805B287
:10CE70002046DAF7D1F9B0F90030AB42ADDA0580DF
:10CE8000ABE7038D002BA8D0436A002BA5D020462A
:10CE9000DAF7C2F90746298DE1B16B6A03EB81012C
:10CEA00000263446B3F900209442B8BF1446B3F9C3
:10CEB00002209642B8BF164604338B42F2D1492273
:10CEC00000212846DFF7B6F880B2044430443C80A5
:10CED000788082E700263446F1E74B88A8EB03030D
:10CEE000ADF806304388A8EB03031BB2ADF80A3057
:10CEF000534601AA05A93846E2F7ADFB9DF81D305F
:10CF000023F004038DF81D300134A4B22B8D013BB6
:10CF10009C42BFF662AF6A6AA30002EB840132F85A
:10CF200024003044ADF804000433D018D35A3344FD
:10CF3000ADF8083095F82A3013F0010FCDD14B88A9
:10CF40004B44ADF8063043884B441BB2CEE700BFDC
:10CF50003036050808B5084600230B854B6291F86A
:10CF60002A2063F3000281F82A200221DBF7A6F8C9
:10CF700008BD08B509B2DCF7C6F808BD08B5002140
:10CF8000E0F720F808BD70B586B00446FFF7F6FF5D
:10CF900008B3064657224FF480212046DFF74AF8AF
:10CFA000054658224FF480212046DFF743F804B2AB
:10CFB0003046FEF7CFFD01460023029341F6FF7293
:10CFC0000192009323462A4605A8FAF774F9BDF9A1
:10CFD000140006B070BD0020FBE70000F8B590F823
:10CFE0002A3013F0010F00D1F8BD0446828C1E4B8D
:10CFF000A3FB0213D21A03EB5203C3F38F0303EB19
:10D00000430189B2C28CB2FBF3F003FB10220A4445
:10D0100092B2E284B2FBF3F003FB102211442185AB
:10D02000572200212046DFF705F805465922002146
:10D030002046DEF7FFFF07B2B5F908502046DCF7BF
:10D04000B2F906462046FFF799FF06EBD6762F4445
:10D05000E18C05EBD5756D1011FB0751C1EB660135
:10D0600009B2DCF750F8BFE72549922408B50068FB
:10D07000DFF7A4FFFFF7B2FF08BD00002DE9F04F76
:10D0800093B004460F46FFF779FF002847D00646C5
:10D09000FEF760FD024600213046DFF74CFE022815
:10D0A00040D003284ED0012859D0572200212046D5
:10D0B000DEF7C0FF0546592200212046DEF7BAFF01
:10D0C0000FFA80FBB5F908502046DCF76CF9824670
:10D0D000652200212046DEF7ADFF80461FFA80F969
:10D0E00017B1B9F1000F3FD12046FFF777FF0AEBE8
:10D0F000DA7AAB44E48C05EBD5756D1014FB0B5458
:10D10000C4EB6A0424B217B1B9F1000F38D1284931
:10D110003046F6F7D7FB21463046DBF7F4FF13B075
:10D12000BDE8F08F2046DCF721F905463046DCF7F4
:10D1300011F9281A00EBD07040F34F013046DBF7AD
:10D14000CBFFB2E72046DCF711F905463046DCF7A5
:10D1500001F9291A09B23046DBF7BEFFA5E7002125
:10D160003046DBF7B9FFA0E70AEBDA7AAB44E48C90
:10D1700005EBD5756D1014FB0B54C4EB6A0424B297
:10D1800001AD2846F6F784FB0196094B0293304621
:10D19000DCF7ABF809900A900B941FFA88F30C9314
:10D1A000044B0493044B08932846F6F7C3FBB6E7F9
:10D1B00073CF02086DD00208133A0208F0B583B0AD
:10D1C00006460F4657220021DEF734FF0446572259
:10D1D0004FF480213046DEF72DFFB4F90840B0F956
:10D1E0000850592200213046DEF724FF2B1903EBAB
:10D1F000D37300EB6304A4B2F58A3046DCF7B0F8D1
:10D20000E30B03FA84F3A5EB630500EBD07005EBA9
:10D210006005ABB27B801C44FC8069463046DCF77D
:10D2200034F8BDF800303B80BDF80430BB8003B05B
:10D23000F0BD0000F0B591B00C460846D9F7E8FF04
:10D2400015284BD0054621465148D9F7F3FE012851
:10D2500007D12046D9F7D8FF0646132D03D0292D34
:10D2600016D011B0F0BD2046D9F7D6FF054630469E
:10D27000DFF7A4FEFFF787FE04463046DCF76AF8C6
:10D28000241AB5F900309C42B8BF1C462C80E8E750
:10D29000DFF794FE0021FFF7F1FEE2E7A76806AB97
:10D2A000A3602846FEF756FC03460022009205F1D3
:10D2B000140208A92046E1F785FEA76052E006ABFC
:10D2C000A3602846FEF746FC03460022009205F1C3
:10D2D000140208A92046E1F775FE57E02046D9F769
:10D2E00093FF2046D9F790FF0546DFF767FE074614
:10D2F00008AE3046E1F734FE324600213846DBF70F
:10D3000054FC2846FEF728FC28B19DF83D3043F038
:10D3100001038DF83D302046D9F7EAFF04468668C0
:10D3200007F11402314602A8F6F712FC002898D043
:10D3300002ABA36004A93846FFF740FFAB8AADF803
:10D340001830EB8AADF81A302B8BADF81C30BDF8D5
:10D350001230ADF81E3006A80246A168F6F7F8FBB9
:10D3600000289BD1AB8AADF81830BDF81630ADF867
:10D370001A302B8BADF81C306B8BADF81E3006A825
:10D380000246A168F6F7E4FB002898D1A66068E79A
:10D390004C36050889B12DE9F04F83B00446154697
:10D3A0008846FFF7EBFD81460023E3842385A384B1
:10D3B00098F800305BB1414603E0FEE711F8013F09
:10D3C0002BB10A2BFAD1A38C0133A384F6E7A38CEB
:10D3D0000133A3848DB994F82A3023F0010384F833
:10D3E0002A3041464846FFF7B9F8E38C2385484682
:10D3F000DBF7AFFD03B0BDE8F08F94F82A3043F0BF
:10D40000010384F82A304046D2F74AFF471CC7EB95
:10D41000C70301931846F7F7F7FB8346C61907259C
:10D420004FF00A0A4146F01B04F0BBFB06F801ACC2
:10D43000013D3E4415F0FF05F4D1019B5B44002201
:10D4400003F8012C59464846FFF788F85846F7F785
:10D450003DFCA38C03EB4302E284C3EBC303A38430
:10D460002046FFF7BBFDC0E738B50C4691F82A30DF
:10D4700023F0010381F82A3000258D84CD840D85A9
:10D4800010212046DAF71AFE4FF400712046DAF731
:10D4900015FE21460548DBF71BF9DBF7CCF92A46D8
:10D4A00003492046FFF776FF38BD00BF4C3605081C
:10D4B000F459030838B50B46114690F82A2012F0AB
:10D4C000010F24D0828C174CA4FB024CA2EB0C025F
:10D4D0000CEB520CCCF38F0C9C4518D9C28CB2FBD0
:10D4E000FCF414FB0CF4A4B2121B95B29E4612B2CB
:10D4F000D21A002AB8BF5242B2EB5C0F05D9AB4238
:10D5000034BF03EB0C0EA3EB0C0E7444A3B2828C5D
:10D510009A429CBF02F1FF3293B2C3840385FFF7A6
:10D52000ADFD38BD254992242DE9F04F9BB00D4645
:10D53000C648D9F77FFD012802D01BB0BDE8F08FA7
:10D540002846D9F765FE04462846D9F75DFE06460B
:10D55000631E2B2BF1D801A252F823F045D6020806
:10D560005DD6020899D602083BD502083BD50208D1
:10D570003BD502083BD5020899D602083BD50208E4
:10D580003BD502083BD502083BD5020815D8020856
:10D59000C7D7020801D802083BD502083BD50208CC
:10D5A0003BD5020875D802083BD502087FD802088F
:10D5B0003BD502083BD502087FD802083BD50208BC
:10D5C0003BD502083BD502083BD502083BD50208F3
:10D5D0003BD502083BD502083BD502083BD50208E3
:10D5E0003BD502083BD502083BD502083BD50208D3
:10D5F0003BD502083BD502083BD502083DD60208C0
:10D600001FD602083BD502080DD602082846D9F7D6
:10D6100003FE04463046FFF7B6FC20808DE7FFF797
:10D62000ADFC18B100222A21D9F7CCFD3046DBF73A
:10D6300033FF00213046FFF721FD7EE70021FFF791
:10D640001DFD7AE790F82A3023F0020380F82A3093
:10D65000FFF794FC7E49F6F735F96EE7DAF724F820
:10D660000CA9DAF7CBF8BDF93230002B3FF465AFE7
:10D670003046FFF783FC0446DBF765FEBDF8323029
:10D68000C11809B22046DBF73EFD96F82A3043F078
:10D69000020386F82A3050E7FFF770FC8046002826
:10D6A0003FF44BAFDAF700F80446DAF703F8042842
:10D6B00000F0BC81022800F0C9812046D9F7FAFFAA
:10D6C00001282BD196F82A3013F0020F3FD10AAD72
:10D6D00029462046DAF75FF8BDF82A30B8F8162058
:10D6E0009B1AADF82A30BDF82830B8F814209B1AE0
:10D6F000ADF8283029464046FEF74CFB0746404629
:10D70000FEF728FA814600230C93F7B11C461D460C
:10D7100098460DF1300BDFF83CA10AE02046D9F71E
:10D72000C9FF032841D1CDE7DDF830800134A7429D
:10D7300039D0DAF800305946484698470A28F3D1DC
:10D74000B8451CBF01352DB2EEE700252BE057226E
:10D7500000213046DEF76EFC054659220021304696
:10D76000DEF768FC2B89C7183FB2B6F91620B6F968
:10D770001A309B1A03EBD37302EB63052DB2B8F892
:10D7800016800C212046DAF757F808EB00031BB28D
:10D79000ED1A95FBF7F525EAE575B38C9D42A8BF18
:10D7A00003F1FF352DB2002D07DAF38C0C930CAA90
:10D7B0001C213046D9F706FDBFE60122A9B230464A
:10D7C000FFF778FEF1E7DAF7E0FCD9F766FF0446E9
:10D7D000D9F76AFFD9F76EFF042802D0F38C33859E
:10D7E000ABE654B9338DF28C9A423FF4A6AEF38483
:10D7F00001213046FFF742FC9FE6F38C33859CE61F
:10D80000038DC28C9A423FF498AEC3840121FFF786
:10D8100035FC92E62846D9F7FFFC0278A2F1120304
:10D82000DBB2012B18D9142A02D0112A7FF485AE5D
:10D83000F38C002B3FF481AE348D013B012299B271
:10D840003046FFF737FE348577E600BF68360508B7
:10D8500073CF0208C8000020F38C591CB28C91428F
:10D86000BFF66BAE348D012289B23046FFF722FE3F
:10D87000348562E6FFF782FBDBF76BFB5DE628464B
:10D88000D9F7C6FC04462846D9F7BEFC0646152C37
:10D8900000F0B380182C7FF450AE2846D9F728FD4D
:10D8A00004460CAD2846E1F75BFB2A464FF4802185
:10D8B0003046DBF77AF906AD29463046FFF77EFCA5
:10D8C0002A46A16808A8F6F743F900283FF435AEC8
:10D8D0003046FFF753FB8046FEF73EF928B19DF82E
:10D8E0004D3043F001038DF84D304046FEF732F9DC
:10D8F00005460C9FBDF94490BDF942A03046DBF7C8
:10D9000029FD022302930190CDF800A04B463A4630
:10D91000294605A8F9F7CFFC3046DBF721FD07467D
:10D92000572200213046DEF785FB814607EBD7778B
:10D9300047F34F07B0F9083003EBD373B8F916502B
:10D9400005EB6305B6F916303B44ED1A4046DBF7AC
:10D9500007FDB9F80820831A1BB2002BC4BFAD0322
:10D9600095FBF3F50C9BB3F90830B6F916203A4451
:10D97000BDF91610C91A05FB01F102EBA13503EB45
:10D98000D373A5EB6305322200213046DEF752FB4C
:10D990000746122200213046DEF74CFB8146132257
:10D9A00000213046DEF746FBBBB203EB0902B18A29
:10D9B0000A44ADF82820ADF82A500344328BD31A1C
:10D9C000ADF82C30BDF816301D44ADF82E509DF842
:10D9D0004D3043F002038DF84D30A56808ABA360CD
:10D9E0004046FEF7B7F80346002200920AAA0CA9A7
:10D9F0002046E1F7E7FAA5609FE52846D9F778FCCD
:10DA000004460AAF39463046FFF7D8FB0CAD28462E
:10DA1000E3F73AF82A464FF480213046DAF744FF1C
:10DA20003A4629462046E3F779F886E5F38C3385B4
:10DA30003046DAF7AAFB0546D9F72FFE00283FF457
:10DA40003CAE00212846D9F706FE36E6F38C338536
:10DA500033E600BF2DE9F04782460C46002B4CD040
:10DA60000B88A3EB62039BB20B80013A13448B80BB
:10DA7000B0F916304B80B0F91A30CB8012224FF437
:10DA800040315046DEF7D6FA804613224FF440313B
:10DA90005046DEF7CFFA814610224FF4403150460F
:10DAA000DEF7C8FA064611224FF440315046DEF741
:10DAB000C1FA074669224FF440315046DEF7BAFA00
:10DAC00005466A224FF440315046DEF7B3FAABB256
:10DAD00098442288A2EB0808A4F800804B44A2884E
:10DAE0001344A38080B2064463889E1B668038443A
:10DAF000E3881844E080BDE8F0874B88A3EB62031D
:10DB00009BB24B80013A1344CB80B0F914300B80A8
:10DB1000B0F918308B80B1E738B50C4600250D6799
:10DB200091F8743003F0FE0365F3410381F874301B
:10DB30004FF440712046DAF7C1FA10212046DAF797
:10DB4000BDFA2846F5F70EFD1D2804DC012120460C
:10DB5000DCF78BF838BD2846F5F704FD0A30044B96
:10DB600083FB0023C117C1EBE30109B2EFE700BF5C
:10DB7000676666662DE9F04FB5B00C46C148D9F727
:10DB800059FA012802D035B0BDE8F08F002637469B
:10DB9000B046B1462046D9F73BFB83462046D9F72D
:10DBA00033FB0546FAF7B7FF8246012807D0022863
:10DBB00014BF4FF0000A4FF0010A4FEA4A0ABBF1C6
:10DBC000110F5DD0BBF1010F00F0A480BBF1020F7B
:10DBD00000F05A81ABF1030BBBF1260FD3D801A3A0
:10DBE00053F82BF0CBDF020887DB020887DB020843
:10DBF00087DB020887DB0208CBDF020887DB02082D
:10DC000087DB020887DB020887DB02085DE1020888
:10DC100045E0020887DB020887DB020887DB020891
:10DC200087DB02086DE0020887DB0208DBE10208FF
:10DC300087DB020887DB020887DB020887DB020834
:10DC400087DB020887DB020887DB020887DB020824
:10DC500087DB020887DB020887DB020887DB020814
:10DC600087DB020887DB020887DB020887DB020804
:10DC700087DB020887DB020887DB020865E0020811
:10DC80002046D9F7C9FA0446AB68002B40D0B3F957
:10DC90001460B5F86830ADF88830B5F86A30ADF882
:10DCA0008A30B5F86C30ADF88C30B5F86E30ADF820
:10DCB0008E3022AF324631463846F5F72BFF002230
:10DCC00021683846F5F790FF207100287FF45BAF9C
:10DCD000BAF1020F7FF457AFB5F86030ADF8883075
:10DCE000B5F86230ADF88A30B5F86430ADF88C30F4
:10DCF000B5F86630ADF88E30324631463846F5F725
:10DD000009FF002221683846F5F76EFF20713AE7D7
:10DD10000026BEE72846DBF768FD95F8743043F02F
:10DD2000010385F87430BAF1010F4AD9D9F7BCFC68
:10DD300022A9D9F730FD2846DBF70CFB064628461A
:10DD4000DBF70EFB0446162200212846DEF772F9A7
:10DD5000A64256DBC0B2012837D0BDF98830B5F9EC
:10DD60006C209A4237DBB5F960209A423BDCB5F96A
:10DD70006020BDF98800B5F96830B5F96410891ADA
:10DD800001EBD17102EB6102121A002AB8BF5242B4
:10DD9000B5F96C10C91A01EBD17103EB61031B1AC1
:10DDA000002BB8BF5B4212B21BB29A421FDD05F1D5
:10DDB00024032B6795F8743023F0020385F8743040
:10DDC000E1E605F124032B67DDE6BDF98830B5F9FE
:10DDD00068209A4203DD05F124032B67D3E6B5F9E9
:10DDE00064209A42C3DA05F130032B67CBE605F1D4
:10DDF00030032B6795F8743043F0020385F87430D4
:10DE0000C1E6BDF98A10B5F96A30994203DA05F125
:10DE100024032B67B7E6B5F96600814203DD05F1FF
:10DE200030032B67AFE6B5F96220801A00EBD070A3
:10DE300002EB6002521A002AB8BF5242B5F96E00D6
:10DE4000C01A00EBD07003EB60035B1A002BB8BF65
:10DE50005B4212B21BB29A4209DD05F124032B6723
:10DE600095F8743023F0020385F874308BE605F1E1
:10DE700030032B6795F8743043F0020385F8743053
:10DE800081E600BF843605082B6F002B3FF47BAE84
:10DE9000D9F70AFC0446D9F70DFC01287FF473AECC
:10DEA00022A92046D9F777FCEC6AAB6AE41A284627
:10DEB000DBF750FA06462846DBF752FA86424FDB7C
:10DEC000122200212846DEF7B5F80746132200216A
:10DED0002846DEF7AFF880462846DBF73BFA07EB2B
:10DEE0000803C61A36B2162200212846DEF7A2F829
:10DEF000C3B2012B2AD0BDF98830B5F9142002FA3B
:10DF000087F7DB1B06EBD671491004FB031191FB6D
:10DF1000F6F1AB6A19442B6F05F13002934243D0FE
:10DF2000EA6A9142A8BF11462A6B9142B8BF1146D6
:10DF30001B6899423FF427AE01222846FAF76EFD8E
:10DF400000221C212846D9F73DF91CE6B5F9183006
:10DF50000FFA88F8A3EB0803BDF988209B1AD1E7D4
:10DF6000102200212846DEF765F80746112200211D
:10DF70002846DEF75FF806462846DBF7F1F9374416
:10DF8000C31B18B2B5F91A2002FA86F2BDF98A103D
:10DF9000521AC3F3C0310144491004FB021191FB32
:10DFA000F0F1AB6A1944B6E76A6A9142A8BF11461C
:10DFB000AA6A9142B8BF11461B688B423FF4E3AD99
:10DFC00001222846FAF770FDBAE795F8743023F07D
:10DFD000010385F8743000232B672846DBF705FC26
:10DFE0002846DAF7D2F80646D9F757FB0446D9F7A0
:10DFF0005BFBD9F75FFB04287FF4C5AD002C3FF431
:10E00000C2AD2846FAF787FD012816D0022814D1A0
:10E0100095F8743013F0020F04D143F0020385F831
:10E020007430B0E595F8743023F0020385F874304D
:10E0300000213046D9F70FFBA5E500213046D9F77E
:10E040000AFBA0E5D9F730FBD9F734FB042802D04E
:10E0500002287FF498AD95F8743023F0020385F818
:10E06000743090E52846DAF774FF8CE512224FF4FD
:10E0700040312846DDF7DEFF0FFA80FB13224FF414
:10E0800040312846DDF7D6FF06B210224FF440316A
:10E090002846DDF7CFFF0FFA80FA11224FF4403106
:10E0A0002846DDF7C7FF0FFA80F96D224FF44031A3
:10E0B0002846DDF7BFFF03B2009369224FF44031D9
:10E0C0002846DDF7B7FF0FFA80F86A224FF4403197
:10E0D0002846DDF7AFFF07B22846DBF73BF94FEAEA
:10E0E0004803019300EB48082846DBF739F97A002A
:10E0F000029200EB4700804528DA2846DBF72AF930
:10E10000019F074447F34F074FF440312846DAF7A1
:10E11000A7FE05462046D9F77FF833465E45B8BFCF
:10E120005B465345B8BF53464B45B8BF4B460233D9
:10E130002B44009A02FB07F703EB27231BB2B0F92D
:10E1400000209342B8BF134603801CE52846DBF746
:10E1500007F9029F074447F34F07D5E72046D9F751
:10E160005BF80378113B032B3FF60DADDFE803F0BE
:10E17000021E021E95F8743013F0020F0DD12846CE
:10E18000FAF7B3FC012281182846FAF747FC00226F
:10E190001C212846D9F716F8F5E42846FAF7ACFC16
:10E1A000012281182846FAF77FFCF0E795F87430D1
:10E1B00013F0020F08D12846FAF797FC0122411EFE
:10E1C0002846FAF72BFCE2E72846FAF795FC0122ED
:10E1D000411E2846FAF768FCD9E72046D9F714F81B
:10E1E00005462046D9F784F80090162200212846DB
:10E1F000DDF720FFC3B203932846DBF7ABF80446F4
:10E200002846DBF7ADF882468442B4BF00230123E1
:10E21000029395F85C3003F00303012B09D05445B9
:10E2200080F284802846DBF795F80190B5F93660D6
:10E2300087E0AB6A002BF2DAD5F82CB084420CDB15
:10E240002846DBF78DF80190BBF1000F72DD6B6A99
:10E25000002B6FDAB5F9347073E02846DBF77AF8F3
:10E260000190BBF1000FE1DD6B6A002BDEDAB5F93E
:10E270003A6066E00DF1180B3822594614A8F6F7FB
:10E2800057FD0DF188094A461A212846D8F79AFF0A
:10E29000324659460098E2F741FC4A461B2128467F
:10E2A000D8F790FF54453EDB039B012B14BFB5F913
:10E2B0003480B5F93880ADF81080ADF81270029B4B
:10E2C000019A04A92846FFF7C5FBBDF91210BDF954
:10E2D0001420BDF91630BDF81000A5F86000A5F8AF
:10E2E0006210A5F86420A5F8663006AC382214A99F
:10E2F0002046F6F71DFD0123249305F160072597BD
:10E300002694309322AE32461A212846D8F75AFF77
:10E310003A4621460098E2F701FC32461B21284686
:10E32000D8F750FF2FE4B5F93A70C4E72846DBF779
:10E3300017F80190039B012B0CBFB5F93470B5F9A8
:10E3400038700DF1180B5846E2F79EFB5A464FF411
:10E3500040312846DAF7A8FAADF81070ADF812602F
:10E36000ADF81480ADF81690029B019A04A92846D6
:10E37000FFF770FBBDF91080BDF91270BDF91420D4
:10E38000BDF91630A5F86880A5F86A70A5F86C206C
:10E39000A5F86E30009922A8DAF7CCFD4FF440338F
:10E3A0002F93124B239300232493309305F1680697
:10E3B0002596CDF898B02846FAF7ADFB012802D093
:10E3C00002283FF457AF22AC22461A212846D8F73C
:10E3D000F9FE324606A90098E2F7A0FB22461B216F
:10E3E0002846D8F7EFFEFFF7CEBB00BF84360508FE
:10E3F00008B500684FF0FF334362DBF7F6F908BD5C
:10E4000008B54162DBF7F1F908BD08B508460021FF
:10E41000F5F758FA08BD00002DE9F043A5B00C4609
:10E42000AB48D8F707FE012802D025B0BDE8F0833D
:10E430002046D8F7EDFE05462046D8F7E5FE06460D
:10E44000132D00F0BA801C2D00F00181152DECD1A8
:10E450002046D8F7D9FE05462046D8F749FF07469B
:10E46000122200212846DDF7E5FD04461322002193
:10E470002846DDF7DFFD8046102200212846DDF723
:10E48000D9FD0646112200212846DDF7D3FDB5F956
:10E490001620B5F91810B5F91A30B5F814C064444F
:10E4A000ADF80440A1EB0801ADF808103244ADF816
:10E4B00006201B1AADF80A3005AC2046E2F7E4FA54
:10E4C00022464FF400312846DAF7EEF901AA214638
:10E4D0003846E2F723FB2846DAF742FF86B22C8B58
:10E4E000A41B0134AB8AE41A1FFA84F824B26B6AC5
:10E4F000B3F1FF3F00F0E48004FB03F3002BB8BF4F
:10E50000FF3343F30F24162200212846DDF792FD46
:10E51000C0B2012804BFA8EB04080FFA88F4AB8A44
:10E520001C44A4B2ADF80C402644ADF81060EB8A50
:10E53000ADF80E306B8BADF8123012224FF4403133
:10E540002846DDF777FD804613224FF440312846F8
:10E55000DDF770FD044610224FF440312846DDF708
:10E5600069FD064611224FF440312846DDF762FD71
:10E57000BDF80C30A3EB0803ADF80C30BDF810303B
:10E580001C44ADF81040BDF80E309B1BADF80E30AA
:10E59000BDF812301844ADF8120013AC2046E2F773
:10E5A00073FA22464FF440312846DAF77DF903AA80
:10E5B00021463846E2F7B2FA37E712224FF44031EB
:10E5C000DDF738FD0FFA80F913224FF44031304661
:10E5D000DDF730FD05B210224FF440313046DDF753
:10E5E00029FD0FFA80F811224FF440313046DDF753
:10E5F00021FD07B24FF440313046DAF731FC4D458A
:10E60000B8BF4D464545B8BF4546BD42B8BF3D467B
:10E6100002350544ADB22046D8F7FEFD0446B0F9F8
:10E6200000302DB29D42B8BF1D4605804FF4003129
:10E630003046DAF715FC854203DDB4F9000020808E
:10E64000F3E64FF400313046DAF70AFCF7E76522CB
:10E650000021DDF7EFFC804618B93046DBF7C5F83E
:10E66000E3E63046D9F78FFD00F00100746AB4F19B
:10E67000FF3F1CD0050200213046F5F723F913AF08
:10E680003846F5F705F91396124B14931B941C9416
:10E690001D95114B1693631B002BB8BF5B4208FB03
:10E6A00003F31B0A1E933846F5F744F9D5E718B172
:10E6B0004FF480750024DEE700254FF48074DAE71C
:10E6C0002846D9F760FD10F0010F08BF00241AE7B3
:10E6D000A036050801E40208F1E3020810B50C4673
:10E6E0004FF0FF334B6210212046D9F7E7FC082199
:10E6F0002046D9F769FF4FF480612046D9F764FFBF
:10E7000010BD2DE9F04F8FB0804605920993BDF9F9
:10E7100060300A93BDF96C300693BDF97000079024
:10E7200003449BB2089317891F443FB2B8F82430C2
:10E7300013FB01F6B6B20496002B6DD01846B64610
:10E740000025BDF96420BDF96830D3180B931CE097
:10E75000002499F8002012F0020F3FD0059BB3F976
:10E760000820069BD31807990B44BB4202DD089B87
:10E770001A4417B20136B6B20135ADB2B646B8F892
:10E780002400049BC3189E4246DAD8F8281051F89A
:10E790002690B9F1000FEDD0D8F830A03AF9153035
:10E7A000AB4600F1FF3C6545D2DA2A4600242046FC
:10E7B000704451F820000028CBD0007810F0010FF1
:10E7C000C7D001323AF8122013441BB20134A4B26C
:10E7D000204604EB0B026245EADBBAE70B9A9B1A70
:10E7E000002202921BB201930A9B0093099B059A97
:10E7F00009F108010DA8F8F75EFDBDF93630069A5B
:10E800001344079A1344BB42B8BF3B461FB2264489
:10E81000B6B22C44A5B2ADE738460FB0BDE8F08FD4
:10E820002DE9F04F8BB005460C4612224FF4A02183
:10E83000DDF700FC0FFA80FB13224FF4A0212846DD
:10E84000DDF7F8FB0FFA80FA10224FF4A0212846DA
:10E85000DDF7F0FB0FFA80F911224FF4A0212846D2
:10E86000DDF7E8FB03B2099358224FF4A0212846B4
:10E87000DDF7E0FB03B2089359224FF4A0212846AC
:10E88000DDF7D8FB07B257224FF4A0212846DDF769
:10E89000D1FB079005224FF4A0212846DDF7CAFBE3
:10E8A00006B206224FF4A0212846DDF7C3FB0FFA7B
:10E8B00080F8EB8C9C421CD2099B0493CDF80C9001
:10E8C000CDF808A0CDF804B00097089B079AA1B234
:10E8D0002846FFF716FFEB6A4045A8BF404600B246
:10E8E000B042B8BF304623F814000134EB8CA34289
:10E8F000E2D82846DAF7D0FD2846DAF776FF0BB0E3
:10E90000BDE8F08F2DE9F84305460E461C4600236E
:10E910002380174642B12A6B32F8132021880A441B
:10E9200022800133BB42F6D1162200212846DDF7B2
:10E9300081FBC0B2012837D02846DCF7CAF823880B
:10E940001B1A2380122200212846DDF773FB23883F
:10E95000184480B220802B6B013833F817301844EC
:10E96000A0800023638046B1EA6A32F813206188F0
:10E970000A4462800133B342F6D1102200212846B6
:10E98000DDF758FB6388184460802846DCF7AAF856
:10E990006388181A80B26080EB6A013833F8163049
:10E9A0001844E080BDE8F8832846DCF792F8238815
:10E9B000184420802846DAF7CDFC8046B4F8009051
:10E9C000132200212846DDF735FB8144A8EB09031B
:10E9D0009BB2A3802A6B32F817209B1A2380C0E7D2
:10E9E00030B583B004466B46828EC18EFFF78AFF36
:10E9F000BDF90010002911DBBDF904502046DAF7FB
:10EA0000A9FC854211DD2046DAF7A4FC411B012355
:10EA1000002209B22046DCF7CDFA06E04942012384
:10EA2000002209B22046DCF7C5FABDF90220002A0F
:10EA300011DBBDF906502046DAF792FC854211DD64
:10EA40002046DAF78DFC421B012312B2002120463A
:10EA5000DCF7B0FA06E05242012312B20021204650
:10EA6000DCF7A8FA03B030BD2DE9F04FDFB0044663
:10EA7000D8F7CAFB82462046D8F73AFC044682689B
:10EA80000AF114015CA8F5F763F810B95FB0BDE8AE
:10EA9000F08FA7685CAB0894A36032220021504637
:10EAA000DDF7C8FA8146102200215046DDF7C2FA90
:10EAB000804603B20D93112200215046DDF7BAFAC9
:10EAC00003B20C93122200215046DDF7B3FA0790EF
:10EAD000BDF91C000B90132200215046DDF7AAFA65
:10EAE0000690BDF918000A90BAF82050109500263B
:10EAF000AAF820609AF8223043F008038AF82230FE
:10EB00004BAC2046E1F7C0FF22464FF4A02150460F
:10EB1000D9F7CAFE35AC2046E0F722FA22464FF478
:10EB2000A0215046DAF741F8AAF820509AF822308E
:10EB300066F3C3038AF82230BAF816505046DBF762
:10EB4000D1FF1FFA89F404EB0803013B1D442D1A81
:10EB5000ADF86A515046DBF7BCFF814616223146BC
:10EB60005046DDF767FA5FFA80F81BAD0899284632
:10EB7000DAF7E0F94FF4A0232893C44B1C931D96B9
:10EB80003DAB1F932DAB2093BAF82630002B00F03D
:10EB90000A820596B346079B23445E1E069B1C44CF
:10EBA0001397CDF83C90119612944446CEE1BAF8F2
:10EBB00018201299521A013A0F99521AADF864218D
:10EBC000E1E10023069340E1BDF864315A1EADF83F
:10EBD0006821DAF8302032F819209B1AADF8643138
:10EBE00042E1BDF86421D31AADF864310136B6B202
:10EBF0003246F3198B4215DA5A4450F822208AB172
:10EC0000127812F0010F0DD00133DAF8302032F90A
:10EC10001330012CE5D0BDF868211344ADF86831FC
:10EC2000E4E70026BDF96A31BDF972219A4200F38A
:10EC30002481BDF964012880BDF9662107926A80AC
:10EC4000BDF968C1A5F804C0EB809DF84FE1CEF393
:10EC500044021EF0080F0CD0BAF914E00B998E4450
:10EC6000704506DDBDF94CE10EEBDE7EA0EB6E00DB
:10EC7000288012F0020F0DD0BAF916000D99084441
:10EC80000799814206DDBDF94C0100EBD070A1EB84
:10EC90006001698012F0080F10D0BAF918100A98B4
:10ECA000091A01398C4509DABDF94C1101EBD17013
:10ECB00001F0010101EB60016144A98012F0010F34
:10ECC00010D0BAF91A200C99521A013A934209DA73
:10ECD000BDF94C2102EBD27102F0010202EB61029C
:10ECE0001344EB80BAF83620BDF814309A4204D1B0
:10ECF000BAF834304B4500F0CB8038224BA93DA800
:10ED0000F6F716F8202235A92DA8F6F711F81BAA58
:10ED1000D560BAF82430059901FB037797631A216F
:10ED20005046D8F74FFA2A463DA90898E1F7F6FE73
:10ED3000DAF8283053F80830002B66D012224FF44E
:10ED4000A0215046DDF776F9074613224FF4A021A3
:10ED50005046DDF76FF9079010224FF4A02150467E
:10ED6000DDF768F9099011224FF4A0215046DDF734
:10ED700061F98446BDF864311F44BAB2ADF85C2035
:10ED8000BDF86831079FDB1B9BB2ADF86030BDF862
:10ED9000667109983844ADF85E00BDF86A71A7EB5A
:10EDA0000C07ADF862700698C0F34007DAF8281037
:10EDB00051F8081000F00200029001339B1A1BB2B8
:10EDC0000193BDF9C6300093BDF9C830359A0831BA
:10EDD0005BA8F8F770FA87B9BDF866310E9A13444C
:10EDE0009BB2BDF96E2102EBD272C2F34F02981AA8
:10EDF000ADF85E001344ADF8623059AA5CA919A8B9
:10EE0000F4F7A6FE002840F087801BAA1B2150467D
:10EE1000D8F7D8F90BF1010B16FA8BFB1FFA8BFB15
:10EE20004E44B6B201361FFA86F9BAF824104945A5
:10EE300040F28480DAF828004FEA8B0850F82B3033
:10EE4000002B3FF4BEAE1B780693012C3FF4BCAE02
:10EE5000BDF868315A1CADF86421DAF8302032F878
:10EE600019201344ADF868314F4601398945BFF682
:10EE7000D8AE4B4600263246BEE60BF1010B16FA21
:10EE80008BFB1FFA8BFB4E44B6B2CBE7BC360508B2
:10EE9000BAF8202012F0400F03BFC2F340135B0109
:10EEA0009BB2002312F0020F18BF43F0020312F0CE
:10EEB000040F2AD043F0040312F0080F01D043F0EE
:10EEC0000803AAF820309AF8223043F008038AF8A1
:10EED00022303DA8E1F7D8FD2DA8E0F741F83DAA82
:10EEE0004FF4A0215046D9F7DFFC2DAA4FF4A02102
:10EEF0005046D9F75AFE109BAAF820309AF82230D3
:10EF000023F008038AF8223001E712F0080FD6D167
:10EF1000002B3FF4F2AED4E719AB089F3846BB6034
:10EF2000DAF8283053F8083000220092083317AA84
:10EF30002DA9E0F747F85CABBB6066E7059B0133A2
:10EF40000593BAF826209BB29A4229D9DAF82C30D8
:10EF5000059A33F91230BDF86A114A1C12B2ADF8A5
:10EF600066211944ADF86A11BDF97611914219DB99
:10EF7000012C3FF41CAEBAF8142011990A440F99E1
:10EF8000521AADF86821BAF824100029D6D003EB44
:10EF9000D373C3F34F030E934FF0000915AD49E748
:10EFA000139F00E0139F089B9F606FE52DE9F041E0
:10EFB00082B00C46B248D8F73DF8012802D002B022
:10EFC000BDE8F0812046D8F723F905462046D8F75A
:10EFD0001BF906466B1E2B2BF1D801A252F823F029
:10EFE000E1F00208E1F00208BFEF0208BFEF0208FB
:10EFF000BFEF0208BFEF0208BFEF0208C9F1020825
:10F00000BFEF0208BFEF0208BFEF0208BFEF020820
:10F010001BF2020815F20208BFEF0208BFEF020858
:10F02000BFEF0208BFEF0208BFEF0208BFEF020800
:10F03000D9F20208BFEF0208BFEF0208BFEF0208D3
:10F04000BFEF0208BFEF0208BFEF0208BFEF0208E0
:10F05000BFEF0208BFEF0208BFEF0208BFEF0208D0
:10F06000BFEF0208BFEF0208BFEF0208BFEF0208C0
:10F07000BFEF0208BFEF0208BFEF0208BFEF0208B0
:10F08000BFEF020891F00208BFEF020899F00208F2
:10F090000021FFF7C5FB92E72046D8F7BDF8B48CF6
:10F0A000D4B1336B03EB4404002233F9021B0A444E
:10F0B00012B29C42F9D1F58C85B1F16A01EB45059C
:10F0C000002331F9024B23441BB2A942F9D1013A82
:10F0D0000280013B438072E70022ECE70023F6E761
:10F0E000D8F7E2FAD8F7E6FA00F0FD0001287FF43D
:10F0F00066AFD8F7D9FA01A9D8F74DFBBDF804508F
:10F100003046DBF7E6FC0544ADB21622002130465E
:10F11000DCF790FFC0B2012819D0B48A1222002176
:10F120003046DCF787FF04442D1B2DB2B48CCCB1E4
:10F13000316B02390022134631F8020F03441BB22F
:10F14000AB420EDC013292B29442F5D10AE0348B2C
:10F15000132200213046DCF76DFF231A5B1B1DB222
:10F16000E4E71446BDF806503046DBF7BBFC074623
:10F17000B6F81680102200213046DCF75BFF2D1A0E
:10F18000A5EB08053D442DB2F78CDFB1F16A0239D9
:10F190000022134631F8020F03441BB29D4204DBE8
:10F1A000013292B29742F5D13A46B38EA34203D1CF
:10F1B000F38E93423FF403AFB486F2863046DAF71B
:10F1C00014FBFCE63A46F0E7DAF70FFBD8F76CFAE7
:10F1D000D8F708FBB28E4FF6FF739A4203D0F28E37
:10F1E0009A4200D068B1D8F75FFAD8F763FA00F016
:10F1F000FD0001287FF4E3AE4FF6FF73B386F3867C
:10F20000DDE600221C213046D7F7DCFF01287FF421
:10F21000D6AEE8E7DAF7E9FAD1E62046D7F7FCFF01
:10F22000B28EF18E4FF6FF739A4214D0994212D0EB
:10F23000B58CAA4234BF14460024F78CB94234BFBF
:10F240000B4600230068113803283FF6B8AEDFE80C
:10F2500000F03D3F190C0023B386F3863046FFF7DC
:10F26000BFFB3046DAF7C1FAA9E6013C2846A542C1
:10F270000CDD002C11DA6BB36C1E013B0DE000BFFE
:10F28000BC36050801342846A54206DC7C1E9C429B
:10F29000C6BF0133002400F1FF349F42D4BF07F101
:10F2A000FF3323EAE373944202D18B423FF487AEEB
:10F2B000B486F3863046DAF798FA3046FFF790FBCB
:10F2C00000221C213046D7F77DFF78E6013BDAE7C4
:10F2D0000133D8E71C46E0E72046FFF7C5FB6EE6A2
:10F2E000F8B50D468B8CCA8C02FB03F3002B20DD96
:10F2F0000024274613E0F5F753FCAB6A53F824309B
:10F300005F60AB6A9859F5F74BFCAB6A9F510134CB
:10F31000A4B2AB8CEA8C02FB03F39C4209DAA60090
:10F32000AB6A53F82430002BF1D058680028E2D1A2
:10F33000E7E7A86A08B1F5F733FCE86A08B1F5F722
:10F340002FFC286B08B1F5F72BFCF8BD10B50C4667
:10F3500001238B84CB840220F5F704FC2063E08C2E
:10F360004000F5F7FFFBE062226B82231380E26A24
:10F370001380E18CA38C03FB01F18900A06AF5F7EF
:10F380002BFCA0620023036010BD704790F854303E
:10F3900003F001038B4226D010B582B0003918BFAC
:10F3A000012190F8543061F3000380F85430B0F933
:10F3B0004A10B0F94CE0B0F94EC0446AA28AB0F8E5
:10F3C00048301344ADF80030E38A1944ADF8021018
:10F3D0007244ADF804206344ADF806306946DAF7AC
:10F3E000E0F902B010BD704770B592B004466522D6
:10F3F0004FF4E021DCF71EFE58B912492046F4F71D
:10F4000061FA94F8543043F0010384F8543012B098
:10F4100070BD054601AE3046F4F73AFA0194094B47
:10F4200002930C950F95012309930A9300230B93E4
:10F43000054B08934FF6FF73ADF844303046F4F7B0
:10F4400079FAE4E78DF30208853A020810B50C4614
:10F45000C86A18B1F5F7A4FB0023E362206B18B16A
:10F46000F5F79EFB00232363A06A18B1F5F798FB1C
:10F470000023A36210BD00002DE9F04F87B00446C1
:10F4800057220021DCF7D6FD804659220021204674
:10F49000DCF7D0FD0090D4F84490606AFCF75AFB8A
:10F4A00005460190724B1B6849469847074605EB95
:10F4B000000B704B1B680021584698470546B8F969
:10F4C00008A00D2850D842F20143C34013F0010FA9
:10F4D0000CBF0146202100224046F3F75FFC06B234
:10F4E00005AA4946606AFCF73DFBD4F824904846DB
:10F4F000FCF730FB024600214846DDF71CFC626A3F
:10F50000BDF91430B2F914100B443344B2F9182089
:10F51000934231DD94F8603013F0080F2CD10328AA
:10F520002AD00023ADF81430BDF81630009A1A44E2
:10F5300013465344ADF81630C5B14F4B1B685846BF
:10F54000984707444B4B1B68002101983844984763
:10F5500001460D280BD842F20143C34013F0010FBE
:10F560000CBF0146202102E00146B4E72021002221
:10F570004046F3F713FC06B2276532224FF4E02130
:10F580002046DCF757FD804610224FF4E02120464C
:10F59000DCF750FD1FFA88F808EB0005ADB2112228
:10F5A0004FF4E0212046DCF745FD08EB00091FFA87
:10F5B00089F912224FF4E0212046DCF73BFD08EBED
:10F5C0000007BFB213224FF4E0212046DCF732FDE2
:10F5D000BDF81420D71BBFB2BDF816305D1BADB20D
:10F5E000804408F1FF389044B0441FFA88F809F1CC
:10F5F000FF3903EB09065644B6B2B4F94A10B4F920
:10F600004CE0B4F94EC0606A828AB4F848301344C2
:10F61000ADF80C30C38A1944ADF80E107244ADF841
:10F6200010206344ADF812300DF10C094946204614
:10F63000DAF7B7F8A4F84870A4F84A50A4F84C8058
:10F64000A4F84E60636A9A8A1744ADF80C70DB8A9E
:10F650001D44ADF80E509044ADF810801E44ADF836
:10F66000126049462046DAF79CF807B0BDE8F08FF3
:10F67000C0000020C8000020D000002070B5054662
:10F68000D7F7C6FD04462846D7F7BEFD0646DDF788
:10F6900095FC293CE4B2012C00D970BD054600213F
:10F6A0003046FCF75BFF2846FFF7E6FE2846FFF7EB
:10F6B0009BFEF2E7436C8B427BD0F0B583B00446EF
:10F6C0000D463C4B1E68406AFCF744FAB047002DDB
:10F6D000B8BF2D180646A84204DB47F6FF739D42CB
:10F6E00018BF2E4666642046DAF710FF5722002125
:10F6F0002046DCF79FFC054601AA3146606AFCF70C
:10F7000031FAB5F90860BDF906502046DBF7F3F988
:10F7100085422CDB2046D9F746FE0746BDF9065048
:10F7200035442046DBF7E7F92D1ABD4226DCBDF94A
:10F7300004502046DBF752FA854229DB2046D9F7F0
:10F7400015FE0746BDF9045035442046DBF746FA5E
:10F750002D1ABD4223DCBDF80430A4F84030204609
:10F76000FFF742FE2046FFF787FE03B0F0BD0122FF
:10F77000BDF906102046DBF7A5FCCBE7BDF8061067
:10F780003144C91B012209B22046DBF79BFCCEE7BE
:10F790000122BDF904102046DBF780FCCEE7BDF85E
:10F7A00004301E44F11B012209B22046DBF776FC2F
:10F7B000D1E77047B800002038B50C4691F86030AA
:10F7C0000025CD620D6340F2DC528A874D638D6364
:10F7D00091F854200121616442F0030284F854201E
:10F7E000A4F8405003F0F30365F3410384F860305C
:10F7F0006562A5622046FCF797F9606242F26401F7
:10F80000D9F7A2FC0B49606AFCF7A8FE2B462A46F2
:10F810000949606AD7F718FD4FF480612046D8F790
:10F82000D3FE29462046FFF745FF2046FFF7DCFDC3
:10F8300038BD00BFD45403087DF6020890F8543058
:10F8400061F3410380F85430704790F86030C3F39F
:10F85000C0038B4235D010B50446D9B990F860305A
:10F8600023F0080380F8603042F26401406AD9F75F
:10F870006BFC00221146606ADDF7AFFA002204211A
:10F880002046DDF721F800231A4619462046DBF70B
:10F890002DFC10BD90F8603043F0080380F8603014
:10F8A00042F2D171406AD9F74FFC002242F2640162
:10F8B000606ADDF792FA42F2D1712046D9F75BFC1B
:10F8C000E1E7704708B590F8603013F0040F01D0FD
:10F8D000C06A08BD406AFCF73DF9FAE7406C704722
:10F8E0000346006B00B1704700B585B05722002178
:10F8F0001846DCF79FFB002342F222026946F3F729
:10F90000EDF910B9024805B000BD0248FBE700BFA1
:10F9100078580308245A03082DE9F84F90F860300E
:10F9200013F0040F01D1BDE8F88F0646406AFCF7DA
:10F9300011F9164B1B68984780460028F3D03046D3
:10F94000FFF7CEFF8146D0F7ABFC074600FB08FB74
:10F950000BF10100F5F758F98246054600243A46B6
:10F9600049462846F5F7E4F901343D44A045F6D16F
:10F9700000230AF80B305146706AFCF7EFFD504641
:10F98000F5F7A4F93046FFF777FDCCE7B800002083
:10F9900030B593B00446838F1BB9FFF7BDFF13B09A
:10F9A00030BD01AD2846F3F773FF0194084B029375
:10F9B000A38F0C93002309930A9301230B93054B08
:10F9C0000893054B04932846F3F7B4FFE7E700BF1D
:10F9D0008BF30208853A0208DDF9020808B50068D1
:10F9E000FFF79AFF08BD90F86000C0F3C0007047B1
:10F9F00010B50446406AFDF7ADF94FF6FF73984223
:10FA00000AD04FF6FF71606AFCF79AF84FF6FF7163
:10FA1000606AFCF79AF810BD606AFDF79DF94FF631
:10FA2000FF739842EDD1F6E721B32DE9F04182B0A2
:10FA300005460C4690F8603013F0040F1BD16B6B39
:10FA4000E3B10023019323788BB10DF104082F4F0C
:10FA50002F4E3B68414620469847336898470146F9
:10FA6000284600F079F8019BE35C002BF1D102B04D
:10FA7000BDE8F081FEE7FFF74FFFE0E7AB6B002B3F
:10FA8000DFD12146284600F047F80128EFD1AB6AC4
:10FA900023B1686AFCF75EF80378DBB12246696C33
:10FAA000686AFDF75BF92846FFF7A2FF95F860301A
:10FAB00013F0040F12D16E6C164B1B68204698474A
:10FAC00081192846FFF7F6FD00221C212846D7F7AA
:10FAD00079FBCCE72846D9F788FEDFE7EF6A38469E
:10FAE000D0F7DEFB06462046D0F7DAFB31180131AD
:10FAF0003846F5F771F8E86238B12246696CF7F7D5
:10FB0000F9FA2846FFF744FFD5E7FEE7C8000020D2
:10FB1000CC000020B800002070B506460C460D4D04
:10FB200000232B600A461D21D7F74CFB2D6875B1C9
:10FB3000287828B121462846D0F752FB08B9012081
:10FB400070BD29463046FFF76FFF0020F8E701201F
:10FB5000F6E700BFB0920120F0B587B004460191EE
:10FB600090F8603013F0080F03D00A2960D00D29F7
:10FB70005ED0019B04930023059304A92046FFF760
:10FB8000CBFF012854D1354B1B68002101A89847B1
:10FB90000546A36B002B4DD1636B7BB11B786BB11A
:10FBA0000023039303AF2D4E606B039BC35C002BBC
:10FBB0003ED03368394698478542F5D194F8603095
:10FBC00013F0040F40D1A36A2BB1606AFBF7C2FFA8
:10FBD0000378002B3CD004AA616C606AFDF7BEF884
:10FBE0002046FFF705FF94F8603013F0040F15D09E
:10FBF000E66A3046D0F754FB054604A8D0F750FB20
:10FC0000291801313046F4F7E7FFE06220B304AA77
:10FC1000616CF7F76FFA2046FFF7BAFE616C0131AD
:10FC20002046FFF747FD00221C212046D7F7CAFADD
:10FC300007B0F0BD0A4B1E682046FFF743FEB047F1
:10FC4000A36B9842A8D3F3E72046FFF765FEBAE717
:10FC50002046D9F7CAFDBEE7FEE700BFC800002076
:10FC6000B8000020436C03B9704730B583B0044638
:10FC70007F23ADF8043001A9FFF74EFF012801D022
:10FC800003B030BD606AFBF765FF0546616C012279
:10FC90000139F7F765FA2946606AFCF75FFC2046F0
:10FCA000FFF7A6FEA36A23B1606AFBF753FF037850
:10FCB000FBB194F8603013F0040F0FD0616C012297
:10FCC0000139E06AF7F74CFAE56A2846D0F7E8FA16
:10FCD000411C2846F4F780FF78B1E062616C01397D
:10FCE0002046FFF7E7FC00221C212046D7F76AFADE
:10FCF000C6E72046D9F779FDDBE7FEE738B50446CD
:10FD0000456C691CFFF7D6FC636CAB4200D138BD73
:10FD10002046FFF7A7FFFAE7002953D02DE9F0416D
:10FD200082B004460D46FFF763FE636B002B4AD09A
:10FD30002E49606AFCF712FC47F6FF712046FFF778
:10FD4000B9FC94F8603013F0040F02D0E36A00228B
:10FD50001A70002301932B788BB10DF10408244F06
:10FD6000244E3B68414628469847336898470146E9
:10FD70002046FFF7F1FE019BEB5C002BF1D1A36A5B
:10FD800023B1606AFBF7E6FE03784BB394F860306A
:10FD900013F0040F0ED02846D0F782FA411CE06A17
:10FDA000F4F71AFFE062F8B1294601F0FAFE2046A6
:10FDB000FFF7EEFD00221C212046D7F703FA02B020
:10FDC000BDE8F081FEE7A36B002BB1D12946606A44
:10FDD000FCF7C4FB47F6FF712046FFF76BFCCEE74C
:10FDE0002046D9F702FDD1E7FEE700BFD45403084F
:10FDF000C8000020CC00002008B5416C0131FFF79D
:10FE000059FC08BD416C01B9704708B50139FFF7CD
:10FE100051FC08BD30B583B0054601AA416C406A6B
:10FE2000FBF7A0FE592200212846DCF703F904461F
:10FE3000572200212846DCF7FDF8BDF806301C44A7
:10FE4000013403891C4424B2ADF80640B5F84030B3
:10FE5000ADF80430686AD9F783FA844201DB03B055
:10FE600030BD01A9686AFBF795FF0146B5F940402E
:10FE70002846FFF71FFCA5F84040F0E770B582B0B8
:10FE8000044601AE3246416C406AFBF76BFE5922D4
:10FE900000212046DCF7CEF80546572200212046F7
:10FEA000DCF7C8F8BDF8063001335B1B02899B1AEA
:10FEB000ADF80630B4F84030ADF804303146606A31
:10FEC000FBF768FF0146B4F940502046FFF7F2FB0C
:10FED000A4F8405002B070BD2DE9F0479CB00D462B
:10FEE000AE48D7F7A7F8012802D01CB0BDE8F087CC
:10FEF0002846D7F78DF904462846D7F785F90646F0
:10FF0000631E172BF1D801A252F823F00900030851
:10FF10000900030809000308EBFE0208EBFE0208D3
:10FF2000EBFE0208EBFE020809000308EBFE0208E4
:10FF3000EBFE0208EBFE0208EBFE020873FF02086C
:10FF40006DFF0208EBFE0208EBFE0208EBFE020862
:10FF5000EBFE0208EBFE0208EBFE0208C1010308FB
:10FF6000EBFE0208EBFE020877020308FFF73CFAFB
:10FF7000BBE72846D7F750F90168142910D80129A2
:10FF800038D98B1E122B35D8DFE803F024293434FE
:10FF9000343420342F343434343434181C101400E6
:10FFA0007F2927D13046FFF7A9FE9EE73046FFF7AD
:10FFB00023FF9AE73046FFF725FF96E73046FFF725
:10FFC0005DFF92E73046FFF725FF8EE73046FFF7EB
:10FFD00049FE8AE700213046FFF76CFB85E747F6CC
:10FFE000FF713046FFF766FB7FE796F8603013F04D
:10FFF000080F03D13046FFF7AFFD76E700221F213F
:020000040803EF
:100000003046D7F7DFF870E7D7F74EFB06460028F3
:100010003FF46BAF2846D7F7F7F8044690F8543012
:1000200013F0020F3FF461AF3046D7F743FB0228CD
:100030003FF45BAF3046D7F73DFB04283FF455AFA4
:100040000EA9606AD9F721F902A93046D7F7A3FBB8
:1000500004A93046D7F7D2FBBDF90830002BFFF6D4
:1000600044AFBDF90A20002AFFF63FAFBDF83810B3
:100070005B1AADF81830BDF83A30D21AADF81A2034
:100080002846D7F7C5F80546606AD9F763F9666A66
:10009000BDF91830002B14DB984203DC012347F62E
:1000A000FF7710E00DF1180841463046FBF772FE6D
:1000B00087B24146606AFCF721FD80F00103DBB2A4
:1000C00001E00123002794F8602012F0020F28D0ED
:1000D00012F0010F11D14BBB012D7FF406AFA765C4
:1000E0004FF6FF73E36542F0010384F860304FF48C
:1000F00040712046D7F7E2FF1BE0022D0FD0032D01
:1001000001D0082D15D14FF440712046D8F75CFA84
:1001100094F8603013F0010F3FF4E7AE09E0E765B3
:1001200007E094F8603013F0010F02D1012D7FF445
:10013000DCAE39462046FFF7BDFA94F8603013F084
:10014000010F3FF4D2AEA36DE26D934217D9F16B6C
:100150008A4202D1316C8B4205D0F263A36D3364C5
:100160002046D9F742FB032D02D0082D7FF4BDAE07
:1001700094F8603023F0010384F86030B5E69342D0
:100180000ED2F16B8B4202D1316C8A42EBD0F36319
:10019000E36D33642046D9F728FBE4E7D836050839
:1001A000F26B4FF6FF739A4202D1326C9A42DAD068
:1001B0004FF6FF73F36333642046D9F716FBD2E79B
:1001C0002846D7F721F804462846D7F791F8054680
:1001D000606AFBF7BFFC0378002B7FF486AEA36A4E
:1001E000002B3FF482AE1B78002B3FF47EAE0EAEA8
:1001F0003046DEF7B5FE32464FF400212046D8F7F0
:10020000D4FC94F8603013F0080F05D09DF85530F9
:1002100043F002038DF85530122200212046DBF70F
:1002200009FF0746102200212046DBF703FF0646A0
:10023000322200212046DBF7FDFEA38AADF81830FC
:10024000E38AADF81A30238BADF81C30638BADF820
:100250001E3083B29A193B4406AE12B219B2304630
:10026000F3F767FCA36A0022009232460EA92846E3
:10027000DEF7A8FE39E62846D6F7C6FF044628462C
:10028000D7F736F80646606AFBF764FC074694F831
:10029000543013F0010F3FF428AE0EAD2846E0F7BE
:1002A000F3FB2A464FF4E0212046D8F7FDFAB4F9D3
:1002B0004A10B4F94CE0B4F94EC0606A828AB4F8CE
:1002C00048301344ADF80830C38A1944ADF80A1019
:1002D0007244ADF80C206344ADF80E3002AA2946F2
:1002E0003046E0F71BFC32224FF4E0212046DBF7DA
:1002F000A1FE054612224FF4E0212046DBF79AFECC
:10030000ADB205EB00081FFA88F810224FF4E02187
:100310002046DBF78FFE0544ADB20DF1100A4FF019
:100320000009CDF81090CDF81490236D1F441A4B9E
:100330001B6838469847024639465046F4F7F8FCA1
:10034000BDF808309844ADF80880BDF80A301D4467
:10035000ADF80A5055224946606ADBF76BFE85B25C
:1003600006AF3846DEF7FCFD3A464FF4E021204662
:10037000D8F71BFC9DF83B30022B04D8BDF8243085
:10038000AB423FF4B2AD0023009304AB02AA06A92E
:100390003046DEF717FEA8E5D000002038B5D1F7CB
:1003A00027FF0446094BD868FBF7D4FB01462046DB
:1003B000CFF716FF00B938BD044BD868044D28604C
:1003C0002146FCF7CBF800232B60F4E7B89201201C
:1003D000B492012038B5D1F70FFF04462A4B986933
:1003E000FBF7B8FB01462046CFF7FAFE20BBD1F75A
:1003F00007FF0446244BD869FBF7ACFB01462046B7
:10040000CFF7EEFE10BBD1F703FF04461E4B586A30
:10041000FBF7A0FB01462046CFF7E2FE00BBD1F779
:10042000F3FE0446184B986AFBF794FB01462046FE
:10043000CFF7D6FEF0B938BD134B9869134D28603D
:100440002146FCF78BF800232B60D0E70E4BD869D0
:100450000E4D28602146FCF781F800232B60D2E77F
:10046000094B586A094D28602146FCF777F80023AC
:100470002B60D4E7044B986A044D28602146FCF7B2
:100480006DF800232B60D6E7B8920120B4920120CA
:10049000F8B50020D7F706FE05463B4F386000222E
:1004A0001146D8F747FE8022A0212846D8F77AFEC9
:1004B0000024224621462846DCF7D5FC3C224FF496
:1004C0007A712846F2F71AF90646B8600C222E21F6
:1004D000D8F730FE452211463046D8F763FE4BF67A
:1004E00064013046D7F7EAFD224648F652513046BD
:1004F000DCF7DFFC224696213046DCF7EBFC284691
:10050000FBF712FB0646F86051222921D8F712FEAC
:1005100042F2D17211463046D8F744FE224641F6E7
:1005200004713046DCF7DDFC18493046FCF716F85C
:100530002846FBF7F9FA0546386161222721D8F7EA
:10054000F9FD42F2D17211462846D8F72BFE224619
:1005500021462846DCF787FC22464FF0FF3128462B
:10056000DCF7BFFC22460A492846DCF7D2FC2246CB
:1005700021462846DCF7D4FC06492846FCF752F809
:10058000FFF70CFFF8BD00BFB8920120D454030858
:1005900004DF0408285A03082DE9F84F0020D7F794
:1005A00081FD0646D34F786000221146D8F7C2FD80
:1005B0008022A0213046D8F7F5FD4BF27431304649
:1005C000D7F77CFD00213046DAF72AFA00213046C1
:1005D000DAF739FA0024224621463046DCF743FC9C
:1005E0003046F9F74BFC0546786122460821D8F7DA
:1005F000A1FD692291212846D8F7D4FDDFF800A398
:1006000051462846D7F75AFD21462846DAF708FA18
:1006100021462846DAF717FA21462846DAF723FA60
:1006200021462846DAF72AFA224644F66B51284634
:10063000DCF719FC2246FF212846DCF725FC304672
:10064000FBF772FA0546B86174222146D8F772FDAD
:1006500042F2D17211462846D8F7A4FD4BF6743108
:100660002846D7F72BFD21462846DAF7D9F9214647
:100670002846DAF7E8F921462846DAF7F4F9214660
:100680002846DAF7FBF94FF6FF7922464946284615
:10069000DCF727FCDFF86CB2224659462846DCF727
:1006A00038FC2246FF212846DCF72CFC22461E217E
:1006B0002846DCF7CAFB224605212846DCF7CCFB9E
:1006C00022464FF0F8012846DCF7CDFB2246FF21F9
:1006D0002846DCF7D9FBDFF8308241462846FBF795
:1006E0003DFF3046FBF720FA0546F86174226C2185
:1006F000D8F720FD42F2D17211462846D8F752FDB4
:100700004BF674312846D7F7D9FC224621462846B5
:10071000DCF7E7FB224659462846DCF7FAFB22467F
:10072000FF212846DCF7EEFB224611212846DCF7A4
:100730008CFB224605212846DCF78EFB2246FF2152
:100740002846DCF7A1FB22464EF207112846DCF7CB
:100750008AFB41462846FBF701FF3046FAF72CFD9D
:10076000054669222146D8F7E5FC42F2D1721146CE
:100770002846D8F717FD60492846FAF729FD514663
:100780002846D7F79BFC2246FF212846DCF78AFB48
:10079000224621462846DCF74AFB22460A21284603
:1007A000DCF730FB224621462846DCF747FB224691
:1007B0003C212846DCF718FB3046FBF7B5F9054627
:1007C000386276223D21D8F7B5FC42F2D17211464B
:1007D0002846D8F7E7FC224649462846DCF781FB45
:1007E0002246FF212846DCF78DFBDFF820912246C8
:1007F00049462846DCF78DFB224621462846DCF791
:100800008FFB224616212846DCF71FFB22460521D6
:100810002846DCF721FB39492846FBF703FF304621
:10082000FBF782F9054678626A224121D8F782FCFB
:1008300042F2D17211462846D8F7B4FC4BF6743117
:100840002846D7F73BFC45F6057B22465946284605
:10085000DCF747FB224649462846DCF75AFB22468E
:10086000FF212846DCF74EFB2246FF212846DCF715
:100870000BFB44F64A1A224651462846DCF7F3FAA7
:1008800041462846FBF76AFE3046FBF74DF9054620
:10089000B8626A226C21D8F74DFC42F2D17211463F
:1008A0002846D8F77FFC4BF674312846D7F706FC6C
:1008B000224659462846DCF714FB2246494628467C
:1008C000DCF727FB2246FF212846DCF71BFB2246EC
:1008D000FF212846DCF7D8FA224651462846DCF7A5
:1008E000C2FA41462846FBF739FEFFF773FDBDE823
:1008F000F88F00BFB8920120F4360508345A030877
:1009000074BB010074BA0408D45403084C140508DD
:10091000012800D9704708B5024B53F8203098479A
:1009200008BD00BFF000002030B583B0F2F7ECFD49
:1009300004460520F3F7FCFC05460020F3F7F8FC1D
:100940000246084B0093012329462046E9F7AAFDF9
:1009500001462046D6F7B2F9FFF79AFDFFF71CFED5
:1009600003B030BD04DF040800B583B0013800B225
:10097000084B1880B0F1FF3F1ABF074B53F8200017
:10098000002000230093C8220921D6F7C7F903B03D
:1009900000BD00BFF8000020B892012008B5FFF7A5
:1009A000C3FF0120FFF7E0FF08BD000008B5034BBF
:1009B000B3F90000FFF7ACFF08BD00BFF80000204E
:1009C000024B0146186800F025B800BF080100205E
:1009D00070B50F4E0C463168054611B901F092F81A
:1009E00030602146284601F08DF8431C03D14FF0BA
:1009F000FF34204670BDC41C24F00304A042F8D08C
:100A0000211A284601F07EF80130F2D1EFE700BF4D
:100A1000E49201202DE9F843CD1C25F003050835AB
:100A20000C2D38BF0C25002D064601DBA94204D948
:100A30000C2333600020BDE8F883DFF8D48000F099
:100A400069F8D8F800301C4644BB29463046FFF709
:100A5000BFFF431C044658D1D8F800402746002F5A
:100A600043D1002C4BD023683946304604EB0309B0
:100A700001F048F8814542D121686D1A2946304677
:100A8000FFF7A6FF01303AD023682B442360D8F843
:100A900000305A6862BBC8F800700FE02268521B31
:100AA00020D40B2A17D96119A342256018BF5960B9
:100AB000636808BFC8F8001062514B60304600F010
:100AC0002FF804F10B00231D20F00700C21A1CBFF1
:100AD0001B1AA350AFE76268A3420CBFC8F80020FE
:100AE0005A60EBE723466468AEE73C467F68B6E7AA
:100AF0001A465B68A342FBD100235360DEE70C2358
:100B00003360304600F00CF894E70560D6E700BF8C
:100B1000E8920120014801F042B800BF2C94012066
:100B2000014801F03DB800BF2C9401202DE9FF479A
:100B300057EC106B002F0C4619463B46BBBF07F124
:100B400000431F4600232D230B700D9BDDF830A0C2
:100B5000914623F02008BCBF32461646B8F1460F36
:100B600005D0B8F1450F00D10134022100E0032186
:100B700003AB019302AB009347EC106B5346224644
:100B800001F0D2F8B8F1470F054619D119F0010F5D
:100B90000ED000EB04090022002330463946CFF77F
:100BA000ABFF08B1CDF80C903022039B4B451ED310
:100BB000039B0E9A5B1B2846136004B0BDE8F087C8
:100BC000B8F1460F00EB0409E5D10378302B0AD1C8
:100BD0000022002330463946CFF78EFF18B9C4F102
:100BE0000104CAF80040DAF800309944D3E7591CF0
:100BF00003911A70D9E7F7B50029BABF49422D23EE
:100C00002B2309290270437029DD0DF107042546C5
:100C10000A272246B1FBF7F607FB1613303302F81A
:100C2000013C0B46632B04F1FF343146F1DC3031DB
:100C3000931E04F8011C411C1C46AB420AD30DF163
:100C400009039B1AA54238BF0023821C1344181ABB
:100C500003B0F0BD13F8016B01F8016FEDE730232D
:100C600030318370C170031DF1E700002DE9F04FB2
:100C70008DB00C46DDF8588016461F46054600F03C
:100C800009FF036806931846CFF70AFB00230A936F
:100C9000D8F8003094F818A0D4F800B007900733C3
:100CA00023F00703B3EC027B8DED047BC8F8003022
:100CB000DDE9048323F0004984ED127B9C4B4FF067
:100CC000FF3240464946CFF749FF70BB984B4FF083
:100CD000FF3240464946CFF723FF30BBDDE9040130
:100CE00000220023CFF712FF10B12D2384F84330E8
:100CF000904A914BBAF1470F8CBF90469846032318
:100D000023612BF0040323604FF000090097334662
:100D10000BAA2146284600F0D1F9013040F08C8022
:100D20004FF0FF300DB0BDE8F08FDDE90423104631
:100D30001946CFF713FF40B1059B804A002BBCBF7B
:100D40002D2384F843307E4BD4E763685A1C0AF0A5
:100D5000DF093BD1062363604BF4806200232260ED
:100D600003930AABCDE901A309AB009361689DED44
:100D7000040B0DF123032846FFF7D8FEB9F1470F06
:100D80000999804629D1C81C02DB63688B4241DA8D
:100D9000AAF1020A5FFA8AFA0139524604F15000B8
:100DA0000991FFF728FF0A9A1318012A8146236147
:100DB00002DC2268D20701D5013323619DF823307C
:100DC000002BA3D02D2384F843309FE7B9F1470FC0
:100DD000C2D1002BC0D10123BDE7BAF1650FDBD929
:100DE000BAF1660F18D1002963680BDD216113B9D0
:100DF0002268D00702D501330B442361A1654FF06F
:100E00000009DBE713B92268D20701D50233F4E702
:100E10000123F2E74FF0670A0A9B8B4205DC236847
:100E20002161D807EAD54B1CE7E70029D4BFC1F1FF
:100E3000020201221344E0E723685A0507D423691C
:100E4000424631462846B84701302BD168E7BAF10F
:100E5000650F40F2DD80D4E9120100220023CFF7B4
:100E60004BFE002833D0374A012331462846B84785
:100E700001303FF455AFDDE90938434502DB236813
:100E8000D8070FD5DDE9062331462846B84701309B
:100E90003FF446AF4FF0000908F1FF3804F11A0A99
:100EA000C84509DC23689B0700F10381E0680B9BC0
:100EB0009842B8BF184635E70123524631462846C6
:100EC000B84701303FF42CAF09F10109E8E7099B6D
:100ED000002B39DC1B4A012331462846B847013034
:100EE0003FF41EAFDDE9093959EA030302D1236853
:100EF000D907D7D5DDE9062331462846B847013062
:100F00003FF40EAF4FF0000A04F11A0B099B5B424D
:100F1000534501DC4B4693E701235A4631462846A8
:100F2000B84701303FF4FCAE0AF1010AEEE700BF1A
:100F3000FFFFEF7FA4450508A0450508AC4505085F
:100F4000A8450508B0450508A36DDDF828A0534560
:100F5000A8BF5346002B994636DC4FF0000B29EA18
:100F6000E97904F11A02A36D0493A3EB09035B452D
:100F700031DC099B9A453ADC2368DA0737D4099BB0
:100F8000AAEB0309049BAAEB03039945A8BF994662
:100F9000B9F1000F33DC4FF0000829EAE97904F1D8
:100FA0001A0B099BAAEB0303A3EB090343457FF745
:100FB00079AF01235A4631462846B84701303FF4FD
:100FC000AFAE08F10108ECE7424631462846B84783
:100FD0000130C2D1A4E60123314628460492B84725
:100FE00001303FF49DAE049A0BF1010BBBE7DDE944
:100FF000062331462846B8470130C0D190E6049A0E
:101000004B46424431462846B8470130C3D187E6B3
:10101000DDF828A0BAF1010F01DCDB0736D501238A
:10102000424631462846B84701303FF479AEDDE903
:10103000062331462846B84701303FF471AED4E963
:101040001201002200230AF1FF3ACFF755FDC0B983
:10105000534608F1010231462846B84701300CD109
:101060005EE601235A4631462846B84701303FF430
:1010700057AE08F10108D045F3DB4B4604F15002AE
:10108000DFE64FF0000804F11A0BF4E701234246B3
:10109000E1E701234A4631462846B84701303FF48C
:1010A0003FAE08F10108E3680B995B1A4345F0DC99
:1010B000FCE64FF0000804F11909F4E72DE9F047C8
:1010C000164698468A680B69DDF820909342B8BFAF
:1010D0001346336091F8432007460C460AB10133AA
:1010E00033602368990642BF336802333360256852
:1010F00015F0060506D104F1190AE36832689B1A57
:10110000AB4226DC94F843302268003B18BF012331
:1011100092062BD404F1430241463846C8470130B9
:101120001ED02368226903F00603042B02BFE56882
:101130003368ED1AA3680CBF25EAE57500259342D4
:10114000C4BF9B1AED1800261A34B5421AD10020EC
:1011500008E00123524641463846C847013003D1D2
:101160004FF0FF30BDE8F0870135C6E7E1185A1CA3
:10117000302081F84300224494F8451082F843104F
:101180000233C7E70123224641463846C8470130AB
:10119000E6D00136D9E700002DE9F0430D7E85B099
:1011A000782D90460C9E07460C46994601F1430265
:1011B00007D8622D0AD8002D00F0D780582D00F0F6
:1011C000BC8004F1420684F842503BE0A5F1630381
:1011D000152BF6D801A151F823F000BF35120308F2
:1011E00049120308C3110308C3110308C3110308FC
:1011F000C311030849120308C3110308C3110308EC
:10120000C3110308C3110308511303087312030821
:1012100003130308C3110308C3110308731303085E
:10122000C311030873120308C3110308C311030891
:101230000B13030833681A1D1B68326004F1420661
:1012400084F842300123A1E033682068191D316021
:10125000060601D51D6803E04506FBD5B3F900502D
:10126000002D03DA2D236D4284F843305B480A23B6
:1012700011E021683368080653F8045B02D449067C
:1012800048BFADB23360237E54486F2B5CD1082336
:10129000002184F843106668A660002E05DB2168F3
:1012A0002E4321F00401216050D01646B5FBF3F126
:1012B00003FB115C10F80CC006F801CDAC46634589
:1012C0000D46F3D9082B0BD12368DB0708D523691A
:1012D00061689942DEBF302306F8013C06F1FF3613
:1012E000921B2261CDF80090434603AA214638465E
:1012F000FFF7E4FE01304ED14FF0FF3005B0BDE8FE
:10130000F083236843F0200323603548782584F870
:1013100045502368316813F0800F51F8045B03D106
:1013200013F0400F18BFADB23160D90744BF43F08E
:10133000200323601DB11023AAE72848E7E72368AC
:1013400023F020032360F6E70A23A1E71646B9E756
:10135000336825686169181D30602E061B6801D549
:10136000196002E06806FBD5198000232361164648
:10137000B8E733681A1D32601E6862680021304683
:10138000CEF73EFF08B1801B6060636823610023D5
:1013900084F84330A6E72369324641463846C847B9
:1013A0000130A9D023689B0713D4E068039B9842BF
:1013B000B8BF1846A2E70123324641463846C8471F
:1013C000013099D00135E36803995B1AAB42F2DC36
:1013D000EBE7002504F11906F5E700BFB245050863
:1013E000C34505082DE9F04F87B0914603938B68FC
:1013F0005A1EB2F5AE7F81BF6FF4AE7503EB050BDD
:1014000040F25D138B600B680A464FF0000543F411
:10141000F06342F81C3BCDE9045580460C4698BF6A
:101420004FF0000B01921646AA462F460295A2687D
:101430005AB1D9F800301B784E2B63D8402B3BD8DB
:10144000A3F12B01C8B20E2839D91FB1236823F4A8
:10145000807323600AF1FF3ABAF1010F00F21481A0
:10146000019B9E4200F20581012007B0BDE8F08F8C
:10147000A3F161020D2AE8D801A151F822F000BFC2
:10148000C91503084B1403084B1403084B14030835
:1014900025160308FF1503084B1403084B14030813
:1014A000D71503084B1403084B1403084B14030807
:1014B0004B14030893150308A3F14102DAE70E2940
:1014C000C3D801A050F821F0831503084B1403087A
:1014D00083150308131603084B1403082515030886
:1014E00069150308691503086915030869150308D8
:1014F00069150308691503086915030869150308C8
:10150000691503086E2B09D8602BB1D8542B7BD0FA
:10151000592B9AD1072D98D108252FE0742B73D021
:10152000792BF6E72168C8051ED521F080012160DE
:101530000137BBF1000F03D001320BF1FF3BA2607A
:10154000A368013BA360236901332361D9F8043008
:10155000013B002BC9F8043040F38280D9F80030F9
:101560000133C9F8003062E71AEB05017FF46DAF73
:10157000226822F4C07222600D468A4606F8013BBA
:10158000DEE7226810067FF560AF22F0800222605D
:10159000F4E7BAF1000F0CD177B9226802F4E061E8
:1015A000B1F5E06F08D122F4F06222604FF0010A39
:1015B000E4E7BAF1020F50D0012D02D0042D7FF4E0
:1015C00044AF0135EDB2D9E7BAF1010F7FF43DAF79
:1015D0004FF0020AD2E775B9002F7FF437AF2268C7
:1015E00002F4E061B1F5E06F40F0028122F4F062B4
:1015F00022600125C2E7032DE3D0052DDFE7022D90
:101600007FF423AF0325B9E7062D7FF41EAF07252E
:10161000B4E7226891057FF518AF22F420722260AA
:101620000297ABE7226802F4A061B1F5806F05D0A4
:1016300050057FF50AAF002F00F0DA80910558BF02
:10164000029922F4F06258BF791A42F4C07258BF6E
:10165000CDE904162260002790E74FF0030A8DE7DA
:10166000D4F8803149464046984700283FF4DFAE21
:10167000EBE6D4F87C3116F8011D4A4640469847FF
:101680002369013B2361EBE66B1E062B24D8022D58
:1016900036D8019B9E427FF6E7AED4F87C3116F82F
:1016A000011D4A46404698472369013B2361F0E704
:1016B000D4F87C311BF8011D4A46404698472369FF
:1016C000013B23610AF1FF3A5FFA8AFABAF1020F8D
:1016D000EED1033DEDB2761B2368DA0530D55D050A
:1016E00011D5019B9E427FF6BFAED4F87C3116F82F
:1016F000011D4A46404698472369013B2361F0E7B4
:10170000AA46B346DEE716F8011C2369652903F1F2
:10171000FF3306F1FF3523610CD045290AD0D4F8F8
:101720007C314A4640469847236916F8021C013B23
:10173000B51E2361D4F87C314A46404698472E4670
:10174000226812F0100201D000208EE63270236869
:1017500003F4C063B3F5806F24D1029B9F420AD08B
:10176000DA1B04F26F139E4228BF04F5B7762149B5
:10177000304600F007F901990022404602F0ACFB28
:10178000039B21681B68880757EC106B03F1040268
:1017900015D503990A601B68C3E90067E368013344
:1017A000E360D1E7049B002BE5D005990A230131C2
:1017B000404602F011FC049B059EC21AD1E711F0CD
:1017C000040F03990A60E6D11D6832463B46304655
:1017D0003946CFF7C3F928B1074800F0F9F985ED8C
:1017E000000ADBE730463946CFF716FA2860D5E71E
:1017F00000272FE6D445050814460508002310B538
:101800000446C0E90033C0E9043383608181436644
:10181000C2818361194608225C3000F032F90D4B19
:1018200063620D4BA3620D4BE3620D4B23630D4BC3
:1018300024629C4206D003F16802944202D0D03365
:101840009C4205D104F15800BDE8104000F0A6B953
:1018500010BD00BFC9190308EB190308231A0308B8
:10186000491A0308EC920120024A0349034800F098
:101870006BB800BFFC000020914303080C0100205E
:1018800041680C4B994210B5044601D002F080FD2E
:10189000A168094B994202D0204602F079FDE16827
:1018A000064B994204D02046BDE8104002F070BDBE
:1018B00010BD00BFEC92012054930120BC93012085
:1018C0000C4B0D4A0D4810B504211A600022FFF799
:1018D00095FF0A4B01221C46092103F16800FFF71E
:1018E0008DFF04F1D0000222BDE810401221FFF765
:1018F00085BF00BF2494012069180308EC920120E1
:10190000014800F04CB900BF2D940120014800F0BF
:1019100047B900BF2D94012010B50446FFF7F0FF32
:10192000236A1BB1BDE81040FFF7F0BF044B2362F0
:10193000044B1B68002BF5D1FFF7C2FFF2E700BF95
:1019400081180308249401202DE9F84307468846AE
:1019500014460026D4E90195B9F1010905D524689A
:10196000002CF7D13046BDE8F883AB89012B07D9AD
:10197000B5F90E30013303D029463846C047064337
:101980006835E9E70EB410B59DB01FAB0290069024
:101990006FF000410A48079104910A4953F8042B5B
:1019A0000591002402A9006801931B9402F076FBC4
:1019B000029B1C701DB0BDE8104003B0704700BF13
:1019C000080100200802FFFF10B50C46B1F90E1007
:1019D00000F086F80028ABBF636DA3891B1823F4C1
:1019E0008053ACBF6365A38110BD2DE9F0411F4654
:1019F0008B89DB0505460C46164605D5B1F90E1058
:101A00000223002200F05AF8A389B4F90E1023F43F
:101A10008053A38132463B462846BDE8F04100F0A2
:101A200081B810B50C46B1F90E1000F047F8B4F9C2
:101A30000C30421C0BBF23F4805343F48053A3812A
:101A4000A38118BF606510BDB1F90E1000F026B873
:101A5000884210B501EB020402D98442234607D81C
:101A6000431EA14207D011F8012B03F8012FF8E71C
:101A70000244824200D110BD13F8011D02F8011D7D
:101A8000F7E702440346934200D1704703F8011B75
:101A9000F9E70000004870474802002038B5064DBD
:101AA0000023044608462B60D0F7C2FF431C02D136
:101AB0002B6803B1236038BD2894012038B5074D49
:101AC00004460846114600222A601A46D0F7BAFF9B
:101AD000431C02D12B6803B1236038BD2894012038
:101AE00038B5074D04460846114600222A601A46BA
:101AF000D0F784FF431C02D12B6803B1236038BDAB
:101B00002894012038B5064D0023044608462B6072
:101B1000D0F79AFF431C02D12B6803B1236038BD74
:101B20002894012038B5074D044608461146002286
:101B30002A601A46D0F76FFF431C02D12B6803B10D
:101B4000236038BD28940120014B1868704700BFFE
:101B50000801002070B50D4B0D4D5B1B9C1000263D
:101B6000A64209D103F0A6FA0A4D0B4B5B1B9C1051
:101B70000026A64205D170BD55F8043B98470136B2
:101B8000EEE755F8043B98470136F2E7D4490508DB
:101B9000D4490508D4490508D84905087047704755
:101BA0007047034611F8012B03F8012B002AF9D1E5
:101BB00070470A44914200F1FF3300D1704710B5DD
:101BC00011F8014B03F8014F9142F9D110BD00000B
:101BD0009FED010A704700BF0000C07F1FB514468B
:101BE0001A46094B1B680546D8684CB1074B009153
:101BF000CDE9013406492B4602F0F2FB02F01CFC51
:101C0000044B1C46F3E700BF08010020D945050836
:101C1000E6450508144605082DE9F74F03690C69E8
:101C2000A34207467EDB013C01F11408A30000F14A
:101C30001405009305EB8403019358F8243055F8FC
:101C4000242001339A4208EB8409B2FBF3F62ED329
:101C50004FF0000AC446AE46D3465CF8043B98B247
:101C600006FB00A0020C1B0C06FB0323DEF8002081
:101C700080B292B2121A5A44DEF800004FEA134AB8
:101C80009BB2C3EB224303EB104392B242EA0342FE
:101C9000E1454EF8042B4FEA234BDED2009BEB5874
:101CA0002BB9019B043B9D421A462FD33C61384619
:101CB00001F026F9002825DB2946002058F8042BDE
:101CC000D1F800C01FFA82FE1FFA8CF3A3EB0E03BB
:101CD0000344120CC2EB234202EB1C429BB243EAC8
:101CE0000243C14541F8043B4FEA2240E6D255F891
:101CF000242005EB840322B9043B9D421A460BD3F2
:101D00003C610136304603B0BDE8F08F1268043BF9
:101D1000002ACBD1013CC6E71268043B002AEFD170
:101D2000013CEAE70020EEE72DE9F04F99B08DED98
:101D30000E0B0C92C269229C0A9157EC106B8146E3
:101D4000139382B91020FEF73BFE0246C9F81C002F
:101D500020B9AB4BEF21AB48FFF740FF0023C0E9B0
:101D600001330360C360116859B152684A600123AE
:101D700093408B60484600F03BFED9F81C300022AF
:101D80001A60B7F10008B5BF012300232360236068
:101D90009D4BBCBF28F00048CDF83C8033EA0803D7
:101DA0001AD1139AC8F3130842F20F7358EA0608BF
:101DB000136000F06885239B53B9944B21E0944B4A
:101DC00000930833239A1360009819B0BDE8F08F90
:101DD0008E4B00930333F5E79DED0E7B002251EC13
:101DE000170B00238DED067BCEF786FE824650B1A1
:101DF000139A01231360239B13B1239A854B13601D
:101E0000854B0093E0E79DED060B16AA17A94846FF
:101E100001F09AF95FEA1854169D019079D0079B5A
:101E2000CDF850A0C3F31303DDE9060143F07F535F
:101E300043F44013A4F2FF3419460022774BCEF747
:101E40003BFA69A3D3E90023CEF7EEFB68A3D3E9FD
:101E50000023CEF733FA064620460F46CEF77AFB2C
:101E600065A3D3E90023CEF7DFFB02460B463046DD
:101E70003946CEF723FA06460F46CEF785FE0022F6
:101E80008046002330463946CEF740FE48B14046F2
:101E9000CEF760FB32463B46CEF72EFE08B908F17E
:101EA000FF38B8F1160F51D85D4B03EBC803D3E9E7
:101EB0000023DDE90601CEF729FE002848D008F10D
:101EC000FF38002312932D1B6B1E089343BF002382
:101ED000C5F1010708930027B8F1000F3ADB089B12
:101EE000CDF8348043440893002309930A9B092BBF
:101EF00062D8052BC4BF043B0A930A9BA3F10203DB
:101F0000CCBF00240124032B62D8DFE803F0515337
:101F1000362B179C2C4404F23243202BC1BFC3F153
:101F2000400308FA03F804F2124326FA03F3D6BF7B
:101F3000C3F1200348EA030006FA03F0CEF7FAFAE9
:101F40000122A1F1F873013C149275E70123B9E76E
:101F50001290B8E7C8F1000309930023A7EB080724
:101F60000D93C3E701230B930C9B4344059301336B
:101F7000012B0493B8BF012306E001230B930C9BB4
:101F8000002B28DDCDE90433D9F81C000021042200
:101F900002F114059D4223D94160484600F0EAFC55
:101FA0000090002840D11F4B024640F2AF11D2E60C
:101FB0000023E3E70023D6E701240023CDE90A3418
:101FC0004FF0FF33CDE90433002212230C92DBE7FC
:101FD00001230B93F4E70123CDE904331A46F5E717
:101FE00001315200D4E700BF61436F63A787D23F3E
:101FF000B3C8608B288AC63FFB799F501344D33FF8
:1020000022460508394605080000F07F1E460508EF
:1020100015460508B1450508B04505080000F83F1C
:10202000B047050891460508D9F81C30009A1A6097
:10203000049B0E2B00F2A180002C00F09E80B8F1D2
:10204000000F36DD9E4B08F00F0203EBC20318F4BD
:10205000807FD3E900AB4FEA281516D0994BDDE914
:102060000601D3E90823CEF709FCCDE9020105F00A
:102070000F050324934E75B9DDE9020152465B4614
:10208000CEF7FCFB82468B462DE09DED067B0224BD
:102090008DED027BEEE7E90708D550465946D6E9B3
:1020A0000023CEF7C1FA013482468B466D10083604
:1020B000E1E700F0AD80C8F10005814B814E05F0ED
:1020C0000F0203EBC203D3E90023DDE90601CEF7DB
:1020D000ABFA2D1182468B4600230224002D40F0DE
:1020E0008C80002BCED1129B002B00F09580764B7C
:1020F000002250465946CEF709FD002800F08C809A
:10210000049B002B00F08880059B002B35DD08F137
:10211000FF330293504659466C4B0022CEF784FAA7
:10212000059E82468B4601342046CEF713FA52466E
:102130005B46CEF779FA664B0022CEF7BFF804462D
:10214000A1F15075CDE91045002E69D1614B0022F7
:1021500050465946CEF7B0F822462B4682468B466B
:10216000CEF7F2FC002840F09482224605F10043AD
:1021700050465946CEF7CAFC20BB179B002BC0F235
:102180006081B8F10E0F00F35C814D4B03EBC80387
:10219000D3E900AB0C9B002B80F2EE80049B002B5C
:1021A00000F3EA800ED14B4B002250465946CEF741
:1021B0003BFA02460B46DDE90601CEF7B1FC0028EA
:1021C00000F06A8200252C460C9B009EDB430293A4
:1021D000274600242946484600F00AFC002F00F05C
:1021E000C1802CB1BC4203D02146484600F000FC1F
:1021F0003946484600F0FCFBB4E0EA0705D5D6E9CD
:102200000023CEF711FA013401236D10083665E77B
:10221000DDE906AB022466E7049ECDF8088083E77B
:10222000274B03EBC60353E902010B9B002B55D050
:1022300002460B4600202849CEF720FBDDE910239B
:10224000CEF73AF8009BCDE910019D191E4659467C
:102250005046CEF799FC0446CEF77CF902460B4671
:1022600050465946CEF728F83034DDE9102306F8F9
:10227000014B82468B46CEF749FC002872D152466C
:102280005B4611490020CEF717F8DDE91023CEF7A1
:102290003DFC002840F0B680AE423FF46EAFDDE971
:1022A00010010A4B0022CEF7BFF9084BCDE910010F
:1022B000002250465946CEF7B7F982468B46C6E70C
:1022C000B0470508884705080000F03F000024409B
:1022D00000001C40000014400000E03FDDE9102336
:1022E000CEF7A2F9009B009DCDE910013344159370
:1022F00059465046CEF748FC0446CEF72BF9303409
:102300000B46024659465046CDF7D6FF05F8014B1D
:10231000159B9D4282468B4627D1009B0022DDE91A
:1023200010011E44B34BCDF7C9FF02460B46504681
:102330005946CEF709FC002864D1DDE91023AD49E8
:102340000020CDF7B9FF02460B4650465946CEF75E
:10235000DDFB00283FF411AF334616F8012D302A7B
:10236000FAD01E46DDF808803AE0A34B0022CEF7F3
:102370005BF982468B46BBE7009E52465B46DDE931
:102380000601CEF77BFACEF7FFFB0746CEF7E2F861
:1023900052465B46CEF748F902460B46DDE9060198
:1023A000CDF78AFF07F1300C009C06F801CBA6EBB5
:1023B000040C049C644502460B4633D1CDF77EFFE6
:1023C00052465B4604460D46CEF7BEFBC0B95246A8
:1023D0005B4620462946CEF78FFB08B1FB070FD49A
:1023E0000199484600F004FB0023139A337008F16A
:1023F00001031360239B002B3FF4E6AC1E60E3E473
:10240000CDF8088033461E4613F8012D392A06D12F
:10241000009A9A42F7D1029A013202923022013296
:102420001A709FE7744B0022CEF7FEF802460B4667
:10243000CDE9062300220023CEF75EFB00289CD0C6
:10244000CEE70B9A002A00F0E3800A9A012A00F3F3
:10245000C280149A002A00F0BA8003F23343099D27
:102460003E46089A01211A4448461F44089200F04B
:10247000BDFB044656B1089B002B07DDB342089A0A
:10248000A8BF3346FF1AF61AD31A0893099B0BB359
:102490000B9B002B00F0C380002D00F0BD80214677
:1024A0002A46484600F062FC019A01460446484626
:1024B00000F0B2FB01998246484600F099FA099B68
:1024C0005B1B099300F0AE80099A5146484600F024
:1024D0004DFC01900121484600F088FB0D9B05460C
:1024E000002B00F0D7811A460146484600F03EFC1A
:1024F0000A9B012B054600F39D800E9B002B40F0AC
:1025000094800F9BC3F31303002B40F08E800F9B2E
:1025100023F000431B0D1B05002B00F08980089B56
:102520000133013708934FF0010A0D9B002B00F097
:10253000B7812B6905EB8303186900F00BFBC0F131
:102540002000089B184410F01F007ED0C0F120032B
:10255000042B72DD089BC0F11C00034407440644B1
:102560000893002F05DD01993A46484600F05AFCD1
:102570000190089B002B05DD29461A46484600F0CD
:1025800051FC0546129B002B61D00198294600F0B2
:10259000B7FC00285BDA08F1FF33029301990023AE
:1025A0000A22484600F046FA0B9B0190002B00F0EF
:1025B0007981002321460A22484600F03BFA059B18
:1025C000002B044672DC0A9B022B49DC6EE0169B52
:1025D000C3F1360343E7049B5D1E099BAB420DDB51
:1025E0005D1B049B002BBFF63BAF049BFE1A002330
:1025F00037E700BF0000E03F00002440099B0D9A30
:102600000995EB1A1A440D92049B3E46002528E7D3
:10261000099D0B9C3E462DE7DDF804A054E7099A7E
:10262000019953E7CDF804A054E74FF0000A7CE786
:102630009A467AE74FF0000A7BE792D0089A1C335B
:102640001A441F441E4408928BE70346F6E7049B96
:10265000CDF80880002B23DC05930A9B022B21DD9B
:10266000059B002B7FF4B0AD29460522484600F0BB
:10267000E1F901460546019800F042FC00287FF789
:10268000A3AD009E312306F8013B029B0133029368
:102690009EE535462C46F4E7049DCDF80880F9E721
:1026A000049B05930B9B002B00F00081002E05DDA1
:1026B00021463246484600F0B5FB0446BAF1000F09
:1026C0005AD06168484600F055F9064628B9824B51
:1026D000024640F2EF21FFF73EBB22690232920030
:1026E00004F10C010C30FFF764FA01223146484630
:1026F00000F098FB0746009B009A03F1010B059B35
:10270000134406930E9B03F0010308930BF1FF3370
:10271000294601980493FFF77FFA2146059000F1BE
:10272000300A019800F0ECFB3A46804629464846BC
:1027300000F002FCC268064602BB0146019800F0A8
:10274000DFFB024631464846099200F051F9DDE9C7
:10275000092342EA0301089B19435E4610D1BAF1EE
:10276000390F2BD0B8F1000F02DD059B03F1310AC0
:10277000049B83F800A02DE52746BCE70122E1E792
:10278000B8F1000F06DB0A9B48EA0308089B58EAE9
:10279000030820D1002AEBDD01990122484600F010
:1027A00041FB2946019000F0ABFB002803DCDFD1A0
:1027B0001AF0010FDCD0BAF1390FD6D1049A3923BF
:1027C000137033461E46013B16F8012C392A52D0AD
:1027D00001321A70FEE4002A07DDBAF1390FEDD09C
:1027E000049A0AF101031370F4E4069B0BF801ACA0
:1027F0005B452AD0019900230A22484600F01AF9C5
:10280000BC4201904FF000034FF00A0221464846B7
:1028100006D100F00FF9044607460BF1010B75E7EE
:1028200000F008F93946044600230A22484600F021
:1028300001F90746F1E7059B5E1E002B009BD8BF00
:1028400000265A1C274616440024019901224846B6
:1028500000F0E8FA2946019000F052FB0028B0DCB5
:1028600002D11AF0010FACD133461E4613F8012DE8
:10287000302AFAD0AEE4009A9A42A3D1029B0133E7
:1028800002933123AFE7239B002B7FF498AA134BCD
:10289000FFF7B7BA0A9B012B7FF72FAEDDF834A004
:1028A00001204EE6059B002B7FF7D7AE009E0198D6
:1028B0002946FFF7B1F900F1300A009B06F801AB99
:1028C000F21A059B9342B6DD019900230A2248467D
:1028D00000F0B0F80190EAE79146050815460508B2
:1028E00038B50546002941D051F8043C0C1F002B97
:1028F000B8BFE418FEF70EF91D4A136833B96360D8
:1029000014602846BDE83840FEF70AB9A34208D94A
:10291000206821188B4201BF19685B680918216083
:10292000EDE71A465B680BB1A342FAD9116850185B
:10293000A0420BD120680144501883421160E0D1BD
:1029400018685B68536008441060DAE702D90C230A
:102950002B60D6E7206821188B4204BF19685B689A
:10296000636004BF091821605460CAE738BD00BF26
:10297000E892012070B5C46905460E4684B910205E
:10298000FEF71EF80446E86128B90246164B1748C0
:102990006B21FFF723F90023C0E901330360C36013
:1029A000E36853B921220421284601F04CFDEB696C
:1029B000E060DB680BB9002070BD53F8260030B131
:1029C000026843F826200023C0E90333F4E701211D
:1029D00001FA06F4621D9200284601F034FD002839
:1029E000E9D0C0E90164EEE722460508A2460508E1
:1029F00070B5C66905460C4676B91020FDF7E0FFB4
:102A00000246E86120B9094B09488F21FFF7E6F833
:102A1000C0E901660660C6603CB1EB696268DB68CC
:102A200053F82210216043F8224070BD2246050869
:102A3000A24605082DE9F0410D6907460C461E46E1
:102A400001F1140C0020DCF8003099B202FB0161A6
:102A50001E0C0B0C02FB063389B2013001EB034163
:102A600085424CF8041B4FEA1346ECDC0EB3A36816
:102A7000AB4219DC616838460131FFF77BFF8046C5
:102A800028B902460C4B0D48BA21FFF7A7F8226976
:102A9000023204F10C0192000C30FFF78AF8214653
:102AA0003846FFF7A5FF444604EB850301355E6118
:102AB00025612046BDE8F08191460508A24605083B
:102AC0002DE9F8430C4615461F46092208330646F1
:102AD00093FBF2F3002101229A4209DB3046FFF713
:102AE00049FF40B90246194B1948D321FFF776F840
:102AF00052000131F0E7089B4361092D4FF00103BB
:102B0000036116DD04F10908C1462C4419F8013BA4
:102B10000146303B0A223046FFF78CFFA145F5D134
:102B2000A844A8F108042D1B63199F4204DCBDE8EA
:102B3000F8830A340925F6E714F8013B0146303BD7
:102B40000A223046FFF776FFEEE700BF9146050800
:102B5000A2460508B0F5803F034636BF03040020B7
:102B60001020B3F1807F3CBF1B020830B3F1805FBF
:102B70003CBF1B010430B3F1804F3CBF9B000230CF
:102B8000002B05DB13F0804F00F1010008BF20206F
:102B900070470368024613F007000BD0D90721D411
:102BA000980749BF5B089B08012013605CBF136056
:102BB0000220704799B209B91B0C1020D9B209B98B
:102BC00008301B0A190704BF1B090430990704BF0A
:102BD0009B080230D90703D45B0800F1010003D041
:102BE00013607047002070472020704710B50C46D6
:102BF0000121FFF7BFFE024628B9054B054840F208
:102C00004511FEF7EBFF01234461036110BD00BFD6
:102C100091460508A24605082DE9F04FD1F810901D
:102C2000D2F810A0D14585B08846144604DB53463F
:102C30000C46CA4690469946A36861680AEB0906A5
:102C4000B342B8BF0131FFF795FE30B90246454B9C
:102C500045484FF4B171FEF7C1FF00F1140505EBD3
:102C600086072B460022BB421FD304F1140C08F147
:102C700014010CEB8A0301EB890202921A1B153A2C
:102C800022F0030215349C4288BF00220192029A6E
:102C900003918A420CD8002E03DD57F8043D002B27
:102CA0005DD0066105B0BDE8F08F43F8042BDAE78C
:102CB000B1F800A0BAF1000F24D0E046A9464FF0C9
:102CC000000E58F8042BD9F800401FFA82FBA4B27A
:102CD0000AFB0B444FEA124BD9F8002074444FEA28
:102CE000124E0AFB0BE202EB1442A4B244EA024485
:102CF000434549F8044B4FEA124EE2D8019AAA180C
:102D0000C2F804E0039AB2F802800431B8F1000F6F
:102D100023D02A68E6469146AA464FF0000BBEF83B
:102D2000004008FB04B404EB194492B242EA0442A6
:102D30004AF8042B5EF8042BDAF800904FEA124BA5
:102D40001FFA89F208FB0B2202EB144273454FEA8B
:102D5000124BE4D8019C2C196260043597E7013EC0
:102D600099E700BF91460508A24605082DE9F843FA
:102D7000174612F0030280460D4607D0264C013A52
:102D8000002354F82220FFF755FE0546BF103FD020
:102D9000D8F81C4094B91020FDF712FE0446C8F87C
:102DA0001C0030B902461D4B1D4840F2B311FEF71E
:102DB00015FF0023C0E901330360C360A66846B96C
:102DC00040F271214046FFF711FF0023A060064644
:102DD00003602C464FF0000907F001037F1053B148
:102DE000294632464046FFF717FF21460546404632
:102DF000FFF7FEFD67B1306838B9324631464046CC
:102E0000FFF70AFF3060C0F8009006462C46E3E763
:102E10002846BDE8F88300BF784705082246050824
:102E2000A24605082DE9F84F0C464968236903EBD3
:102E30006218A368074615464FEA621A08F10109AD
:102E40004B450BDB3846FFF795FD064648B9024671
:102E5000294B2A484FF4EF71FEF7C0FE01315B00A9
:102E6000EEE7002300F1140C00F11002194653455F
:102E700035DB22692AEAEA7A0CEB8A0C04F11403A6
:102E800015F01F0E614603EB82022CD0CEF1200A12
:102E9000002518688B4600FA0EF02843CBF8000096
:102EA00053F8045B9A4201F1040125FA0AF5F0D8BF
:102EB000131B153B23F0030304F115018A4238BFAD
:102EC00000239C44CCF8045005B9C1463846C6F8E6
:102ED00010902146FFF78CFD3046BDE8F88F42F890
:102EE000041F0133C3E753F8045B0D609A4201F1FC
:102EF0000401F8D8E9E700BF91460508A246050895
:102F00000A6903460069801A30B50ED114331431B2
:102F100003EB820401EB820154F8045D51F8042DA7
:102F2000954203D005D24FF0FF3030BDA342F3D31A
:102F3000FBE70120F9E700002DE9F74F8A46064636
:102F4000114650461446FFF7DBFF051E12D12946F5
:102F50003046FFF70FFD024628B9414B40F23721BA
:102F60004048FEF73BFE0123C0E90435104603B09C
:102F7000BDE8F08FBCBF5346A2463046DAF80410D5
:102F8000BABF1C4601250025FFF7F4FC024618B91C
:102F9000334B40F24521E3E7DAF810702669C5604B
:102FA0000AF1140904F1140E00F114050AF11003DA
:102FB00009EB87080EEB86060193AB464FF0000C39
:102FC000019B5EF8040B53F804AF01931FFA8AF3D8
:102FD000194683B2CB1A000C6344C0EB1A4000EBD5
:102FE00023409BB243EA004376454BF8043B4FEA4B
:102FF000204CE5D8331B153B153423F00303A642C0
:1030000038BF0023E8184B441C1D04302646A5EBAE
:103010000905464506EB050E0ED308F10301091B11
:1030200021F003010133984538BF0021014451F8D4
:10303000043D9BB1176199E756F8041BE2464FEA3D
:1030400011491CFA81FC514409EB2C4989B241EA2F
:1030500009414FEA294CCEF80010DAE7013FE6E7D4
:1030600091460508A246050882B08DED000B019A35
:103070000F4B1340A3F15073002B08DC5B42B3F1FC
:10308000A07F4FEA235204DA4FF4002313410022B9
:1030900008E0A2F114031E2BDABF4FF00042DA4021
:1030A000012200231946104641EC100B02B0704774
:1030B0000000F07F2DE9F041066900F1140808EBEB
:1030C0008606371F56F8042C1046FFF743FDC0F163
:1030D00020030A280B601B4915DCC0F10B0C22FAF7
:1030E0000CF3B84543EA010534BF56F8083C002309
:1030F000153002FA00F023FA0CF303431C4645ECAA
:10310000104BBDE8F081B8453ABF56F8083CA6F12F
:10311000080700230B3812D0C0F1200123FA01F474
:1031200082402243474542F07F558CBF57F8042C1C
:1031300000228340CA4045F440151343DEE742EACB
:103140000105DBE70000F03F2DE9F7430F460121C1
:1031500059EC108B1646FFF70DFC044630B90246B9
:10316000234B244840F20F31FEF738FDC9F30A55CE
:10317000C9F313030DB143F480130193B8F10003B5
:1031800023D068460093FFF704FD0099D8B1019A57
:10319000C0F1200302FA03F30B43C24063610192C2
:1031A000019BA361002B0CBF012202222261A5B169
:1031B000A5F2334505443D60C0F13500306020463E
:1031C00003B0BDE8F0836161EAE701A8FFF7E1FC25
:1031D000019B636120300122E8E704EB8203A0F247
:1031E000324038601869FFF7B5FCC0EB4210E5E7E4
:1031F00091460508A24605082DE9F04F85B0CDE9B6
:10320000001002A9FFF756FF009803A955EC104BD8
:10321000FFF750FF019B1969009B1B69C91ADDE983
:1032200002329B1A5BEC10AB03EB4113002BCEBFB9
:103230002A46C3EB03335A462F46D946CCBF02EB8E
:10324000035702EB03594B46524620463946CDF709
:1032500015FB41EC100B05B0BDE8F08F013970B5DE
:1032600049111469013102F1140300EB810103EBF0
:103270008404051FA3420CD3A31A113B23F00303BC
:103280001132944238BF002318440023884205D3EA
:1032900070BD53F8046B45F8046FEBE740F8043B4E
:1032A000F4E700F1140200694B11984210B511DBEC
:1032B0000ADD11F01F0107D052F8234024FA01F073
:1032C00000FA01F18C420BD102EB8303934203D845
:1032D000002010BD0346F7E753F8041D0029F5D080
:1032E0000120F6E770B504460D4645EC104B164636
:1032F000FFF7BAFE51EC100B7EB1C5F30A53C3F1D0
:103300006B03002B09DD1B0503F17F55002405F538
:10331000401522462B46CDF787F941EC100B70BDC6
:103320002DE9F04F9DB00E461592002204901892A0
:103330004FF000084FF0000917910A782B2A0D462C
:1033400001F101011DD00BD80D2A06D8082AF3D8A7
:103350007AB100230B939A4683E0202AECD0F8E759
:103360002D2A10D10122691C17910B926A78002A2C
:1033700037D1159B1796002B40F0958542464B465A
:103380002AE00022EFE700210B91302A40F09B80D9
:103390006A7802F0DF02582A5AD102930B9B0193FC
:1033A00018AB0093814A049819AB17A901F0C6F82D
:1033B00010F00F06044605D0062E14D10135002367
:1033C00017950B93159B002B40F06F850B9B002BE3
:1033D000D4D0424609F1004343EC102B1DB0BDE8A8
:1033E000F08F0D46D1E7189A3AB135211AA8FFF7A8
:1033F00035FF18990498FFF7FBFA013E042E06D812
:10340000DFE806F014031E211400DDE91A89E00547
:1034100048BF49F0004929F000431B0D1B05002B54
:10342000D0D1FEF791FB22230360CBE7DDE91A83BD
:10343000199A23F4801302F2334243EA0259E6E771
:10344000DFF87091E3E76FF000494FF0FF38DEE7F7
:10345000013517952B78302BFAD0002BB2D04FF0D6
:10346000010A00272B460E97BB460A21184613F87F
:10347000014BA4F13002092A28D94D49012200F05C
:10348000C1FF002834D00020CDE9060022465C466A
:10349000652A01D0452A14D124B95AEA00033FF421
:1034A00068AF0024179E731C179372782B2A73D071
:1034B0002D2A77D04FF0000CA2F13003092B7FD9D1
:1034C000179600239EE04FF0000ACAE7BBF1080FF1
:1034D000D8BF0E9A1793DBBF01FB0242303A01FBC3
:1034E00007420E92C8BFA2F130070BF1010BBDE7F6
:1034F000179B5A1C17925A78BBF1000F33D00690D5
:103500005C46A2F13003092B12D901230793BFE7D0
:10351000179B5A1C17925A780130302AF8D0A2F122
:103520003103082B00F2C6840690179D0020044644
:10353000303A00F1010310D0069919440691204455
:103540000A23A04211D1082800F1010419DC0E99C8
:103550000A2303FB01230E930023179A511C179192
:1035600052781846CDE75846D7E7082C04F10104F5
:1035700003DC0E9959430E91E3E7102CD8BF5F434B
:10358000DFE70F28DCBF0A2303FB0727E4E700215E
:103590000123CDE9061380E74FF0000CB31C17930D
:1035A000B27889E74FF0010CF8E700BF8C480508B6
:1035B000FB4605080000F07F179B5A1C17925A78AB
:1035C000302AF9D0A2F13103082B3FF67AAF179BCE
:1035D0000593A2F1300E013317931A78A2F130014E
:1035E00009293CD905995B1A082B44F61F633CDC7A
:1035F0009E457146A8BF19460591BCF1000F02D047
:10360000059B5B420593002C50D15AEA00007FF4E1
:10361000D9AE079B002B7FF4ACAE692A29D026DCFB
:10362000492A26D04E2A7FF4A4AEA14917A801F05A
:10363000A7F900283FF49DAE179B1B78282B2FD1AC
:103640009C491AAA17A801F0AFF9052828D11B9B9D
:10365000DDF8688043F0FF4949F4E009B2E60A2149
:1036600001FB0E22A2F1300EB5E70593C5E76E2AE5
:10367000D9E7914917A801F083F900283FF479AE02
:10368000179B8E49013B17A8179301F079F910B9E0
:10369000179B01331793DFF834924FF0000891E63F
:1036A000874800F0C1FE59EC108B8BE6DDE905324E
:1036B0000E989B1ABBF1000F08BFA346102C0A936B
:1036C000A246A8BF4FF0100ACCF734FF092C804661
:1036D000894613DC0A9B002B3FF474AE0A9B73DD12
:1036E000162B5ADC774901EBC301D1E900014246B0
:1036F0004B46CCF799FF8046894663E6714B03EB56
:10370000CA0353E91223CCF78FFF80463846894617
:10371000CCF710FF02460B4640464946CCF7CEFD9B
:103720000F2C80468946D5DD0A9BA4EB0A0A9A44F1
:10373000BAF1000F40F397802AF00F061AF00F0A33
:1037400051D1B6F59A7F5EDC0023DFF87CA13611FB
:10375000404649461F46012E79D10BB18046894625
:103760005949A9F1547901EBC70142464B46D1E9C9
:103770000001CCF759FF554B0A460B4054498B4288
:10378000804640D8A1F580118B4286BFDFF8449176
:103790004FF0FF3802F1547932E00A9AC4F1250360
:1037A0009342C1DB474DC4F10F0405EBC40142460F
:1037B0004B46D1E90001CCF737FF0A9B1C1B05EBF8
:1037C000C405D5E9002394E71633ADDBDDE9052315
:1037D0009A1A3C4B03EBC203D3E900234046494607
:1037E000CDF74CF887E7374901EBCA0142464B4613
:1037F000D1E90001CCF718FF80468946002EA0D100
:1038000000230793A0E0002405940E940694049AE4
:10381000DFF8B890222313604FF000080E9B002BB6
:103820003FF4D0AD18990498FFF7E2F80699049890
:10383000FFF7DEF8DDE90401FFF7DAF80E990498E6
:10384000FFF7D6F804982146FFF7D2F8BAE5F20759
:1038500004D5DAE90023CCF7E7FE0123013776101F
:103860000AF1080A77E7CBD0CAF1000A4FEA2A1614
:103870001AF00F0A0DD11F2E2EDD002405940E9490
:103880000694049A22234FF000084FF000091360B9
:10389000C4E70C4B03EBCA0340464946D3E9002377
:1038A000CCF7ECFF80468946002EA9D0E3E700BFA5
:1038B000AD45050878480508A545050818460508DA
:1038C00014460508B0470508884705080000F07F42
:1038D0000000A07CFFFFEF7F16F0100318BF6A23E3
:1038E000764F0793404649460023F20704D5D7E9AF
:1038F0000023CCF799FE0123761007F10807F4D1D5
:103900000BB180468946079BB3B1C9F30A52C2F195
:103910006B03002B49460FDD1F2B57DD342BDEBF19
:103920004FF0FF33C2F14B0293404FF00008CCBF81
:103930004FF05C7903EA0109002200234046494622
:10394000CDF7DAF8002898D10E9B0093049823460F
:103950005A462946FFF7B4F80E9000283FF453AFBB
:10396000DDE905239B1A0A9A002AA8BF00231293B7
:10397000002422EAE273149305940E9B049859687C
:10398000FEF7F8FF069000283FF441AF0E9B1A693E
:10399000023203F10C0192000C30FEF70AF949ECF7
:1039A000108B04981AAA19A9CDE90C89FFF7CCFB52
:1039B000189000283FF42BAF04980121FFF716F967
:1039C0000590034648B90023059320E74FF0FF32E6
:1039D00002FA03F303EA0808AEE7199D1A9A002DCC
:1039E000ABBF129B149B149E129FACBFEF185E1BC3
:1039F000079BED1A1544324B013D9D42C2F1360240
:103A00004FDA5B1B1F2BA2EB03024FF001013CDCE2
:103A100001FA03FA4FF0000BBD18079BAF421644A2
:103A20001E443B46A8BF2B46B342A8BF3346002BDB
:103A3000C2BFED1AF61AFF1A129B002B16DDDDE944
:103A400004011A46FFF792F905900028BBD0014601
:103A5000189A0498FFF7E0F80F9000283FF4D7AECB
:103A600018990498FEF7C4FF0F9B1893002D1BDCD8
:103A70000A9B002B26DD149A06990498FFF776F925
:103A80000690F8B900230693C1E6C5F17F4505F518
:103A90007F0505F57B45E23501FA05FB4FF0010A8C
:103AA000BAE74FF0000BF9E7189904982A46FFF798
:103AB000B9F918900028DBD1A9E600BFA048050895
:103AC00002FCFFFF002E07DD069904983246FFF73F
:103AD000A9F906900028D5D0002F08DDDDE9040102
:103AE0003A46FFF79FF9059000283FF490AE069AFA
:103AF00018990498FFF720FA044600283FF487AE8F
:103B0000C3680F9300230599C360FFF7F9F90028F4
:103B10003CDA0F9B53EA08035ED1C9F313034D4609
:103B2000002B59D129F000431B0D1B05B3F1D66FB3
:103B300052D9636913B92369012B4DDD2146012256
:103B40000498FFF76FF905990446FFF7D9F90028A3
:103B500042DDAD4B079A2B40002A5FD0B3F1D66F00
:103B60005CD8B3F15C7F7FF68CAEA84B40464946EB
:103B70000022CCF759FDA44B0B4080468946002B10
:103B80007FF450AE049A222313604BE64D4662D177
:103B90000F9AC9F3130342B39D4A934228D1079B5E
:103BA0004146EBB1984B2B40B3F1D46F4FF0FF324D
:103BB00019D81B0DC3F16B0302FA03F3994217D115
:103BC000944B9D4202D101313FF421AE8E4B2B40EC
:103BD00003F580194FF00008079B002BC5D121E6A3
:103BE0004FF0FF33EAE71346E8E753EA0803B0D0A3
:103BF000BBF1000F1BD01BEA050FEDD00F9B079AFE
:103C000040464946B3B1FFF76DFBDDE90C0153ECCB
:103C1000102BCCF753FB80468946DDE7A3F58013D4
:103C20006FEA13596FEA09594FF0FF38D4E71AEADF
:103C3000080FE2E7FFF756FBDDE90C0153EC102B10
:103C4000CCF73AFB0022002380468946CCF754FF8C
:103C50000028C1D015E605992046FFF7CDFA57ECAC
:103C6000106B00224FF0804330463946CCF758FFA6
:103C7000002870D00F9B002B7BD1B8F1000F56D1DC
:103C8000C9F31303002B58D1634B00223046394649
:103C9000CCF73CFF002859D1604B00223046394612
:103CA000CCF7C2FC82468B460BF10043CDF820A036
:103CB0000993554B544A2B401393594B2A409A422F
:103CC000DDE9086740F0B080A5F1547949EC108B2C
:103CD000FFF7CAF9DDE9082351EC100BCCF7A4FC7F
:103CE00042464B46CCF7EAFA474D4E4A0D409542C4
:103CF000804645D90D9A474B9A4203D10C9B01331C
:103D00003FF485ADDFF80C914FF0FF381899049817
:103D1000FEF76EFE06990498FEF76AFEDDE90401DF
:103D2000FEF766FE04982146FEF762FE25E6B8F12E
:103D3000010F02D1002D3FF4A4AD9FED2B7BDFF8E6
:103D4000D8B08DED087B4FF0000AB2E7DFF8CCB0B9
:103D50004FF0000AA8E7314B002230463946CCF735
:103D600063FC0F9B82468B46002B9DD0CDE908ABB0
:103D70009FE79FED1F7B8DED087B5BEC17AB98E712
:103D800001F15479079B002BC0D129F00043139A0D
:103D90001B0D1B059A42B9D150465946CCF7A4FFDA
:103DA000CCF714FC02460B4650465946CCF784FA31
:103DB0000F9AC9F3130343EA0803134306460F4659
:103DC0006BD00DA3D3E90023CCF7A0FE00287FF42D
:103DD00029AD0BA3D3E9002330463946CCF7B4FE16
:103DE000002893D01EE500BF000000000000F0BFD7
:103DF000000000000000F03F9535A094FFFFDF3F7A
:103E000035E5AF350000E03F0000F07F000050399D
:103E1000FFFF0F00FFFFEF7F0000F03F0000E03FDB
:103E20000000E07FFFFF9F7C079B13B3139BB3F160
:103E3000D46F1ED824A3D3E9002350465946CCF7AB
:103E40006FFE90B159465046CCF7C6FE012838BFE8
:103E50000120CCF76FFB0F9B82468B46D3B901F153
:103E6000004310901193DDE91067139A07F1D663B0
:103E70009F1A9DED0C0BFFF7F7F8304653EC102B13
:103E80003946CCF7D1FBDDE90C23CCF717FA804695
:103E9000894677E7CDE910ABE5E70DA3D3E9002329
:103EA000CCF734FE9CE700230B93159A179B136005
:103EB000FFF78CBA652A3FF46AAB452A3FF467AB3B
:103EC00001230793FFF7A1BB0000C0FFFFFFDF4105
:103ED0009535A094FFFFCF3F014BFFF721BA00BFFC
:103EE00058010020242B2DE9F0478646904601D842
:103EF000012B06D1FDF728FE162303600020BDE844
:103F0000F08734480D462A4615F8014B065D16F039
:103F10000806F8D12D2C10D12C780126951C33F0F1
:103F2000100215D1302C0DD12A7802F0DF02582A68
:103F300008D16C78023510230AE02B2C04BF2C78B2
:103F4000951CECE7002BF6D1302C14BF0A23082374
:103F500006F1004C0CF1FF3C0022BCFBF3F91046CB
:103F600003FB19CAA4F13007092F0FD83C46A3421E
:103F70001BDD571C07D0814514D301D1A24511DBAD
:103F800000FB0340012215F8014BEBE7A4F14107C8
:103F9000192F01D8373CEAE7A4F16107192F04D89B
:103FA000573CE4E74FF0FF32EDE7531C08D12223E2
:103FB000CEF800306046B8F1000FA0D0691E06E0D0
:103FC00006B14042B8F1000F99D0002AF6D1C8F8E6
:103FD000001094E7C9480508FFF784BF2DE9F047B2
:103FE0008E681F46BE4282460C469046334653D8E2
:103FF000B1F90C0010F4906F2BD065692368096942
:1040000005EB4505A3EB010905EBD5757B1C6D1090
:104010004B44AB422A4684BF1D462A46430527D55A
:1040200011465046FCF7F6FC064658B321694A464D
:10403000FDF7BFFDA38923F4906343F08003A381C0
:10404000266165614E44A5EB09052660A5603E46E4
:104050003B461F4620683A464146FDF7F9FCA368F7
:104060009B1BA36023683B4423600020BDE8F087CE
:10407000504600F048FD06460028E1D1216950462F
:10408000FEF72EFC0C23CAF80030A38943F040034E
:10409000A3814FF0FF30E9E73E46DBE72DE9F0472B
:1040A0001F468B891B069CB006460D46144610D54C
:1040B0000B6973B94021FCF7ADFC2860286130B969
:1040C0000C2333604FF0FF301CB0BDE8F087402375
:1040D0006B610023099320238DF829300397302347
:1040E000654F8DF82A304FF001082346994613F8A2
:1040F000012B0AB1252AF9D1B9EB040A0BD053469A
:10410000224629463046FFF769FF013000F0A480BF
:10411000099A5244099299F80030002B00F09C80D3
:1041200000234FF0FF32CDE9052309F10109049383
:1041300007938DF853301A934C464F4814F8011BDF
:104140000522CCF75DF8049BD0B9D80644BF2022E5
:104150008DF85320190744BF2B228DF8532099F86E
:1041600000202A2A13D0079A4C4600204FF00A0C50
:10417000214611F8013B303B092B49D968B913E0BE
:10418000C01B08FA00F018430490A146D4E7039A34
:10419000111D12680391002A01DB079204E05242CC
:1041A00043F002030792049323782E2B0AD16378FD
:1041B0002A2B32D1039B1A1D1B68039243EAE37337
:1041C00002340593DFF8C090217803224846CCF7EB
:1041D00017F838B1049BA0EB09004022824013433A
:1041E0000134049314F8011B24488DF8281006228A
:1041F000CCF706F8002835D0214818BB039B0733BD
:1042000023F0070308330393099B034409936CE7E6
:104210000CFB02320C460120AAE70023013405936F
:1042200019464FF00A0C204610F8012B303A092AA3
:1042300003D9002BC6D00591C4E70CFB012104462D
:104240000123F0E703AB00932A460E4B04A9304646
:10425000FCF70CFD421CD7D1AB895B063FF532AFB2
:10426000099831E703AB00932A46064B04A9304670
:10427000FCF792FFEEE700BFFD460508074705087B
:104280006D0C0308DD3F030803470508B1F90C2056
:104290002DE9F041160705460C4651D44B68002B1A
:1042A00002DC0B6C002B49DDE66A002E46D00023B1
:1042B00012F480522F682B6031D0626DA3895907A8
:1042C00005D56368D21A636B0BB1236CD21A002335
:1042D000E66A216A2846B047421CB4F90C3006D180
:1042E00029681D2946D8294ACA40D60742D5002246
:1042F0006260D9042269226004D5421C01D12B6876
:1043000003B96065616B2F60C1B104F14403994248
:1043100002D02846FEF7E4FA002363630EE0216A28
:1043200001232846B0470246501CC7D12B68002BFA
:10433000C4D01D2B01D0162B1AD12F6000201EE0F7
:104340000F69002FFAD093070E6808BF4B690F6002
:1043500018BF0023A6EB07088B60B8F1000FEDDD56
:10436000216AA66A43463A462846B047002808DC38
:10437000B4F90C3043F04003A3814FF0FF30BDE8A7
:10438000F0810744A8EB0008E7E700BF01004020E8
:1043900038B50B6905460C4613B90025284638BDCB
:1043A00018B1036A0BB9FDF7B7FAB4F90C30002B5A
:1043B000F3D0626ED00704D4990502D4A06DFDF746
:1043C000EEFB28462146FFF761FF636EDA070546DC
:1043D000E4D4A3899B05E1D4A06DFDF7E1FBDDE703
:1043E0000EB403B5014603AB054853F8042B00682F
:1043F000019300F0EDFB02B05DF804EB03B07047F1
:104400000801002010B56AB10139841810F8012B99
:1044100011F8013F9A4203D1A04201D0002AF5D100
:10442000D01A10BD1046FCE79FED010B704700BF8E
:10443000000000000000F87F08B5062000F096FD9F
:104440000120CEF7D5FA70B5A1FB025434B9294644
:10445000FCF7E0FA064628B9304670BD0C2202602F
:104460000026F9E72A462146FDF70BFBF4E703692E
:10447000B3EB611F2DE9F0434FEA611200F1140420
:1044800045DD11F01F0104EB830604EB82050CD11E
:1044900000F110072946B14234D39B1A9B00EA1E53
:1044A000964238BF0023234415E054F82270C1F12E
:1044B0002008CF4005F1040EA1467645F44615D8F4
:1044C0009A1A9200043A0135AE4238BF0022A3186E
:1044D000A75007B104331A1BA3424FEAA20208BF38
:1044E0000023026108BF4361BDE8F083DCF800C02F
:1044F0000CFA08FC4CEA070749F8047B5EF8047BD9
:10450000CF40DAE751F804CB47F804CFC3E723469E
:10451000E1E7A0F13003092B02D82038C0B2704780
:10452000A0F16103052B01D84738F7E7A0F141035B
:10453000052B01D82738F1E7002070472DE9F04F0F
:1045400085B08A4602930B68019090469C1CA14658
:1045500014F8010B3028FAD0A9EB0303A3F1020BE6
:10456000FFF7D7FF0546002868D1A0490122484639
:10457000FFF748FF0746002867D199F80100264653
:10458000FFF7C7FF002862D02346187830289946E5
:1045900003F10103F9D0FFF7BCFFB0FA80F56D0914
:1045A0004FF0010B4A46164601323078FFF7B1FF53
:1045B0000028F8D18D4901223046FFF723FF00285B
:1045C0003FD144B9741C2246164601323078FFF7B9
:1045D000A0FF0028F8D1A41BA700337803F0DF0365
:1045E000502B3ED173782B2B33D02D2B34D0711C14
:1045F00000240878FFF78DFF431EDBB2182B30D85C
:10460000A0F1100211F8010FFFF783FF00F1FF3C4A
:104610005FFA8CFCBCF1180F4FF00A031ED904B1ED
:1046200052421744CAF80010EDB1BBF1000F0CBFA5
:1046300006250025284605B0BDE8F08F00252C464C
:10464000B0E7002CC7D12746C7E74E462F460125C5
:10465000C3E70024B11CCCE70124FBE703FB020005
:10466000CEE73146DEE7A6EB0903013B2946072BDF
:104670000ADC0198FEF77EF9044640B95C4B02461D
:10468000E4215C48FDF7AAFA01315B10EFE700F185
:10469000140A002355469B46B14537D345F804BB61
:1046A000A5EB0A05AD1025615846FEF753FA6D01DA
:1046B000D8F800602D1AB54254DDAD1B29462046BE
:1046C000FEF7EFFD814678B16B1E591103F01F0212
:1046D0005AF821104FF0010909FA02F20A4203D0F8
:1046E0004B4536DC4FF0020929462046FFF7BFFE56
:1046F0002F44D8F80830BB4242DA01982146FEF731
:1047000077F90E9A00231360A32593E716F8012D7D
:104710002E2A12D0202B04D145F804BB4FF0000BF9
:104720005B4630780393FFF7F4FE039B00F00F0025
:1047300098404BEA000B0433AEE7B145EAD82B4969
:10474000039301223046FFF75DFE039B0028E1D171
:10475000A2E7A91E2046FEF7A4FD0028C2D04FF014
:104760000309C1E709DA751B214601982A46FEF7BD
:1047700059FB7F1B044600F1140A4FF00009B8E70B
:10478000D8F80450BD426FDDED1BAE4234DCD8F8E2
:104790000C30022B22D0032B24D0012B15D1AE429A
:1047A00013D1012E0BD1029AD8F8043013600123E3
:1047B0002361CAF800300E9B62251C603AE7711E27
:1047C0002046FEF76EFD0028EDD101982146FEF748
:1047D0000FF90E9A0023136050252BE70F9B002B37
:1047E000F3D1E0E70F9B002BDDD1EEE7FB46050898
:1047F00091460508164705086F1EB9F1000F30D124
:1048000027B139462046FEF74CFD81467A11012337
:104810005AF8222007F01F07BB40134229462046C2
:1048200018BF49F00209FFF722FED8F80470761B82
:104830000225B9F1000F47D0D8F80C30022B15D063
:10484000032B17D0012B09D119F0020F06D0DAF88B
:10485000003049EA030919F0010F0ED145F01005A7
:1048600032E04FF00109D1E70125E2E70F9BC3F1E8
:1048700001030F930F9B002BF0D0D4F810B004F17C
:1048800014034FEA8B0A03EB8B014FF0000C184620
:1048900053F8042BB2F1FF3F1BD001320260022D0E
:1048A00004F114033CD1D8F80020013AB24209D1F6
:1048B0007111012253F8213006F01F0602FA06F6A4
:1048C0001E423AD145F020050E9B1C60029B1F60E2
:1048D000B0E6994243F804CCD9D8A3689B4517DBCE
:1048E000616801980131FEF745F8814618B91A4B05
:1048F00002468421C5E62269023204F10C019200CD
:104900000C30FDF756F921460198FEF771F84C4638
:1049100023695A1C04EB8303226101225A61BEE71A
:1049200022695A450BDD01212046FFF7A0FDD8F88A
:1049300008300137BB42FFF6E0AE0125C2E716F0B2
:104940001F06FAD05344C6F1200653F8040CFEF7B4
:1049500001F9B042E7DBF0E791460508C2F1080231
:10496000920070B5C2F120064368046803FA06F5A8
:104970002C43D340046040F8043F8842F4D370BD18
:1049800030B50368013311F8014B14B903600120FD
:1049900030BD13F8012BA2F14105192D98BF20322B
:1049A000A242F0D00020F3E72DE9F04F0B68016838
:1049B0005E1102EB860613F01F0387B018BF0436A2
:1049C0000025371F82469046019346F8045CB9469D
:1049D0003C460295AB464A784B1C039342B31046C3
:1049E00005910492FFF795FD002853D1049A05998B
:1049F000202A18D8029B9B4513DD4C4506D2072D73
:104A000004DC2A4649462046FFF7A8FF444554D90E
:104A10000023A4F1040944F8043CCDF808B04C4646
:104A20001D460399D7E7292A59D10231CAF8001047
:104A3000BBF1000F53D04C4506D2072D04DC2A46AB
:104A400049462046FFF78AFF444538D9A8F10402B9
:104A5000234653F8041B42F8041F9F42F9D23B1B24
:104A600023F003030134033EB44288BF002308F15E
:104A70000402134400211A4604339F421160FAD203
:104A80003B681BB9474528D101233B60052007B08F
:104A9000BDE8F08F0135082D0BF1010B06DD444513
:104AA000BFD9002344F8043C0125043C226800F0EF
:104AB0000F0040EA02102060B3E70825B1E7019B30
:104AC000002BDDD0C3F120034FF0FF32DA4056F85F
:104AD000043C134046F8043CD2E7043FD0E70420EE
:104AE000D5E782B001B901A942B14BB113780B608F
:104AF0001278101E18BF012002B070471046FBE765
:104B00006FF00100F8E72DE9F041074614460D4625
:104B100021B9BDE8F0411146FBF77CBF2AB9FDF78A
:104B2000DFFE25462846BDE8F08100F03BFA8442CE
:104B3000064602D8B4EB500FF4D821463846FBF7AE
:104B400069FF804608B94546ECE7B442224629464B
:104B500028BF3246FDF72DF829463846FDF7C0FE3E
:104B6000F1E70346084641B1FF2A04D98A221A60B8
:104B70004FF0FF3070470A70012070479368013B87
:104B8000002B10B4936008DA9469A34201DB0A2970
:104B900003D15DF8044B00F02FB91368581C106066
:104BA000197008465DF8044B7047F8B506460F4685
:104BB0001446D518AC4201D1002007E014F8011BBF
:104BC0003A463046FFF7DAFF431CF3D1F8BD000048
:104BD0002DE9F0470D469CB014461F46064618B115
:104BE000036A0BB9FCF798FE6B6ED90705D4AB8945
:104BF0009A0502D4A86DFCF7D2FFAB891B0701D53B
:104C00002B699BB92946304600F034F970B16B6EC0
:104C1000DC0704D54FF0FF301CB0BDE8F087AB894E
:104C20009805F7D4A86DFCF7BBFFF3E700230993C1
:104C300020238DF82930039730236A4F8DF82A30CE
:104C40004FF001082346994613F8012B0AB1252A93
:104C5000F9D1B9EB040A0BD0534622462946304617
:104C6000FFF7A3FF013000F0A480099A5244099293
:104C700099F80030002B00F09C8000234FF0FF32A9
:104C8000CDE9052309F10109049307938DF8533009
:104C90001A934C46534814F8011B0522CBF7B0FA7F
:104CA000049BD0B9D90644BF20228DF853201A079F
:104CB00044BF2B228DF8532099F800202A2A13D0C4
:104CC000079A4C4600204FF00A0C214611F8013B90
:104CD000303B092B49D968B913E0C01B08FA00F032
:104CE00018430490A146D4E7039A111D126803915A
:104CF000002A01DB079204E0524243F002030792CC
:104D0000049323782E2B0AD163782A2B32D1039B6C
:104D10001A1D1B68039243EAE37302340593DFF81C
:104D2000D490217803224846CBF76AFA38B1049B25
:104D3000A0EB09004022824013430134049314F88D
:104D4000011B29488DF828100622CBF759FA0028B4
:104D50003ED0264818BB039B073323F007030833D4
:104D60000393099B034409936CE70CFB02320C4646
:104D70000120AAE700230134059319464FF00A0CDD
:104D8000204610F8012B303A092A03D9002BC6D04F
:104D90000591C4E70CFB012104460123F0E703ABB6
:104DA00000932A46124B04A93046FBF75FFF431CD1
:104DB000D7D16B6ED90705D4AB899A0502D4A86DFB
:104DC000FCF7EEFEAB895B063FF524AF099823E7BD
:104DD00003AB00932A46064B04A93046FCF7DCF9E6
:104DE000E5E700BFFD460508074705086D0C030809
:104DF000AB4B030803470508F8B50E4614460546B5
:104E000018B1036A0BB9FCF787FDA369A360A389F6
:104E10001A0701D5236943B92146284600F02AF82C
:104E200018B14FF0FF373846F8BD23682269981A49
:104E30006369F6B28342374605DC21462846FFF710
:104E4000A7FA0028EDD1A368013BA36023685A1C90
:104E500022601E706269431C9A4204D0A389DB075A
:104E6000E1D50A2EDFD121462846FFF791FA002826
:104E7000D9D0D6E738B5284B054618680C4618B186
:104E8000036A0BB9FCF748FDB4F90C301A0721D4BA
:104E9000D80607D409222A6043F04003A3814FF0CB
:104EA000FF3030E0590712D5616B41B104F1440382
:104EB000994202D02846FDF713FD002363630022C8
:104EC000B4F90C3062602269226023F0240343F0BD
:104ED0000803A38122693AB99A0501D5180603D5BA
:104EE0002146284600F08AF8B4F90C3013F001028C
:104EF0000AD00022A26062695242A261226942B9CC
:104F000013F08000C8D138BD990758BF6269A2600C
:104F1000F4E70020F7E700BF080100201F2938B59B
:104F200005460C4604D9162303604FF0FF3038BD08
:104F3000C26B12B152F821304BB9284600F030F85C
:104F4000224601462846BDE8384000F017B8012B3C
:104F50000AD0591C03D1162303600120E7E7002182
:104F600042F82410204698470020E0E7024B014613
:104F70001868FFF7D3BF00BF0801002038B5074D00
:104F800000230446084611462B60CDF729FD431C3B
:104F900002D12B6803B1236038BD00BF28940120E3
:104FA000CDF71CBD51F8043C181F002BBCBF0B589B
:104FB000C018704770B50C46B1F90E10002996B0B4
:104FC00015461E460ADAA18911F0800113D14FF46B
:104FD0008062002031602A6016B070BD6A4600F021
:104FE00047F80028EFDB019901F47041A1F5005367
:104FF00059425941EBE700214022EAE78B8973B51A
:105000009E0705460C4607D504F14703236023613C
:105010000123636102B070BD01AB6A46FFF7CAFFAE
:10502000009E28463146FBF7F5FCB4F90C3038B940
:105030009A05EFD423F0030343F00203A381E3E7CF
:1050400043F08003A381019B2060C4E90406002B88
:10505000E0D0B4F90E10284600F01CF80028D9D092
:10506000A38923F0030343F00103A381D2E70000E7
:1050700038B5074D00230446084611462B60CDF78E
:10508000DAFC431C02D12B6803B1236038BD00BF9A
:105090002894012038B5064D0023044608462B60AD
:1050A000CDF7CEFC431C02D12B6803B1236038BD81
:1050B00028940120F8B500BFF8BC08BC9E46704794
:0C50C000F8B500BFF8BC08BC9E46704765
:1050D0000F040400081010070000000F030101E492
:1050E0000078000800000008000000000000000F29
:1050F000000200080700000000000000000000009F
:10510000000000C00D000000C000B4544000C054B6
:105110000401D0540404D055010484DB0404C4DB2E
:105120000204C4DE020444DF010444E0010484E01C
:10513000C00858D89FD800C0032009600B08081782
:10514000080808039FE40140000000000000000080
:105150000000000001E00020000000209FF8004057
:10516000171717179FFC0404000046A400003766B9
:105170000000266000001CBC000017730000112511
:105180000000110700000E6300008B4C000060A2BD
:1051900000003DC0000026AA00001BC20000180449
:1051A00000001497000010ED0001281B000093F090
:1051B000000057610000302B000020AA00001AB642
:1051C000000015C30000160E00017FBB0000AD58A3
:1051D000000071AF000036D9000022FB00001C96D1
:1051E000000018830000179600019000000097D679
:1051F0000000663B0000330A000020CD0000193893
:10520000000016A5000014BB0000AFCF0000657DB4
:1052100000003D93000029D10000194E000015BA8E
:10522000000011C60000127F0000731D0000422C18
:1052300000002E8200001E800000181C0000132DAC
:1052400000000FC600000F8500004F04000033E986
:1052500000001F06000018400000132C00001297E9
:1052600000000E0100000DACA0FC010000000000D9
:10527000000000030000000000000000A10C01007D
:10528000000000800000000300000000000000009B
:10529000A11C00C0000070EB0C8001E000000026A3
:1052A000A12809020000000000000000000000002A
:1052B000000100000036000301D901430233021748
:1052C000024B0241011702220027005D0005001178
:1052D00000000001000000000000000000000000CD
:1052E00000000000000000000000000000000000BE
:1052F00000000000000000000000000000000000AE
:10530000000000000000000000000000000000009D
:10531000000000000000000000000000000000008D
:10532000000000000000000000000000000000007D
:10533000000000000000000000000000000000006D
:10534000000000000000000000000000000000005D
:10535000000000000000000000000000000000004D
:10536000000000000000000000000000000000003D
:10537000000000000000000000000000000000002D
:10538000000000000000000000000000000000001D
:10539000000000000000000000000000000000000D
:1053A00000000000000000000000000000000000FD
:1053B00000000000000000000000000000000000ED
:1053C00000000000A248004000000000A24C008144
:1053D0000000000000000000A25400810000000056
:1053E00000000000A25C008100000000000000003E
:1053F000A26400810000000000000000A26C008494
:10540000000000000000000000000000000000009C
:10541000000000000000000000000000000000008C
:10542000A28C0082000000000000000000000000CC
:10543000000000000000000F0501030400112233EA
:10544000445566778899AABBCCDDEEFF0011223364
:10545000445566778899AABBCCDDEEFFFF1FFF1F7E
:1054600001E001E02D2D2D2D000000002A2D2D2D15
:105470002D000000524543204D4F444500000000E0
:10548000327820696E740000347820696E740000F0
:10549000317820696E740000347834207A6F6E653C
:1054A00073000000387838207A6F6E657300000052
:1054B0004C4956452076696577000000496E69744D
:1054C00069616C6973696E672E2E2E000F040417D4
:1054D00008101007000000004E6F0A64617461003C
:1054E00062696E00EF808C00256400000A000000F5
:1054F000537500004D6F00005475000057650000A3
:10550000546800004672000053610000EF81930070
:10551000EF81940025642025730000004A616E75B8
:1055200061727900466562727561727900000000EF
:105530004D61726368000000417072696C00000088
:105540004D6179004A756E65000000004A756C79FE
:105550000000000041756775737400005365707436
:10556000656D6265720000004F63746F6265720062
:105570004E6F76656D62657200000000446563657C
:105580006D62657200000000323032330A32303210
:10559000320A323032310A323032300A3230313966
:1055A0000A323031380A323031370A323031360A75
:1055B000323031350A323031340A323031330A3246
:1055C0003031320A323031310A323031300A323041
:1055D00030390A323030380A323030370A3230301F
:1055E000360A323030350A323030340A3230303315
:1055F0000A323030320A323030310A323030300A3A
:10560000313939390A313939380A313939370A31BA
:105610003939360A313939350A313939340A3139AB
:1056200039330A313939320A313939310A313939A4
:10563000300A313938390A313938380A313938378E
:105640000A313938360A313938350A313938340AAD
:10565000313938330A313938320A313938310A317F
:105660003938300A313937390A313937380A31395E
:1056700037370A313937360A313937350A31393750
:10568000340A313937330A313937320A313937314F
:105690000A313937300A313936390A313936380A60
:1056A000313936370A313936360A313936350A3129
:1056B0003936340A313936330A313936320A31391A
:1056C00036310A313936300A313935390A3139350E
:1056D000380A313935370A313935360A31393535F5
:1056E0000A313935340A313935330A313935320A1C
:1056F000313935310A313935300A313934390A31E5
:105700003934380A313934370A313934360A3139C3
:1057100034350A313934340A313934330A313934C1
:10572000320A313934310A313934300A31393339B6
:105730000A313933380A313933370A313933360AC5
:10574000313933350A313933340A313933330A3197
:105750003933320A313933310A313933300A313988
:1057600032390A313932380A313932370A3139326D
:10577000360A313932350A313932340A3139323365
:105780000A313932320A313932310A313932300A8A
:10579000313931390A313931380A313931370A3141
:1057A0003931360A313931350A313931340A313932
:1057B00031330A313931320A313931310A31393133
:1057C000300A313930390A313930380A3139303715
:1057D0000A313930360A313930350A313930340A34
:1057E000313930330A313930320A31393031000041
:1057F00030310A30320A30330A30340A30350A3058
:10580000360A30370A30380A30390A31300A313135
:105810000A313200256C640061626300414243003A
:1058200031230000EF808D00EF849C00456E74658D
:1058300072000000EFA2A200EF959A002B2F2D001E
:10584000310000003200000033000000340000008E
:10585000350000003600000037000000380000006E
:1058600039000000300000002E0000002B00000076
:10587000260000002F0000002A0000003D0000006C
:1058800025000000210000003F0000002300000070
:105890003C0000003E0000005C00000040000000F2
:1058A0002400000028000000290000007B00000008
:1058B0007D0000005B0000005D0000003B00000078
:1058C000220000002700000020000000510000001E
:1058D0005700000045000000520000005400000086
:1058E0005900000055000000490000004F00000072
:1058F0005000000041000000530000004400000080
:105900004600000047000000480000004A00000078
:105910004B0000004C0000005F0000005A00000037
:105920005800000043000000560000004200000044
:105930004E0000004D0000002C0000003A00000066
:105940007100000065000000740000007900000094
:1059500075000000690000006F000000700000008A
:1059600061000000640000006600000067000000A5
:105970006A0000006B0000007A0000006300000075
:1059800076000000620000006E0000006D00000064
:10599000202C2E3B3A2D5F0042746E310000000037
:1059A00042746E320000000042746E33000000004A
:1059B00042746E340000000042746E350000000036
:1059C000436865636B20626F78000000EF81B80068
:1059D0004F7074696F6E20310A4F7074696F6E205A
:1059E000320A4F7074696F6E20330000546578740A
:1059F000000000004F7074696F6E20310A4F7074A0
:105A0000696F6E20320A4F7074696F6E20330A4FCF
:105A10007074696F6E20340A4F7074696F6E203530
:105A200000000000E280A200506C656173652057A1
:105A3000616974002035203C2031353020636D00D1
:105A40003100005200007B0000A50000CE0000FFE6
:105A50000000FF4100FF8200FFBE00FFFF00DEFFED
:105A6000009CFF005AFF0000FF0000FF4200FF847F
:105A700000FFC500FFFF00AEFF007DFF003DFF00FF
:105A800000FF0000C500009400006B000042000011
:105A900031000021000010000000000004E01002AE
:105AA0001C07123732292D29252B3900010310E15B
:105AB00010031D07062E2C292D2E2E373F00000225
:105AC0001013800A29806400022A040000007F2B42
:105AD000040000007F0000000F0180961180FFB1DC
:105AE00003012C2DB203012C2DB306012C2D012C0A
:105AF0002DB40107C003A20284C101C5C2020A007D
:105B0000C3028A2AC4028AEEC5010E200036016053
:105B10003A0105000000000001020304000000003B
:105B200000000000010203040607080954000040B9
:105B30009E1400C09E2001409E3400409E38040404
:105B40009F3804029FB801009FC801000000000FA9
:105B5000020200249FD800C0032009600B08081728
:105B6000080808039FE40140000000000000000056
:105B70000000000001E00020000000209FF800402D
:105B8000171717179FFC0404000046A4000037668F
:105B90000000266000001CBC0000177300001125E7
:105BA0000000110700000E6300008B4C000060A293
:105BB00000003DC0000026AA00001BC2000018041F
:105BC00000001497000010ED0001281B000093F066
:105BD000000057610000302B000020AA00001AB618
:105BE000000015C30000160E00017FBB0000AD5879
:105BF000000071AF000036D9000022FB00001C96A7
:105C0000000018830000179600019000000097D64E
:105C10000000663B0000330A000020CD0000193868
:105C2000000016A5000014BB0000AFCF0000657D8A
:105C300000003D93000029D10000194E000015BA64
:105C4000000011C60000127F0000731D0000422CEE
:105C500000002E8200001E800000181C0000132D82
:105C600000000FC600000F8500004F04000033E95C
:105C700000001F06000018400000132C00001297BF
:105C800000000E0100000DACA0FC010000000000AF
:105C9000000000030000000000000000A10C010053
:105CA0000000008000000003000000000000000071
:105CB000A11C00C0000070EB0C8001E00000002679
:105CC000A128090200000000000000000000000000
:105CD000000100000036000301D90143023302171E
:105CE000024B0241011702220027005D000500114E
:105CF00000000001000000000000000000000000A3
:105D00000000000000000000000000000000000093
:105D10000000000000000000000000000000000083
:105D20000000000000000000000000000000000073
:105D30000000000000000000000000000000000063
:105D40000000000000000000000000000000000053
:105D50000000000000000000000000000000000043
:105D60000000000000000000000000000000000033
:105D70000000000000000000000000000000000023
:105D80000000000000000000000000000000000013
:105D90000000000000000000000000000000000003
:105DA00000000000000000000000000000000000F3
:105DB00000000000000000000000000000000000E3
:105DC00000000000000000000000000000000000D3
:105DD00000000000000000000000000000000000C3
:105DE00000000000A248004000000000A24C00811A
:105DF0000000000000000000A2540081000000002C
:105E000000000000A25C0081000000000000000013
:105E1000A26400810000000000000000A26C008469
:105E20000000000000000000000000000000000072
:105E30000000000000000000000000000000000062
:105E4000A28C0082000000000000000000000000A2
:105E5000000000000000000F050103045450008002
:105E60000004040400000808AD30008002010303B0
:105E700000000300AD38010001E001400040004097
:105E8000010004000000000154580040041A010001
:105E9000545C01400000271000000FA00FA003E891
:105EA00002801F4000000500547000800320032082
:105EB000000000085478010001130029003300009D
:105EC00002000001040108025488014000000000A3
:105ED00000000000000000000000000000000C00B6
:105EE000AD48010001F40000030600100807080790
:105EF00000000008AD60010000000080000000000C
:105F0000201F01F400001D0AAD70008008001F4032
:105F100000000001AD78008000A003200001019086
:105F2000AD80004000002800AD84008000003200F9
:105F300003200000AD8C00800258FF380000000CE8
:105F4000AD94010000019000FFFFFC000000040080
:105F500000000101ADA400C00480061A00400580C5
:105F600000000106ADB000C00480061A19000580CB
:105F700000000190ADBC04400000000000000000E3
:105F800000120025000000060000000500000005CA
:105F900000000006000000040000000F0000005A8E
:105FA00000000000000000090B0C0B0B030311059F
:105FB0000101010100000000000D0000AE0001041D
:105FC00000000004000000080000000A0000000CAF
:105FD0000000000D0000000E000000080000000896
:105FE0000000001000000010000000200000002051
:105FF000000000060000050A02000C080000000076
:10600000AE400040000001FFAE440040001004011B
:10601000AE48004000001000AE4C004000000001FF
:10602000AE500140000000140400280003206C0062
:106030000000000000002580AE6400400000000267
:10604000AED8010000C805DC00000CCD0104000042
:1060500000002601B5500282000000000000000090
:106060000000000000000000000000000000000030
:106070000000000000000000000000000000000020
:106080000000000000000000000000000000000010
:106090000000000000000000000000000000000000
:1060A0000000000000000000B5A002820000000017
:1060B00000000000000000000000000000000000E0
:1060C00000000000000000000000000000000000D0
:1060D00000000000000000000000000000000000C0
:1060E00000000000000000000000000000000000B0
:1060F000000000000000000000000000B5F00040BB
:1061000000FF0000B39C0100349B0435021B087C97
:106110008001120100000800B6C000C0000060004D
:106120000000200000000000AEA8004000000405B0
:10613000AEAC00800100010000020000AEB40040DF
:1061400000000000AEB80081000000000000000068
:10615000AEC000810000000000000000AEC8008159
:106160000801010800000008AED0008101080808FD
:1061700000000001B5F400800000000000000000F5
:10618000B5FC00800000000000000000B6040040E4
:1061900000000000B60800440000000000000000FD
:1061A0000000000000000000B618004400000000DD
:1061B000000000000000000000000000B6280044BD
:1061C00000000000000000000000000000000000CF
:1061D000B63800440000000000000000000000008D
:1061E00000000000B64801000000000000000000B0
:1061F0000000000000000000B65801000000000090
:10620000000000000000000000000000B66801006F
:10621000000000000000000000000000000000007E
:106220000000000F000103C8E0000308E0000AC8F6
:10623000E0000508E0640848E0000A88E0000A88F9
:10624000E0000A88E0000A88E0642E28E06431E873
:10625000E0643548E0643B88E0680468E0681768FB
:10626000E0681B48E0681EC8E0682528E068284808
:10627000E00009E8E00009C8E00009A8E00009889A
:10628000E0000968E0000948F8020006C1C3810186
:106290001E06A10B1A0681009923E10097B397E32C
:1062A000062C97730634E2C0062CFC80C183E340C1
:1062B000E2C0061CFC980634FC9C0634E340061C35
:1062C0006938C183C143E800C1C38105E100000C06
:1062D000FA045E65EC100CF0F41C5E60BC6E886124
:1062E000FF8407FC9A14D804E4300460FC124C06C6
:1062F000E0D04C4AC1C38215C1C3C1C3F804170C16
:1063000081938183E2C00C2C1C8CD167E36BE40485
:10631000E56B8E058064038804D8E76BE96B8064C5
:10632000EB6B8AC5806406080A58ED6BF16B8064DC
:10633000806407280878F36BF56B8064F76B8AC577
:10634000F96B8C05FB6B8C450C0A8A458A65E4B4B5
:10635000E4B80C0A0A7884454006E064404AFC121E
:1063600080D5E0D0C1C3C1C31F0CC1C30FFCF00472
:10637000BCF4F784C153FD64E080000CE080000CA5
:10638000E080000CE080000CE080000CE080000C5D
:10639000E080000CE080000CE080000CE080000C4D
:1063A000E080000CE080000CC1C3C143C1C3C153F5
:1063B000FAFC040C600006DA0A20A10B1830640015
:1063C0000E24E400020A37800C0680000834200006
:1063D0000A70B7805842A40481613298212BAA45E3
:1063E000060A8CBB0C1000000400E400181A6400BC
:1063F000A825E0000804A11D0E1457801006D780C0
:10640000044040000854C4044C72768010C4D2A0EA
:10641000144076800E64A4801224F680A16B7680EE
:106420003C0154808C8B400004800890DC00487054
:10643000849B28A3EC040EA09EE5A07D964B217BB7
:106440000E8A86450E9AE5000006448016A080005C
:1064500008542C84C000289C20010E4A005440009F
:1064600000C4A8ACC000289D0F9C14544002885B57
:1064700080CB99A861840084E1840894128401CBC4
:10648000324FE0FCE4041C704B0A01A158DA84107E
:1064900094BB64006D84401A1C70C61F00C424089D
:1064A0000E54A084085421FC4002A084A1EB399C26
:1064B0003C005800BC004A401D5A08C50EE0E004EC
:1064C0000DCBEC04E1FC00A44B0A42B758FA840857
:1064D00008C4641810A4E0FC400A608420BFED8C5E
:1064E000005490AB14846184280F9C8091944822BE
:1064F00013B04A624C50C3C7805B1C0027F04ED8D3
:106500009C004440960B211D578004A4D78002B400
:1065100040000606C4040420528C42124010946BC2
:106520004C205C00801BDC000C0C8C0BDD93F2FC1F
:106530008C1B7FC5806B7FA5967B73E5FA3C040CB2
:1065400081C1210B0000020AA085986B76800A1495
:106550000824A12B060A76800C048000988B768094
:10656000061A1EC51834E000A11B7680A4800E40D8
:106570003C014EC00860C00048500480A873DC0095
:10658000EC040A709AC5A05D90CB215B0A8A86450F
:106590000A9AE50008064480107080000A4A2C849C
:1065A000C0002000289508340C24400008248F9453
:1065B000182428A0C000289419984842883B982B9A
:1065C00061840814E0FC0C14618418042CCF893B0E
:1065D000E41046DA0430450AE40412506D84401A8F
:1065E000125081C10C2424080834A1FC0A24208400
:1065F0004842A084A19B39983C004640BC004450CE
:10660000135A186B88C5E004EC040E9046FA033B5D
:10661000450AE4040A2404001034E184C26760FCE3
:1066200060841CC4ED8C400A6184083410C4B05FDF
:106630009CCB61FC5002306F44129188883B138CD4
:106640001C00422040808A2B18E41C004FD89C80FC
:10665000180BA7EC0C0C8C1BDD93F23C826B00CB6F
:1066600075F5FF95C1C3905BFAFC040C808B210B80
:106670000000020A046B829B80E5867B060AA12B40
:10668000400A800080E5E59C841B81210C0C840B72
:10669000DD93F2FC6800418800BB841B02AB900BC9
:1066A00041188E1B007BE80040D8920B8C1B6800C1
:1066B00044B2813142A2F08C8623F29C42127D8545
:1066C000C1C3F280E6864A0EE706580E6606460EFD
:1066D000E1C008546786440EE0C000C402C460579D
:1066E0008A03E1C0F29042125D938603F28842125F
:1066F000E50004CAC17C0214DC004010848004CA96
:10670000CC800420C9080014C17C02148000045A03
:10671000AD880614200106060004C0000214898812
:1067200040028908DD93998CE50004CAC000020686
:10673000C0000006848004CACC800420C9880014EC
:10674000C00002068000045AAD8806142001060627
:106750000004C0000214898840028988DD93998C66
:106760008141610B06148A25E11B76807680040442
:10677000088581410630A43304046C04A03DE18403
:10678000A13B86E5C88C021464041830E408431A5F
:1067900024081830A08402140AC021CB195AEC0432
:1067A0008245E004C247401D1C8008449184400299
:1067B00027FC4A985D93C3177FE5880B7D55804B76
:1067C000C1C3883BFA00040C8111006BE8045048F7
:1067D000E1A0408600158004A11BE03CDC384208A3
:1067E000680457C8C1C38C0BFA04047C74A9464ED4
:1067F000490EC010C01074A98825893DCD14CD0460
:10680000050ACD244A00E0808425F00CE4000A3A11
:106810006001009804208000C116EC04F80C004AC6
:106820000420FE65E92DEC10FE85C11EE00404CABB
:106830008000454845C8C116FBF587FCE1984146F4
:1068400061914306801EC00081119B01813181212D
:10685000E8044A888C45A10B74A906CE484EC010A6
:10686000C01074A98A45893DCD14CD04050ACD24F4
:106870004A00E0808625F00CF00C4C10E4184A5ACF
:10688000E4000A3AA0000128600100A8C550800079
:10689000EC040420004AC156FE45F80C0420C554FF
:1068A000E92DEC10FE65C15EE00404CA8000458855
:1068B000C156C55087FC45884786FB6508F0E190C6
:1068C0008C4EE430E1A40C46E1A40E4682458F6D67
:1068D000023AD9140068E40080006001FC384208E4
:1068E0008161FF650046E16B4C08E1A48B04DC3854
:1068F000FE248914E86C6568E1A40C46E1A40E4608
:1069000082458F6D023AD9140068E400800060016E
:10691000FC3842087578FF650C7CEFFCDD93F204CF
:106920008055A11B0A0083114006E550404AFC1225
:10693000D7F4E0D0C1C382B5C1C3C1C3F4040B3FD7
:10694000F4040B2FF4040B1FF4040B0F0A508135D1
:10695000405AEC404406E0BC446ABC22404AA09045
:10696000C0002089ED88401A200101980AFFC0006C
:10697000C1C3F404C1C3C1C3F4040BF5F4040BE5B3
:10698000F4040BD5F4040BC5F4040BB5F4040BA507
:10699000F4040B95F4040B850AFF81550A50F404A6
:1069A000D7E4EC80D7B4D7D4D794D7A4D774D784FE
:1069B000820B9464FA005C08F83C044CE440048ABE
:1069C000212B80A58215803B461281F5064AF9806D
:1069D00082B5F80C0420803B044AEC04C548E4006E
:1069E0004588CD460C4C87FCDD93F03C6C400A207A
:1069F0004927E1C104208ACF06C06C04044AE44060
:106A0000481264000033F08C0275806B0285F01030
:106A10000295F80C02A5F8084C75F8044C85F010A6
:106A20004C95F80C4CA5F8084408F804445287F833
:106A3000E92DF1B00A208695C5276C1061880E54A7
:106A4000EC040C2064041870E4000C4A047444C77D
:106A50004242E088867B70B0DD8ED18487FC4D8811
:106A600071884452A12B9833F7E5ECF5881B212B54
:106A7000F7A5EC75E100000CF804040C780C000A92
:106A80008225803B94A5A12B04204D16064AEC04D8
:106A9000FE25F80C9095E92D7A800814E440048ACC
:106AA000E0A00A440854A85F06F5E0C00C24AA4FF1
:106AB0000A20619061C1EC40EC040C600C4A0ACFE2
:106AC0004E32E400862B70B0E4400670F01044456E
:106AD000F80C4445F8084445F804444587FC4C0844
:106AE000F1B044528695E92DF9C107514A52A45399
:106AF0000453FAB0EC1004200E2408514557E188E5
:106B0000E40418706C040C50E0880A7464000C4AA9
:106B1000DD4E867B87FC4DC8AA2344C7A12B983342
:106B200004208205044AEC04CD16E40087FC45C825
:106B3000F0040C0CC1C3DD93FE7C040C044A007B02
:106B40004072E0101EF07988000CED20001A6200FF
:106B5000110EF80C1B0E828B200100265E05C00072
:106B600040002035233EEF8D5E17A40B9D2EE0FCE8
:106B70002388A10E0024C000C41B6188C03B7D4156
:106B80007A104212FA1046328413003382113E1EEC
:106B900082317C3E0020191E973EEC040084FE0EDC
:106BA000AF8B6184540A158E2EA5E68A00808EA3D1
:106BB000108A6C04400AE4A45672E68A4070708021
:106BC000A2B5DC0000840FBE23B4E18CE68A4C0A37
:106BD00060840064F09850728E030D0E8E0B0B0EC5
:106BE0005608901B138EFC380B84809B901B900BD7
:106BF000FC385608829DFF11A00D82850E0B84D5AE
:106C0000A324901BFC3844088E0B210D81C582857E
:106C10008275A10D901B0E0B4408A324210DFC3896
:106C200080458E0B930E900B50A22C0B2364F19891
:106C3000F09856A2900B0B0E4C08941B009BFC384E
:106C400009BE940B4C08961BFF11FC3882A5829D4F
:106C500084D5A00D900B09648C1BA324FC38440838
:106C600001D5A10D9C0050608255A10D900B09A487
:106C7000941BA324FC3844088055A10D8FB490AB1D
:106C80008D148B949693A364718440B28D0E921BE5
:106C9000FC384C08920B008B4C08961BFF11FC38FB
:106CA00082C5828DA00D15840D648615A324961BC4
:106CB00044088C0BA10DFC384CB001E515849C00F8
:106CC0008275A10D961B0D648C0BA324FC3844081F
:106CD0008095A10D8CBB0135930492BB941B23645A
:106CE0004C08930E009BFC38961B940BFC384C0808
:106CF000829DFF11A00D828513A484D5A324961B29
:106D00004408940BA10DFC3881D582A58275A10D94
:106D1000961B13648C0BA324FC3844085660A10D09
:106D200096AB9C00002A9B040118E0008000400103
:106D3000E0FC1E0717148435024A8E0B8024E40001
:106D4000C13EA8344308E92E830587FCA8149C049F
:106D5000A80E9C1E191481B5024A8E0B8028E400EF
:106D6000C136A8384308E9261D1487FCEC040080CE
:106D7000500A8161407266861B0EF0840E8380ABE0
:106D800090BB809B8CD5D6AD8E1B140B4408A324DE
:106D9000A00DFC38A10B8AF59D049205A10B8DB5C1
:106DA000C0401E05012888D580004001E0FC1E0778
:106DB00017248455961B900BE400044A80448434C5
:106DC000C13EC54E87FC4508AC048315AC1EA0141B
:106DD00081C5A00E960B1924044A901B8038E4004C
:106DE000C14684484508C536210487FC80838361F9
:106DF000D6AD80B3160B94F5A3248E1BFC38440843
:106E0000F2C5A10D400103981E0780008E35E0FCFD
:106E1000960B1724044A941B8434E400C54E804426
:106E20004508C13E878587FC400101281E07800078
:106E30008455E0FC940B1724044A921B8434E4002C
:106E4000C54E80444508C13E831587FCA814A404A0
:106E5000A80EA41E192481C5941B920BE400044AB9
:106E600084488038C536C14687FC450883611D04C7
:106E700071958093A80480A3A81EAC1481C5AC0EA4
:106E8000940B1924044A961B8038E400C1468448B8
:106E90004508C5361D0487FC210483616F3580A336
:106EA0001D1480B39504A16BE686400A00000E888D
:106EB000F0805872719C4292F1A440A2922B011D65
:106EC00044A00E3B46909C0048229C00A14BF18CB4
:106ED0001E078A2542A260FC8455F190FD3145478A
:106EE0004422C82B8E3B7A0C82218823E400044A7A
:106EF00084548C44C54ECD5E87FC450808308335EC
:106F0000FD516C0482212443FA144842262388232D
:106F1000044A8E3B8C48E400CD5684584508C5464B
:106F20001D2487FCF1A042C2F1AC52824492A4130A
:106F3000A12BFB841E078C4584B5E0FC61880224EC
:106F4000423BFD41F18844C2FA104632023082339E
:106F5000024AE404A834E400E94E88444308C93EE8
:106F600083B587FC06B07E143033EC049013822185
:106F70004212B813FD317A8CFA0C4612F184423277
:106F8000E400024A46C228580E48F188EC04042066
:106F90008E56E94687FC4208986B1D148245C20D47
:106FA000EFF87E088E0B001BA3349D24EFFC5C6879
:106FB000C29D9D147D58A805920B6FF8F1A44E62F6
:106FC000808B1D24F9884072000A11045E07F80CBA
:106FD0001B0EE0FCC000002640345E051E08EF8D4D
:106FE000408A9FFC840DE68A0E03A0C5F08850728B
:106FF0000024190E441BE188403BFD21FA0842128F
:1070000044321D348023FA08E40416200C10861341
:10701000CE8DE404909B8AC592AB2194941B2324CB
:10702000920B9493FC3844088875A30DA10B9B0424
:107030001E0782E58435E0FC6400164A961B920B1D
:107040008034A824C12EE93E87FC4308A8048305A8
:10705000A81EA41481B5A40E64000C4A8C1B920BCC
:107060008038A828C126E93687FC4308F4B5CE9DB0
:1070700019049D04C18D808387D5F2B5820D1BB4A0
:107080008E2599CEFC84BE64828182618AC5CEBD84
:107090002194969B232492AB9493941B4408920BC7
:1070A000A30DFC380118887580004001E0FC1E0724
:1070B000104A8435920B6400A824901BE93E80346A
:1070C0004308C12E830587FCA414A804A40EA81E9F
:1070D0000C4A81B5920B6400A8288C1BE9368038D5
:1070E0004308C126CE9D87FC9D04F4B580B31904E6
:1070F000F2B5C1BDE5201EF0F67C0C0CC1C3DD93DA
:1071000004FC805B4006E2C0D56EFC12D58ED57EB5
:10711000405AD59E4206E0BCD5AEBC22D5DED5BED7
:10712000426AD5EE404AA090C0002089ED88401AFE
:1071300020010178C1C3C000C1C3C1C3F0044B85A5
:10714000F0044B95F0044BA5F0044BB5F0044BC58F
:10715000F0044BD5F0044BE5F0044BF5C21F81A5BC
:10716000D51ED51ED51ED51ED51ED51ED51ED51E87
:10717000E0D0404A82B5D52EC1C3C1C34B0FC1C3B5
:107180004B1FF0044B2FF0044B3FF0048165F004DB
:10719000D51EC21FD51ED51E94FED51EDD938101BE
:1071A000E0041986A3CDC1C3184A82A54346E00076
:1071B0000215E1984205800041FE8000BFFF1FFDDF
:1071C0004346DD938414E19841FE84CEFFFF7FFDAA
:1071D000C1C3DD93FE7C040C6C401EF07C0E826B00
:1071E000E1A0408602058014A10BE14802109AE557
:1071F000C0016521BE14BE1E808BFE1EA30DA2041D
:10720000401B92551400FD214E1264044407FA08F5
:1072100010039473E4000E6AE6101600A16B140BC1
:10722000140000E51615EC048D1BE08022148AF58D
:10723000EC080000F8801625500583AB0206000418
:107240005615C000A12B5880101588258331618800
:1072500000342294801FE8808265A11BE18C101508
:107260002C14801F8205A11B4408820B8175FC38F9
:10727000FC384408FC048145FC384408819BA20486
:10728000FE048835910B80044E6886B53FFF47E5C4
:10729000EC1016B0A10B8101A2048625A10B2004DD
:1072A000A10B82B5FE748465900B1C0E680140082A
:1072B0009C84C000E875A18B7E8E8195E6D5A10BDC
:1072C000BE048155A10B8004A0F1E4F5F67C0C0C02
:1072D000C1C3DD93E100000CFA00004C8301001BE8
:1072E000EFFC76088105C143FA8002140006E11B19
:1072F00000069422DD93D462F800040C6C501EF05A
:10730000E47C034A826B3C5EFC1EBE5E42668E05D8
:107310000C4AF0020634647C5E15FA804A0E0004C2
:107320005E259FFC061A00081E25E4004422800406
:107330005E2598141E2580001E5580004A50800846
:107340004422907C5E2599941E258004422080046E
:1073500018149C0040003CB5BC341814024400D5FD
:10736000E11BFA80DC3C18C4E2320066420E28F1D0
:10737000C01060010C0C8C2B8775F000017E28F189
:107380000C0CFFF8DD93F0006C401EF0E47C014A29
:10739000BE2EBC2E8685FC2EE47C000A4406844565
:1073A0003E2EF002FC1EC121841FBE14BC14BC1E64
:1073B000BE29FC24BE1EA41F0006BE148155E20691
:1073C000F87E4006F0FE00065D9381017FE5A0F1A6
:1073D000FFF801AEE2C0041C041FC111F07C4400A0
:1073E000021CA41FDD93E340E47C040A40880424CB
:1073F0000000060E08308010481204105802D08891
:1074000002067190FFFC600000C483C7020FF08089
:10741000700142C0610BDFFC73FD40C04807C00330
:1074200000A5D0175D93A20FFFF8018E60010286C0
:10743000A20FF8004006900EA10DFC12400682C576
:10744000A10DFC1A400682150206FC0AC02060014C
:107450008075830DF372004681015D93FA7C040C04
:10746000EC301EF0864B088B81713E2E405A006B2B
:107470007C7EE506425A8131882B6586EFF84F689D
:1074800067D10000448640014212E03C8131729C89
:10749000EFF84568000017A4C0046401729C421212
:1074A0001974D707E0D41614FF0120BF001401BBE4
:1074B00057FEE1ACA10B1FFC60381409DFFC57FE3E
:1074C00081111B940AF01C241504E420BE44A10B76
:1074D0008008001B06148004901B7B00E80043C852
:1074E000FC04BC0EE0180E496834AA245082A01B8C
:1074F0008E0B7B9068384A683E0E8C4B850581A1C7
:107500000E29D90A42BAE01C48BAE5020620658273
:107510008301E41C0203A70F42428111902172846F
:10752000EFF850487FFD45FE82A1403F41FEC50D6A
:10753000003F1FFD41FEA11BC03F1FFD91ADE50EA9
:10754000BE04F8151E05A10B98F10000F27C0C0C8E
:10755000C1C3DD935896211B0214E008180640AC05
:10756000442AC000A14B410600000206800858963C
:10757000FF1182650244023D6037E10491800214EC
:10758000421A86132023E0928223980BDD93942ED7
:10759000FA04044C8111026B6000450666D88C0B1E
:1075A00081716FF866000060E4C00260912101A55E
:1075B0000420067E4073EC044275F820C17CF0087C
:1075C000FCF5A12B7FF4410EE03803066028050688
:1075D000FFD4470E486281F500007180927EEC2056
:1075E0004862107E107EF088F08448628211107626
:1075F000870B882141F6FC358111600C6F404C01EE
:10760000674400606398C0038F216FF86561006074
:1076100002604008C003676105060195067EE00828
:10762000EC040420F0084275A12BC17C0C4CFE3503
:10763000DD93F2046FD10019A11BC005000982453A
:10764000C006602DF3F04000000CA90BDD93E200B2
:1076500081015D93F0804412EC7004298405A12B14
:10766000E03C0229E682402A02098013C0056B71C2
:10767000EC140000E40800CAE200000C5D93DD9306
:10768000C1C38101F804040C603C02396770021028
:107690000A04C0030420608C0455E64058227C1480
:1076A000463AF094817166820834B264C2376088C9
:1076B000FC100245486288538613729C0804324EBF
:1076C000305EE0880213844340016C01083580235A
:1076D0008233E200E2004835EC00040944018201F3
:1076E0000C0CEC00DD93F004FE04040C4822086B43
:1076F000214BF98C08658A7BE00848966184082450
:10770000E0FC0A340A342A4F8803E1846FF471885C
:10771000F2844252641C434A421A8141416AE01C8D
:10772000420AE418421AE580420AE1880904ED8021
:10773000DC004C00DC004E10806E827E0C0C880B4E
:10774000DD93F604F800044C67FD002581514001EB
:1077500086448434E01802C56FC900218433400593
:107760006050026BF29448426FCD00010255C00593
:1077700084C3601C8261064E42C5843E80536018FB
:10778000E01C4255E0504263F0000C4CC1C3DD9355
:10779000603C0239C84481C1463ACA54C437E682C3
:1077A000063582338643E7DC72B04652CA3E801308
:1077B0000201C84E0435EA708033E020E0204435F1
:1077C000E054043BEB700201E024041544338231A1
:1077D0008013E054E0244415C1C3DD93E03C02393A
:1077E000E058044BE682403AE01404358013C407A5
:1077F000E7DC0205E01004158101001372804032BD
:10780000440582414415E0144443E010DD93E05800
:10781000605800290A39845B0A49EF400239EF4475
:10782000400160514A21C72DC82D4F406F484A2161
:10783000E4A008004F444A210035C2378613602077
:10784000603002C367600A500213C003980BE0C0A7
:10785000E0002468FA3C040C846B027B60500E2B21
:107860000EAB81810E9BE054188EE0589A8EA12BAE
:107870004C23D88E4CA3E0184C93E01C84C5E02028
:1078800006241C049E14E184813106036FF465888C
:10789000F2A0421267FD008A41FEC7FF00011FFDF2
:1078A00041FEA11BC0011FFD140A980E04A468002C
:1078B00084C5FB8006245C04DE14E1848131060368
:1078C0006FF463E8F2A0421267FD008A41FEC7FF31
:1078D00000011FFD41FEA11BC0011FFD120A9A0EEF
:1078E000049468008605FB8060100E05E184062480
:1078F000E0140E15813106036FF46228F2A04212E3
:1079000067FD008A41FEC7FF00011FFD41FEA11B6C
:10791000C0011FFD0C0CD80EDD93F23CF804040CE2
:10792000843B010146018A068E06F008020B8C0694
:10793000A10BE05002C58845060460187F51E18420
:10794000866BA64B4C408ACD18639C00FFF8180E3E
:10795000E0824E6AE01C02654A720A6D4640FA30C7
:107960000A521C000856E9FC403A8C334002E0827F
:107970000002FA308A06E9FCE054020B8845A10BAC
:10798000602002C5E1840604A64B7F518ACD866B38
:107990009C004C40602402C54C6A9863020E6082D1
:1079A0008ACDFFF81C004640FA044C620A62183384
:1079B000403AE9FCC856E082FA044002E9FC0002C1
:1079C0000C0CCA06DD93F004F81C040C8904847ABC
:1079D0000489861AD658E010807C8898C8C88A78AE
:1079E0000429CA68021CE014E1840284601040513A
:1079F0000A249813C217618402100C534011EC043E
:107A0000C257601C6C0402504011C287C22760201C
:107A100060284021664004400619C0038131603867
:107A2000E0144091E0184071E0244081494881957C
:107A3000EC040A30EC0402104640C95DA11B9C0016
:107A40004031FCF58101602CF01C0C0CC1C3DD93AE
:107A5000F0804622EC70063986A5A13BE03C043953
:107A6000E682403AF08046226B7106390630C00546
:107A7000E23DEC14C207841504038023C00263B9FD
:107A800086128422411A850D400AE004000CE1842C
:107A9000DD93E20081015D93FA7C040CEC701EF032
:107AA00081611D04888B7C5E901B7E1E00063E0E4D
:107AB0008B6EE004E03804B98145896E0000456EA4
:107AC000A10BEC047C04FE951220874140036571F4
:107AD000E640143066410E30806EC003C26E824EA6
:107AE0000006406EBE14E008864E840EC46EC66E5C
:107AF0009C2885E586A5A12B0009FE04C12DE01078
:107B00003E148245E00800468701040EA408860E54
:107B1000C60EC46E06F02A142804E4407FFD49FE18
:107B20003C3ECFFF5E18813181516FFC8195890405
:107B300083017C24880E8711A4188A1ECA1EC86E71
:107B400016B0610E0291EC04827190A1F455A1BBB4
:107B5000B8F17C04A10B8004C0084C960C0C8C0B73
:107B6000DD93F27CFA7C040CEC301EF0886B0A9BEF
:107B700080BB067B64D10090848B4001089002ABEF
:107B80003C0EE49064910A900E2BC00178588C3B17
:107B9000A10BEFFC98F180A5F27C0C0C0490DD9316
:107BA000960B64306FFC65887C8E8C1BE480109093
:107BB0008C1B160B6FFC6B483C9E902B7C24960B09
:107BC0000E3B941B70188C4B905B6FFC0C0C98F167
:107BD000DD93F27CFA1C044C829B048B867B086B41
:107BE0006F481019676004801209C0038C3B601055
:107BF000E8045968E0100E05E0340E1BEF48102928
:107C0000E0101239E08C0E498101180E4C21D81C6D
:107C10004C31E0184C41E01C0C4CE020DD93F21C90
:107C2000FA7C044C81B113A46E4002221174888B3B
:107C3000285E866B0FBE819181558121822141345E
:107C4000FA245232FE75C32D41FEA09D803F1FFDD8
:107C50008000540506F09005920B6470902B0A1B6F
:107C6000E8345E488E15A10B901B120B68346148F6
:107C7000A10B8E2B8F848C3554B5A18B40960000C0
:107C80008A458008981A9C04C7079A2A8095C30DD4
:107C90008101440D401288250406708842B2FF40DD
:107CA000813172ACEFF44E2860FC0414240FC3073A
:107CB0000131C3174438902B0404EFF4FF3160A066
:107CC000D0177107A20F072B1FFC45FE45FEA10B25
:107CD000A82EDFFC0C4C8101DD93F27CF81C040C17
:107CE00084030413618A400A421A82110420618AC3
:107CF0001804EC040C04608808C5E08C4E527C30FB
:107D00000A65F098850D7C18CAC79E8412C4A6C364
:107D10008CC3617CF2A04C920C041E6E1CCEE084DD
:107D20000CCB8A630006690000008000830BC4044A
:107D30004CC382C1F6D5E900F01C0C0CC1C3DD9325
:107D4000F81C040C61FC182404C3A20303C78603B7
:107D50000BC481814C0AB8030034618E0904E088A9
:107D6000F0804E420C13948E421AC4678863618E71
:107D7000B08E808EC4170223618E462AF08444425E
:107D80004242C4370670708C827BEC101494D98404
:107D90001093C66DDC004C40DD84949EC67D30940B
:107DA0004E401093309EDC00FC35856BC9C4805476
:107DB0009853C62D4440005E832BDC000C0CFE352E
:107DC000DD93F01CFE7C040CEC401EF04C420813CA
:107DD0004C6AF080821161926192421AE0881844E4
:107DE000D6077E3EC46719344FFE4417C0017FFD9D
:107DF00052520AC33E3EF084F098545206C00C7EA4
:107E00007C5EEC10FCA8160481C101418111018146
:107E1000E96483F5C6AD7E041EA5CA674E624008BC
:107E2000217DF1800C068E6BA02D40009C004C70D3
:107E3000617C0E64406A8C435872642E4C6AF2B0C6
:107E40008083E4AE72844262640016B093ABC008D3
:107E500018CAF835181AE000082AE000420AE000C3
:107E6000421AE580420AE1880845ED808008409684
:107E700061840044E0FC04C404C4240F1003E184C2
:107E80004212983B882B7288EFF06948E000034A61
:107E9000021A3E14006AE000420AE000421AE5803D
:107EA000420AE1880006ED80040EC000A0F18101C5
:107EB000F67C0C0CC1C3DD93F87C040C4C520D0411
:107EC0000C23F080F0944E126196582AEC04105066
:107ED000C487027118338F24463AC4C742026196A0
:107EE0004C6AF0B0829B619661964E7AC43781519C
:107EF000708C5802F0A04602E5A481659453C69D9B
:107F0000DC005200FE55999BA34D4467C47704637F
:107F100080000C9552920265FF9190946024491A5A
:107F20000C958A9B5292A000189EB194048384738E
:107F300083D5FF91C5B4F1A44AA28AA30CA5F1ACE4
:107F400002458000909454A26024491A0CA58AAB83
:107F500054A2A00018AEB194E40C591A3C01580088
:107F6000431A40004200E40CC0003C01641014605D
:107F7000551A846B4CA0E4204C1ABC003DB8E01CA0
:107F8000C3FF3FFD0C0C8101DD93F07CFA7C040CF7
:107F9000EC301EF0CA37008BE1FC148400A490A3DF
:107FA0008033E10460A2403AE17C0654617C18040D
:107FB00056C2AA034602F38C1734F9AC41FEA13B2A
:107FC00000011FFD80084E960A449005A443617C81
:107FD000617C18244A52FF21817173B04472045DA0
:107FE0003E1EF180124480CBE05761C01C00582037
:107FF000F3AC4272E0477C3E608406B4E1FC0C04C2
:10800000608404045610B25F40C21C0042B2F0907B
:10801000AC3F7294EFF05CE802A495B4D6B77C0054
:10802000A2833E14A38B7C3404010000D617800485
:1080300002048203961FE17C401A80130002E1AE25
:108040000002E000C7FF6BFD8E0B0C0E0C0C98F1CC
:10805000DD93F27CFA7C040CEC501EF0A4131B742C
:10806000A403093E8A9B1F6446721D84563AF08819
:10807000882B619E7C4E99A416138E4B7E1E960310
:1080800021B4A0133C6E931DC404121070A44202CC
:108090000210943B905B6C04EFFC69688615A10BA1
:1080A000943B7E148E4B3CBE905B7C24E404001019
:1080B0006FFC68A8A10BB20318048275400AD6773A
:1080C000980EE11E400AAC042C0EE11E982481019A
:1080D000C22DAC1440004C15DC004220C0005625D7
:1080E000C0000C3544300934A8F1DC004C35C62DF5
:1080F0001615C000C71DC000C0005635F27C0C0C20
:10810000000CDD93C0006101FA7C040CECF01EF061
:10811000849B111E934E955E973E8F0EB3148C0870
:10812000191EA10B9D1E811184459B1EE0040002B7
:1081300085B381138BF39904E5800000F860401546
:10814000F83040154015C11E4015E02C9704E05C46
:10815000A10B820831B4A225AF8481711324ADA490
:10816000E08400747C000443F0804222E09002230B
:108170008245844D067419048033E0880255861BBD
:108180008404F030190485F5E08806744442092E11
:108190000D7EFA0800338221061BA823E6400C302E
:1081A000F030025502C584040513E060EC0404407D
:1081B0008B4E8533E800313C70884EA2827182215B
:1081C000E1AA4E7A1045C4778803FC1CE444840E6F
:1081D0008C5E8853FC1C164598CE88C38B448D74E6
:1081E00020518924E0880C7408444B570C5EFB80B6
:1081F0001E55CA0D400240300674D1948221408839
:10820000FA8018A4D094463240604605F190462288
:1082100006340F040009FB001904E0308063A10B51
:10822000E6400060C00000258000040600004025F4
:1082300080000406A604914450588414E4D008F049
:1082400008F07C4EBE4EE4E09544BCCEE8006208E7
:108250008271210B80341E1580C04C15861897142E
:10826000DED5837D020B801B0C0CF8F1DD93F27CD4
:10827000FA7C040CEDF01EF01E05A90E972EE0AC62
:10828000E0B41E251E059D0E195EE0A0E6401820F4
:108290009951151E1E05A30E1E15E09C1E65E0B02B
:1082A000130EE0A81EB581011E75E0A4BD0EE09876
:1082B000B90EBB0EB50EB70EB10EB30E8145AF0EA3
:1082C0000A50710CA15BEC042954FE95E640142081
:1082D00012101B7E256EE4C0E5800C40650118502D
:1082E0000A504002C0046601101021CE1F5EE64015
:1082F000E00844968171273E9395ABBE020AA41410
:10830000C7FF63FDA10B8A0525B486D5AD2E963B2C
:10831000F8C00C0378300C13A324964B6B58A95467
:10832000A10BE8000C0382B5812178C078300C13D2
:10833000AB34964B6A98A154A10BE800A73484454E
:10834000AD24ABB4E2A4040A0FFC43F680084496C3
:108350008000541388910271846104A184810D8589
:1083600081212BB4F8C00C03F8300C13963B1D444C
:1083700068B89F542734E800AD24A10B2002F8957B
:10838000E5A004F006F018123E2EE5D0E5B00AF0A4
:108390009603113EE1AE400ABC3E9BB42B34AD0EB9
:1083A000A144962BEFFC4CE800F018123E0EE5C0FD
:1083B000E5E00AF0962B1104A944AB342D04BC0E61
:1083C0004BF886BB9704EFFCE03000098405A10B55
:1083D000657000F0E58004F00AF018123E0EE5909A
:1083E000BC2E963B9B24AD044AB89F44BD04EFFCD1
:1083F00099249514BB04AD0EB534B3B4841A910E10
:108400008B2E8DAEAF049324892EB1C4FCBEFE0E1C
:10841000BECEABB4B944BC3E9B04B7549134AD243A
:10842000E81875688101002BF1D5A734837D8E187B
:108430001EF0D8D50C0CE5F0DD93F27CFA7C040C30
:10844000EC501EF0828B3E2E0050009B1911E7600D
:108450008185812178604023EC040210F8304023AC
:10846000A11BC12C0C50FE150E4067607C3EE4C081
:10847000BEB481A19C0485D563FD000A88A5C7FF11
:1084800078300E15A024960BE042A43A4298E458A6
:10849000090EE8009C14960BA43AA024E458E0428C
:1084A000E8004208960B7E0EE0300E15A43AA02498
:1084B000E458E042E8004168FC34FE14F8604C13D4
:1084C000980C8914F8304C13846102A18E088871CD
:1084D000F45581ADA8F10101F27C0C0CC1C3DD9310
:1084E000180E2413441AF000401AE4820224E40215
:1084F00082CFE17C810100C3F2844222640104C086
:108500004212C0801814F280E1C7E17C4212982325
:10851000E1277280A22FE017080E0823422AFF00ED
:10852000442AE48E0614E40E864FE17C421288232E
:108530000420F28CC0086401F2804212E17C06142F
:108540008623E93772804212E817D927020E222FBC
:108550004222F8000212FA04C07F6BFD4010A11DF8
:10856000A05D1C0040105D93C1C39C00FA3C04CC8C
:10857000886B008B602C100901A183412034C8272F
:10858000214F867B0FAE820B0DAE841B5298882B39
:1085900058AEE8301AAE809BE47004F0921B0E0BCC
:1085A000E83057A88435A10B06F00F042214E460CC
:1085B000580E922B53988E0BA10BE83080181E0595
:1085C00000044C0580000006F23C0CCCC1C3DD93D6
:1085D000FA7C040CEC301EF0889B007B602C0E09AA
:1085E0000E29846B8351603060100E4B215F81B186
:1085F0001C3486AB7CBE820BE8880454881B3EBECC
:10860000E8304F080090008B0195E4C041BE9911FD
:10861000EC040210F83440B5E02C40B5FE15A11B67
:10862000658014A005C5E091A10B8101280488D5BF
:10863000E42004F068305308A10B901B7C0486D51D
:10864000E41006F0A40E902B9E14A804E8304EE827
:108650008475A10B06F03E04902BE410F83052050F
:10866000E06014054E189E14A10BE83080041E052E
:10867000003052058000000688A102B19A18889146
:10868000F49583BD0C0C98F1DD93F27CFA7C044CDC
:10869000847B1124889B15A4FF8113B441F6A12B80
:1086A0004C960FFC8A058008442A2B3F463AE68AFE
:1086B0008161668E423A8F1E463AE5020024658249
:1086C0008203E18472984232739881310F24EFEC77
:1086D00041FE910BA11B1FFC5FFC41FE0294A19B7C
:1086E00081814184509C4212501A847380734026C9
:1086F000408A8E83AC8EF00A8C0B280EF27C0C4CD8
:10870000C1C3DD93E682401A64010000DF07C04068
:108710006FFD00025D93C03FFB800004FE7C040CF3
:10872000EC601EF0827B049B8161005B8111120B67
:1087300081B101A1030A81C58275E23CF0080025E0
:10874000F8040045564284A3821172ACFC958F1D3B
:108750006000174AE18400A46000161AE0FC02B42D
:108760006000146A7E0EA20FE580420A6188421AF8
:10877000E18400B4422A7C0E3E3EED80E4301030AD
:108780005E27895E89A5E05C601C4CCA440A8101B1
:10879000400AE1808EE5E99C8101262404CAA414E4
:1087A000041AE000022AE000420AE000421AE580D2
:1087B0001E27E188420AE05C8AA5ED80647C0B0AF2
:1087C0000050823B46206C8044529C0002067B8015
:1087D0000022C0002023EC7CEF8008146C000A0407
:1087E0007E04A13F4852A11F04227890A83FEC04C8
:1087F00082037C14942B253F7284423269F8963BA5
:108800000954EFEC67FD008A41F6C0FFA11B0FFC85
:10881000CFFC41F68261610C0C0A9091ECB5E2400C
:10882000B0F13E04E0184071E01C4051F67C0C0CA5
:10883000C1C3DD93F800044C02100A280814EC04AC
:10884000E03161FC83410813831703A57830065B90
:10885000EC040420826080C046C38AC3CD5AF8600D
:108860000AC40A631864FB004A427B004663F19421
:108870009853602CFB144A12E05C4653F8F5A12B88
:108880000C4C8101DD93F000F804040C60880C347A
:1088900001458A7BF0985852D97DDD2E0613FED50E
:1088A000440A86038211618E618E461AF098404216
:1088B0000C34C427424260884652F0884442708893
:1088C0008195F098C11DC5644240CD6ED93D1C0014
:1088D0009C004650FCF5851B0C0C8101DD93F004D7
:1088E000FA7C040CEC701EF00034008B0603E1FCF3
:1088F0001F1482BB0D3E83071D348A6B2374845B77
:1089000021A4A02B3E1E829B0B4E900B7E2E8141FC
:10891000093EAA233C3E961B7C5E8A3B6CD88C5B4E
:10892000A10BEFF8090486753EAE81417E24961BAB
:108930003C0E8C5B8D34900BEFF86C0882D5A10B4C
:1089400081410D24961B7E048C5B3E7E0904FC3421
:108950003C0E80236B18900B161BEFF80B64968D62
:10896000090E8CBB0A55944B2594920BFA204212A7
:10897000B0138211A714831383B38D1EE80031EC6A
:1089800070A046B2463A801B828161AE00A5C43712
:10899000880B7C0C7C0C0855F08C4492FC0C0EC5AA
:1089A000719848A20A438CA33843B453084E985395
:1089B0000D14804B8233820B09048C5E0C0CB8F1D1
:1089C000DD93F27CFA7C040CECD01EF080BB290411
:1089D000828B2F7443FE134EC0017FFD8A6B0F2ED6
:1089E000B144B32481017E0E9C0E913E970E990EE8
:1089F00041F6150E8B4EE00C8D2E900CAD94881E1A
:108A000091A4AB544062897E420AF0ACC417E19A4B
:108A1000FC040A2584A5A12B84E5A12DFC041215D4
:108A20008E95A11D400A8201C407E19AFC000A1537
:108A30008C95A11D7C001205820DFF1181A58AF580
:108A4000FC0412058A45A10B7C041205820DFF115E
:108A5000030188A5E4B002F08A7B1C0E0AF00B0427
:108A6000142BE4C000BC8C3BE4A000F0960B3E0E3F
:108A70008F14BC1E5658FE440D04EFF89924961B23
:108A80003E0E97349544940B9354BC6EEFF86808EF
:108A90008E5B0974E2A4000A8101807582B19C0E8C
:108AA000808591BDA10B9C040101EAE50C0CE8F165
:108AB000DD93F27CFA7C044C827B006B60140C1911
:108AC000E00040C69475F41DE0180C2992F5F02DD5
:108AD000E686502AE500110A1921925576D88E0BA8
:108AE0008C1B6FEC64300070E0040206819101552C
:108AF0000210419CA11BEC040060FE9581B16490C2
:108B000081110195E500028A412480E556228211F7
:108B1000D11DFAAC00B4FE15D8B761D098710F0E14
:108B200081A14861810103D540961824A12BE0085A
:108B30000F148485E1840024813116036FEC500802
:108B4000F2A4421267FD008A41F6C0FFA11B0FFC90
:108B5000CFFC41F681011C0C847102A1D1AD88616A
:108B6000150A80C58075E4FCF6E5A10BF27C0C4C7F
:108B7000C1C3DD93FA7C040CECF01EF0866B048814
:108B80006010021900A98191060E6010C00072C029
:108B900088BB1D9E42967E1EC00167B98B1E800455
:108BA000110E8D1E63214156150EC0016EA10006E7
:108BB0001B0EC0018F1E840B191E931E973E8C1B2B
:108BC000E80048C86C0400A0E00842C6741C010A12
:108BD000090E8101808800A4045002F0E010101AF0
:108BE0001C0002058000020600105E050904B18B1E
:108BF000ED80420AC00842C642C6A10BE5AD00089E
:108C00008A95FC1EA10BFC047E148A350E0B907B0A
:108C10004998962B18B1E80004068111960B60085C
:108C2000EFEC72C8E69E4E7A00068375E7AD6100F0
:108C300084159D0E00F018341A44E4E0E1EC0B7644
:108C4000901B3E0EFE248904920B3C0EE80040C8A7
:108C50006D0C9D04937B82917C04FA350C0CF8F129
:108C6000DD93F27CF87C040C61064E0AE088122445
:108C70006006500A0F4488CB4E9A866B8111669E1F
:108C8000E6A2509A8E630D34402A10C3101EE68A65
:108C9000F0A44E62650E443AF0A450C2E58E463A06
:108CA0008FAD81C546AA56AAC41014A0D0A456B24E
:108CB00042127E3588C1D0AC52CA91CD546046B2C2
:108CC000FC15DC00E1841804425A02C340CAE6964F
:108CD0000C0CE0028135F07CC1C38B45FA00040C1A
:108CE000480A086B400AE5060A2465860244E184C6
:108CF000E84761B018346807201FE184E0FC0034C5
:108D00004042A05F41B8F09442126FEC0406F2B00A
:108D1000404060018403FF318131070B728C4212A5
:108D20009FFC41FE41FEA11B400ADFFC0204F00A49
:108D30008413E184E002401A8101180EF2000C0C49
:108D4000C1C3DD9360144401083C81310A3CAF414A
:108D5000FC00061460184401E41C0030601C44014F
:108D6000EC040030602044014441C21783016010CC
:108D7000E0244411E0284411E02C4401C1C3DD93F8
:108D8000042E0038A13BFFFC8208844582E5A10B3C
:108D9000718048222623900140009031400173C128
:108DA00073C146300623C00181358803FFFC002EC5
:108DB000860E842EC1C3DD93FA7C040CEC501EF0A9
:108DC000867B090E61840014E0AC0674886B202356
:108DD00084138623E10E401AE10E422AE1AC04041A
:108DE000611E562AE1AC0414E11E502AE40404B0CA
:108DF000611E542AE0800406068422230623E0AC88
:108E0000F184420204B47C2E7E1EE0AC3E0EA4032C
:108E100085B5909B8235919BE02C521AA0101E05BF
:108E2000A00C1E15A0000168E020521AA0000088C6
:108E3000521A090400F8E02CC000200180101E0521
:108E400080081E15179B80C580B58101BE1489045A
:108E5000E8004B08608802940C2582918C137C04F6
:108E6000E11E529A842E8023F4B5959BA8F101014E
:108E7000F27C0C0CC1C3DD93FA1C044C847B028B86
:108E8000866B009B00061C14E024E0804338A43469
:108E9000A044E8009E14980E880B602442B8A434C5
:108EA0009A0EE800F21C0C4CC1C3DD93FA3C040C92
:108EB000828B047B60240E1910498321866B602409
:108EC00060280E591C04809B2234A32FE09002449A
:108ED000682C4888E89414249C24A4142234980E06
:108EE000040BCF1747D8942B1A0EE82C0C0C8101D9
:108EF000DD93F23CFA0C040C403A006B027BE50A6D
:108F0000E58A423A00000181C00167D172A0421295
:108F1000E03C44866FE871487F218131850B8131C7
:108F20001FFC41FE41FEA11B427ADFFC447AE502B0
:108F3000006465828203E09C72A04222E0A0046487
:108F4000EFE86FE87FFD45FEC50DC03F1FFD41FE08
:108F5000A11B003F1FFD41FE0C0CC03FDD93F20C36
:108F6000A11B005B60084096640018500006C0809A
:108F7000070A400040C6E640190A4000C0FF67FCEF
:108F8000C00040C65C08A10B1814DA00A15D61FCAA
:108F9000E05702C3D63703C7D18018C442CA8AC378
:108FA0008413E086E0000212E10E421ADD93901E67
:108FB0006506440A420A81310020E586C004640146
:108FC000F28C42125C08EE1D41FE5A00C03F1FFCAD
:108FD000D7076A17A20F5D93FA7C040CEC701EF0A1
:108FE00081617E3E88BB092EE03404098D6EFC1E33
:108FF000E80D3E0E602402A9E00040C6150A98154F
:1090000096B5E6408904FC147518FE3404106FFC14
:10901000A10BE4307C0494958914963B72D8FE240D
:1090200000B0EFFC81116420551D8175162581214A
:1090300082114004020AC12EFE15E24089117E040D
:10904000B001017578104065EC040210A11BC16EDF
:109050000974FE557E8490B1BCBE8101C0717C94C0
:10906000B08105B58A75A10B906B0B6E8984FE14D7
:10907000F8100E25A004861473D8A4342224EFFC23
:109080001C0480BBE46008F0601012157698943BD5
:109090008C8B6FFC8295A10B781050B58D24943B7E
:1090A0008904A02E0014BC446878960B0B64EFFC76
:1090B00088818871BE148261F4B5C36D0C0CB8F15F
:1090C000DD93F27CFA7C040CEC301EF0806B064AD7
:1090D00004C9840A4C45E0C00249EDAC4C05E020CF
:1090E000C40AEDA8EE244C45E0CC0449EDB04C0593
:1090F000E0C80409E0C40479EDC04C45E0D0044167
:10910000EDBC4C05E02C0405EDB44CC5EDB84C7538
:10911000E0D404C1E0D80471EDC44C45E0E004495A
:10912000EE284C05E0DC0401EDC84CC5EDCC4C75D7
:10913000EDD44C45E0F00449E0E404C9E0EC0479E6
:10914000EDD04C05E0E80409EDE44C45EDD84CC504
:10915000EDE04C758AC48844CA84C874E0F8049170
:10916000E0FC04A16DDC4C054CC581014C75EDF0B3
:109170004C85EDF44C95EDF84CA5EE484C05EE4CC5
:109180004C45EDE80645EDEC04C5E0340475E0100F
:109190004C45E0140645EE500485E0380495E0188F
:1091A00004A5E01C4CC5E0204C75EE704C95EE74A7
:1091B0004CA5EE7C83A16E80EE544C45EE784C8538
:1091C00004C58C44A194E024EE844C45A4888E44CC
:1091D0004C459B74CC44EE884C45A7B4CE44EE8CF1
:1091E000EE904C45E0100645EE944C45E0140645E3
:1091F000EE984C45E0180645EE9C4C45E01C0645B3
:10920000EEA04C45E0200645EEA44C45E024064582
:10921000EEA84C45E0280645EEAC4C45E02C064552
:10922000EEB04C45E0300635EEB84CC54C3599C42F
:109230009734EEB46D884CC57FFC59E69F44C0203E
:10924000ED844C354C85C8349D84ED806D8C4C4547
:1092500067FC0430582DC0FFE0081806017C183464
:109260002344FF2181C018C46D944C7590B04632E0
:10927000183425344C8581400E606D90C00D660019
:10928000EE344C55EE044C259534FC3E6DA44CC593
:10929000FFF459CE6D9C4C45FFF8088E0C85994B18
:1092A0005082CD9C0840519050A1CC04FCF5C000E8
:1092B0006E3C4C05670000604C05C00600606D9870
:1092C000C00265006E204C35E080068A66010660AB
:1092D00050C640044C65E0004C05EDA04C35EE2C2A
:1092E0004C25EE308875EE14EDF80C35EE280C4563
:1092F00086B5874DEDB40C25E4080020E17C180408
:109300009803FDC7610818045802A101A9CDF1B066
:10931000BEBE82D5EDC40CC5EDC80CB580F596CDAA
:10932000EE7C0CC5EE800CB580C596CD98F1100B87
:10933000F27C0C0C0CC5DD93AACDEDCC2041FE15C2
:10934000A6439833FC75A94DEDD00C35FAF5AC3D2C
:10935000E4040620E1FC0834460206438347F1B0EA
:10936000F8B5893DEDB80C45EE240CC5984386430D
:10937000F6B5854D6DD80C4551F69131A24DE00CF6
:109380003EB482F50906A14B1886000086058000D0
:1093900049F6234B11C1E00C846589213EB48385D5
:1093A00049F6A54B59F6000C8245800C82F5A74B77
:1093B000600C49F6E00C59F645F601458921E00CB0
:1093C000EE584C45EE5C4CC5EE604C25EDE00C458E
:1093D0008235A24D84C5A14B41F6234B0465E00CB8
:1093E0008375892141F6A54B47F6000C8245800C18
:1093F00082F5A74B600C41F6E00C47F645F60145B7
:109400008921E00CEE644C05EE684C35EE6C4C2581
:109410004C55C60A4002EE344C05FA148E0B6E34DD
:10942000E80C5448680C46E853B88E0B8E0B680461
:10943000680872280C058E0B0C15EE384CA5EE2032
:109440004C05EE18BE0D6E3C6E1C4CA5908440027F
:109450000E3C4C050000820381116C04EE404C056B
:109460006E444C05BE1E8101BE048F55E31C010AEB
:10947000A1ABD6D50C0584D5A70BEE1CA50B822578
:10948000A30B82654AF882958E0B68006C18818563
:109490008E0B6800551881458E0B6800EE180CA5E0
:1094A00080F5A3AB8E0B7C14FC384208EE180CA59B
:1094B0008A35A5AB6E080C150C0587218411EE408A
:1094C0004C15830D40104E400C15DC00010A6E282F
:1094D0000116E0404C0580000C058E40820D6E2088
:1094E000840402108E404C15E68A400AEE3C0C15AE
:1094F000EC3800004C05801D8E0B4E3CFC385608A5
:10950000EE180CA58815A7AB6E400C050C1587212D
:10951000010AEE080116E040841100000E404C05DF
:109520000C05830D4C15EE200C15CE40400AEE3C88
:109530000000E68A801DEC184E3C4C0550388E0B1E
:109540000CA5E8083E04EE188201AFAB000CBE0E7D
:10955000A10BE2000C05E26581116E042606820172
:10956000FA8000040C25839500006D9C0C45EC04EA
:109570000223EE20043384110453E030583AE060B3
:10958000465AE19244C3E192468AE0304632E830DE
:109590004433D090A10BE0605995F8F5C1C38181A7
:1095A000FA3C040CECA01EF0548E2D84C010641103
:1095B00013AEAF9463D1144E91AEC0108D8E8F9EBA
:1095C000A1C4ABA4A974A564A384A794897E8BAE1F
:1095D000FC6EFE9EBCCEBE8EEFFC57680C0CD0F12C
:1095E000DD93F23CFA1C044C0C05806BA10DE08865
:1095F0000C1580B5830DE0BC8F0180A5E0984C056B
:109600000C158BC50C25E1400C75E0A84622E0182E
:10961000870BF0840C358255A13BE07C0C3580D55E
:10962000460AE0749295E080E1D00C19E088420A85
:109630000321822563388C1B0C25E8084C05E0A823
:109640000C15E088875160C4E0340C35E0A00C456F
:10965000E0BC4C15484A82334A326696095DF1886F
:109660004C558551484260984C5590880640609C06
:1096700048328C04C42B7188182444470E55E08866
:1096800098737C10E0AC0C450825C4570A34FC14D0
:109690008E53E0880000823D4C05840882A580C07E
:1096A000063057C4C4C7EC04FC3008C5FC7584CD33
:1096B00060BC4C35FDC5982BF21C0C4C0C25DD9381
:1096C000061460840C45E08886736078823B015103
:1096D0004C258221824360840EC58345DD84F810C9
:1096E000E0200C95C487C4C7FC3012C5FC2012854D
:1096F000F1B058824AC20ACD4610FA1482115C00B9
:10970000FA85881D0C5598140C45E03C0210E01CAD
:10971000032DEC040443C227483386534853E030FA
:10972000DA85E06082010311E0984C15E09C4C154D
:10973000E0BC4C05C1C3F925FAFC040C0C15806B88
:10974000A11DE08C0C058235801DE0880C0580A5EC
:10975000830DE0BC8F0180E5E0984C05F2FC0C0C19
:109760000C55DD930C25E1440CC5E0A80C35E01840
:109770000C4BE0B4445260480C2BF188851B6050C0
:10978000E0C80C85E0CC0C750C958275A19BE0803F
:109790000C9580F5520AE0740FB8E0800C55C000BB
:1097A000548660705202E03CAAA3F1849645949DD1
:1097B00060940C55955BFDA10C5594A51450E034B4
:1097C00016A4E40496A3E1FC8AA383A79245959D81
:1097D000708452020291C6371494A031CB3761FCD9
:1097E000F9A114930CA5C297949F6010189592C389
:1097F000B2C4F80C14A5C497C4C77C24641016A086
:10980000C7B786A3669248BA7FFC578E0840C3FF4D
:10981000C947E50060200CB588A3964FF00A48AA16
:10982000FC241695FC3016C5E68A444A0420A6930B
:1098300098936600849DD1270C2584A59834E084F4
:10984000E01C0C454C25822106306084072DEC0479
:109850000443C227F1944602E0304833E0604803F5
:109860000C05DE65FF91613460944C9573588C2B28
:109870000C35E8080C25E08C4832E088861B7180A6
:10988000613C4C454240854DAB0D1C00E13C4C1504
:109890000C0982D5400AE1D00026E0904C05C000BA
:1098A0004C05C0980030409C9435CC1060340C05B9
:1098B000F188483286E5880DE40402000614A813F6
:1098C0000C35E1FC861360840C158317A223601C01
:1098D0008403023160844C354C25C237861360887E
:1098E000603042234C058F214203E08C4C25E06020
:1098F000E755E09860380C05F1884A12E0A40C4561
:10990000895D804330238A45F09C403260884C2535
:109910004C058C1B68B8E08C0C15E8080C25E0841D
:109920000C35E01C4C05E0888211608C60844C157D
:109930000223C21744038F118C0B6060E030443364
:10994000E0984C15F2FC0C0CE00810A860BC4C052B
:109950004C15FD11E135E09460A00C050C35872114
:109960000C45E044400AE0484C25E68A46126098DF
:109970000000F18CA8136C1860BC4C354C25803D60
:109980004C95E09C4C15E0944C05E0C0DD75C0BCE6
:1099900060780C05445281310054718000C3E08826
:1099A00083558A0B1875F3440C85F80CC447E020E6
:1099B0001045C4771075FC104872FC1C064DF190E0
:1099C000FA0C46425C004050EC040A50FA65855D92
:1099D000E0840C250C4598340C55E03C8221601C39
:1099E00060844C25EC040630C227072D4602045340
:1099F0004A33F1904A03E0302AE8E06085019FFC99
:109A0000E0984C05609C4C05EC040010C1C3F505C2
:109A1000FAFC040C8781006BE0900C05E0180C1533
:109A2000E0840C7560984C85ACD5A10DE08C0C25BC
:109A3000AC45850D60200C55E08804047C080225A7
:109A4000F0884612F8100645F80806C5781806355D
:109A50000A25C427C4477C087C100A450AC5C4C728
:109A6000C4377C30FC0C0A35A6C3A823906584CD8E
:109A7000E0340C2506248421FD37E17C85278623EC
:109A80004C05A403040460900245E08846127C085B
:109A90008E34F088C4479A240435C4370445FC0C3E
:109AA0004832FC10893171900A00854518046C0415
:109AB00002C5E08812547C300295E088C4C7FC24BB
:109AC0007C3004C50495C497B2C3FC2482F5A3CDB1
:109AD000E4081240E17C14949493FDA793CD8597FC
:109AE00000904C559C0040509C0048C0EC0406304F
:109AF000F695A13B8C1B0321E8047D28613C0C45B5
:109B00000C35FFC1126060340C15E6200C25E09482
:109B10004A42E0884052F18C991B7B00FA004422B3
:109B2000E0904C250C15B045981DE0840C05AE0561
:109B30001414601C0CC5E08480A3E0A4E03014532E
:109B4000F1B056520F38972D021180004C15843316
:109B5000081460840803E0840CA591114C15E050B2
:109B60008C1B6050E030402360604033FB000034C9
:109B7000E80855E80C1598240C35E0844CA5E01C49
:109B800004206050051DEC04E08404144603843373
:109B9000A0A5E0600C25A535FF11609486B5832B48
:109BA000613C0C250C0582710A7460349844E08491
:109BB000E01C0C35608C0C054C25A02308406090FF
:109BC0000A33EC044C25897D4C75E0944623E084EF
:109BD0004603E0309865E060E0880C05E0A40C35B1
:109BE000E0904C25F18048228E25864D60340C355E
:109BF000EC04042060BC4C254C4585414C45E09864
:109C00008033609C60944C15EC0C063060C04C3581
:109C10009215862D603C0C150C2582710674601C13
:109C20004C75E0848013E084608C4C1544038623DB
:109C30004413E0300C09E060400AE1D08AE5E0849A
:109C40007B0000144F388C1B0C15E8080C25E084B1
:109C5000C217E01C440382238515E06086F5A17DD0
:109C6000601C0C15E0840474E0400C35042382234E
:109C7000463AE030A023E0A282A5862D02098E1389
:109C80008201E1E0E1E04201E0880C05E01C0C15F6
:109C9000E0840C758E13C277E03042034C058F01CF
:109CA0000C0CE098DD93F2FCE0A40C05E0840C15AC
:109CB000F1804052812D0211E0844C159844942586
:109CC000E01C0C35E08C0C05EC0418401814191D30
:109CD00086C3E084E0305853E06058030C09F8056F
:109CE0000C55E1D0400AE03C02A5E084F0884052E7
:109CF000680849E80C158C1B0C25E0840C35E090B5
:109D00009844E01C084002110A14EC04891D608488
:109D100060844C1546038A338701606060304623B7
:109D200080000076E0984C058BA5EEA5606014A33A
:109D300048A286C3A443FB108E05984D8211184497
:109D400060844C1508408433091DEC04E084081439
:109D5000402388034033E030E825E0600C3587F588
:109D60000814601C0C05E0848833E08CE030462346
:109D7000E0604603E1D00C29E084440A000482E557
:109D80008C1B7B00E8084548E0840C15E01C0C2582
:109D9000E0840614440386239804E060E0984C8530
:109DA000EC040000DE65811D0C3583B5A4536040D2
:109DB000E0A2463A82A5865D001982038211E1E0A5
:109DC000E1E04011E0900C25E01C0C05E0840C154E
:109DD000E0840614402386034C85E030A404E09818
:109DE000E0A40C35E0900C25862D80330C3586C51B
:109DF0008033E03490A5872D601C0C25E404081006
:109E0000603C0C35E0840244E0844C4544038223EA
:109E1000423260304413F0800C09E060400AE1D027
:109E200030F8E084E7B5DFFC86F5A11D601C0C2549
:109E3000E0840614E0400C4506338433484AE030A1
:109E4000A033E0A28285883D040982238201E1E0FB
:109E5000E1E044010C25A4040C15E01C0614E08488
:109E60008623E084E03044038F01027160984C0542
:109E700031888F1B8C0BDFFCF2FC0C0CE0042708F4
:109E8000E0FC0C05E1000C15E0944C2560984C8535
:109E9000F180402260BC4C054C25A223E125E0C0A6
:109EA000F81C040C816102246020001500458171BA
:109EB0008834E0A0C8C48A540035CA248653601888
:109EC00058529853825B7088044055CE81D5EC106F
:109ED000827102847C181085F0985282601012956D
:109EE000B0C38861D5CE92C3FC75857D6088184467
:109EF000EC04084070B04A120A50983318C06C3015
:109F000081F5EC4082214D7402858264C477FC3077
:109F10007C300C950C6588C1B283FC1CD58E8C837B
:109F2000FC35892DF01C0C0CC1C3DD93F87C040CAE
:109F3000ED801EF060BC00750035FF61811160C0CE
:109F400060180025401581814065E07C0015E0889F
:109F500000C5E0B44065E0A8253EE140E088067415
:109F600060D80035004586231620606C4ACAEC4054
:109F7000812166864686213E2833E03C1B3EA05167
:109F8000E440061008100B377C3EE410E40806108D
:109F9000CB570211853707478317195E81513E4E13
:109FA0008141093E0015951E931EE0DCE0E000159E
:109FB0000015FE1E8D1EE028E02C00150015911ED8
:109FC0008FCEE0241D1EA37EE08402C481110B1EEF
:109FD0008EC32B1E81113CCE1A38971E0AA0E000BA
:109FE0000B0AE4041A48E7201615C000A24D6010C1
:109FF0005E45AD6E5E25C05C98F5C04CC41727BEAB
:10A0000060AC003519748CBB06C58E6BAB34FC0498
:10A0100004CDAEC32B3E88339C0058204E600E0505
:10A02000298E9C00AF4E988BE0B000358BC48F44D6
:10A03000FC0406156084061488338E13E032463A19
:10A04000463A9DC490CB66B2E5000630463ACF371B
:10A050000D34E692421A8613421AF00A0210E68E76
:10A06000D117E6001E4582CD5820005C1E859C005D
:10A070001E75805082658044966B2F44E088409521
:10A08000A14BA984811180C581E5AB1E966B01E5CA
:10A0900083413C14E14040959413A5247B0844126D
:10A0A000A52E8111A374AB1EAB249B14822DA7B4E3
:10A0B000C00013F81278A34D4C80400027CEDC007E
:10A0C00016158321AF2EE01060201625E0880814B5
:10A0D000E0200035E0100015C42721C4FC100665FF
:10A0E000FC0806257C100245100599AD93C48C230D
:10A0F0009E6599AD83ADFE14EE34AA85FCC482142E
:10A100000215C43742C2FC0C1814FA044C22E08C2D
:10A11000C267F1B01E95906D4C8000580FB89C003E
:10A12000298E8000E4100E40C77740C4B3111F1E73
:10A13000E686442A18259D1410207C0C1F34E40860
:10A140004E7AC58782CB6686AD110883483A107176
:10A150004977E686E098022406060E830283E0042F
:10A160001043831113E58F811F5E83711615805B89
:10A170001665F8301675F820298EF8102C84C4174F
:10A1800006C5C467C4777C04FC1806657C1C06758C
:10A190000635C4872904FC208E63986386631534D2
:10A1A0007A184632E0840C24806DA6631D849245A3
:10A1B000E4100E40C7770A0B844342C466A24E7A6D
:10A1C0009F54C4477C04181545778471087390CB5D
:10A1D00002739181487290110414708C0606E1900C
:10A1E0008911600887710BF5F8101675C477ACC437
:10A1F0007C1C06650635C4C789C4FC3046C28C3356
:10A200004C22FA0CC267F18C9EE5906D1840298EA5
:10A210000215E410C7C77C1C84431D74024391815E
:10A2200044CA88118643669E8ECB444706060421A5
:10A230004527E00804438571E18C04148511073536
:10A240008A0B006BA374AD94A7C4AF448D559F5483
:10A25000C477AC74FC1C06154232BE340614FA04F2
:10A260004C22E084C267F18C92E5906D1840298EF3
:10A270000035E410C7C7601484431D847C1C063578
:10A2800058CA877110C1E6A249C7861318438431A2
:10A2900010CBC417043482438F81618860040606A2
:10A2A000442A89118223E6B21124EF2F424A8443C3
:10A2B000421AF00A8613E68A826DF11F80501E65ED
:10A2C00080581E9580441E75AF4488C5E08840952F
:10A2D00023749714A7C4A34B971E8211001584956D
:10A2E0008EA360F060A0002585418731442A941335
:10A2F0000610668E853DE41040485E1540158311BA
:10A3000081B5E07C8195AD94906B2D94A7C4AF444A
:10A310008135A374A7C4AF4488B10C8B926B182B02
:10A320008AAB2514F0A8527225A8829DA16D9FFCCE
:10A3300097248215E0F00015832D8221C0884065A6
:10A340001EF001114015E5800C0CE098DD93F07CC7
:10A35000F87C040CED801EF0FF3101216080402567
:10A36000E03C4A86606C0025001581B1816160B4D3
:10A37000608C403540358191A453614460C0003504
:10A38000E440041060A800C500458B27A93EE0BC4E
:10A39000E01800A50410092E0727E410E68646CA37
:10A3A00044427E2E4427F1B050A2A03104107088A0
:10A3B0000211E4080527CB371F3E8317E0880644C7
:10A3C00086A3215E81310F2E00159B1EA51EE0E4A1
:10A3D000E0E800150015991E8D1EE0ECE028001540
:10A3E0000015931E971EE02CE0240015231E95CE29
:10A3F000E08402C4B81B111EFF117C1E81110B1ECC
:10A4000081C11D1E0D0AB1A518B8E31CA2CDC00064
:10A410005C004E30DC0046C02DAE965520248CAB3F
:10A420000015886B98B360ACC4279F44FC080215E4
:10A43000F1904E120C05867D9C004E308E9B2F9E17
:10A44000E0B0005591749514FC080A2560840A2434
:10A4500082538823E01E4A5A4A5AA374927B669E0E
:10A46000E5000A504A5ACF579314E686442A8A23B5
:10A47000442AF00A0420E686D127E6001E95847D52
:10A480004E30005C82059C00A1CB0C4BE08C40451B
:10A4900001E580A501D581B17C248C4B404581B17B
:10A4A00083C161448823A914FA044222AF94A91EEF
:10A4B000946B211482BDADA4C0001348833123CD19
:10A4C0005C0046C0DC004A90C00011B8ADBEAB7E57
:10A4D000F8101425E0200055F82014C5C4272514D1
:10A4E000FC080AB5601000250A75C4C7836D7C306E
:10A4F000FC3004C58EB30E65836D99148D149C25B4
:10A50000836DA8740214A6858924C477FC1C0215E7
:10A51000FA044422E08C0224F1844AB2925DC257CC
:10A5200080000FA812C02F9E278EE410C014C7977A
:10A53000B3113E1EE68650BA3EB4A314C58784818B
:10A540006686529A16B59883ADC17C1C582A109124
:10A550004997E6B2E0040E0604B412830483E0983F
:10A5600010C3839113458F81A78E83211475A8246E
:10A570001485E0102F9EE0201495C427C477603026
:10A580007C080A150A75C4870A85FC1CC4977C20C0
:10A59000FC240A5582731B1490732F940AB40A7317
:10A5A0004E12E084AE53FA1C90E5925D10C02394E5
:10A5B0004214E41096C3C78766A6508A0215C4C722
:10A5C0008481FC089883C58790110283709C58820F
:10A5D000E19016149181121B0E060B95A78EE008D0
:10A5E0001415A884C487E0107C200A750A15C417C6
:10A5F0008F54FC044E528E134AB2FA04C257F19C97
:10A600008665925D85912F9E7C200415E41004C020
:10A61000C727238402C396C3442A88118EC366A227
:10A62000161444C70421E18C4527901B04C3918173
:10A63000E0080E06852105D5925B0D05C4777E24C2
:10A64000FC1C0A15FA044422E0840224F1844AB274
:10A65000925DC257AF9E980510C0278E0015E4107A
:10A66000C787601496C323947C1C0215E0040E0671
:10A67000E6A6508A8223108184114987C42710C31B
:10A6800061881614121B84C307218F8142BA8991F5
:10A690009213E686E51F172442CA82C3421AF00AC3
:10A6A0008E13E68A825DF11F805C1E55404588C589
:10A6B000A33B608C882B1D1448202784ADB4DC009C
:10A6C00082112B7486959D1E60F40015984B84CBE7
:10A6D000718446220230FF212924EC409514841D08
:10A6E0005C0044301E25833D83114050608040153E
:10A6F0008B4E85318145A92EADB4A78406CBAB74B2
:10A700000840826110806C0414A0EC108A9B6C10CD
:10A710008E3B0145925B7F35834DA9149FFC2758E2
:10A72000A13D8B349D248215E0F40015832D8221F8
:10A73000C08C40351EF001114015E5800C0CE098EE
:10A74000DD93F07CF87C040CECA01EF060BC00856E
:10A750004015FF110015E090911EE0C0E03000159B
:10A76000E01800B500158D1E8B1EE024E064001576
:10A7700089BEFE8E81110F1E8111131E81113E1E96
:10A78000ADB5FC1EE31C050AC00016E8602000758C
:10A79000E08806A47C0C16858F1482210E95C48750
:10A7A000A11B7C2096C5932EB413FE149645B01DB4
:10A7B00060B40015065596330625FA10C457E020FC
:10A7C0007C140E450EC5C42704107C088727E410AE
:10A7D000FA10442260100095082492C34CC2E08411
:10A7E0001285F190A36D7C20A4B5BC8E6014004549
:10A7F0008B94C2677C140845E4100A8098834757FD
:10A80000E6A64A5A6408164045B7882356BA9051BE
:10A81000C95766A6C4270A83848308B1C7B70D4405
:10A82000448A9683442AF00A0420E692CF27E50062
:10A830001EB5846D9AE58010846DFC24C09040A5FF
:10A8400089B4BE24C0085E6598B5A12BE0F8002548
:10A8500044A291444822F18883217A10BE2E914E61
:10A8600000658BA542B260B40245F08C00B5FA10C9
:10A870000660E0144447E4100E25873716C5FC1027
:10A880004A32FC2004947A080654E0844622E0848C
:10A89000A33DF18CC0101EB51645A25550C27C10C8
:10A8A0003CCEF0A4E40816C0C5B70BC484410883AD
:10A8B0008A83454766B256BA484AC487C23766B2E9
:10A8C00088B10D54C7B708419643C747484A9043DB
:10A8D000484AF00A0840E696CF47E5001EB5883D95
:10A8E0001EC580109865800089B4FC4440A5883D51
:10A8F0005E35C090BE34C008A13BBCC4003596157F
:10A900009144E0F8F18C46A27A104832914E83319E
:10A9100089D5BE3E10A00C340484EC04A0116088DC
:10A920007C08166502248B170E45C437C467FC0CDF
:10A93000FC180425FA084612E0880234A2A5891DF5
:10A94000E08C0234F18442C2A0F5A31DB34140243F
:10A95000669248CA8BC4C2177C1804253C648441A3
:10A960000A60C5478C436410AD614757E6B24A5A46
:10A9700066B2582A1051CC27E69A463A82C1495706
:10A98000C3C70A4386430D3498438443F00A444ABC
:10A99000E68E442AE5000420841DCF27FC2496C5BA
:10A9A00040A5841D5E15C09089B5C00810A0024462
:10A9B0000454EC04E08806847C0C16358B67A06197
:10A9C0000234C4570835E0880E45FC044C62FC1480
:10A9D0000664FA0C893DE088066490054622E08C06
:10A9E000A33DF18C40248E55E40808C0C5470B7484
:10A9F000C4C739517C040415484A9B21C237669E5E
:10AA0000E68A449A4A6A084104C3E696E69E441AD6
:10AA1000CC174747822108C3C3270AC30D2482C32A
:10AA200042CA84C3421AF00A0210E68ACF17E50030
:10AA30008465823D823DFC14C09040A5C0085E350F
:10AA4000A11BBE14001582551114E0F842A2A2A366
:10AA5000111EFA04BE1E831190AB111483AD932412
:10AA60009FFC2928D0F10111E0984015F07C0C0CD6
:10AA7000C1C3DD9360AC001500258141815160A008
:10AA80008185843406CDC5C4FB3046321C00485055
:10AA9000855D82514045FE15DD93E0B8F87C040CDD
:10AAA000601802658E35A32BE04C02559465815DDC
:10AAB000080406C40C25E08888637C106C040E0032
:10AAC000804B8381E0880624FC0C183586AB03F5A7
:10AAD000F8040C951895C497959DFC24879D82A534
:10AAE00002A5826516A4E0B4F7B7E17C8EBB16A37D
:10AAF000949D8BA7A38B809588BB82750C60028187
:10AB00000E70EC1092AB6C048A8D964B9854F845FD
:10AB10001855C45781C5FC14040406340C25E0887C
:10AB20000824FC080655E088804B7C1002C58A3B4F
:10AB3000C4276020E3400219FC081825E686463A3F
:10AB4000E686425A86530421822385274800855D84
:10AB5000880BDC00F07C0C0CC1C3DD93F87C040C8A
:10AB6000EC801EF0E0840015B0F5A11D601C0025EE
:10AB7000E084121412738493A17DE0300045AED5B9
:10AB8000875160A0E0601233E696504AACA5913D33
:10AB9000AC75A13DAC25917D0C70092E0045E40CEF
:10ABA00000A5E0B4A041E0D4617C0A44FA8004A48A
:10ABB000F7570F2E04A40A430B47E1A00D4EE1A75F
:10ABC000E088086460180055FA801624FE2EFCAE5A
:10ABD00054520B5E0151F09081C58141826169241C
:10ABE000E02000C51825C4278421FC0848228527B9
:10ABF000866DFA100FC4FC851223A01D8EC3C02CD5
:10AC0000F0AC4EC25B1C4E229CF5A3CD892D8D2449
:10AC100004B09C85FA2DEC04917D9C150D249AC5F9
:10AC2000E18406B40CC00BA43E1EE404E088026478
:10AC3000A8230F1E82A344278191262360AE462AB3
:10AC4000E08804448C8B01B10315A6CB6924A4C30E
:10AC5000821482810215C427C417FC08A6C31813E6
:10AC600060000412E8000212A29304B3FC058E8D6A
:10AC700018900B840F14E408E40806B003258994A7
:10AC800061148283C02482610415C4170025FC046A
:10AC9000442AE0248A136686E50004204A12CF275E
:10ACA0008E6DF088FE14FAE5F420028A0C3488D503
:10ACB00085C76108F1B0466286E5A03D60D0000519
:10ACC0007C248CC342CA8AC3D107F00AFA800004EC
:10ACD000E692400AE68A421A05078401E60002105D
:10ACE00091170603820D3E04D0A44002C1E0001972
:10ACF000C4040210C1E040110C0CC0F1DD93F07CE3
:10AD0000F87C040CEC401EF060A800150075814131
:10AD10000025E0AC00A5E0B0A31D60A0884E9C4ECD
:10AD2000831384358DF383339CC48254FC100A55FD
:10AD30009C5E985388C4C0547C100A55985388412F
:10AD40000254885EF18448A21870234D4C70E410C0
:10AD50000855DC00DC005050608806447C3E8E6B59
:10AD6000E0881614FE0C0C9582A17EAEA2A30913F6
:10AD70008AAB3EAE897383337C2C14A5CD84943B7F
:10AD80001493B093F19E86ABBEC4FC840254FEA41F
:10AD9000C4C78A830EA08EC3489AEC0400D8E01C76
:10ADA0000E10A0008F13EC0487738333E174D93441
:10ADB000AE33D594F13E9233182040548875E41098
:10ADC00060880E440C85846B06A07E1C0913E40485
:10ADD000F18448320614073330ACE0888A9B68005F
:10ADE0007C0C1295E9B492AB1283B683F18E949BDE
:10ADF00046524054C447F09C200100A8582240000D
:10AE00008305F0908A3B046BA00000D8EC0400108E
:10AE100083338113D9048773D524CD148403A2030B
:10AE2000A0F1F10EF07C0C0CC1C3DD93F81C040CF6
:10AE300060A0023502258741463AE0504822E6925A
:10AE40000630F080874DEC0402358AA508046018AE
:10AE500083C1E088FC100655C4578644FC1408558D
:10AE60000C0083F50E0464040675E08810647C1CF5
:10AE70000685E088C477FC207C1C08950875C4878B
:10AE8000937DFC208B7D8205028580C5CA7760B4E6
:10AE90008095907D806B23CB02C180B584CD8C0BD7
:10AEA0000C0CF825DD93F01C60A0005500458131A5
:10AEB0000254E0180454608881C5E08C4A4208CBF3
:10AEC000713EF084943E84438231103E60A0005570
:10AED0008B3D984BDD93FC95F87C040CECA01EF0A8
:10AEE00081312D0D0455AC350445E10404A5E1087C
:10AEF000135EE10CF19456124A12114E0495F19032
:10AF0000401261100485F1A8585261140445F9AC4F
:10AF10004CC261180F1EF980F1A44E1258120D7E1A
:10AF20002C7FF1A0F1904812B87F0BCEA17DA87FB5
:10AF30007C4EA275E08802B4C45709AEFE8EBE9E58
:10AF4000E0180495E11C0485E0B404A5FC14127516
:10AF5000FC041215E0200455C417C477FC040A450C
:10AF6000FC1C0A15E1200475E6A2504AF190481233
:10AF7000669E4E4A907DB483044598E50C04612496
:10AF80001235E0889304FC180A35C4374232FC0CB1
:10AF9000421AF184924B66928C258E1DC4B78DB4F3
:10AFA000FC2C08050A65C4070405FC004662E1287C
:10AFB000463AF18C9104E6828825823DC4A78BA491
:10AFC000FC2808050A95C4070405FC004292E12C00
:10AFD000421AF1988904E6828425861D0435FC0412
:10AFE000C407E130FC0008050A05C407B203FC00F1
:10AFF000E68E400A820D7E0480041E058875A90D28
:10B00000E0740415E094420A8FC486C5AFCDA0C396
:10B01000C4C78655181588C31825F818F034F808E1
:10B020000A15C417C4277C047C080A250A35C437CE
:10B03000A413FC0C841DA6238C1000000C0CD0F172
:10B04000DD93F07C060B803B0C0CD0F1DD93F07CA3
:10B05000FA7C040CEC901EF0827B0B2E0240090E51
:10B060000008E4C0E700044066400A4001F599C1C9
:10B070004265816118C07830C56EEC044265D56CBC
:10B080004A63E02CC966E02CE02C4461FC55A1CB5E
:10B09000608802047C0EC207E700004000403E0EBC
:10B0A0007E1EE640E4C0123064C01440E6400C301E
:10B0B0008181110E12058D459921783043389C1AF3
:10B0C0001C1AE81C7FFD57FE4002CFFF99217BAC84
:10B0D000F83054054278E504690EE81C8F9E9921EA
:10B0E000E02C120541F89C1A593AE81CFBAC4002CE
:10B0F00099211E1A54058DAE860B602CE81C414820
:10B10000992111B40C03ED0C9E1AE05CE81C42A8D6
:10B11000602C0C031E1A80AB423899210C03E81CEA
:10B12000809B608C99211E1AE81C41C88934FC243C
:10B130004222FE44B42371A492230013402A8E3885
:10B14000441AE0921144E0920202A13B920B60008B
:10B1500060000622EBFC041202323E340006EBFCD7
:10B16000A19D40009C004090603048030C26903325
:10B17000461182818F94E03091BE8DA482088B04A9
:10B18000E655818DC8F10101F27C0C0CC1C3DD9341
:10B19000E08400447C000A03F0805852E09018C319
:10B1A000FD0120C380CD3C04978018C4440418C01E
:10B1B0008615A31DE68A44CAE50E582A658E442AE0
:10B1C00018C08131C1006401728C4422DE27E3C7BC
:10B1D00002CDA4CF80F593110A298853E22DE1E036
:10B1E0008B11805540118803DD93E3901824425A57
:10B1F0009833E088E0300635C35DC65780000A0604
:10B20000D1944A128215CB3DE010000B8203C60791
:10B210005C08C03D04439A0048018501DD93E3903A
:10B22000FA7C040CED301EF01E259B2EB7C4E0887E
:10B2300099411D4E1E25952E0CC06084B5B4E79033
:10B240001E25972E992EE080A32EBF24912EBD247B
:10B25000932EBB240F2EB924814581210840592605
:10B26000A14BEC041F1EFE95E5800A5060004F06BE
:10B27000E00811068191213E161587D5020AFC1CB3
:10B28000C7FF63FD48C28C658D1170A4E39048111F
:10B29000A11B801A942480E50286C32D4811C000AA
:10B2A000821AC3908265A11B709C44C20425CE17EC
:10B2B000C22DE030C0000236C3904811C01AA55E0E
:10B2C0008205A11BFC20182B0236C22D4811C0009C
:10B2D0002314C390163B922B006B984B787898AB55
:10B2E0002134EFFC255494CB02918C0B08718851CA
:10B2F0008E188481F055839D02299F14040AE0343E
:10B300008485E3FC985B15240D2E9D448B2E8921AA
:10B31000892E9724FE2E8F24FC2E9924BE2E912454
:10B32000BC2E932440989B240101E800E5301EF0D8
:10B33000F27C0C0CC1C3DD93FE7C040CED001EF00E
:10B34000848B7C0E955EBB04110EFE4EB704A30BDE
:10B35000B304BE0EB1048B0E8E28890E8675972E0F
:10B36000817103658E039504E390000982D5AD0BCE
:10B370008E4B7C048B348924E0200013FE5495040A
:10B38000BE04BC0EEFFC706882719724FA758F2B97
:10B39000E0003998E0300209B5B49514A10B1F0EF6
:10B3A000021015011D0EE790C0000046C0385E0572
:10B3B0009B0EBD0481A5B90404200438AD3BEC0408
:10B3C00080381E3500004231A12B82110994FCD532
:10B3D000E200002A81A10B7460080D06400A813149
:10B3E000962B66A640090C06420AC000400AE51EDC
:10B3F0000210E59EC008640172A84002E807D91750
:10B400008111220FEFD8532866A6446A6400000019
:10B410004212C100E30772A8651E462A442ADE17BD
:10B420004C02659E0630F984400864014022811177
:10B43000D93772A8962B68078131260FEFD851684B
:10B4400000001734C100640142121B445E17F2A8C9
:10B450000434E307A20F6088A61B0823640106409A
:10B4600004204009C00964016008488611B4815174
:10B47000852581C1A9BB15A4FC10147314958C7E7D
:10B480004695FC1452A260C012A9F1B046A5E39003
:10B490008295E180887E8C730E7595744475FC14DA
:10B4A0001279E0C04475E39018C0E18084416C04D7
:10B4B00088310821991B88511F24F6D51B448151DE
:10B4C00091B481C160880624193EA41B0F3E8833C5
:10B4D000E5E004806581063008404009C00A6781C4
:10B4E00008628515F09452425265A9BB1075F98027
:10B4F0005275FC144E8278C00EA9F1B0A4AEE240A1
:10B50000006382B5F09452321065A46E5265FC144B
:10B510000E69E0C05265E24018C0E18084216C04ED
:10B52000991B88511104F6F51754FF819F1481412E
:10B53000004A1B34000CE00C0454E2000014688044
:10B54000420AE8808135E68A82414D8EFEB5834D00
:10B550000E041B148141E08865810610933EC009EA
:10B560001BC48595E0880A44829B13648AC39FA408
:10B5700066010AC018C0400AC009640194B483651A
:10B5800082E5A1BBE1800CB58265A1BB9834B0B463
:10B5900016B4A6B3170AF080C0036081800052B5CC
:10B5A0006C0414A088618891FA55A1AB82411754AC
:10B5B0008B4B8E139114F4F50A48A91B0368C00045
:10B5C000C00040016696420A9B34814105B5C4170C
:10B5D0001B548613F0944642C4371364829B1FA405
:10B5E0000A308A33400A6601640118308365C00955
:10B5F000A13B94340C3582E5A13BE180B0348265F7
:10B60000B63398B4F08016346081170A52B5C0037F
:10B6100014A0800088916C04A1AB88611754FA557E
:10B620008E138241F4D58B4B1B148745993481418D
:10B6300006108613C00965818595933E0A441BC494
:10B640001364E0889FA4829B0AC08AC3400A6601F3
:10B65000640118C08365C009A1BB94B40CB582E530
:10B66000A1BBE180B0B48265A6B39834F08016B473
:10B670006081170A52B5C00314A0800088916C0441
:10B68000A1AB88611754FA558E138241F4F58B4BA8
:10B69000420A9F349944E69686131B340613C41756
:10B6A0000630883340096581933E81411BC48595EE
:10B6B000136488531FA4C4578AC3829B66010AC0BF
:10B6C00018C0400AC009640194B4836582E5A1BB37
:10B6D000E1800CB58265A1BB9834B0B416B4A6B3B2
:10B6E000170AF080C0036081800052B56C0414A07A
:10B6F00088618891FA55A1AB824117548B4B8E1308
:10B700001B94F4F58D0581416682424A7FFC55FE0B
:10B71000139EDFFF0D1E923B59FEFF515FFF7FFD21
:10B720000385FF618C1481918405911B4A60951DEE
:10B7300058A05C000275DC00DC004C9092BB191D27
:10B740001C005650FB305812941B965B88310291B6
:10B75000819D82AB1394FA358C85915BF1A842C22E
:10B76000E1DC030A58A008551B94DC00E088024481
:10B7700060880664E088165412901213C00A64812F
:10B78000FC0C1235E9C00215FC2C1295F18C461206
:10B79000063432131394F080F08002144A60871D3F
:10B7A00058A01C008A6B9C008131121B458E81358C
:10B7B000813D82318D14FEB582631B148263C467A0
:10B7C000024198CE854D8E931B34E8158D358191BD
:10B7D00043FE139EDFFF7FFDFF4106BB7FFD4BFE57
:10B7E000FFC15FFF8191038591ABACA483AD84055C
:10B7F0005C0048C0DC004A10589002750BADDC00BC
:10B800004C40926B4AA21C008C4BFB14029182AB01
:10B81000941B8EB3FA35859D914B13944C528E45F3
:10B820000D0AF1840855E1DCDC004A100C941BA4DD
:10B8300012C4E088164460881463E088670114A08D
:10B840001495C0090C65FC2414A5EA205262FC2C56
:10B850003463F1A4F0801294F0800C64936D13941F
:10B860001C0048C09C004A10011188CB856D816185
:10B8700050844832C4040C6040004885D09C421279
:10B8800042CAFCF59B44E682C4179213845E881377
:10B8900088310291E6B5819D022A91140C28E010AE
:10B8A000C0004001FF311B6481C17F41136E8B7565
:10B8B0007FB18C5B0345FF618A9B8111FE1C12A541
:10B8C00019A491ABDC0046A0DC005610FC280A55F8
:10B8D0004850915B4C105C000211DC00851D925BAE
:10B8E00091BB80A5916BFA6591BBFA25916B8C8514
:10B8F00042328C450214F190030AF0808695E1DC17
:10B9000002C41B940AB4E088146460881213E088AF
:10B91000670112901255C0090215FC141295EA2015
:10B920004A12FC283213F194F0800A54F080021479
:10B930008095835D893D81859F1480C5E6824A6A32
:10B9400098130155668242BA1B54985BC4178A1338
:10B95000848E8A1382C113649F5488618BCB9714A1
:10B96000420AE8F581516686C4179B2454220B8550
:10B97000192EF084141B84BB7FC1FF2181E58161F6
:10B98000919BED94469045944460DC00919BDC00D3
:10B990005C005860DC004890816D8261912B80A52D
:10B9A00091CBFC05912BFAC591CB8CC542328C858D
:10B9B0000214F190030AF08086D5E1DC02541B9456
:10B9C00014BBE088E0880C24E08814C412901213A1
:10B9D000C00A6481FC181265E9C002157C28129522
:10B9E0004C1296AB3213F198F0800C64F080021484
:10B9F0004CCA015546CAE0041714E010DC00582078
:10BA000002069B248A13C000E682421AC4179813C8
:10BA1000848E8413825119248E238EA3835B971402
:10BA20009724EA359BB49F14E68A400A00138F34AA
:10BA30001D94C4074CB2C41780B3708481110915DA
:10BA400082AB1504862B0F3E8C4B163B82031B14D6
:10BA50006790000081658151884102518821083139
:10BA60009FC488118845995D93CB80C884C4FCD558
:10BA7000841591CB5FFD3F2888C4C3FF80F591CB2F
:10BA800091CB8CC490C48095F8E591CB8016891138
:10BA90007C0481D58924944B00138B349504E020D9
:10BAA000BC0EFE547758BE041B04EFF80F34941BF1
:10BAB000172482110E038E631B0E8EB3851B8E33EB
:10BAC0001EF0F0150C0CE500DD93F67CFE7C040CFA
:10BAD000EC601EF0829B00AB60940034E18402A411
:10BAE000820325C4602A400A2984A171420281612F
:10BAF00040C27BB0A273FA80F39842624012807316
:10BB0000CB777298E0EC02040E042E1F0B1EE1941A
:10BB1000FA90402244422E1F211BFB88EFFC43F683
:10BB2000A403201C7398426280084C968000101871
:10BB300048AA9F24897EE6AA064406233E5EE18445
:10BB40000623CA27442A823B84C3E012F298446247
:10BB50004E22A0C1CBC7729860EC167438BFCB7769
:10BB60007FFD45FE56CAC03F802B6408E0000E1AD8
:10BB7000E180420A1FFD57FE0E06403F5758C000A5
:10BB80000404EFD4D01761E045FE241FC03F7FFDC1
:10BB9000FFA1500742CA7C9E7E8EE408E008421A4C
:10BBA000406A0B940984E028E580420AE188421A41
:10BBB0006D80420A41FE922B43FE5FFCC03F1FFC9A
:10BBC0006FD44BE8122B903B4B98903B023BEFD449
:10BBD00023A4802BE028446A06CA21841D94E5FC36
:10BBE000E1FC061A6580420A421A960B8E1B618898
:10BBF000ED80420A5FFC45FEC00447F6EFD453686F
:10BC000047FE3E24C03F7FFD89B4A77444628493FD
:10BC10007E84F298442290937C94F298442292A3DA
:10BC200054CA7298041AE40C420AE0000406E18047
:10BC300055FE4000C03F1FFC61E006A450A7D0277E
:10BC40001403A62F4212FFA145FE7288DFFF7FFC7E
:10BC5000640842CA421A8471C7776008E028406AC3
:10BC6000E580420AE188421AED80420A1FFD43FE48
:10BC700041FE5FFFA11BDFFC0B24824545F8963B8C
:10BC80000131EFD44F188E2B8195EFD48E2B0131DB
:10BC9000EFD44EC8963B0B24EFD4452843FEA11D9C
:10BCA0005FFF1FFDDFFC41FE82E5A11B963B0B24DD
:10BCB000EFD4446860F80414240FC5070131C51798
:10BCC0004D388E2B81E5EFD48E2B0131EFD44CE82B
:10BCD000963B0B24EFD4434860F80414240FC507A7
:10BCE000211DC5177FFD45FE0414C7FFFF310188E4
:10BCF0000188000480F8021419844602465AA12BD8
:10BD0000409A6028400AE52647FEE18404065FFC6D
:10BD10000033C000E5A6409A4022953B47FE728062
:10BD2000A10B9FFCDFFC47FEF00A403A0C0BA00C75
:10BD30000C0CB0F1DD93F67C814101B58241495490
:10BD4000985DC5C480000A06D1B04A52814DCD5ECF
:10BD50005D93FCD5C1C38101F87C04CC67900A30A7
:10BD6000E6A0183081610F4E4806088B03A5E02439
:10BD70002066809B18A3A51B160E40001478D000E7
:10BD80000001160606A59000F27D0000484A80B525
:10BD900054A2E49C65AE90AC0831826104C182512A
:10BDA0008AA88281F8D5956D88D5E5AD82418F440A
:10BDB000885B033181C103B578040A699478A51BB7
:10BDC000E08810647C200085E0881274FC240095D3
:10BDD000938D80958175809580A5928D78044A71A8
:10BDE000946683C182310AA80CA482518D3DFA80E9
:10BDF000A3CDF8958101F6C5F07C0CCCC1C3DD93D1
:10BE0000FA7C040CED901EF0E0841E75A74E9D5E3A
:10BE1000AF2EA13E9E14A91EE0200E05E08C1E85CB
:10BE2000E0881E65E0801EA5820B250E47F8AD1E3A
:10BE30001F0EE8140E0583C14C05E0180E09EB54E3
:10BE4000DC34E0580060310EC00B65419E48AB0EFB
:10BE5000E0200E1B5C589C284C35A9CF4C21EB50A0
:10BE6000C0026D6904C41E044C13E894C00166B19D
:10BE70006D6D4C414C51C002C0026D71E8144B28ED
:10BE800060180E050E29809B90BB604CF01456057F
:10BE9000E0480E0914199BAE81A16034E0900E3980
:10BEA000E0940E4978185601E7F4030A78105631E9
:10BEB00000108101027004045641E460904B780C3C
:10BEC000F8145621E01C0E355001A31E990160485C
:10BED00050A1AC0650A1E054AB04E058B124AD141D
:10BEE000EFE074688D51210B2FC490A5B11480AB85
:10BEF00064010060047040090165E4A04944823B8C
:10BF0000EC040630A13BC14E1E05FE75A1AB60904E
:10BF10009D0E96D5E0A4180912C5A10B846012806D
:10BF200064601280E48002C064E004C0E5F006C0F2
:10BF30006401006008604009C002650166010A6092
:10BF400018604004C00667018DBE8F9E895E8BCE4F
:10BF5000FC6EFE4EB104BE0EA554A744A904BC0E4F
:10BF6000EFE8720880AB3114A1AB2FC405E588A5BA
:10BF7000AFC49551E0701809EE45A10BE0741809A3
:10BF800096F5A30BA114A30400349D24E44000C043
:10BF9000A0114654FC2EFE6E3C1EBE0E2904921BC0
:10BFA0009F24989B65B8B144210BEFD890858F51A1
:10BFB00092CB00AB00C0F3D5962B66F06FE443C87C
:10BFC00080AB923B8265A1AB9D0497511EF000AE01
:10BFD000025EE5900C0C940BDD93F27C028027044A
:10BFE0000460E67040096401924B963BE02C0059D6
:10BFF000FE1EAF043114A71EFC6EA001992EBE2EAA
:10C000008E1B3C1EA324970EEFE0480880AB1D0456
:10C01000995121AB239EF69564D10E802B04C0026A
:10C020002D14962BA7348E4BEFE06D48A1AB80AB5F
:10C0300079C58AA512099D5192CB6070D605A10BD6
:10C0400060580E09650004600660C0024004660185
:10C05000670108605B78C0068C1B68109151210B4A
:10C06000AFC4D0B51809B114A10BE070020BD045D4
:10C07000E4A00470640106608C1B4009EFFC65E8D5
:10C0800080AB311493512FC42D7EE91566310480A5
:10C09000A574C001FC2E999400702B2E3E9EE440A6
:10C0A000E17C0204962B7717820323340A042F04C1
:10C0B000155EE11431048E4BE7000200A904BC0EAA
:10C0C000E8044808A1AB80AB0AF660352F04C00035
:10C0D000AD24963B0009A1148F2EE304B0112B244C
:10C0E0008D2EA3448B6EB124FE2E899E9F649524D1
:10C0F0003E7EFC2EBC0E8C5B9724A904EFE04BA87F
:10C10000A1AB80AB0B4658752F04C00021748C2B5B
:10C11000AB64963B00002D940270E7108C4BE4401A
:10C120006FE058E800AB925B21AB8E2B52D5927B2F
:10C13000C0000BC608802F04C00364916470022005
:10C14000162B849B254E8E3BE7200000EFF47828C9
:10C15000A1AB80AB0BD64E75120BC0002534961BDD
:10C160004CB88E2B80ABE8044C15A1ABC0000BE69D
:10C170001215AF74122BE010A994E03C0E0BB144E1
:10C180000E39E188919EE3208D2E8F4E9F148B1ED9
:10C190000070090EA344E7309B14FE1EA534FC3E3C
:10C1A000041027543E3EE440BC6E963BEFF843A893
:10C1B000A1AB80AB5FFC30B8C0000BF663800E19FA
:10C1C00064500880120BC004A534962BEFFC5C6809
:10C1D0004A0600ABDFA5E000FA7C040CEC301EF050
:10C1E00082AB1914849B1574866B3E5E88BB7C1EE3
:10C1F0006040128947F8941B8E3B6800E0441209A6
:10C2000082E5A60D8665A90B8C25AD0BAF0B7CB422
:10C21000100B9A1561F88E1BA30DEFD88D158C2588
:10C220008E45A50BA70B7CB402609695900B6420FD
:10C230006FDC4108A30D8E2B8B3582258E1B100BD6
:10C24000EFD860A8A30D7CB43E6492958E1B900B32
:10C250006FD861A8100B8C2B69B88E1B8C2B6FD8F4
:10C26000921B140B6FD86D6887B58C2B642002600D
:10C270007EF8900B8E2B6FD8A30D7CB43E648C554A
:10C280008E1B900B6FD86008100B8C2B6A788E1B5E
:10C290008C2B6FD80E098565C0056FD184E5A10B85
:10C2A00067FD0E159704C0016FC90E290E39C00530
:10C2B000C0056FCD60090E4BC21EC003E0105615BD
:10C2C000E0585621E05C5631E03056436FD85B4869
:10C2D0007CB48E0B80B5A30D8E0B3E14EFD8634853
:10C2E00098F1010140162C0E2E0EE0000C0C81017D
:10C2F000DD93F27CFA7C044C846B028B867B602895
:10C30000A008A218E810626860581019A204802BD7
:10C310006678E034C8176810E0440C199C55A51BDA
:10C320004E05E014C00167DDE0180C0B98349A2428
:10C3300067E14E150C19C0014E03E038C0026FE1F1
:10C34000E0540C0967E94E254E35C001C00167ED88
:10C350006FC94E11A10B4005603C0C190C298101DD
:10C360000C39E0404E11E048C0056FCD6FD14E0151
:10C370004E21C005C0056FD56FD94E31B0A5C0059F
:10C3800060510C0902604001C0036491E08804041C
:10C390007C080235F08848124E358463400167F905
:10C3A000E084060460600845065B823380136120E8
:10C3B00068014E458341400160094E530C25C0037E
:10C3C000063BE1BC4E41E150C0056FD167FD4E25F3
:10C3D0004E33C001C003600DE300020960214E012D
:10C3E0000209C0064E01E330C0066025E360020981
:10C3F00060294E010209C0064E01E390C006602D7F
:10C400000C29914506706040E014E470E0104E0580
:10C4100008241A044E15E08886436014603C0E59C7
:10C42000E08410248C0B100E7015001586834002DA
:10C4300060540CC9445A84334815E68A001BE10055
:10C44000C0047811781900495013C00842526400A2
:10C450004641FBB058726A000049F088C008781560
:10C46000EC004611EB004641781100494641C008F6
:10C4700008246D000059E084400878090E43C42761
:10C480000470847340076771677108404651C0119A
:10C4900006C06E00C0136770815107657C1400C927
:10C4A000649010600EC4C0031095E08854827C1C18
:10C4B0008C73F09C7801449512C4400214A5E0846A
:10C4C00090936060612012BB44A5988348B3E40058
:10C4D000C0027801E1BC0E75E150129B4E32497EDC
:10C4E000519CF09410C982519CC6E300E33010C9FE
:10C4F000E4004EC1E36010C9E8004EC1E39010C9EA
:10C50000EC004EC1F275835DF27C0C4CC1C3DD932F
:10C51000FA7C040CEC901EF084BB0B1E80AB2B1439
:10C5200081813C5E866B3E4E8D1EAE04AF74A514B9
:10C53000FE1EA7944FB88F8E1639E810981AE09413
:10C54000A53B9A2AE0105213E0145223090E8A5593
:10C550007401000EBE7EC0078301260E85017C0E8D
:10C560002D64A18CFA800204940B29748D34FE246E
:10C57000E8004D2860941619122B940B49988C3BB7
:10C580000B64E8001629940B8E4B6090E09416190A
:10C5900068004E888D148C3B8904BE748F05FC9412
:10C5A0001619A334CC28E0908295C51DC51DCE2850
:10C5B00000141E658000122600181E15800050C64B
:10C5C000090E96E5F084403260200019E47004F012
:10C5D000E120000960805E11E48002F060845E0169
:10C5E00059788C0BA10BE800008B80E58B64879158
:10C5F00089048D140F048955E47004F060840204EA
:10C600000C13C407021B80630C05E2485213E0249C
:10C6100002F06028A60EE48057B8BE648C0B680058
:10C620008B11210B88F5FC1E04F00F04FE14E4703E
:10C630000215C4078C036010E024000502F0020319
:10C64000E60EE4805658BC648C0B68008475A10B20
:10C650008C1B0F0404F02164C207E47002F0020393
:10C66000000BE4805203E0188C0B603CE800552876
:10C670008465A10B808B0B648B910D14021B8904C4
:10C680004418E1A84C03EFE0900B6018C8F11C8E31
:10C690000C0C9E9EDD93F27CBE7E8F048063C207ED
:10C6A000E0180C0BE0385203E0941609C1C3EBB557
:10C6B000FA04044C843B066B4406027B0C0BE0003E
:10C6C00057B8861BA67DEFD0A97B8225AD7B80A5C0
:10C6D000AF7B822501858695A57B8101A77B82851D
:10C6E000810184D54C03DA0E020660284C13E10068
:10C6F00081D5E038DA0E8101E0284C0360304C032C
:10C70000E1000006E0384C03E03C4C03F2040C4C22
:10C71000C1C3DD93FA0C040C847B066B4446028B88
:10C720000C0BE00C54988E1BAD8BEFD0E00C101A64
:10C73000ED80420A8000000680704C01A58B82E5E6
:10C74000012182B5E480006060704C21E4B0027089
:10C750000C0C99211318F20C0C0CFFD0DD93F20C89
:10C76000F83C044C8C35A51B6FD106090619C00591
:10C77000C0056FD96FC906290659C00540056FCDA0
:10C780004811A10B4821E0344851E0204801E02441
:10C790009AC5E03067F90605061BC001C0036009B1
:10C7A000602D06294805C0064813E0100605E0E0A4
:10C7B000C0016801600D061B4821C0034805E280E6
:10C7C0004813E0408B45E110603C0659F088403248
:10C7D0006E700019E680184081710161E0344811E3
:10C7E000EA700019E0204811EB700019E0244811AC
:10C7F000E68A425AEC70000960840414E0880A1446
:10C800001002862300106C30C0166770677102201A
:10C810000450400FC00B677160304881E5000A404A
:10C82000029B853550327C181085F08840047801D1
:10C83000F09854C278605493F098521278304A8538
:10C840000685846188217C08E400129B5032558E55
:10C850005493F09C52C278301089F09C82717C0015
:10C860000889A4861084E030917DFA800C4CF6751E
:10C87000DD93F03CF88C040C603846114621815160
:10C880000430603CC0016470601846536470183016
:10C890000C30C00240026671E00C43F68171032542
:10C8A00079004455F09C5062F15CC95E63005071A0
:10C8B000A0568271E1005051E2005051E400501145
:10C8C000E1000E0A0430FAD540166771E010180630
:10C8D00049568145EC0418C0FE95A1CB67F1465539
:10C8E000040640014655EFF0C00167ED67E9465583
:10C8F0004611C00140056FD94623881BC0026FE96D
:10C90000602D46510C0CC0062438F08CC1C3FFD4F6
:10C91000F81C040CE0180079E0280039E02000C978
:10C92000087006684A3AEC040049E6920089E0146F
:10C930005252601C0059F0B081016024D26D04187D
:10C9400040C6080E8E55E000EC041240E6A6525A8E
:10C95000D21D9093D96D8C75D11D8C35A13B8AF574
:10C96000A15B8AA552C28A65128AF9A088D5F00017
:10C970008895F07D8855F44DEC081240F4F4130AC4
:10C98000E57D86B54E328675A27FF9940E8AAC7F1E
:10C990008495F0004E1AB013A17BE116B86382F5BE
:10C9A000E10E586A8255A1CBE00E406AE016421AA9
:10C9B000E692400A080E82030C0C8101DD93F01C04
:10C9C000FA7C040CED501EF080AB3D048191255E95
:10C9D000848B154E1630130E3B04E520E0080D063F
:10C9E0008171211EA30EA99E270EB904650100A026
:10C9F0001B0EC002660100A0190EC004670100A052
:10CA0000170EC006640100A01F0EC009650100A03A
:10CA10001D0EC00B8D8581019855A10B78901603D2
:10CA2000AC12945BA734A52472F8A344A10BEFDCED
:10CA3000A13494F516039D44AC12F890E03016230F
:10CA40008B4E8C38A7549F449744894E9944FE4E90
:10CA50009B44FC4EBCAEBE4E7438A544A10BEFDC2B
:10CA600093448EF51603A1342C12F890F0A44A4298
:10CA7000603016238E388C43E0510F5E094E8B5E7A
:10CA8000E54008F09D44FE4EA754915E9F44FC4E45
:10CA9000BCAEBE4E79789544A10BEFDCA904883575
:10CAA00011048FC40034A30BC0000006C000583529
:10CAB000C0605835A14484B5160393245058F890AB
:10CAC000E58008C00423AC12894EFC18FECEA744B2
:10CAD000BE4EFCAE3C4E95446BD883410271EFD8FC
:10CAE00004B18891A2188461E4F5837DE5501EF0BD
:10CAF000F27C0C0CC1C3DD93FE7C040CEC601EF0D8
:10CB000084AB06B86010002302149941000B8151D8
:10CB10003E0EE014E760003041568145EC040840C9
:10CB2000FE95A14B6C0400107FFC49EE3E04CFFF44
:10CB3000E410414AE00404DAED80420AEC0400000B
:10CB40006FF9015A40C6400F420AE000175AED80C3
:10CB5000420AE4300006ED80BC0EC000800013C81D
:10CB6000600A402EE7601230E6A01030E502441A59
:10CB7000E582481A0224092E7E4EE184E0FC00443E
:10CB8000C347201F8B4EFC1E2012A535A8348101FF
:10CB9000401AA01D423AC686403AE5820414E502D6
:10CBA0000620F680050A6C80005BE47CFB8C482242
:10CBB0006C7C06429C004A10688C18544A008151D3
:10CBC0000C341C000E54EC00A6436F8C789C4C6215
:10CBD000EC040842ACCF0B64689008C4483BA75FE4
:10CBE0004D4ACACB4C1AE40C8C3B600C420A7C6464
:10CBF0004D6AE580421AE430420AE1884052ED80F5
:10CC00004E20509808F5DC00D28C42420865A12BDA
:10CC100080000E066C040E200F0A803B4610E47C58
:10CC200002201C004472EC8400067B840222C000B7
:10CC30000804EC7C0A146F842223EC00233FA30F2A
:10CC4000F8904852A83F0B146C040422A53F8C03B3
:10CC5000F2844232FE348924EFCC47280070002B46
:10CC60000870E42C010A6C540331E47CFB90480208
:10CC700000000606E48000CA6200000CEC7C0A4258
:10CC80006F941804EC000C54AB3F2A4378B0586200
:10CC9000EC040842AB0F383F44AA293F471DE4008B
:10CCA000E00C41F6E00C421AE580420AE188421AA3
:10CCB000ED80420AA11B9EC5BE448EF5F68000247D
:10CCC000F6800244028A80139075E48064740F0A2F
:10CCD0009C158341BD113E04402AAE130444668274
:10CCE0000270E88404206408A32FEC04F8084602CC
:10CCF00098D5853B6C800610E47C030A461201211E
:10CD00000416FB8C02CA4000080CE4800232620068
:10CD10000A44EC7C18146F842233EC004AC2A32F1F
:10CD2000A34F789406322A2F272FEC048111880311
:10CD300042220755040BF284BE248131EFCC4968AE
:10CD400064080670070A812101E5E47CC00004162E
:10CD500064080670E512402A6592422AE47C070ABC
:10CD6000040683210870800006CA6C780A0CE480EF
:10CD7000483262000642FB901854EC7C0C346F8CF5
:10CD80002643EC005862A72FA75F78B00842382FDF
:10CD9000292FEC0442128A034C78F28804706FCC7D
:10CDA000008AE40C41F6E7FCA11B000CC00C41F624
:10CDB00016B0A40682916C04848108A10244819576
:10CDC00086716884EF0F820300027F45A1BBEFFCF0
:10CDD000DFFC2DD8B0F13C04F67C0C0CC1C3DD9314
:10CDE000F804040C80CB061D7A0C4C12FB04423272
:10CDF0001C005820F18446621C004400670FFF01AC
:10CE0000E17C0CC4698C0EC4F89840028403AE0F18
:10CE100079084C02F9304E02A16D8E6F040484F53E
:10CE2000BF6170804662632F4229F18C0424A7CF32
:10CE300006C476800420FC7C4222EC042263F18448
:10CE40006D3FA30F0335841BA31D860341FC0424FF
:10CE50001FFC41FE0275DFFFD0884002600106061C
:10CE6000C30760000210062FA40FEC04941E900E5E
:10CE7000F0040C0CC1C3DD93FA7C040CEC701EF0C2
:10CE8000889B1D34826B00CB5022062D5890FA0CE3
:10CE900052001C0021049C00FB084632718C548215
:10CEA0009C004C504A107ECE0D0E9C001F048C1B23
:10CEB000095E942B0B0E868B4378980B007BEFCC8E
:10CEC0007F0182BB7CAEFF1142F8942B09A4EFCC0A
:10CED000E17C046478884002F8884212B61F2E0F65
:10CEE00056023E6E4E12F0A44072F2A842727928A9
:10CEF000820FF9189835A10DE17C0274F08440B2DC
:10CF000072844472441FC20F40F8902B211BEFCC57
:10CF10000014BFC1811156809C044000968000041B
:10CF200084800000EC040C0044627C840020F1A0AA
:10CF3000050A6C804822E47C42B07B8000429C0061
:10CF400056706C7C06149C000A046F804652EC00FC
:10CF5000A1BF788C4EB27EB447F6F98CB0C36000A6
:10CF600071A04A320B0AA0435852647C1EB5FBB034
:10CF7000965B00046C041042EC7C08C240000A0678
:10CF8000EC0014446F9012541014B17F40A26880DA
:10CF900002B4F8A4A8C3689000C2201F211FEC04AB
:10CFA000E89000547C7C0214F1884432EFC87BE89E
:10CFB00003D59003F29C4212FF01238D020682F5F5
:10CFC00060006001E0FC0074C37743B7B60F02AFA6
:10CFD00079A84272EC040C807FA781A57FFD43FEF7
:10CFE0000121DFFF42229403906B7284880E8B2410
:10CFF0000D048A1E806EB8F1F27C0C0CC1C3DD9367
:10D00000FA7C044C887B0A6B76801424E00048C6C6
:10D01000B4431951090A34534A42E47C81C17B94D8
:10D020006C7C08529C00580000000006E4B012100E
:10D030006F9002C4EC001644788442B22853A90FC2
:10D040000252A20F86A36C0468840204E89000C414
:10D050006FC85B0881818131FF213493849D1E1E3E
:10D0600082859C0E128A189E8A55E0FC6FC874282F
:10D07000ECF8049051E60525322BE000050A803BD0
:10D080004610E47CC1111C004222B2130412FB843E
:10D090000834EC7C813168881C004600EC000A24CE
:10D0A0006F8800344052A413204FF880EC04001223
:10D0B00068800244E88800349E1E9C0E0C4C988EBA
:10D0C000DD93F27CF87C040C887B52C4F0140E656E
:10D0D000E682521A6090580A041683C1A16B400080
:10D0E00044C20DB412249188423AA32B8FA4E68641
:10D0F0000824118419C49B808088084410904E72C3
:10D10000E08808140A70147E2C5EE4101764907195
:10D11000F0904A721490285E0A94E40C12A460887D
:10D120007D97E17CF0945672F97112A3708452B22B
:10D13000209E8EAF103494B31204608854B2E088FD
:10D1400050B270A018AEF0A4303E9033E0E0440A34
:10D15000020613349524C000C0004615860182954E
:10D16000E17C18049803FDC780838E0F8A831043E7
:10D1700090130C4E0C0C881EDD93F07CFA7C044C52
:10D1800088AB027B617C10741003866B527284BB87
:10D19000509FF2A0100BC08F6C78921BA11BEFC8A0
:10D1A000D68000149C044000968000048480000017
:10D1B0006080010AEC8402008255A81E41FE7F7740
:10D1C000DFFF7FFD81010073A80E987E561B851539
:10D1D0008203902B6C800200E47C010A7B84400275
:10D1E000C00004066C7C02029C0050906F840424F2
:10D1F000EC00061444322203238FF888EC0400026A
:10D20000A17D248FE8800084D18000040C4C980E0E
:10D21000DD93F27CFA7C044C827B0A6B617C0264B5
:10D22000E17C067481A10243586211B40603F284C2
:10D23000F90450C2728C4A725842C60FC65F790414
:10D24000E5B2420AE532465AE5B2485A428A02330A
:10D250004842E502528A72A80613E582E522465A40
:10D2600072A44842E5A24A5A708C5042E532400A04
:10D27000F2A84852F99046828E85A13B06440F2EB3
:10D280004A82E17C5842F08C07CBF28C06C4C6CFB0
:10D2900090CB5680990C4A52968006548480063072
:10D2A000EC040A30E47C0B0A1C005840EC84083083
:10D2B0007B904A52C0001006EC7C08526F9012849A
:10D2C000EC00144452A229CF2853F8A41216B2CF6E
:10D2D0000A5260042693EC04E89414C4922B298F1C
:10D2E000EFC86248B41F0F2481A1300F01E584B359
:10D2F000A11DB2B356B2026504B39088E0FC0614D7
:10D30000C317430716B0260F21BDEC04E00004B29A
:10D310001FFD43FE41FE5FFF048ADFFCFF8160FCCE
:10D32000603880F504206FC845E6ECF84E6FE000E9
:10D33000F18048A2906D13544040154446A29C00D1
:10D340004230F384961E9C00902E940EF27C0C4C7E
:10D35000C1C3DD93FA04044C807B026B8111580435
:10D360006BC804F6581881310404EFC8C21761FC79
:10D370007C7C00048403A22F7C7C02040013FF0742
:10D380007001000E411DCFFFE1C000140000581EC7
:10D39000803F0FFD45F65C144022C3FC009AD1800B
:10D3A000C03F634D200100F8DD1740006D8D000087
:10D3B000401AC03E871166826686400AE014430622
:10D3C000009A8FA5C03F61C9200100E80000C0009D
:10D3D000C03C6F2D6682401A400A8711028666861D
:10D3E0008D95E03061BD009A00E8C03EC00020018C
:10D3F0006D750000401AC038871166826686400A43
:10D40000E0800386009A8B85C03C6071200100E8B3
:10D410000000C000C0306DF56682401A400A8711D6
:10D42000038666868975E12861C9009A00E8C037DD
:10D43000C00020016F290000401AC02487116682B5
:10D440006686400AE2540306009A8765C02F614948
:10D45000200100E80000C000C0166FC96682401AB3
:10D46000400A8711020666868555E41063F9009A22
:10D4700000E8C022C00020016D590000401AC00A17
:10D48000871166826686400AE628420607218345A0
:10D4900062D9009A421AC012400AE68A40002687E2
:10D4A000295943060000C00080022DB92686400A93
:10D4B000A8240206E086400AD1800004F2040C4C45
:10D4C000C1C3DD93FA04044CE0300229E090440A21
:10D4D000C0000006C0004205842480F50416A12B7C
:10D4E00040228000442A9180E4500C108171230B6B
:10D4F000C427811190884C626FC86C08987E8C0B91
:10D50000F2040C4CC1C3DD93FE7C040C6C611EF074
:10D51000133EC0010E09807B8121604C60BC5E25FA
:10D520005E25886B81A160B40AF01D0EC0016451B4
:10D530005E25DC345E25E0AC5E25E09CA13B608C82
:10D5400006343F2E5E25C1545E25E1045E25E100D0
:10D550005E25E0FC5E25E0F85E25E0F45E25E0F067
:10D560005E25E0EC5E25E0E85E25E0E45E25E0E097
:10D570005E25E0DC5E25E0D85E25E0D45E25E0D0C7
:10D580005E25E0CC5E25E0C85E25E0C45E25E0C0F7
:10D590005E25E0B85E25E0B05E25E0A85E25E0A44B
:10D5A0005E25E0985E25E0945E25E088BD2EE0844F
:10D5B000443ABB2E8731468E800C0E25E0500E0972
:10D5C0000424971EA32D8138C40004068121192E3E
:10D5D0009314982E60204231042E8131E7C002F06E
:10D5E00004F00D1E0B2EE7D0E7E002F004F0091E58
:10D5F0007E2EE7F0640102F07C1EC001641104F08D
:10D600003E2EC001643102F03C1EC001910E832108
:10D6100097449D14EFFC5588E1141E05AB0B800464
:10D62000E008001AED80420AC0003C58E10C1E05DB
:10D63000A10B8004800000B680004C0580003BB840
:10D64000676000F064400AF00D0EC001E77000F062
:10D6500000F00B0E090EE780E79000F000F07E0E60
:10D660007C0EE7A0E7B000F000F03E0EC0016421A0
:10D6700081213C0E8131110497449D14EFFC5248E6
:10D68000E1101E05AB0B8004E008001AED80420A91
:10D69000C1141E05C0000005C000342861081E0525
:10D6A000E58008F0610C1E15E5700AF080048131F8
:10D6B00081110424EFFC4A6806F03314B104E5300C
:10D6C0007C3EAF24E54006F0804B3E3E825B3C2E24
:10D6D000EFFC5A2881611B7E2FB891540E09E0009F
:10D6E00081116040E09C5E15E0885E1540003D1EA3
:10D6F0001E05F3F8AD0B60F4E0985E15E0945E153E
:10D70000E08C5E15E0845E15BB1EBF1E88F5956E2D
:10D7100060F01E35E7100CF018F00044AB14E6C0C2
:10D720007C6E8C30E17C0A44A904BECEBC3EA724AA
:10D73000EFFC572860B41E15E70006F060B01E0528
:10D740001E258C4B51B8E0C41E25EFFC1E35E0DCD5
:10D750001E05E0D81E15E0C08195E0C4E0F01E155E
:10D76000E0DC1E25E0D81E358410800408F0082473
:10D770000C30E5C0E5B00AF0EFF873488191018103
:10D780000E09A9D54000E040AD0BF3F81E358A75AF
:10D790000CF060F81E05E71018F060FCAB14E6C052
:10D7A000FC240631FC200045BECEFC6E0A44290450
:10D7B000A724E17C52F8BC3E1E15EFFC06F060B4D5
:10D7C0001E05E7008C4B60B0E0C41E25EFFC4D88C1
:10D7D000E0E41E25E0E01E35E0C01E05E0C41E1595
:10D7E0001E0581D51E15E0FC1E25E0F81E35E0E47F
:10D7F0000005E0E00211FC200425FC2408F07C2058
:10D800000631E7500AF07C246EB8E7401E25EFF899
:10D81000A32DE0D4DC04809582C5A10B60D01E1539
:10D8200008F0840B0AF067501924E7406D989D3189
:10D830001E25EFF81E35E0D408F060D00AF0E6A00F
:10D84000830166906FF87DE80E0981114000E04089
:10D85000AD0BF3F81E358AF50CF061001E05E710DC
:10D8600018F06104B314E6C0FC240631FC20004526
:10D87000BECEFC6E0A443104AF24E17C4CB8BC3E01
:10D880001E15EFFC06F060B41E05E7008C4B60B07F
:10D89000E0C41E25EFFC4748E0EC1E15E0E81E251D
:10D8A000E0C01E05FC200245E0C41E15FC24043126
:10D8B0001E0583151E35E1041E15E0E81E25E0EC6B
:10D8C0000005E1000245FC200411FC200631FC2487
:10D8D000282BFC24E73008F06FF86848E7200AF0AE
:10D8E000A58EA39EA10BDC041714842553388E0B40
:10D8F0001E05EFFC802B60CC60C81E15E73008F0D9
:10D9000067200AF066D89D311E65EFF812F060CCF2
:10D910001E35E7400EF060C8FC9EE6E00A643E7EDD
:10D920001E15E17C8C4B60ACE0A81E05E0A41E2512
:10D93000BC3E9F3E46F8A15E1EB5EFFC1E85E0BCD6
:10D940001EA5E0B8961BE0D06D38900B942B6FC4E9
:10D95000E00002CAE000021A670500EA420AC9278D
:10D96000421AE580420AE18882A5ED80727D1006A8
:10D970008101400260B85E855E0581A181B160BC15
:10D98000E0D05E05609C1E15E65006F006F07C3E79
:10D990003E3EE6601E05904B965B6098E0941E2527
:10D9A00066B8BCAE1F34EFF8FC9E8C4B1E15BE7ED5
:10D9B0001E05E0BC1E25E0B8BC3EE0D042B8A15434
:10D9C0001E35EFFC18F060D07CCEE610E62018F093
:10D9D0001E15BECE1E05E08C1E25E0881E55E08477
:10D9E0001E45E0BCBC3EE0B8EFF8648860A41E357C
:10D9F000E5D018F018F07CCEBECEE5E0BD04BF1433
:10DA00001E55BB241E45E0ACBC3EE0A8EFF86368A1
:10DA1000A584A39482919B749D0488812B28930BE9
:10DA20003944DFFCE5D00CF00EF03734FC6EE5E055
:10DA30000A443E7EBF14E17CBB24BD047EB8BC3EDC
:10DA40007C6EEFF83E7E81313F148341BD048151ED
:10DA5000BC3EBB24EFF8612881513904BB94B71454
:10DA60003D44BF34E9840404F6800C24376EBE6163
:10DA7000F18442626C800410E47C030A7B885012BB
:10DA80009C004A006C7C0E82817C00046F9C0254D6
:10DA9000EC00047454220C9D1604F884AE83689C38
:10DAA00082A5A55E719844926238880B861B6FC46C
:10DAB000823B004B8C9B3D4EBB6EBF3EB4BF379D3F
:10DAC000148202F50490EC04880B6C286FC4612862
:10DAD000004B861B3D4E9591BF3E823B2524BB9E4D
:10DAE000F98C404202B4210B0235E8A8E89C0024DE
:10DAF0008341012183213F2E81313D2E6FC445A8F2
:10DB00003F1E882B1E15B2630EF0609C1E35E6602A
:10DB10001E25E0983B6EE094E6500CF0860B3D0E1F
:10DB2000864B7C6E825B3E7E7758BC2EBB34EFF812
:10DB3000BE7EFC6EE09C1E15E0981E05E0941E253E
:10DB4000BD44BF547678BC3E1E35EFF881716098B5
:10DB5000E09C1E55E08C1E1560941E35F18C4872B9
:10DB600073944A72E61018F018F07CCEBECEE62010
:10DB7000E0881E05E0841E2557F8BC3E1E65EFF8C0
:10DB8000FF01608CE0841E851E95806D0C06408828
:10DB90005E7580008C1B008C00885E751206902BD1
:10DBA0005A788000920B6FC4E00002CAE000021AAB
:10DBB000640100EA420AC100421AE580420AE18893
:10DBC0008225ED80608C5E755E05FF0181A1608815
:10DBD000FF010305E044108A048082F5920B6C403B
:10DBE0006FC4588881A18C1BE08C5E15E0885E05AF
:10DBF00091549B74210185553003E1114402B01307
:10DC0000010A7B84121BE47CEC7C002240000206AB
:10DC10009C0052606F800614EC000804A19F202332
:10DC200046421154269FF88CEC04042200141B7405
:10DC3000259FE8805E0581A15E95E0889564E08C73
:10DC40001E2593341E45E104026460F81E35E08809
:10DC5000861361008261460E1E159DC400C4E0FC5F
:10DC6000983360888013002361045E251E25984345
:10DC70005E35E0F41E35E1005E15E0F0882160FCC1
:10DC8000E0EC1E1560F45E251E2582315E45E0E461
:10DC9000801360F8E0E81E4560DC1E055E358023D9
:10DCA0001E35E0F0984360E060EC5E151E158801BB
:10DCB0005E25E0D8983360E460E85E455E35A121DA
:10DCC000821160E0E0845E25E0DC5E05E0D85E1550
:10DCD00010688B6B1304DFFC01B58111412498019E
:10DCE000EC040A50454A9E34040CE40C8413E20010
:10DCF000FCD5A15BE0580E091E059334811D61140B
:10DD0000E200040C8EAE8C2E461180048911602432
:10DD1000A50B9324C0000266E0204411A50B173424
:10DD200093148645A31B8414CE1480E5E094424AE4
:10DD300000300E250E198430AD1BE040400C061556
:10DD4000C4300030AB0B8AF5800C06059C940004AF
:10DD5000800C4605E1101E05A51B80140E19827566
:10DD60000410E040A11B6C18E40804DAED80420ABC
:10DD7000CE1488F5E0440E29F0C042104410292B3F
:10DD8000CE2EFC04800480F54210A50B46159C0C99
:10DD9000CE14800CE094420A003082058921643060
:10DDA00091218125801EA41FE0500E094201931489
:10DDB0001EF0E028C0016461F67C0C0CA31BDD930F
:10DDC0009314FA35A31B8414FD45F4A5FA7C040CC6
:10DDD000EDF01EF0829B233EE0981E35A50EAB4E63
:10DDE0000619A73E1EB5E0900089E0A88013E04820
:10DDF00060700261AC1E8111E0105615E04C0019F4
:10DE0000A91EE624605000A9E080440A975ECE78FF
:10DE1000241482E5E084441A020CA11BA41EE20033
:10DE2000A0000078921B0101EFF874E8440AE62490
:10DE30000016E088429040007458DC0000F0CFF8F3
:10DE40000AF065600D0EE5D0E59000F000F00B0ED5
:10DE5000090EE570E5A000F000F07E0E7C0EE58076
:10DE6000E5B000F000F03E0E3C0EE5C02914832121
:10DE70000C3B940B5278924B6604EFF8E131811120
:10DE8000E08C400AC0741E05C00040151205A7446E
:10DE90000819C00C860FE0942554E60EFC104410BF
:10DEA0001FE8AB2B159EC0001C08A16DBB04C00071
:10DEB000A50B800480001F5860A01E051470C87751
:10DEC0000025E4409404E010FF0100230024802D8D
:10DED000520AC1AC8215C12AD707A40B400AA00B75
:10DEE0001200E1AA0A09EC04400AE0644420E0942C
:10DEF000400713FDC0C0069440281E25D98846322D
:10DF0000400844350A19AB1B08258068AB34E0187B
:10DF1000529223140C2490848418E120A71B5218D9
:10DF200006298215851BE02C062984158175E028B9
:10DF3000E02406298235851BE02006298211022172
:10DF40004C2A9F1E8135E69A9F1E83118825A16B5E
:10DF500002641F24832DE08408158685400A602012
:10DF60009D6EE088E6A2461A84D59B3E403A9F24E7
:10DF7000813166A2600A442EE17C02047758932E18
:10DF80000414EFC0A12BE1940C248E2587E5F680C4
:10DF9000AC0E89011F04B155E1940234768002145D
:10DFA000E00044068EBB1F7476800004E5E00AF0B2
:10DFB00000102023192EEC183344802D9188420242
:10DFC000088400348414021051804222C000045698
:10DFD00000342D34400AC9044222669EBD1ED184FD
:10DFE0008C309024E09A400AEFF46FC8AD14BD0461
:10DFF000407E8406930EE01E04048DA506146194F1
:10E00000A62FE0ECF6800C240460C061804B6C14F9
:10E01000647C050A48108EBB02601C001D74EC94E1
:10E02000FB844222EC7C0612688C0A444800814141
:10E0300018341C000044EC00447A6F8C40C2E6AAFD
:10E04000A61378800012205F0254EC04004468801C
:10E05000442AE88C8131669EEFC06728802B270414
:10E06000AB2EC0084E62A31E840B71806FC075E892
:10E070001D648E2B0014A11B0004D6800000968026
:10E08000AE038480E080010AC0541E0542168295CA
:10E090002B04E000F1804412A314A12EEFC0746899
:10E0A000A273A1140AF03344AD14E5E09024BD7EC0
:10E0B0008E1B0430EFF4696846061F24BD04E0009F
:10E0C0000424AD14A433F680993E8406609C1E059A
:10E0D00025549EB1A74481C1406AAB0E926B669AEB
:10E0E00093B5910EF0844492040CD52D0A29E200D8
:10E0F000A40F6064FBFC000A444A80858665E090BA
:10E10000E17C06640663963F956D943B40000606ED
:10E11000E08C440A40541E350464A6634422E0881F
:10E120000420D08CC00904019090442284A00420D3
:10E130008473882482110261F4B5838BFBFC000A8E
:10E140000A0980C5404AE06498A5E09000741B1459
:10E150001934E094E0880AC4A203B744F0800404B0
:10E16000E1940224F6800214EC1802104212823D5F
:10E170000424918C0210088442328414065651847F
:10E180000424C000423249041F34D1849D04A10DEF
:10E19000442ABD1EB134E68EE082402A7C14082554
:10E1A00006318A43215EFC30D18000040AF023CE80
:10E1B0006178E5E0A3C4EFF4BD14B10480169803C0
:10E1C000A744A554E0640A09E084404A9304888582
:10E1D000B544A124E69E400A847B2F34F6800204D5
:10E1E000A41D115480000206CC080210A30F3D1E8E
:10E1F0007C1C0825400A8E430AF060160631E5E0D3
:10E200005EF8FC30A3C4EFF4BD14AF04801698038D
:10E21000A744A554909302C181CBA90440000E06E7
:10E22000C0000206000662559714C0000A49B934BE
:10E230008408E0548C248618E682401AE404022004
:10E24000E692480A891B8C1E3B0480D5801E8511EE
:10E2500083659534A12D1534A10B84750A29842575
:10E260000424E040040AFC008255F018E182401AC0
:10E270001E05A10B02560074401580000A0980009B
:10E28000400AE0648285E0808014BB040615A51B6B
:10E290004210800C46159C108311000C1EF0801E4D
:10E2A0000C0CE5F0DD93F27CFA9C040C6050001934
:10E2B0000029826B81C1604C0A1090CE0E14640C50
:10E2C0000059E08852506064C00173F06686502A9D
:10E2D00048C592731280E010C487640C73F15290A9
:10E2E000907341FF60844A0A100692734040000117
:10E2F0004C859071529240044E7290A0100610A46A
:10E300004CC58000127400044A0AE188B28F608014
:10E310000E741A8E10848084A8711CC400044C856D
:10E32000DCC0108440044C8560440E8A08A5C018E7
:10E3300080000066E040007986D5EE7DE00C103666
:10E34000E49C504A00898635F38DE048007604C588
:10E3500006898000FC8DE02C068982B5FC8DE024C6
:10E3600006898235FC8DE028063980B5FF3DE02026
:10E3700001358215930191010C0C900EDD93F29CF6
:10E380006044000918CEE0274C25A22F2B0BE0108B
:10E39000FEAC01F68101580E000001065A0EAD7B5D
:10E3A000DC940004400C4C05E0804A4A4000000622
:10E3B000DC004260CFF848888C1B0301F29C0C0CF7
:10E3C000FFF80828FA3C040CEC201EF0829B006B3E
:10E3D0000E603E2E088BEC043C9E86AB0121810131
:10E3E0000141893156988E1B8C5B6FCC82B5A10B95
:10E3F00081013EAE81213C9E814111318C5B0E1B1F
:10E40000EFCC55C880A5A10B0C0C90F1DD93F23C2C
:10E4100081013E8E81213C9E814121318C5B0E1B0E
:10E42000EFCC54C80C0C90F1DD93F23C8605A11B97
:10E43000880DFF41C1AC0804C106484AD19048127A
:10E440001780080473FC40000844C0070840812C72
:10E45000424A84048816E18681010C0E5D93DD93A7
:10E46000E0084096FE7C040CECE01EF0886B00BBDC
:10E4700060181689067B844B04F082AB06F064D0EA
:10E48000094EE4A07D38880B901B6FFC64C004F03B
:10E49000E49006F0901B140BEFFC7CA864B004F031
:10E4A000E48006F08E0B0B7E6FFC7C281E09901B0F
:10E4B00098B160D060C01E39E084048460B01E59F9
:10E4C00042079623EC080420708042B20010C23745
:10E4D0004EB26C08570DF08C4257849B9C00520042
:10E4E0006C080070F09446B2845B570D1C004A0023
:10E4F000EC08003084CB570D58001504FC0E9C002E
:10E500000B048904130481ABE000541AED84400A23
:10E510009104BE0E81013C0E9195FE0E8AAB0F8ECA
:10E520008E5B048AA40A8D9E8994FC74400AB00311
:10E530000F2A669EC0086400521A8B740E00601C7D
:10E54000C0046400400D4126D7774000400D5E05B1
:10E550008C9B400020000188A0000C06B00A8C6A49
:10E56000AC03BC446692400A6400091A4926C008FC
:10E57000C000200D200D5E4500004000C004640175
:10E580008063D70706258E8380000E06824B147A9F
:10E59000BE14A80A400AAE03031A6686C0086400C7
:10E5A000200D43265E15C0004000200D64010000D0
:10E5B0005707C0048073881B7B800064FB800C8439
:10E5C0007A804C62E40800107B800274E408411AEF
:10E5D0007A984212591C926B4200961B00503C00E4
:10E5E000411AE408967B64084E000D440030BC00DC
:10E5F000963B64086408411A4600969B00403C0024
:10E600000F84E408E408411A3C005200E40800A02A
:10E610006408411A4A00965B00C03C00411AE408B5
:10E6200096CB64083C005800EC041080E000101AFF
:10E630003FFD37687E04C3FF0C0CF0F1DD93F67CE0
:10E6400071884412E1F582338401C20700045D93AE
:10E65000C1C3FA80FA00004CE506440A6586400A08
:10E6600004208111C200640172844002E1CC0824BC
:10E6700060B802040624DA07A04F61C879844432E6
:10E68000FC7C00446010020675988131084CEFBC98
:10E69000DD93F200FA04044C802B046B4E96212B80
:10E6A00082C5E00860C80014E1840624DD17060373
:10E6B000813101716FBC7448F29C42128E0B980E2E
:10E6C000F2040C4CC1C3DD93E506440A6586400A9A
:10E6D00004208111C200640172844002DC07E52736
:10E6E000A40F5D93FA00004C822B420781110401B4
:10E6F0007A8000047B9881310404EFBCA22FE1A052
:10E7000041FEA12B0004DFFC084CFA80DD93F200EF
:10E71000FA00040C6FFC7A080264846B8203E184C3
:10E72000E01A400AF2000C0CC1C3DD93692943864C
:10E73000441AC001401AE502811165826401042077
:10E740004002C200E52772845D93DC07C1C3A40FB9
:10E7500004348331A33F6888422A82218013E68EE5
:10E7600000145D93C1C3FB80FA04044C847B066BE8
:10E77000EFFC77288461C267FA800264E69E421A41
:10E78000E502441A6582401A04208111C008640120
:10E7900072844002E807D9270C4CA40FDD93F204E1
:10E7A0008111210B00008465040E6C044602FFF009
:10E7B000A13BF80841840004C40402100214FE3591
:10E7C00000047B80D017FA805D93A01FFB800014AB
:10E7D0007A800204A11FD10700105D93C1C3E40435
:10E7E000FA00004CE502482AE5824A2A6506403ACA
:10E7F000423A882B8A3B6586EFBC73886001040629
:10E800008131420042128403F907728C6090041433
:10E81000240FF917850BFF211FFC41FE41FEA11BB0
:10E82000084CDFFCDD93F200FA04044C866B211BDC
:10E8300081710A4588E5A12B7E81060E481A4000A9
:10E840004A0AE50A400AE50E461AE58E1854658A1A
:10E850005607E1D4E1840244003420CF5657E0FC4F
:10E860000434A01F401261844222F094882B72B0BD
:10E87000EFBC6668850BFF211FFC41FE0165A11BF3
:10E88000DFFC41FE4E960101180EE0080C4C8E0B89
:10E89000DD93F2047FFD47FE860DC03F00000602B7
:10E8A000083EA11B80000206409C0634C184081467
:10E8B00050904632423A810140964006881E8008B8
:10E8C000C1C3DD93FA00040C8A25A12B0A020613AA
:10E8D0000614E000030A7A800830F47C81116C8011
:10E8E0007B9046320032814148506C7C0A069C0085
:10E8F000184400000C04EF80A0336C0078B058621C
:10E90000214FA15FE18400240632385F275FEC04C9
:10E910004252880381317284EFBC6128F2000C0CF2
:10E92000C1C3DD93FA00004CA12B003BE506403A41
:10E93000E586423A0620826583416C048131274F87
:10E940006F38880342126FBCFF21F28C41FE850BA9
:10E95000A11B1FFCDFFC41FEF200084CC1C3DD938C
:10E96000FE00044CA32D003BE406403AE486423A04
:10E970000820867583316C0468900834211D81C19C
:10E98000E17C0A4471904CC2E8880434739458C204
:10E99000DC0048605C004AC042528803062472844E
:10E9A0005078E17C034AEFBC021AE00000EAE00084
:10E9B000420AE000421AE580420AE18880F5ED80D3
:10E9C0007FFD41FE0C4CDFFFDD93F60006067F2144
:10E9D000E0006001E008434AE008421AE40C416AA2
:10E9E000E580420AE188421AED80420A00010006F1
:10E9F0000C4CE000DD93F600FA7C044C866B044B73
:10EA000070900809082981511210788C0839E600A5
:10EA1000141078841806E4C0FFF857CE4E461A2624
:10EA20005856E000DA36818189A58F4EF0A0404229
:10EA3000E04000198AA5A11BE06000198A25A11BEE
:10EA4000A11BA41A081988C544627C204411F0A0B7
:10EA50000019E0104411E0200019E0304411E040BA
:10EA60000009E0504401E060A42AE070AA14A80460
:10EA7000E1840624813106036FBC5628F2944212C9
:10EA800042620F44040EF09C120B815181F5F82074
:10EA9000F0A04062E0104051E0304051E050405161
:10EAA00060704051F09C40628101005E71AC426236
:10EAB000040C8281EC0816B088710491B18B90A18E
:10EAC0008101ECD5F27C0C4CC1C3DD93F87C040CC5
:10EAD000060006286001E600E610081065100A101E
:10EAE00059C6F81181616000027983F5A17BF82095
:10EAF000847884A58445A17B8084947406AB829439
:10EB0000107AF8200CBA8E83F2985292008E829E70
:10EB100046A38EA382B1782002C18CBC044184310B
:10EB2000085190010EC08211857DECF00C0CF6F5B9
:10EB3000DD93F07CFA3C040C846B06288381443816
:10EB4000807B46089111258F6FFC5CE8E88C12846D
:10EB500014041C141E34E090020B902B6418941BB8
:10EB60001C14EFFC980E922B020B9E346398941B9E
:10EB70009C24EFFC0E1B9A0E1E34E0106318840BCD
:10EB8000922B6FFC0C0CD80EDD93F23CFA1C044C5B
:10EB9000887B44488101009B846B0A8B860B0B0E9B
:10EBA000902B0E1B68004348AB9B883BA59B8405BC
:10EBB0000C6002E5A79B8410A99B8245408002253A
:10EBC000A39B9C000861867581258E0B0D149061B6
:10EBD000E45006F0629898240B14EFFCE000001A51
:10EBE000619C4E0A0F248101200102060206C0002A
:10EBF000881EC000F21C0C4C40C6DD934E0A600813
:10EC00004E1AE99C8111619CC1C3FDF58403A72FB5
:10EC10005C08C30D00061A005D938000F18040126D
:10EC2000FA7C040CEC501EF064610000814140034A
:10EC3000FC1EBE0E06088BF501B181A1814D8171CC
:10EC40007E4E92650209881381A160B060F002399E
:10EC5000024981B18161609060D00229420A9D1110
:10EC60008033668681713E5488230813C417094E89
:10EC70008141025318858325C001783110A3F19496
:10EC80004842818192B3F2A072A04C6282118271DB
:10EC9000FC55851DF05102011E15870D585040107E
:10ECA000FCF5DC0084D5E57D61841074408281919F
:10ECB000813170A872A4424244188E2B00ABEFBC85
:10ECC000F0AC408272A44262439881318E2B6FBCBB
:10ECD000FC1480BB0044FE44061060880444E51028
:10ECE000860360848241043340B580AE4673E020E1
:10ECF0008408E080E815814D0C0CA8F1DD93F27CCE
:10ED0000FA7C040CEC701EF081C13001827B7C0E19
:10ED10000C700DCE0BCEE4F089CE81A1FC94FECE1A
:10ED20001E0889558DCE811101ADFECE89CE81019F
:10ED30008C058BCE70A85662F0A8509278E0160928
:10ED4000E43004F078A01619E4600AF0F8201039D5
:10ED5000E02010499B213C2EE800430878C01609AA
:10ED6000E45004F078801619E4400AF0FC281239C7
:10ED7000E040104993213C2EE800420881C17E0406
:10ED80008085A10BA11B8B147ECE80B50BCE81118B
:10ED90000D248101F0A8486282A10934F8204801BD
:10EDA000F8604821F84048319C089016EE5581AD36
:10EDB0000C0CB8F1DD93F27C58120033143EF08055
:10EDC000F09040320000190D001BEC0402C081518C
:10EDD0003C148C04FB0444228235843D885B040D82
:10EDE000C0000016D18C4002D0884A02DD93845EB8
:10EDF000FA3C040CEC201EF0828B0A6B847B11948D
:10EE00008C1B080B6FFC69880101902B856591A113
:10EE10008835A10B6080121512458131902B60401E
:10EE2000E0601255BE9E9C088C1B3C1EEFFC6B08DC
:10EE30008435A10B60801215E48004906040124577
:10EE4000125581319E08E060902B3E2E8C1B3C1E9B
:10EE5000EFFC69E86C0414A0A1AB889190F1F65521
:10EE6000F23C0C0CC1C3DD93FA3C040CEC201EF008
:10EE7000827B1584846B17948E2B13046FFC65C8FA
:10EE80000101901BE00814C6A10B85751215885569
:10EE9000813168C06460124512558E2B9808E69047
:10EEA0003C1EBE9E6738901BA10BEFFC12158455CB
:10EEB000049068C0C00264C064601245125581317C
:10EEC0009A08E6908E2B3E2E901B3C1EEFFC6608A7
:10EED0006C0414A0A1AB889190F1F635F23C0C0CB7
:10EEE000C1C3DD93FA3C040CEC401EF0809B1584FA
:10EEF000847B0A6B008082AB088064503C0EE41077
:10EF0000E4400A80EFFC77688415A10B67A00280BB
:10EF1000E760008004807E1E7C2EE7903E0E941BEE
:10EF20007A388E2BA10BEFFCA0F180A5F23C0C0CE3
:10EF30001744DD930E1B920B103B8C2B0C0CA0F195
:10EF40008115F23CFA0C040C868B086B847B020B57
:10EF50006FFC6D88100B8C1B66388C1B1009EFFC46
:10EF60000000E358E20DEC0C1C0040709C00426075
:10EF70008FFC5AE80C0C8101DD93F20CF83C044C38
:10EF80006201025B81C140010CC485950E64FB8067
:10EF90008263608460010C8982734002E8000E7B0A
:10EFA00006A5C487C4777C20FC1C00955082D3AD95
:10EFB0005095D08C0489C000A18BE0300C6082C5D4
:10EFC0004008640198688073C4679C747C18088545
:10EFD0008863CF77988E8E83588A82C1F4D5EC14DB
:10EFE0000C4C8101DD93F03CF87C04CC81C10F4EC8
:10EFF00081610D3E640900398745C0026034029981
:10F00000FA800EC4603002B90485C477A1BBFC1C31
:10F01000E5A6548A6526508AF09C5222D187F0A733
:10F0200056820F848E83F9A88DA4A0BE8EA302C53C
:10F03000C65AA864E516486AE5964A6AEE57D34769
:10F04000F9944C42A0BE8CB3807324444E4582C1D7
:10F05000A844E904E9444E454E65A0444E45E9C440
:10F06000588AE984F275F40C0CCC8101DD93F07CB4
:10F07000F800044C81411931185483954C12608476
:10F0800002C3F094185B82410CC9E800C002600121
:10F09000E0880C547C18006504C5C4C7D96DFC30E9
:10F0A000D0804A520C014A3102CBC00440016201B7
:10F0B000FB800A44F855D95D0C4C8101DD93F000CA
:10F0C000FA7C040CEF101EF0848B026B64090C09AF
:10F0D000807B4002651002F0E61004F0813101658A
:10F0E0000000493EC53EEC04FE75A10B661012F00F
:10F0F000E51014F08C1B0E0B923B102B6FFC740868
:10F1000016F0944B8C0B6410922B101B964B143BF7
:10F11000EFFC76C88C1B0E0B6FFC7AC80101962B96
:10F12000E7101EF0F27C0C0CC1C3DD93FF0100243C
:10F13000832D8414000000065D93822DC00000160C
:10F14000FA7C040CEC901EF0829B7E2E02063E0E92
:10F150000921E01068F1064E4EF8C010920B6FBC0A
:10F16000811101018101090E8381111E81A10F1EF0
:10F1700081317C0E0D3E91A5E088007412058B1E36
:10F180004C78FC000C74E800010A6084C001640043
:10F190004C039263000468001E15808440028004C2
:10F1A00000B3908400010C01C00C4126C0085E052C
:10F1B00047FC57F6FBFC100A7EA486C5E48004F0E9
:10F1C000647006F01419960B47B8E0281409E8009B
:10F1D000808B602CA10B2802400E82454206602ED7
:10F1E000400AE0F8AA12E086FA0440028111090EF2
:10F1F00081A10905008A8B0414A0F43C02F60404E2
:10F200000CE580008000100689148F04F18040B264
:10F21000F080000482C5830D04F07E0406F0E480D3
:10F220000019E470960B6028E8004428818102A14F
:10F230000B0483F5E48004F006F07EA48201E47000
:10F24000E0281419960B0B0EE80043C8602C140933
:10F250002802808B8245A10B602E400EE0F842060A
:10F26000E086400A4002AA12090EFA048B1481A11A
:10F2700092730D344E118F04C00260016C004CA3D8
:10F280004C038231C00164096201120B0E3440014B
:10F29000C17DFB800010DC355201E404C00264092A
:10F2A000C8F17C04F27C0C0CC1C3DD930A44884491
:10F2B000AA43E90481010043C34F084EDD938C4EFD
:10F2C000A30F0C0E8101080EC1C3DD93603C02093F
:10F2D000A10B803B40960665483A8008403AE00220
:10F2E0000844E1028243FA80EC7008498101490D2B
:10F2F000861382A56B710219F41DC005460680F5C0
:10F30000464AE0648311648481118045DD93881648
:10F3100000045D93C1C3FA80FA7C040CEC301EF04B
:10F3200082BB007B6771107012704011C00367715F
:10F3300081A13EBE8101016100A4852504F07B808E
:10F340007C58E4208E1B6FFCA11B91181FFD43FE0F
:10F3500056159FFF82E5800045FE201ACFFF7FFDF6
:10F36000FB800C64E0178261AC1EB41FC41DA414A2
:10F37000C00040C688B102A1889104816001140ACE
:10F38000F695C00198F13E14620142630C0CC00175
:10F39000DD93F27C81015D9360380019A11B81210E
:10F3A0000000021680084096CC2A8625E02806092F
:10F3B0007CC00824484AE22702106686010AEC0451
:10F3C00040C66440442AE000080660120006F000CF
:10F3D000422A80004242E686CE2CF184E010461399
:10F3E000C1C3DD93FA3C040C808B066B60380C09BA
:10F3F000210B847B869581018E1B100BEFFC78E836
:10F40000409600AB140AE0088445E2A467711280BC
:10F410008E1B40038C2B120BEFFC69484126008B9E
:10F42000A18BE00C9C0050A0E3C8100A0C0C809546
:10F43000DD93F23C8E1B120B6FFC6448A10B8C2BEE
:10F44000DC0050000C0C900BDD93F23CFA00004CF9
:10F45000E1001E06619C004666388311C1C3EFB807
:10F46000FA0C040C806B027B603C41F673D881116E
:10F4700081816FBC6000427662988C0B7ED8E82454
:10F480008C0B680CE13C008680188004F1FC421073
:10F4900000C600168004E144018600868004E14431
:10F4A000404600868004E144404600860C2BEFDC99
:10F4B000C0156E0973F54220444A40FF4C13E09892
:10F4C000C0156E09F8700039F3EC4430F870402133
:10F4D0004C818445402B6C2173F942104C13C0FFC2
:10F4E000C0156E09F8204081F8100019F3F8421099
:10F4F000F8104011421080188016F3F8421080185E
:10F500008016F3F4F83000194011C8194081F83022
:10F510000009E030400AF83082E5E08843F61C0438
:10F52000FFC06FFD020E020F4000F000C3007C011F
:10F530009C049C0E9C0E820F6E0D0C09A30BC03612
:10F540000C098415C038631141C6A30B002012FDBD
:10F55000000102064C81BFC18038031180004015B4
:10F5600068005FA842868C0B8C0B6000E8245B0867
:10F57000EFFC76E8FA00040C8B11006BE828568843
:10F58000612400C6E00042064C118004402B6C1D33
:10F5900000168111E13C008680188004F1FC4210C5
:10F5A000400600168008EFDCE080400A0E090C0BD4
:10F5B0004000C015C0FF137D0E094C038C0B401595
:10F5C000E8005CA8E8005C086144404680048511BE
:10F5D000018600168004E14400C600168004E14460
:10F5E0000C098016C02B6C21EC0402008495E71DE9
:10F5F000EC2C020084B5E71DEC10020084D5E51D5B
:10F600008625AD0B8665B30B86B5B50B0C0C8C0B44
:10F610002058F2008C0BE058F2000C0CE04035480A
:10F620000C0C8C0B0838F2008C0BE054F2000C0C24
:10F63000E04C10C80C0C8C0B85B5F2000C0C8C0B3C
:10F640008575F2000C0C8101DD93F200FA00040CC8
:10F650008111010168207DA8034681618331614CDD
:10F6600008368424E11444C6903688440866882409
:10F670008414872183110426F2000C0CE0203C68DE
:10F68000611440C680048311C1838016DD93C713C3
:10F69000FA3C040C0C09806BC02B6C214096B30B18
:10F6A0004C018000802B0C1D406682254C01E0003F
:10F6B000402B6C1D41788C0B40F8E8508C0B68187F
:10F6C00061D10C09807B40156C790C19400AC02C63
:10F6D0008201E68667F9008A41D6C0030E66003CC7
:10F6E00000048004A17B5A8066314C038245C01619
:10F6F0006C1D0C298C0B402B680C7048A10B8E1BC9
:10F7000047B898758C0B68446C210C09807B402BA2
:10F710008855B30B92D5A17B683C72C8007B8C0BDB
:10F72000E1344106029600044C11E004C02B6C1D2C
:10F73000000E00160C19FFF8C02C6CFDE3F0020A55
:10F74000C40400106CFD4C018C0B402CE8044BE809
:10F750008C15A17B217B8785E00040666C1D4C01E8
:10F760008A15C02B614C554666E010602804C0A382
:10F77000676112600260C09F405465C165410460CA
:10F780000660C054405466D15ED8904B925B6FC007
:10F79000A17B807B280482F5663102600860C0ADE1
:10F7A00040A164716178902B923B6FC0A17B807BFC
:10F7B0000C2982E5402B6C1D6A388C0B8E1B680C63
:10F7C0008055A10B8E0B8171F23C0C0C2804DD934B
:10F7D000648104600660C09940A2652150D8901BE6
:10F7E0007395EFF8C1C3807B6451008A80F5C00334
:10F7F0006118014680048711DD9380166439008A00
:10F8000080F5C0026118014680048511DD938016E1
:10F81000611803466418014A8414C001E200000C18
:10F82000DD9384066661028A0306C0030466010450
:10F830000215800086C580006499028A0306C00311
:10F8400004560104021580008485800066C9028A7E
:10F850000306C002044601040215800082458000B0
:10F860006495030A030640020414E1040426872178
:10F8700004268000E104030684188414657940118D
:10F88000DD93C02B030AC417C00F6681028A86F578
:10F89000C00F64F5010402C6800004068000021552
:10F8A000028A8485C00C66CD010402C6800004165D
:10F8B00080000215030A8245400A64A1E10402C6E1
:10F8C000852104148000043602C684268414E104D1
:10F8D00040118418C02B6575C1C3DD93E1180586FE
:10F8E000882888240015A12B00090E0DC118054693
:10F8F000C000042581B002144000042984040210D1
:10F90000C4040420C00A421A6E014013DD93C015DE
:10F91000E124014684288014F3F844204306042699
:10F920008414E114042484288426FC9484288014FC
:10F93000F3F4442080048426421080188016F3CC0F
:10F94000C1C3DD93E1240146801880048016C219EA
:10F95000C1C3DD93FAFC040C0026006B4C01E00CE3
:10F96000402B6C1D65188101811168206FA90C1551
:10F97000251BC00BE124034682458424424A881893
:10F9800080C5E0800C0C831123F8F2FC3E0EE020D1
:10F9900088188C0BF3F84210028608167578E00C74
:10F9A00081216850614410C6E1485386FFA12004BC
:10F9B000E1245746C7078008F0044E0080C5A17BAC
:10F9C0006FA90C05A50BC00BA40482D5940D800073
:10F9D0000C298405402B6C1DE00C0296680C5928FC
:10F9E00081958C0B8008A0040155C707F0044E00D8
:10F9F000EFFC52E88004AC04F835A10B83113E04FF
:10FA0000F2FC0C0CE0202028FAFC040C0036007BF1
:10FA10004E01E00C402B6C1D5F7881018111682044
:10FA20003E0E8181E12401C6554600048086E12412
:10FA30008064A8048E0B0014E82074A843A60391E8
:10FA40000321E00C70388E0B4186E8508014E114DD
:10FA50000346048C8414E124C429842843460426E4
:10FA60000414E11884B8832102C604868414E124B6
:10FA7000028604968004E00C8E0B009CE8506E8891
:10FA8000612401C68004A9118E0B0096E82072083B
:10FA9000600C02866DB881218E0B6850E14400C66F
:10FAA000800880045200C707120AF00480C5FBFCDE
:10FAB0006FA90E05A30BC00B01C686B58004E12417
:10FAC000414600868004E11800C600B68004E124A7
:10FAD000014600868004E124421080180016F3F4E9
:10FAE000E00C02A66C1D0E298E0B402BE80C50A8D2
:10FAF00000C681858004E144C7078008F0045200F5
:10FB00008004A804F445816B8E0B2B11E8206E084D
:10FB10000014A8046DB88E0B01C6E8208004E1240F
:10FB2000414600868004E11800C600B68004E12446
:10FB3000014600868004E124421080180016F3F488
:10FB4000BE048311F2FC0C0CE020160870010006C4
:10FB500002064020FFC06001DD93801EFA0C040CF9
:10FB6000808B027B8101046B6820550843868111DC
:10FB700049C661480424E148700102060434C020EB
:10FB80008858A18B08489024600104060CC9FFC066
:10FB9000402B6C19A65F843F60C7D0474652A85FD0
:10FBA0000C49F9B0C02C0CFDC0E00844442200B55B
:10FBB000A17BD09049FE80C5C03F7FFDA43F883F18
:10FBC0008311043EF20C0C0CE0201208FAFC040C29
:10FBD0005006006B0C09E1A0402D67CD209E81915D
:10FBE000E14C05C6E080400AC00000160CF54C014F
:10FBF0004006402C8004E14C88048074E1E01674D7
:10FC0000E0E014B4FCC002A40074001E0814E1C0BB
:10FC1000FCC404A4F010000A9405842EF008000A25
:10FC2000000A9885AA65F00CF004000A40001368E9
:10FC3000C14C17C6025604AB6ED8E0108C0B68207E
:10FC400061980546FB80007472FD49C6020640209B
:10FC5000C0207301401220432014F180E14C17C6EC
:10FC60008555882A6C080A40775D807BE1900A34CC
:10FC700073FD4A500816400F484A8000E1376696E7
:10FC80004A30843341FF73F10600C5478253641044
:10FC900088CB016518C05D84D58EEC04FE75A1CBC0
:10FCA000E0880A4470944802F0944032483090341E
:10FCB000BF4BF03C1F15F6150256942B8C0B608041
:10FCC00068206AA80C0B847B40156E09E14C17C6AE
:10FCD0004000AC14C0FF72F16E094C038C0B401550
:10FCE000EFF87C088E2B1BA502563E2E6938E020CB
:10FCF0008C0B68207B80007472FC43C64012C020CD
:10FD000002467180C02072C0041000340991E400E2
:10FD100017C68811083EE14CE198054608CA85A53A
:10FD2000EC080A400A34775D4A50E190400F73FDB9
:10FD3000800008166696484A2074E13746C086C39C
:10FD400041FF73F1E1880A448ACB0801827B0E33BC
:10FD50004DA48155EC0418C0A1CBDDAE0034FE7576
:10FD6000FB80189488C3445712C00A13C53EE410A0
:10FD7000F03C4830F495BF4B91F5BE2460400256EC
:10FD800064988C0B4C91E820403864C54A588C0B21
:10FD900045D8E8000C0BEFFC40156E09FFFC03EEA4
:10FDA000E8000E0A4200820F40007C044C13FD0460
:10FDB00040156E09E19803864C03849E40156E0938
:10FDC000FB80007462E54CB117C640158E05E14C0E
:10FDD00072FD49C6054640200206E19840207301A5
:10FDE0002014A043F18040128555882A6C080A40EF
:10FDF000775D807BE1900A3473FD4A500816400F0E
:10FE0000484A8000E13766964A30843341FF73F1F7
:10FE10000600C5478253641088CB016518C05D9405
:10FE2000D59EEC04FE75A1CBE0880A44709448028C
:10FE3000F094403248309034BF4BF03C0C19F6152A
:10FE400040156265E14C00468819800444208028F2
:10FE5000A22FF3EC0C098026C02B64C56C214C0149
:10FE60008C0B402BE800458800602044C05465019D
:10FE70007B8004041911810172C106464F58C020CD
:10FE80002C14E800002E9F217C514EA0847EC300DC
:10FE9000EFF86DE8A9910E2B6001020600947FC077
:10FEA0002C24FB80A01F841F7C014010880EC300FF
:10FEB00067CD0C09400AC02D80E5E0806C110C096B
:10FEC000400AC02B8095E098F2FC0C0C8C0BDD9363
:10FED000F2FC0C0CC1C39FA5FA00040C4186006B18
:10FEE0008014E148442084288426F3BC84288014AC
:10FEF000F37C442080048426421080188016F1FC94
:10FF0000EFF87A68831101010C0C8C2B2278F20037
:10FF1000C1C3FFFCF81C040C614100190800401526
:10FF2000C0D96601614500290A004015C0D965C1E4
:10FF30006211003991C1401581710161E686442A40
:10FF4000621D00194021C01540156309403181210F
:10FF5000C015630D061007C50C4AE4400C1AE000FA
:10FF6000400AF87C0A50E1840E0604109484800054
:10FF7000500A51848225E49C6C34128012DAA18BE1
:10FF8000420AE4088095ED8082610271BF8B85058D
:10FF9000A16B882500958245C00D696D12C0936BD9
:10FFA0004093842080160BE1F03C528002A5B99B5F
:10FFB0009B8018C4A19B498773FD508018C4400FD3
:10FFC000508AFB8090C3C6A688C17D05E5FC0D0A5A
:10FFD0004023F0A5400A6895FB8008C46889401357
:10FFE0008833400A6FF1068A0A34402B0049FB80AF
:10FFF000002D07CD40138811400A688DEC040230B3
:020000040804EE
:10000000689140330606400AC0207001688540139D
:100010000214400A4840FB80A61F1C2007CD404127
:100020000045802DC00D696964F940154015C00B6D
:10003000C00B64FD8941095B0E09002B4043C015CC
:10004000C00A688112FD44204023C0FF40150E09FC
:10005000E140044600860824881EE140801E80049A
:10006000F01C0C0CC1C3DD93F804040C61980B4622
:10007000E0900C144E0014CA0C64F03CA10B7B8081
:1000800000162E6F58228000401A71B004C4E68218
:1000900002C460C0246FFB80496E862B945AC5074A
:1000A000020002534A50E404C1FF73F18A43016520
:1000B00000005154C95EEC04FE75A10B4032C41718
:1000C0000C0CF084DD93F004FA7C040CEC501EF070
:1000D0000C09806BC0366E014060A30B4F789C000A
:1000E00041068800029661340004E004E1A0500655
:1000F0006C1D4C118171402B0016A07E0C0B8111E0
:10010000C0156E0973FD40004C03C0FD40156E091B
:1001100067B881017E0EE81CE148418641C60014A3
:10012000FC1EE148800484180C298008C02D67CD8E
:1001300068890C0B0604400A0229E0A03E3EA61F77
:10014000241FF0274C15C507400268016431066082
:100150008311C0284675C11D021058047E75C40461
:10016000C4100630618D0C0B0860401CC0D96601BC
:1001700065C10A6081B140D9BC0E81A1F804460571
:10018000090EA004E19801468101009A144A8B856A
:10019000141AE000400AF87C0A50E18416060410A4
:1001A00094148000420A511490E5E4AC8425A1AB7C
:1001B000696D0C2585ABC00D08910C0B4000800AC1
:1001C00080FF13F19098400206000EA580280401DC
:1001D000EC34041080B5E42DBF1B4D1E87258AD555
:1001E0008A65A11B703C5810E1C00414B9CB0C1EE9
:1001F000848B0171491782454E10A1CB400F73FDCE
:100200004E7A808BC577C6B29223091473F14020D1
:10021000883141FF0203862B81A58E1B0210218BA2
:1002200000C5EC0488010000000044C5A11B882122
:100230004477FCD58E33900B82A102B1E5FC150A00
:100240009D01E8E59F010C0EBC048E0EFC04CC0E53
:100250000C198008C01562EDF017BE24A20FA40F80
:1002600068014C058C0B4002E8104AC8E148418601
:1002700080188004E090420A80188265421080282D
:100280004420F080A22FF37CF88042207E04801668
:100290005BB883110186E81C8004E1980C0BA30B6A
:1002A00080150E099CA400040E094C03808580155E
:1002B000680049C803018C0B451881118C2B6FFC19
:1002C0000C0CA8F11C38F27CC1C3FFF8F87C040CBC
:1002D000630900198121401500C9911540366E0946
:1002E000FA800824630D0069460240150659F09013
:1002F000C0156F41586AA1CB0C306692C0DB661006
:100300006E1146518645C0367A800EC412848181B2
:10031000CB9DFA80549284055602F09C16B9F0A841
:10032000C01A6E417C85B9BB8404108094CB3253D3
:100330008145985681710B9B0A8A80A58371740848
:100340001876807518C48E5B0C007A80C0586640A1
:1003500060880EC4E08812447C1C0C856610140072
:100360001493C0DB0A0A8C7382217BFCE040528527
:10037000E8000E8562405285E08410C464000E756A
:1003800018638C83D08058C261405275E084124457
:100390006801107B94934001527388A3107BE68020
:1003A000C0016C01E780527360010C795471C00484
:1003B000C001610164010C495441C004C0016201E3
:1003C00068010C495441C00440016301184981414E
:1003D000C01A0E4162114641448AC038DED5F40489
:1003E000F07C0C0CC1C3DD93FA84040C8101006B1A
:1003F000681C50C80C1B8111400A68910060807B0A
:1004000040286401700104068811C020C5170165E9
:1004100002104134C93EEC04FE75A11B61484186BF
:1004200080048C2BE0198018830100166FF87988FE
:1004300050D881117D18EFF88C0B680C618D0C0B76
:100440008311401C4C038201401C618D0C0C8E0BEF
:100450000DB8F284C1C3E01CFA00040C4386026BA1
:100460000414E148E0980604F10046304420842852
:10047000262FF2FCE19807860C0E84260C1B8209BD
:1004800040156E094210D007C0FE73FD4C13A01F2B
:10049000C0156E09EFF84DC8811101010C0C8C2BB1
:1004A00035D8F200C1C3FFF8E1000186800880045E
:1004B00082095D93C713C183000CDD93C000610105
:1004C000FA0C040C8101006B828B047B65394C01B2
:1004D0000460402CC0B165418C0B0311E8004288D8
:1004E0008C0B0311E8004E2880D5A10B6848598871
:1004F000A10B8C0B0C0C8085DD93F20C4576011161
:100500000931E0005D588C0BA38BE848A10BFCB5CA
:100510000C0BFC7552388E1BA10BE8000111FAB5CB
:100520008C0B8121F20C0C0CC1C3B145F87C040C7E
:10053000ECC01EF0600446864031A51B402B6C1DAC
:10054000E0040E06A1810EA5AA35A31B600C41E6AE
:10055000E00C59E601A6170E110EE004E004012696
:1005600001860F0E150EE004E0040006A1010B0E3B
:100570000006090E7E0EE0047C0EA101E004018657
:1005800001860D0E3E0EE004E00401A649F63C0E85
:100590004BA6E00C03A6600C0706E00C11066004F5
:1005A0000DA6E00413A660040FA6E00C55A6600C8F
:1005B00013CEE00CE00C41E657F605950006E00C82
:1005C000891160089101130E4006170E0D0EE00010
:1005D000150E85010B0E8301090E81017E0EA1010E
:1005E0007C0E83010F0E8101110E85013E0E8101EB
:1005F000E000400681313C0E8191016114060151F9
:100600000101E0041606814181C1E0088BC488C65F
:1006100089C48AC6FEC4C8C6FCC4CAC6E0184481E0
:10062000E0144431E01044C1E01C4431E020443186
:10063000443195348F34E024E028443144318D3402
:100640009134E02CE03044314431BE34BC34E034E9
:10065000E03C4461E0404461E0384431E04844918A
:10066000E04C4471E0444411E0504411E05844A18E
:10067000E0544451E05C4451E0604451E06844017E
:10068000440193049704E06CE07844B1E074444181
:10069000E0644401E0704401E07C4441E0F1010188
:1006A000F07C0C0CC1C3DD93FA04040CEC901EF03A
:1006B000806B251B810104259295A31B6541026077
:1006C0008C0B40B1E84862E89095A10B4C01830186
:1006D000C02C6539428687E5040660044C11E004AD
:1006E000402B6C1D601102063E1EC400091C8311C4
:1006F0001516A111E000420685711F1689112516F5
:100700003116AB16AF269111040635269706E00880
:100710009B769906A1769D06A706A306AD06A906B7
:10072000B706B306BB16B90660805E11E41002F08E
:10073000BF26BD06E0845E01608C5E015E218C0BED
:100740005EF8E088A10BE8484C7180B5C02C653993
:10075000C8F18101F2040C0CC1C3DD93FE7C04CC12
:10076000806B027B649002F0E48004F0E81049683A
:1007700060901E89E0040E2AE0801E794001018805
:100780000460C00040B165C101559931491681111D
:10079000EC040630FE95A13B65F104609D3140B14B
:1007A000491C8145EC040630FE95A13B15C601911C
:1007B0000785EAF0A10B81B140628E15047470A820
:1007C000009CFA80E0900084799C4202F0AC406288
:1007D0006EF1401143F6402B8000400D6031409196
:1007E0004011C02C802C42B143F1401102B4002CC6
:1007F0004091FA80002C41714F588C0B1E89E80003
:10080000008060900204E40482B17A80048084A1B4
:10081000434AE424020CE408500062000273DC0046
:10082000170A8101F205E53CF67C0CCCC1C3DD93CF
:10083000FA7C040CEE501EF0A11B006B65390C090C
:10084000848B402C42668A25A50B60046C1D4C11DC
:100850008191402B81B102C58C0B0511EFFC7268B0
:10086000A1BB80BBC0000BA86804544880BB8C0BA4
:10087000E440108AA1BBA2750C29A235402B6C1D47
:10088000E00042B6680463E856B68C0B230BE00028
:100890009ED58181230B9525E00440A66C1D4C015B
:1008A0008205C02B8C0B0311EFFC7008A1BB80BB31
:1008B00000C6A49502F060080155E42045B681B158
:1008C000EC040000FE95A10B10600101C0B0657141
:1008D00081013E0E15063C0E8955E0047881100911
:1008E0009511400161901204429A9E098203E686A6
:1008F000E630010A034680F58414E134B71B841402
:100900000C2982F5402B6C1DE008033668045FA8B3
:100910000F368C0B230BE008E00800C6A1BB88054E
:100920004EB006D52018DC00E42004F06140140A23
:100930008816802300045E9580000E0680005E9578
:100940003E0482C5000481714092FA80BE0EFB8095
:100950000004BC044092FA80BC0EFA806C0414A01F
:100960008EBB8281EE75A1AB8CF5A1BB0004BC04EB
:10097000C407FA800E003E041204E4108C0B7A8047
:10098000680054A803D5C497A1BB80BB40F688D5A6
:10099000400061A181B581116080420A1029902B2D
:1009A00006F05C000233E4208C268211E230020A59
:1009B0000C0BFC954B58901B00BBE804E0004F76F5
:1009C0008275A1BB7A800294FA800474642006F0D8
:1009D00049988C0B80BBE8481EF0160B0C0CE650B7
:1009E000DD93F27CFA7C040CEC301EF0828B009BD1
:1009F0000C907C2EC0AF6471F0A05462E280141998
:100A0000E8004C88807B428767C000A03C6E906302
:100A1000654512903E0EC0B101A181B1055581819D
:100A2000FC248161F8041209440AA418D007E0806C
:100A300048004D080E0FA20FFB8002648245830B15
:100A40001084031114A4FA80B71F7B80828122AF27
:100A50003FBB806B1E0582B1849100048000408101
:100A600080001E05800040A3E040160A0101F675D3
:100A70000C0C98F1DD93F27CE57C030A041482B53A
:100A80008E19618C00098403C02C65C1E484404A3E
:100A9000E200000C5D93DD93C1C38101FA00004CBC
:100AA00064710000041440AF000BE08480137C08E4
:100AB000E5000219684C6828D0078211F200084C42
:100AC000C1C3DD93FA7C044C6C590019829B402B06
:100AD000887B0A6B84AB068B8111231BA19B882525
:100AE000A1AB80A5A18B806500298295402B6C1D50
:100AF000E008429668045068E00856968445A30BC7
:100B0000E022407AE122427AE02A400AE026421AB4
:100B1000E6A2400AE026400A020282031816EFFC11
:100B2000960B81B1F27C0C4CC1C3DD93FA7C044C72
:100B30006C59001982AB402B887B0A6B849B068B17
:100B40008111231BA1AB86E5A19B80A5A18B8065AC
:100B500000298295402B6C1DE008429668044D28C0
:100B6000E00856968405A30BE022407AE122427AFF
:100B7000E126400AE12A421AE6AA400A020282035A
:100B80001816EFFC960B81B1F27C0C4CC1C3DD93BF
:100B900061900414442AA9310614668E8E39E184CA
:100BA0008121040381310603000001E5C09C6781B7
:100BB00070140049E080420AC1900844254F9E49C4
:100BC000A83F8821E040040A5D93FC95FB80003437
:100BD0009F2101118131039568840824FB8006342C
:100BE000E34F804F618C0A44E184184484C9025960
:100BF0001844385F4647E084385F88C9A85F904949
:100C00008811235F020AAA3FF8F5E04000345D93A3
:100C1000C1C3FB80FA7C040CEC701EF09D8100AB1C
:100C200081911E0B9D1101550210419CA11BEC04EA
:100C300000A0FE9540B165F181459D110210419CD7
:100C4000A11BEC0485C5FE9570A44CA2FA800E94FD
:100C50006EF10CB9940B402B6FFC7108000A8E1BCF
:100C600086B5F0046CE914090C19C02CC02C62B1D3
:100C7000FA800004FA8002148435830B73C040B0FC
:100C800047079E1B022B9EB983317C008013373FA0
:100C9000A62F940B8E1B042CE8004248120A829166
:100CA000F475E140648D00E69E1B40209D210165A6
:100CB0000420453AC13CEC04FE75A12B648D40A68E
:100CC0009E1B4020452A8155EC041080A18BC12C2D
:100CD0007758FE75940B68440C0CB8F1DD93F27CE8
:100CE000833100136EF102190414C02B9E19618C1C
:100CF000A33F3C29002B8403C01662F94033A43F74
:100D0000C01662F9C1C3DD93FA7C040CECD01EF06E
:100D100002F0009B5C18E4C004F0680C1239E4B0E7
:100D2000C02B6C496C4112091219C02BC02B6C45A9
:100D30006C4D12891229C02BC02B6C39403A8D3E64
:100D40001239E682C02B6C3D6686548AE188020423
:100D500052019101402664810F2EC5A75221920BAA
:100D6000C02664915231893EC02664B112B98B1EEF
:100D7000C02B6C516C5512695211C02B402664D1A6
:100D8000E4A002F064F152A167D8C026807BE80C91
:100D9000A655A17B066445B77CBEE1888065A1BBF2
:100DA00082F5A13B6C1D12294296402B120BE008E4
:100DB0007A78866B4E966800230BE008A0858C3B02
:100DC000C5870D044BF67C14488AE00C81B1600E97
:100DD000440AC5078F04E006BE2E8B140203BC4EE6
:100DE000E68A424A00000924FE0EEC0400A084A317
:100DF00081A16C0452118D0EC02C653D4C928BE587
:100E00000C09F0ACC02B6EF162B14C514C51C02CAE
:100E1000C02C63F1F03C420092D5C51DC81D8D4425
:100E20007E149275C20DC9078F1490F59095C30D6D
:100E3000618C00B4F01C44B083413E0904441203A9
:100E40000019E888402C65C108A4868B0AF07A80D6
:100E50007C14E490F988581204340B3440C1FA80B1
:100E6000402C65C10214920B62D8FA8006346FFCE4
:100E7000807BFA808A15A17B0AF03E041E49E4803B
:100E80001E39E0903C04E0A0FA80020463F14C417A
:100E90000404C02C920B7A80EFFC64A8A17B807BB9
:100EA0001E09847582A160804BF6103B4C01E00C5A
:100EB000C02C62B182B18924E53C170A4098E8252C
:100EC000920B68000E0B807B0C0CE8F1DD93F27C3A
:100ED000FA1C040CEC301EF08181006B6C590C097B
:100EE000A30BC02B02F08A858C0B6420E80C5D8874
:100EF00088D5A10B6FDC400680088191E080404AD4
:100F000004F100600060C0AD80AD04F90315800AF3
:100F1000FB800E047A800284E41008F08C0B01211F
:100F2000680042887C0A8E3BFB8012948093828109
:100F3000C18DFC044C93FC15C016629998F1810197
:100F4000F21C0C0CC1C3DD9382F5FC1D021483312D
:100F50008211FA80F438030A081482150834FA80E2
:100F6000804FE890FC85A14B81010816C1C3DD9339
:100F7000FA7C040CF80010FCECF01EF0805B029B85
:100F800063FC120AFC2E8101900CBE4E80000B986F
:100F900010504937C0B066B10E503C3EC0B064310D
:100FA00081A101B181617E5E0E098585930BE3C04D
:100FB000FC04883580F5A30B6CE90A09A018C02C45
:100FC0008615830B7A8002B455788A0B000AEFFCF1
:100FD0001E55F00482D5C00C02A41C0804F0E08861
:100FE00082A1645082237E54806370AD804588BEA8
:100FF00002B1819582718281E53C170AA1ABF4E5CB
:101000000A8B9EE5C0156A7DC987BC14FB8000145D
:101010006A810A0BD10D40159C005010FB800284A0
:10102000C01DC907DC005000EC18510A3E1484654D
:10103000E090006400F0040C0195E45041249F11FD
:10104000EC0414A044118A23C02C6171FE15A1ABDD
:1010500081318B750034850502F060880215E450FB
:101060000014FC008A03E0846E39002B81014015D6
:101070008285A12B444A81014420E08040FF13F97E
:10108000C404000004247E350A13C1844201823165
:10109000C02C6171F815953B947B21068323A143F5
:1010A0004E8AABE38A25EC20645012F082B1FFB186
:1010B0008845D5BD00502464C0AF6471E44004F09D
:1010C00060840264000B80630C19FC0473D8E50093
:1010D0002108EFFC0C198891830BE50005010260E3
:1010E0000E7440014201DB800E7040007E54C40447
:1010F000EC204E8AC1C3F6B5C8773E040101807C5E
:1011000018FCF8F10C0CF000DD93F27CFA00040CF2
:101110000246026B0414E1288434832165750019AA
:101120000045C01BC0066D49657900098231401B2E
:10113000A111232F880B212FEFE875488101180E8C
:10114000F2000C0CC1C3DD93FA7C040CEC501EF0D1
:10115000887B008B650D1009826B402B60880274C0
:10116000101384AB230B81214225869BC00B61A504
:10117000A70B8225100B8C7540156A79910C81B1F3
:101180003E5E8505669100107C0EC0B142B8900BA2
:101190008E1B680002F049073C1EE440FB801604E9
:1011A00064300AF00C1B900B123B942B43B8964B07
:1011B0007E14E800FC24A10B8435881EBE54910ADD
:1011C000FB8006040416973B408040004270DC0020
:1011D00048505C006CD8DC008101CFFC0C0CA8F1FD
:1011E000DD93F27CFA1C044C807B026B81810191BF
:1011F000407283250009F0A4C02C63F1E3FC000ACF
:101200008D0B8225029480F58E0B7A80EFFC44884A
:1012100082918083E140120A900BFAB5F21C0C4CCB
:10122000C1C3DD93FA7C040CEC501EF04006006B49
:101230000004E118191482BB088B8A7B0008869B86
:101240007E1E84AB64F89111002BEFE8E44000F0BF
:101250000A843E0E3C7EE09064E10660160BC0AD51
:101260004DF8941B924B6FB4A17B807B0C29826557
:10127000402B6C1D54588C0B8E1B68008101230B76
:10128000090480E5C90781716FFD00027E14C0FF6B
:10129000040CA8F10C0C8E0BDD93F27CFA3C040CD0
:1012A0000E00026BC0B0657164711000810140AF27
:1012B0006004130683759DA178810E194410C00146
:1012C000C917703CE6AA442A8D2B822380000E1990
:1012D0008000100B08486728840402106C041290E8
:1012E00084818271FA35A19B0C0CD007DD93F23C0E
:1012F000FA00040C0206006B5DF8E28043F6E84851
:101300000586600C7B98E0108C0B6FA84576011168
:101310000C0BE0000C0C8C3B3E38F200C1C3E040EB
:10132000FA9C040C4096006B4C01E004402B6C1DB1
:101330000206827B8C0B6280E8485C08E4400E8ADF
:101340000C2982D5402B6C1DE00042B668004DA8E8
:1013500050B68C0B230BE0008C8581716188007482
:101360000609919104948311A11F69804022C82726
:1013700081117984441281A5044AF91C4462F80C55
:1013800082115084C0004401E040020A0111FCB502
:101390000C0B9F2167B88C3B808BE8408455A18B58
:1013A0006AA90C09A30BC02B00608435408B66B181
:1013B000E0100206411E8145EC041290FE95A19BAF
:1013C000900B8181F29C0C0C0C0BDD930C0C8C1B94
:1013D0001C78F29CC1C3E03CFA00040C61004C464E
:1013E000E004453640219814C02B6C1D442084280D
:1013F0008426F3EC84289814F3F84420434604260A
:101400006258E01C8321684480189804F3F4421069
:101410000C0C8016DD93F200FA80000C4186003B34
:101420000004E148E00409466C1D46418048C02B99
:10143000FC9C084441C600468004E1488301001634
:101440006C2546218111402B6FF078A8080C862B63
:101450000FD8F280C1C3FFF0FA3C040C8101006B8D
:1014600068144D488181811168286FC81286807B7D
:10147000A404E13C421080188016F3BCE83072C826
:10148000951103A18C0B0321E8445E28E11041462D
:101490008486801480A680048018A4040016E019B5
:1014A00079B88C0B00C6EFFC8004E12C4210801848
:1014B0000016F3F8E118410600868004E1144106A5
:1014C00080188004F2FC4210414600160004E1142A
:1014D00000868311E1144186008C8004E118000627
:1014E00000868004E118004600868004E11800C6EA
:1014F000008680040C0C8E0B0878F23CC1C3E0140B
:10150000FA3C040C816102AB807B21AB419C0CA4B2
:10151000E00401166C1D4E01849B402B50044C606E
:1015200047388101811168144256008B5CF8E00055
:101530008E0B68140106216B4E01E004C02B6C1D5C
:10154000012688A5941B60046C1D4E018E0B402B58
:101550006FFC764841C6922B402072FD6001020666
:101560008004FFC00206020FC02072C1FCC4000448
:1015700001C6040E8004E1988475A30B72C10206B3
:101580008E0B4020EFEC76E8013681F5941B600469
:101590006C1D4E018E0B402B6FFC74088195922BB5
:1015A0006800416842968E0B8E0B6000E814590863
:1015B0006000426658B88E0B0311E8144258900B35
:1015C0008C0BE814F23C0C0CC1C3DD93FA84040CC0
:1015D0000C0B806BC0156E0972F940004C03C0FF04
:1015E00040156E094C018101C02B64D5E8007D686F
:1015F0008C0B007BE8185E4868007C8847F88C0BF1
:10160000A17BE80C49F886258C0B680068004188AE
:1016100001C68C0B42466FDC421EE00402168311A9
:10162000E01C4346F8084015EFF069280C0C8C0BC1
:101630000A78F2840C0CE00CDD93F2846349001903
:101640000656402DC00160016401403583314005DC
:10165000681540338121400A654540310706402224
:101660004031E008401B656D4031E0194022654D76
:101670004031A141402864894011AF31402D634978
:10168000601102264031C0C040286491E00C47F64A
:10169000632940159111400B67C940310606402D62
:1016A0004033E00840136985E08C0606681140135A
:1016B0004011C00A40276315E0100386699140136A
:1016C000438640134033E00040136995E0004686AE
:1016D000633140118911402763354031003BC027F9
:1016E000C00A69316C614011851140226C6540115E
:1016F0009D1140226FB14011023440224021FCA8CC
:10170000C02C6E51680940234023C00AC00A680DEE
:10171000611D40259521400A656540414043C01B3D
:10172000C0146241648D40214043C028C0136981C8
:10173000631140414021C027C0226FB56931401379
:10174000DD93C00AF87C040C600C148663C0040EA0
:1017500040A3C0BB40156DB5EFFC55F66DC140A36D
:1017600055F6401540A1E00C402C6CFDE07C0706CE
:10177000636940A155F6402DC02072FD6459402593
:101780000506400540A5E008400B64E1E00457C6AB
:1017900064E540A5BDA1400B6E2540218321402971
:1017A0006E8140B1B7B1402C63A940A11456402DC1
:1017B000C02070016AE14033120640154033E00852
:1017C000401C626DE000468660240D86E05C11C618
:1017D0006E8940B1ABB1402C6225403346C6401CF7
:1017E0004021E000402B65114021A351402B65D1E1
:1017F000E0400E06668140218111402B6685402124
:1018000091C1402B6B8D40218541402B6B91402134
:101810004021C02BC02C6D616E5D40214021C02C49
:10182000C02C6E616E9140214021C02CC02C6E995D
:101830006331402140A5C02DC00B64ED64F140A58B
:101840008DA1400B681D40214021C02DC02D69D9BC
:1018500069DD40214021C02DC02D6A7D64D5402125
:10186000A92140386B1D40630C0640154083F900E8
:1018700040156DB1E0CC10D66E9540B116C6402C27
:1018800040A1E00C402D63D172BD55F64023C0202D
:10189000401C6211E01044C6622940330706401C18
:1018A0004091E018C0296E216E2940914091C029D5
:1018B000402C6E9D4051B591402B65C9EFF04B8691
:1018C0006D9540650C0E400A4083FFC040156DB910
:1018D000E0005066634940B11786402D4023E06028
:1018E000401C62154033A121401C622DE0F84606E1
:1018F000632940914091C02DC02D633963D9409137
:101900004091C02D402D64096001120640A5C02001
:10191000C00B64F964FD40A51466400BC02068014B
:101920006B194053995140156D9940658961400A82
:101930006D9D40758B71400A6B9540818F81402B66
:1019400069A940B387B14016623140334646401C16
:101950004095E0F8C00B650565094095B991400BCD
:10196000651140A540A5C00B400B6515402393A110
:10197000C01C6221624140234023C01C401C6245C0
:10198000E0180406620540114041C015C02B6531C6
:1019900065CD40C14051C02BC02B66416AA140714A
:1019A0004061C02BC02B6AA56B8940614081C02B70
:1019B000C02C6D516E5940814061C02CC02C6E65A9
:1019C0006E69406140C1C02CC02C6E856E8D404157
:1019D00040C1C02CC02C6EA5632540714071C02D44
:1019E000C02D6335634140414071C02DC02D63451A
:1019F000635940B14071C02DC02D635D636140618A
:101A00004071C02DC02D6365636D401140B1C02D84
:101A1000C02D637163A140714071C02DC02D63A5BD
:101A200063D540714081C02DC02D640164054071B3
:101A300040C1C02DC02D6431643540714091C02D2E
:101A4000C02D6439646140A14071C02DC02D646512
:101A5000646940914081C02DC02D6531653540815C
:101A60004061C02DC02D68116A31404140C1C02D78
:101A7000C02D6A356A3940B14061C02DC02D6A71F0
:101A800064D140114013C038C01C6219621D40531C
:101A90004033C01CC01C6235623940134013C01C67
:101AA000C01C623D624940234023C01CC01C624DE3
:101AB000625140234013C01CC01C6255F07C0C0CCA
:101AC000C1C3DD93F83C044C614C4446E4500A0029
:101AD00091C10A140C864834C00061954E860844B2
:101AE000C0006195E686443A61900644E41008001F
:101AF000558A8355EC0418C0C987D19266A2502A32
:101B0000E1F41494508A86A99493600EFB00129419
:101B1000508A8597D99EE686A1CBDD8E0012FA7594
:101B2000619904860202C000619906C6881EC00041
:101B30000C4C8C0EDD93F03C04C60002C000619991
:101B4000840D88245A005C08C00000066195048654
:101B50008834C0004486870DC0000195C00004256C
:101B600004358EB5870DE01C0199044604258000DC
:101B70008C858000833101A5FA8008340845C4476C
:101B8000804DFC08823180B5F418070A0630FCC588
:101B90000A34EC040850FA80C45764047C080A35FF
:101BA0000825C447A623FC080605A12B80000406CF
:101BB00061955886460240000A55F18C0845FC3074
:101BC000AA43FC30E17C18449843F5C7463A8D4758
:101BD000443AE692CC27E08A04148A236199068667
:101BE0008C34C000FA004032E682400AE082402A8B
:101BF000E40042CAE200000CC1C3DD93FA7C040C8D
:101C0000EC501EF0828B7C2E866B621875B8BE1E5F
:101C10006008EFFC81A19181E100000A10460915DE
:101C20007C14C000000496038013FA80EC000219B3
:101C30008885C3AD400ABE149403E686FA800E047C
:101C400060840074E08802747C040C1500038C032B
:101C5000C0016C01619C0414E43002F0C5077E2EC3
:101C600000F0110C7698E440A10BEFFC50984E72F6
:101C7000C00000E60C014E018291C004FA8000947D
:101C8000F415D10D8211BC14FA800014560AD10D3E
:101C9000120646A25E15C000FC35C000BE0482A13B
:101CA0007C7581ABC00002060C0CA8F1DD93F27CC0
:101CB000F87C04CCE45DC258400898958F5E814161
:101CC0006100000A0B959101C000004610749873E2
:101CD0004E12FA800E99F0A0D34DEC00508A8E85FA
:101CE0008883E696FA801084F0A054226C0114B91F
:101CF000BDBBC004214B8C1564010E708A15C00356
:101D000088D5A59B64041280640014A05622C013D9
:101D1000068470A416B9E08440046C018483C487EF
:101D2000169428B61420E084400E6401145BC49716
:101D300086A37C2C0455A85C205EFC2464010A2048
:101D40000A8BC00C86537C2C8F54948C06909C98E4
:101D50009C36EC040E648261C17DFA808D34EE15F0
:101D600018348231C1CDFA80468258CAC0000C06B0
:101D7000C0185E358241FC357C958B4BC000060651
:101D8000F07C0CCCC1C3DD93E1144246841884146A
:101D90006BF14011DD93C02BE14C000680088004FC
:101DA000E000004AE200000CC1C3DD93614C000674
:101DB00080048111DD93801661484186E19805C653
:101DC00083310004C2198018883E8016C1C3DD9398
:101DD00061484186E19805C68131000442108018AF
:101DE0008016F3F8DD93883EE14841868000800448
:101DF00041C6A10D000581480019800042108000F5
:101E000040119C04DD938000E148418680008004FD
:101E100041C6A10D000581480019800042108000D4
:101E200040119C08DD938000E148418680008004D9
:101E300041C6A10D000581480019800042108000B4
:101E4000401193F4DD938000E148418680008004D6
:101E500041C6A10D00058148001980004210800094
:101E600040119C10DD938000E14841868000800491
:101E700041C6A10D00058148001980004210800074
:101E8000401193ECDD938000FAFC040C8101006B9F
:101E9000680C7BC881818111613456862C04807B5B
:101EA000E14C1306832103A1A4048086A404808648
:101EB000A40480A60C158086C00B69F94086A11B7E
:101EC00000158FDC8C0B0000E8404DC883112C04FA
:101ED000404600A68004E134A40480A6A4048086C1
:101EE000A40480A68C0B0086E81067A88E0B031153
:101EF000E80C78C867CD0C09A409C02D8275A50B24
:101F00006C210C09A70BC02B8C0B80D5F2FC0C0CA0
:101F1000E02C1228F2FC0C0CC1C3DD93FA7C040CFB
:101F2000ED501EF09711006BE8104D28EFDC424693
:101F3000400084088406F3F862650C09404AC01525
:101F40002258E08C0C098000C02D6B8521F8A10B74
:101F50000660800040B667A1E0040006645004F00B
:101F60008145811100004916A10BEC041921FE9551
:101F70003E3E81511B488101000AE0001B48F000F1
:101F8000525AC0008693E68AE02012A91249A1ABFA
:101F900015F8802812B98000B1AB602CE0281249F6
:101FA000E18400B440407C0E890EF0FCAC05FE4E8E
:101FB0001E05B3AB400280100049909880150F4178
:101FC00080000BA88EE5B5AB1E05B7AB40028010B4
:101FD0000041909880150E410C09AAC54015621168
:101FE00089C4B9ABE68240CA9A8000049098400246
:101FF0000E410049A6E5801AA425BBAB8A45BDABBE
:1020000081413FAB140AA6050C45E040800D0859FC
:10201000140AA2850C45E044800D085D140AA0C591
:102020000C49E04880360185140AA0C58685E04C3D
:10203000E050140A890488158C03C40768E500453C
:102040008F35C00DC2078904004B8C03C00A6DA1F7
:1020500089048F2500418C03C0156E416D4100013C
:102060000D35C0158904A0438C03C407686500457D
:102070008BB5C00D080409243C5EFA808C238901CD
:102080006F410439812140150E2485458873FA80FB
:102090000E708C73C06B6641110A988B0635F41C68
:1020A000C40404207010000AE40418801C58FCD5F5
:1020B000FA80108410898C83C02E67C1FA800A547C
:1020C000FA801084FA35915B93C1040B89217BF56A
:1020D000F40C448A18067675000AC00004047010D7
:1020E000A215FA80E080561AA000085806F07C0479
:1020F0000944E450BC548321E080400A5C10062966
:10210000F09040324420BE348026D00489049505E6
:102110008C03C40764D100458175C005C4078904D8
:1021200000458C03C00565D160010006814BFC00B1
:10213000800008F8E02412098445AB0B8465A30BEA
:102140008865A50B8885A70B8A85A90BA015A10B0F
:10215000814DA404A60490358265804DA40487D5E2
:10216000814B0395814DA404A60480958C85804DF8
:1021700004F07C048944E4506080400A040983012F
:102180000735DC10D004400001E5A404A604804D0E
:1021900009C4804DE45000F00029FC348265FC3015
:1021A000A404831509C4814BE45000F00029FC34D9
:1021B0008205FC30464A7E440406E08001858000AA
:1021C0007E44843BE080460A462083319803D00455
:1021D000BE3480367C0481D5E45004F0404A894402
:1021E00081016080DC10040988237E44071588067D
:1021F000BC549921564A845582E5E08006F07C045F
:1022000009C4E450FE448121E080404A5C30062944
:10221000F0B04032FBE58026010A3E3484F5F40C30
:102220008685AFAB8A85A5AB8C25A7AB8CC5A9AB42
:102230008E85ABAB9025ADAB8235A3ABC22788238F
:1022400004438C23400C6D21EF559921FE449921C4
:1022500072004040094582510823CF076641006063
:102260000624C05880236084640104298603400446
:102270006C010043BE34C0010705C827882384438E
:102280008C23C427689104458585C005C42788230D
:1022900004458C23C0066091882385158C23C227B2
:1022A0006921044B9921400C8823E96504498C235A
:1022B000401A6A41E7F5992100600823C058664139
:1022C00060840624042980234004600100438603BF
:1022D000C0016C01C827BE346575A4430B0A99215F
:1022E00024C8E4FC4C159FFC400B69ED4C158101A2
:1022F000400B69E985A58121645006F0EC80081047
:102300007C040639FB904A12647C030AEC7C085278
:102310006C00104406CBA853180682110EC480002E
:1023200081C168909C0058306F9006C44682A9CF46
:10233000B80F788C0652267F4C05EC04400B69E9F7
:10234000AE2FA77F69ED4C25020AC00BF4B5E10062
:10235000A10BA40F0C098805C03864C564C10C1911
:10236000430DC03864C5006086F5C0E1EFDC42462D
:102370008818822B8816C2196E0D0C19A31BC03643
:102380008000021603114C1181F58038C2098408BF
:1023900083258406EFDC40468408801BF3F8400068
:1023A00000600406C0E164C5020A80180210E3FC64
:1023B0004011C4041EF0C0000C0CE550DD93F27C0B
:1023C000EFDC4046802880180419C217F3F444203B
:1023D0008026A22FC1C3DD93EFDC0286E0700229C4
:1023E000E084440A9A005C0864D50029A72BC02B1E
:1023F000800002299C20442080004221FFFC1468B8
:10240000FA00040C6C5100190029C02BC015614161
:10241000E08406146686422AFA8004346C4940310E
:10242000060A402B421AF0004011E00AC02B6C4112
:10243000810180A5F2000C0C0029DD93402B6C1D5E
:10244000E00842966FF845E8E0084C960C06A30BAE
:102450008C0BC000F2000C0CC1C3DD93FA00040C1D
:102460006C5500190029C02BC0156145E084061485
:102470006686422AFA8004346C4D4031060A402BAD
:10248000421AF0004011E00AC02B6C45810180A582
:10249000F2000C0C0029DD93402B6C1DE0084296E5
:1024A0006FF84308E0084C960C06A30B8C0BC00099
:1024B000F2000C0CC1C3DD93FA04044C0C09806BD0
:1024C000C0156145EC040200F41C030A0C1982D506
:1024D000C0156141EC040410F424050A400A80D5BB
:1024E000008AE6868435E5446C1D0C290FF6402BE6
:1024F00003F6E0088C0B6008EFF840480D78A30B5A
:102500000C198000C015614161510C09041440157B
:10251000440AFA80050AE68A8295E4A061450C29FE
:102520000C39C015C0156155E68A443AE484048A22
:102530000C298495402B6C1DE0084E76600842768D
:102540007DF88C0BA30BEFF480000B2861410C1974
:102550000C09C015C01561517A800214FA80040478
:1025600061490C39422AC0158613E686E4A0030AA5
:102570000C198415C015614561550C290C39C0151D
:10258000C015614DE686422A028A86138415E484CA
:102590006C1D0C294E76402B4276E0088C0B6008AF
:1025A000EFF47B08A065A30B61510C09000AC0156C
:1025B00086D5F01061550C09A90BC0150C0986359C
:1025C000C0156141E080404A0C0980E5C0156145B5
:1025D000E080400A0C2982A5402B6C1DE0084E06C5
:1025E0006008420678D88C0BA30BEFF40C09980511
:1025F000C0156149F80C004A0C098465C015614D8D
:10260000F80C004A0C0982A5C0156151F80C004A6B
:102610000C0980E5C0156155F80C000A0C2982A54B
:10262000402B6C1DE0084E166008421676988C0B05
:10263000A30BEFF40C098E85C015614188B5A30B7F
:1026400061450C09A30BC0150C098815C015615113
:10265000EC100000F430010A0C0982554015615558
:1026600000008171008AEC108835F4346C1D0C294F
:102670004E36402B4236E0088C0B6008EFF474288D
:102680000355A30BC0000E0661510C09B10BC01518
:10269000A90B82050C098415C0156155A90B0165AC
:1026A00061550C09B10BC015817100D50C4C8E0B16
:1026B000DD93F2046C1D0C294E26402B4226E008C7
:1026C0008C0B6008EFF471E80E06A30B8E0BC000B4
:1026D000F2040C4CC1C3DD93FA0004CC8101006B01
:1026E00066350C1B9906C016424A91064206608068
:1026F0004C11E004C02B6C1D80000C586FFC6DE881
:10270000A10B8C0BC0000BF861410C0904F04015C3
:102710000C19E420C01561456682401AE43002F0CD
:1027200063094C018C0B4015E8004B8861490C098A
:102730009918C015614D0C291138C0150C09C50731
:10274000401561414C118013402B6C39E1880824FD
:1027500061510C198643401561550C29A30B401596
:1027600061450C394C41C015C02B6C3D6C514C116E
:102770004C21C02BC02B6C55060A80959C45F0045B
:10278000F40C070A4C218455402B6C4D4C31EA0D5A
:10279000C02B6C4563588C258C0B6FFC9C55A10B92
:1027A0006C410C0985E5C02BF010060A680D8615F2
:1027B0004C218931C02B6C4D6C454C318685C02B2A
:1027C0006FFC6208A10B8C0B0C0996B5C02B6C41F9
:1027D0008615AB0B6FFC6448FD158C0B6FFC640811
:1027E000A10B8C0B0C0992F5C0156141F495E80D15
:1027F0006C510C194C11C02BC02B6C496C414C0115
:102800000C19C02B402B6C45FA8000046C4D0C3920
:10281000401AC02B0C19E682C02B6C556C510C0968
:10282000000A402B0416E0404C218000802C0C81D3
:102830006C490C294C11C02B002B0C6DFA80021432
:102840000C694C01443A802B401AE68A402AE68201
:102850004C01E002402C6C79FA80020466314C1382
:102860004498C0168C0B68008295A10B6FF064E849
:10287000A10B8C0B73B880F58C0B682468304F0863
:1028800021118C0B4C118321C01B656165414C21CA
:102890000CCCC022DD93F200681100490039C0273A
:1028A00040276815088A81010844E5400040818876
:1028B000068A0C500406E500063481010034818844
:1028C00000009A8088068C40A13B8438C4080630FA
:1028D000C1880634C0004231C0000409FBFC000A74
:1028E000DA800004C4080000C188000440004401EC
:1028F000DD938101FA00040C680040C8A10B806BD5
:102900000C0C8085DD93F2000C0C8C0B8B55F200C7
:10291000FA04044C0C19806BC02B6C516C550C09DB
:10292000441AC02BA12BE5020C398605C02B6C4D37
:102930006C490C490C59C02BC02B6C456C410CC91F
:10294000464AC02B48CAE50E464AE516443AE50E0B
:102950000365E00AEFFC04226C1D0C294E56402B47
:102960004256E0088C0B6008EFF45CC88805A30BA6
:102970006C510C198121402B6C550C090424C02B7F
:10298000C2077A80042201714C01ED00401B6305EF
:102990004C11C217401B6301E004000663094C019F
:1029A0004C21C01BC01B630D63114C718E0BC01BEF
:1029B000F2040C4CC1C3DD93FA7C040CEC301EF025
:1029C0008101006B630D0C7902F0401B0C99E4202F
:1029D000C02B6C516C550CA9FC0EC02B3C06890613
:1029E00045188C0BA10BE800C000100600081E85DE
:1029F0009095A10B641002F074F89E2B8C0B6FFC69
:102A00008E65A18B6C3D0C390290402B3C48EC0448
:102A1000EC0404A06C390C5981C1402BA8338908FF
:102A2000608C083464200660A053C06DC65705450D
:102A3000124402C151CDFA80F0945412790046A19B
:102A4000F0A4562282258CB66C510C990A54402B66
:102A5000C297FA80925301D56C550C4981C1402B25
:102A60006C390C59C247C02B924320530E70C65785
:102A700082316C04F6B5A17B98F18101F27C0C0CDB
:102A8000C1C3DD936C510039824B402B6C49002946
:102A90000019C02BC02B6C41C1C38725FA04040C5C
:102AA000EC301EF08101007B826B7C0E02F03E0E4A
:102AB0007E98E4208E0B6FFC8415A10B641002F04D
:102AC00041188E0BA10BE800FC048235401ABE149D
:102AD0000002E682180EEFFC98F18101F2040C0C62
:102AE000C1C3DD936C550039824B402B6C4D0029DE
:102AF0000019C02BC02B6C45C1C38125FA00040C02
:102B00008285A13BE50A401AE00E400AEFFC000274
:102B10008101100EF2000C0C0029DD93402B6C1D7E
:102B2000E00842566FF44EE8E0084C560C06A30B42
:102B30008C0BC000F2000C0CC1C3DD93FA045E657F
:102B4000EC100CF0741C5E60BC6E8861FE8003FCAF
:102B5000F804170CEC301EF08193818341C6C183C9
:102B6000432661488004E00C418600168004E14859
:102B7000021480188016FC9CEFE456A86F9C6248F3
:102B8000C1C38101FA00004C614841C6E00C4336E4
:102B900000168004601100060004C020E14843864E
:102BA00080188404FC9C02145518801660B8EFE469
:102BB00081016F9CFA00004C614841C6E00C43461D
:102BC00000168004601100060004C020E14843861E
:102BD00080188404FC9C0214539880165F38EFE43C
:102BE00081016F9CFA00004C614841C6E00C4376BD
:102BF00000168004601100060004C020E1484386EE
:102C000080188404FC9C0214521880165DB8EFE40E
:102C100081016F9CFA00004C614841C6E00C43966C
:102C200000168004601100060004C020E1484386BD
:102C300080188404FC9C0214509880165C38EFE4E1
:102C400081016F9CFA00004C614841C6E00C43A62C
:102C500000168004601100060004C020E14843868D
:102C600080188404FC9C02144F1880165AB8EFE4B4
:102C700081016F9CFA00004C614841C6E00C43E6BC
:102C800000168004601100060004C020E14843865D
:102C900080188404FC9C02144D9880165938EFE487
:102CA00081016F9CFA00004CE2C0002C614841C6D3
:102CB000E00C43F600168004E14841868018800449
:102CC000FC9C02144C38801657D8EFE481016F9CAD
:102CD000FE1C04CC6FF84628807B806BE0000E2A37
:102CE000400105F8050180004C018191402B6C1DCD
:102CF000E19400061060009EC0AF641DEFE87D689F
:102D00008265A10BA0068701EFF84528EFF845681A
:102D1000EFE449E8EFE87D08458601116AD8EE1036
:102D20008C0B6F9C6FDC00866A78811144C66F9CA7
:102D30000086E0004286600C4C15E03C400E60D9F5
:102D4000600102064C05C07DC00E60CD60D14C050F
:102D50004C05C00E400E60D54C058B01400E60DD69
:102D60004C158301400A6D49E05003E66E914C0119
:102D70000006402C4C13E40040166739E000421670
:102D8000673D4C0300764016C02060096E014C136D
:102D9000871140154C118096C03864C10006830528
:102DA00010606194C0AF641C231B80144C1183110C
:102DB000402B6C1DC0000206C0004015EFE45AA86D
:102DC000646018F060188C0B8D04E8108255A10B1C
:102DD000A19B8F94014680E58004E134A30B80041D
:102DE0005ED888958C0B680C10B6202802B6E008D7
:102DF0008C0B6008EFF0786868384AC851F88C0B83
:102E00008C0B68047D38A18B50006FF47D589C00BA
:102E100041D8EFF40101EFE46A1883118C2B6FE4C1
:102E20000CCC900BDD93F61C680C7A48008B8C0B55
:102E3000A18B8C0B48788085FBF5EFF4E81464E8EF
:102E4000A18B808B7A18F6558C0B6FF4E8004588BF
:102E5000400104488C0B0000EFF447686FF07F08D6
:102E600001C68C0B42466FDC421EE0040216831141
:102E7000E01C4346F8084015EFE466A868004828BF
:102E800000C68C0B9711614CA39B000481810191BA
:102E9000004600160004E14C80169D11745880B560
:102EA0008C0B680C020E808B40106001E540000620
:102EB000022B8185EC0400000233C934C69F841BB9
:102EC000FE15A10B72FD41C6009EC02044188C0B5C
:102ED000A18BE8388135E4B5E83843C88E1B0C0B6C
:102EE0006FE86F08808B8E2BE255A18B9F2101111B
:102EF0008C0B0331E8344DE8808B7135612000C6BE
:102F000080048111010600168004E12001460016AC
:102F10008004E120018600168004E12001C600162D
:102F20008004E120400600168004E120404600169F
:102F30008004E120408600168004E12040C600168F
:102F40008004E120410600168004E120414600167D
:102F50008004E120418600168004E12041C600166D
:102F60008004E120000600168004E12400460016DB
:102F70008004E124008600168004E124DD9380169D
:102F800062650009024640150414E14C880981314C
:102F900044208428202FF3ECE1344086831104265A
:102FA00000168004E134404600168004E14C01061E
:102FB000883680248816802400368004E134400658
:102FC00000168004E14C0086430600048016E000F1
:102FD000C1C3DD936805001B002BC00AC00A68014D
:102FE0006815003B004BC00A400A6809002BE01737
:102FF000400A680D005BA41F400A6811801EE0377C
:10300000282FE027822EAA3FDD93C03EFA045E659A
:10301000EC100CF0741C5E60BC6E8861FE8407FCD2
:10302000F804170CEC501EF0819381830161C18379
:10303000E03C41F66FA055A8010681114F0661984A
:10304000001AE14CE138440688449C34001CC21943
:103050004601A101402B6C1D1016831188048311B9
:1030600041F600665418E03C7BD8EFA01C04E8143D
:103070004D188111A8F1E808F0041F0CF6840FFC2C
:10308000FD64BCF4C1C3C153FA045E65EC100CF0DE
:10309000741C5E60BC6E8861FE8003FCF804170C33
:1030A000EC301EF0819381830106C183450661984F
:1030B000001AE14CE13846868C548844001CC4193F
:1030C0004801A301402B6C1D141683118C0481113F
:1030D0008804801667CD0019C819C02D67CD40112E
:1030E0008311402DE80849881F0C98F10BFCF0046F
:1030F000BCF4F680C153FD64FA045E65EC100CF07C
:10310000741C5E60BC6E8861FE8407FCF804170CBA
:10311000EC501EF08193818341F6C1838111603CA4
:10312000EFA04E48614C4D069804A5116C1D40114E
:103130008511402BE8084708E1384F4680189C0469
:10314000E080420A0106864545066198801AE1380A
:10315000C81988348C08801C8C06C2098018880421
:10316000F3F8421098048016E834756802261804B3
:103170004518E0109C04E808400A800884C5E084F3
:1031800061980106E13845068834801A801CD01900
:10319000C4098C0888048C06421080180016F3F4C9
:1031A000E02002264378980441F6E8088311603C49
:1031B000EFA049C81F0CA8F10FFCF004BCF4F68482
:1031C000C153FD64FA045E65EC100CF0741C5E6083
:1031D000BC6E8861FE8407FCF804170CEC501EF0EE
:1031E0008193818341F6C1838111603CEFA047E860
:1031F000614C4D069804A7116C1D40118711402B9E
:10320000E80840A8E13C0E4680189C04E080420A91
:10321000010684E504066198801AE13CE0198834CF
:103220008C08801C8C06C20980188804F3F84210B0
:10323000023600169804E010E8047EE880189C042A
:10324000E084420A0106860504066198801AE13C82
:1032500002148834801CFC94C4098C0888048C06F1
:10326000421080180016F3F4E02002367D389804EE
:103270009C04E804400A80088A05E08861980106F9
:10328000E13C04068834801AFC9802148C08801CE7
:103290008C06C80980188804F3EC421041C6001659
:1032A0008004E138421080188016F3EC001B98046B
:1032B000C0156E09FC9802146E09401302364015C1
:1032C0007A98E0404C38E80441F6EFE08311603C26
:1032D000EFA040C81F0CA8F10FFCF004BCF4F6846A
:1032E000C153FD64FA045E65EC100CF0741C5E6062
:1032F000BC6E8861FE8407FCF804170CEC501EF0CD
:103300008193818341F6C1838111603CEF9C7EE80B
:10331000614C4D069804A9116C1D40118911402B78
:10332000E80477A8E13C0F0680189C04E080420A7C
:10333000010686A504C66198801AE13C021488340F
:10334000801CFC9CC2098C0888048C0642108018E2
:103350000016F3F8E010024675D898041804E80443
:10336000E00C4296E8044C6880189C04E084420A11
:10337000010686A504C66198801AE13C02148834CF
:10338000801CFCA0C4098C0888048C06421080189C
:103390000016F3F4E00C42A64AB898041804E804B6
:1033A000E0200246E804738880189C04E088420A02
:1033B000010686A504C66198801AE13C021488348F
:1033C000801CFCA4C8098C0888048C064210801854
:1033D0000016F3ECE00C42B648B898041804E80470
:1033E000E0400246E804718880189C04E08C420AA0
:1033F000010686A504C66198801AE13C021488344F
:10340000801CFCA8D0098C0888048C064210801807
:103410000016F3DCE08002466FD898041804E80434
:10342000E00C42C6E804466880189C04E090420A1A
:10343000010686A504C66198801AE13C021488340E
:10344000801CFCACE0098C0888048C0642108018B3
:103450000016F3BCE10002466DD898041804E80495
:10346000E00C42D6E804446880189C04E094420AC8
:10347000010686C504C66198801AE13C02148834AE
:10348000801CFCB000048C088C06FC948018880416
:10349000F37C4210024600169804E200E8046BC870
:1034A00042E618044258E00C9C04E804420A8018E2
:1034B00086C5E09861980106E13C04C68834801A0C
:1034C000FCB402148C08801CFC98000488048C0650
:1034D000421080180016F2FCE400024669B8980415
:1034E0001804E804E00C42F6E804404800009C049C
:1034F000820DFF1100C686B58014E13C04248428A7
:103500008426FC9C80188004F1FC421003060016FF
:10351000842AE19804249804042CFCB8E8000246AC
:10352000E80467A8430618047F98E00C41F6E80019
:103530008311603CEF9C6DA81F0CA8F10FFCF004F8
:10354000BCF4F684C153FD64FA045E65EC100CF023
:10355000741C5E60BC6E8861FE8407FCF804170C66
:10356000EC501EF0819381830161C183E03C41F600
:103570006F9C6BC84F0681110306614C1C04E198D7
:10358000E13C4646AB41042A40418C54C02B6C1DA3
:103590007CBC0024040C832194268B1180668C044F
:1035A00063989C049C04E804EFE07128603C41F6B9
:1035B00069B88311A8F1EF9CF0041F0CF6840FFC8E
:1035C000FD64BCF4C1C3C153FA045E65EC100CF099
:1035D000741C5E60BC6E8861FE8C07FCF804170CDE
:1035E000EC401EF0819381830161C183E03C41F690
:1035F0006F9C67C84F068111AD01614C83811C141B
:103600006C1D42018301402BEFE47288E13C41C60E
:103610000486801480048D119C048066E8045FC8D1
:10362000603C41F666188311A0F1EF9CF0041F0C7A
:10363000F68C0FFCFD64BCF4C1C3C153FA045E6593
:10364000EC100CF0741C5E60BC6E8861FE8407FC9C
:10365000F804170CEC501EF08193818341F6C1836E
:103660008111603C6F9C64284F068161AF01614C01
:1036700042019C14402B6C1D6EF881011C04EFE488
:103680005C988F110086E8048018EFDCF8C0020A0D
:10369000801880E5F0C04210E080020A9C1482B5D8
:1036A0006C150219420AC02B0019E0848018C07002
:1036B000F3DC42109C0480166C150019420AC02BE2
:1036C0008445E08468045A88E010027668D89C0437
:1036D0009C04EFE46E09001B4210C015C0FD73FD91
:1036E0006E0940130146C015831161400016800425
:1036F00000668311E03C41F6EF9C5F881F0CA8F147
:103700000FFCF004BCF4F684C153FD64FA045E655A
:10371000EC100CF0741C5E60BC6E8861FE8003FCD3
:10372000F804170CEC301EF081938183001CC183D8
:103730004000E2C002067F00840EE19CE340001CD2
:10374000614C4106E14042C6B1310004834104248A
:103750006C1D40310846C02B841481219111042630
:10376000E80455A81F0C98F10BFCF004BCF4F6809B
:10377000C153FD64FA045E65EC100CF0741C5E60CD
:10378000BC6E8861FE8407FCF804170CEC501EF038
:1037900081938183001CC1834000E2C002067F0048
:1037A000840EE19CE340001C614C4F06E13442C6AC
:1037B000B3211C044DC604144021E198C02B6C1D9C
:1037C00018168418527893119808E80482E5A70B1C
:1037D00084A5A30B8665A50B8855A10B02961C0436
:1037E0005198E010C183E8048385C11302961C043C
:1037F0005118E080C183E8048305C71302961C04B6
:103800005098E020C183E8048185C31302961C040C
:103810005018E040C183E8048101C51300469806B2
:1038200083116144812100048016A8F11F0C8026B9
:103830000FFCF004BCF4F684C153FD64FA04044C9C
:1038400068005EE8A10B806BC0001D4863290C393D
:10385000404E402DC0106CDD63210C190C29C02D89
:10386000C02D6325618408345478823982496F9C65
:103870001BF8A10B0C39C000402D63396CE5400EDC
:103880000C19C010C02D633163350C290834C02DCC
:10389000823961846F9C5328A10B8249C0001AA809
:1038A00063490C39010E402DC0106CED63410C19B9
:1038B0000C29C02DC02D63456184083451D882394C
:1038C00082496F9C1958A10B0C3BC000401669A996
:1038D0006CF901CE0C19C010C02D6359635D0C2921
:1038E0000834C02D823961846F9C5088A10B8249B5
:1038F000C000180863710C3941CE402DC0106D090D
:1039000063610C190C29C02DC02D636561840834D6
:103910004F38823982496F9C16B8A10B0C39C00010
:10392000402D63A96D31400E0C19C010C02D63A14C
:1039300063A50C290834C02D823961846F9C4DE841
:10394000A10B8249C000156863D90C39400E402D87
:10395000C0106D3963D10C190C29C02DC02D63D551
:10396000618408344C98823982496F9C1418A10BE9
:103970000C39C000402D64096D41014E0C19C01076
:10398000C02D640164050C290834C02D823961847E
:103990006F9C4B48A10B8249C00012C864390C3996
:1039A000404E402DC0106D4D64310C190C29C02DB6
:1039B000C02D64354A188239864B6F9C1198A10B33
:1039C0000C39C000402D64696D5500CE0C19C01033
:1039D000C02D646164650C290834C02D823961846E
:1039E0006F9C48C8A10B8249C00010486F9C4F488B
:1039F00041F681018311603CEF9C478863290C09E3
:103A000003C6402D8414E1388209C70742460406E4
:103A10000C09E138C02D6339C707841404068209F4
:103A2000E13840C60C298014C02D6349C927843869
:103A300046308229A43FF3F88004843663490C1988
:103A40008028C02D8419C917F3F444200026A22F22
:103A5000E13841C60C2B8014C01669A9CB278438E5
:103A600046308229A43FF3F88014843669A90C2BD0
:103A70008438C0168429CB27F3F446308436A43F1B
:103A80000C1B8004C01669A9CB1780284420881914
:103A9000A22FF3EC008600260C19E13CC02D6369CF
:103AA00000168004E13C014664E10C158004C00B63
:103AB0000186001E0C15E13CC00B64E5001E80046D
:103AC000E13C03C663A90C098414C02D8209C50713
:103AD000420604060C09E13CC02D63A9C707841403
:103AE00004068209E13C40C664ED0C158004C00B5D
:103AF0004106001E0C15E13CC00B64F1001E800461
:103B0000E13C434663D90C098414C02D8209C507E2
:103B1000438604060C09E13CC02D63D9C707841411
:103B200004068209E140004664F90C158004C00BCC
:103B30000086001E0C15E140C00B64FD001E8004D1
:103B4000E14002C664090C098414C02D8209C5072E
:103B5000030604060C09E140C02D6409C70784145C
:103B600004068209E14001C665050C158004C00BFE
:103B70004006001E0C15E140C00B6509001E8004C4
:103B8000E140424664390C098414C02D8209C507FE
:103B9000428604060C09E140C02D6439C70784142D
:103BA00004068209E140414665110C158004C00BF2
:103BB0004186001E0C15E140C00B6515001E8004F7
:103BC000E14043C664690C098414C02D8209C5070D
:103BD000020604060C09E144C02D6469C707841479
:103BE00004068209E1340146800480048455BF0B39
:103BF0006C1D0C290EA6402B02A6E0088C0B600859
:103C0000EFEC48080E06A30B8E0BC000F2040C4C20
:103C10008101DD93F2040C4CC1C3DD93FA00040C66
:103C20000C09806BC02D632163250C197AD8C02D37
:103C3000A10BEF980C099435C02D633163350C1935
:103C40007A38C02DA10BEF980C0990F5C02D634177
:103C500063450C197998C02DA10BEF980C098EB50E
:103C6000C02D6359635D0C1978F8C02DA10BEF9836
:103C70000C098C75C02D636163650C197858C02DD3
:103C8000A10BEF980C098A35C02D63A163A50C190F
:103C900077B8C02DA10BEF980C0986F5C02D63D124
:103CA00063D50C197718C02DA10BEF980C0984B5BA
:103CB000C02D640164050C197678C02DA10BEF9816
:103CC0000C098275C02D643164350C1975D8C02D6E
:103CD000A10BEF980C0C8085DD93F20064610C0958
:103CE0000C19C02DC02D6465F2000C0CFF9834E84F
:103CF000FA80000C6C1D00294038C02BA30BEFECA0
:103D000041F682558111603CEF986F08F280080CF3
:103D1000FFD839E8F280080CC1C3DD93FA0C040C1B
:103D20000C0B806BC0156E09E080400A0C298235AF
:103D3000402B6C1D0C0C8C0B3E38F20C4E46FFE8F1
:103D40000E09EFDCC209F810F8104E016C210C09C5
:103D5000A70BC02B42368CF58C0B6000E8005B880B
:103D600060044246573883218C0B683081811C08DF
:103D7000F3F840009C089C06F3F440004E819C063A
:103D80000C0BE030C0156E0973FD40004C03C0FD04
:103D900040156E0940F88C0B75F8E8208C0B6FE825
:103DA000614400C6E000424600868004E14401868A
:103DB0000086800458B88C0B0C0CE8003478F20CA8
:103DC0004256FFD88C0B6000E80058286E090C0B97
:103DD00002064015FFC06001FC9800046E094C0308
:103DE00041C64015C02072FD020F800472C1020658
:103DF0000004C020040EFCC472C102068C0BC0205B
:103E0000F20C0C0CFFD832E8FA00040C8225A11B3E
:103E10006F9866C8400683110C0CFA02DD93F2001D
:103E20007A024C06E03C41F66F9866088C0B8111D3
:103E3000F2000C0CC1C3DD93FA7C044C1206006B3B
:103E400014C6E008574661141086E1108101613CF8
:103E5000817109956C1D4C918C0B402BE8004488B6
:103E60001415A10B0219C0008E75C000680048C867
:103E700028148C0B8418A10B420A8C958C25E084A5
:103E80008E1B0C0BE8004D08E0C8000A62388AB5AA
:103E90002C04E81C832181119511001668304D888F
:103EA0002C048C0B801683118008A804E084404AFF
:103EB00040001605C0000206C00040118018A00492
:103EC000F3DC4210A0048016421080180016F3BCE8
:103ED000E11000C6801880040016C219E0004126D7
:103EE000E87D82710C4CEE05DD93F27CFA0C040C3B
:103EF0006FEC7AC80E16806B42C660084C71E010F9
:103F0000402B6C1D4A3881218C0B6830614400C6FF
:103F1000E1245086A014800484388028E080464A3A
:103F2000444A8465FE25E08CEFEC7A086C1D0C2970
:103F30000216402B6E58E0088C0B6FE88095A30B9F
:103F4000E8304F484F188195A004E830400A8008B7
:103F500080D5E0848E0B8171F20C0C0C7858DD93C7
:103F60000C29EFEC402B6C1DE0080E2660080226A1
:103F70006C788C0BA30BEFE8C0000E060C0C8E0BBC
:103F8000DD93F20CFA0C040C6FEC76080026806BC3
:103F9000428660084C01E03C402B6C1D4578812135
:103FA0008C0B6830614400C6E1245046A0148004A4
:103FB00084388028E080464A444A84A5FE25E08C67
:103FC000EFEC75486C1D0C290E46402B0246E008AC
:103FD0008C0B6008EFE869688095A30BE8304A68AD
:103FE0004A388375A004E830400A800882E5E084FE
:103FF000EFEC73C86C1D0C290E56402B0256E008DE
:104000008C0B6008EFE867E88045A30B00868171A0
:104010008004E13CD01980188E0B0016F20C0C0CB9
:10402000C1C3DD93FA1C044C806B027BEFEC70E89B
:1040300060080036E00442266C1D4C018121402BB3
:104040006830406800C68C0B52C661448004E1248D
:104050008028A414464A843884A5E080E08C444A31
:104060007038FE250C29EFEC402B6C1DE008106623
:104070006008026664588C0BA30BEFE845588095E6
:1040800081E5E830E83045288008A404E084400A4F
:10409000100600E5697D8000E0005126900B80A5A8
:1040A000F21C0C4C6E18DD930C29EFEC402B6C1DB0
:1040B000E0080E766008027662388C0BA30BEFE8FE
:1040C000C0000E060C4C8E0BDD93F21C6FA5002574
:1040D000A12BC00B9A005C08E06C020A04CD0025FD
:1040E0009AA580050025A51B800B0A0D84040420D9
:1040F0000A0D402598C5800B0025A71B800B0A15CB
:10410000840404200A1540259685800B0025A91BF0
:10411000800B0A11840404200A1140259445800B69
:104120000025AB1B800B0A19840404200A194025C2
:104130009205800B0025AD1B800B0A1D8404042012
:104140000A1D40258EC5800B0025AF1B800B0A2160
:10415000840404200A2140258C85800B0025B11B96
:10416000800B0A25840404200A2540258A45800BFB
:104170000025B31B800B0A29840404200A2940254A
:104180008805800B86C5B51B0025B71B800B0A2D43
:10419000840404200A2D40258485800B0025A31B60
:1041A000800B0A09840404200A0940258245800BFB
:1041B000FC044410E074040A832180B56A31402570
:1041C0000025C00B400B6A0164010600C627C0BA77
:1041D000448604334615E0004206E0344615FC06EA
:1041E0000015E038C00B6A01441A82114015E10A3B
:1041F000C00B6A010015A12B000B0A058000040604
:104200000A0140250210800B40158404800B0A052A
:10421000C1C3DD936FA50025A12BC00B9A005C08DC
:104220006B7500250600400BC0BB65D1E0004A86D7
:104230008623C6274606C81E0045FC06C00B6B75C4
:1042400098214A3E4A4A82414045E116C00B6B75AF
:104250000035A15B000B0B79800008060B7540450B
:104260000630800B40358404000B0B79F024020AE1
:10427000020A98A588C5F004F008020A020A9A65A5
:104280008A85F00CF010020A020A9C259E45F01463
:10429000F018020A020A8AE58E05F01CF020020AD4
:1042A000020A90255C08F0000015DA00C00B6CBD16
:1042B000821188246CBD40154025C00BC00B6CE5F5
:1042C0000015DD93C00B6CC140158211C00B6CC191
:1042D00040158814C00B6CE90015DD93C00B6CC948
:1042E00040158211C00B6CC940158814C00B6CF1CD
:1042F0000015DD93C00B6CD5821188246CD5401558
:104300004025C00BC00B6CFD0015DD93C00B6CD9B4
:1043100040158211C00B6CD940158814C00B6D017B
:104320000015DD93C00B6CDD821188246CDD401517
:104330004025C00BC00B6D050015DD93C00B6CE173
:1043400040158211C00B6CE140158814C00B6D093B
:104350000015DD93C00B6CC5821188246CC5401517
:104360004025C00BC00B6CED0015DD93C00B6CCD70
:10437000821188246CCD40154025C00BC00B6CF514
:104380000035DD93400B6CD16015020A8231C00804
:104390006CD140358834C00B6CF940358445C00B76
:1043A0006015020A5C08C0040015DA00C00B6D0D30
:1043B000821188246D0D40154025C00BC00B6D1572
:1043C0000015DD93C00B6D1140158211C00B6D11EE
:1043D00040158814C00B6D19C1C3DD936FA500256E
:1043E000A12BC00B9A005C086D1D00350800400B26
:1043F000C0BD64716D250025C637C00B8643022100
:104400006D254025A921400B4206D21E4815FC0609
:104410000015E010C00B6D1D441A82114015E10A11
:10442000C00B6D1D0015A12B000B0D218000040693
:104430000D1D40250210800B40158404800B0D21BA
:10444000C1C3DD93FA04044C0C05806BC00B6FA54F
:104450008AA5A10B6DE90C05A921400B668A440AC7
:10446000E0880604F08C4E6200208C2340BD67C1BA
:104470006A38A9214006EF904E05FC06C00B6DC9B5
:104480006DE90C058201C00B6DE94C05004A400B3B
:104490000C05F81C400B0DEDC00002060DE94C1593
:1044A0000000C00B4C05C404C00B0DEDF2040C4C15
:1044B000C1C3DD936FA50025A12BC00B9A005C083A
:1044C0006EB10025863AC00BF008024B1824065A3C
:1044D000041AE08C00C3C42758538023C0176D7D95
:1044E0006D7958135833C017C0176D756D715843E7
:1044F0004206C0174415FC06C00B6E916EB1001544
:104500008211C00B6EB14015024A400B0015F81C19
:10451000400B0EB5C00004060EB140250210C00BC2
:104520004015C404C00B0EB5C1C3DD936FA50025B3
:10453000A12BC00B9A005C086F190025C634C00B74
:10454000609008240043C42748358023C00B6F2D9A
:104550004835C434C00B6F2948358634C00B6F25ED
:1045600048158414C00B6F21FC0642066EF94415F1
:104570000015C00BC00B6F1940158211400B6F194D
:10458000F81C024A0F1D00150406400B4025C00010
:10459000C00B0F19C40402100F1D4015DD93C00B92
:1045A000FA0C040C614C4D06E19803468121180475
:1045B0006E104786E1000AC60386040C042EE198BB
:1045C000E19803C60286042E4025E1A4400B6FA9A2
:1045D000E10000460486001E083EE10066A10810C6
:1045E0000210C0BF40B967F1E1000506944E98047F
:1045F00076F8881E1804EFF04071B571C02B6C1D61
:10460000EFF44EA842C61804840EE198E82C49A89D
:1046100045861814880EE198682C49884286820BDA
:10462000040EE198E03C41F66F946608001C81118D
:104630005006E2C0C00061990046200E5618E19C69
:10464000A004EF94E340001C603C41F664D8831161
:1046500083816F9443861804C480601569FD4015FA
:104660000396400BD98463096C1D40714015C02B23
:10467000C00B6FA16FA540854058C00B9804E8009F
:10468000C1C3FFD5FA0C040C41F6007B62D8E03CB4
:1046900081116F94090181614E01B711402B6C1992
:1046A0004E118E0B402B6C1D511883110E0BEFFC1D
:1046B000C0156E09E098404A0E1982E5C02B64C50A
:1046C0008AF5A71BEFDC0286420A84188A25E0805F
:1046D000E080400A051188C54F988E0B5F78EFFC8B
:1046E000A10BE8085F9880B58E0B68080E0B806BF5
:1046F00040156E0940008311C0FF72FD6E094E0324
:1047000041F640155F18E03CA16BEF940711A4D56A
:104710004DD88E0B72F8EFFC8E0B6FD4806B11E5C9
:104720008E0B0911EFFC4D4864D50E09A70BC02B69
:10473000108692D5A008EFDCF8C0000AA00880E53A
:10474000F0C04000E080000A0E0B9055C0156E09C5
:10475000E080400A0E098E05C02B6C218C75A70BDA
:10476000404AA0088AE5E08C8E0B1B11EFFC4B0839
:104770006FD854C81D118E0B4A988E0B7C18EFFC15
:104780008E0B681864CD0E05E214C00586E5C20DD7
:10479000C809A0088E0B2006E8187F286E090E0BAA
:1047A00083114015FC9800046E094E0341F6401534
:1047B00059B8E03C0B11EF9448988E0B4138EFFC50
:1047C0008155E80C8E0B1F11EFFC4828603C41F628
:1047D00058B883110E09EF94C02B6C11E098404A31
:1047E00011118A8547388E0B0E05EFFCC00E60F55F
:1047F000400685054E05FC06400E60FD6F588E0B89
:1048000056B8E8088E0B6808FC06400660F90E25CD
:104810000E15C00EC00E60F561014E058221C00E5E
:1048200060F94E250010400E4E05EC04C00E60F5F8
:10483000F815A10BC313C183603C41F65558831191
:104840000064EF940C0CFA80DD93F20C6C194011AB
:10485000DD93C02B6E0D0019A31BC036DA005C0877
:1048600063110019A31BC038002B82F540156E0997
:10487000E14C03C644208414C0FF72F16E0940234A
:104880001EF8C015DD93FFD4FA84040C4106006BBA
:104890000004E11483218371C419801841060016B5
:1048A0000004E12800768511E128400600768004A6
:1048B0007CD88C0B4046E828BD1161288321000478
:1048C0008C0B0076F2840C0CE0283C28FA7C044C1B
:1048D0004186008B0004E1280311827B5672866BAF
:1048E000154670888016E13440868D258311612835
:1048F0008121000441C600768004E12802060016EA
:104900007A58E010900B6828614400C6E12C0246FA
:10491000841480048038A824A14B8448884480856E
:104920008475A54BE08C460A88348085FC95A53BB0
:104930006C1D102902C6402B5E38E008900B6FE416
:10494000E00812C68CD5A10B612C008600048111F1
:104950008004812141C6180E8004E1280206001659
:104960007758E010900B6828614400C6E12C02469D
:10497000841480048038A824A34B8448884480850C
:104980008475A74BE08C460A88348085FC95A73B4C
:104990006C1D102902C6402B5B38E008900B6FE4B9
:1049A000E00812C680D5A10B82710861E6C5D67DEC
:1049B000920B8191F27C0C4CC1C3DD93FA00040C84
:1049C00061284246041481610466832173F88311CF
:1049D0004006E8288004E128410600668004E114CE
:1049E000421080188016F3F4F2000C0CC1C3DD9362
:1049F000E0180015E05000256127E0177001421013
:104A00004025C300C0096E09E0500025FB80042446
:104A10000406241FC3C060016E0D40150015C009B7
:104A2000ED17E054F3F04210684140110015C02723
:104A3000DD17E054F3F04210684540110015C0271F
:104A40004011E058C0386315E05800150406041FF3
:104A5000C30060018121051B80000226031540115F
:104A6000020000388395E57088210434C63BF13795
:104A7000621142318434C027C63BE13762154231AE
:104A80008434C027C63BD13762194231C534C027B0
:104A90004231C63BC027620D6061048AF8B5C0018F
:104AA00065D1020081214001463B83754231882156
:104AB000C0266D71E13784344231C63BC0266D7526
:104AC000D13784344231C63BC0266D79C63BC534EC
:104AD0006D6D42310434C026E040048AF13778F528
:104AE000680140310015C027E117E18468054011D5
:104AF0000015C027F117E188681140110015C02783
:104B0000E117E188681540110015C027FF17E18CF7
:104B100067F140110015C027F117E18CF0FC42103D
:104B200067E140110015C0270025E18CE917E18CF1
:104B30009E194727A41FA02967ED40110015C02723
:104B40000025E18CE117E18C9E194527A41FA029BF
:104B500067E940110015C0270025E18CD117E18CD1
:104B600044203E19241FF080E004040667E540114C
:104B70000015C0274015E190C00A6EE9E1FC001560
:104B80004013E117C0136C29E1FC00156C2D401394
:104B90000015C013D117E200686540110015C02749
:104BA0004011E200C0276869E20400154011F117C6
:104BB000C027686DE20400154011E117C027687135
:104BC000E20400154011D117C0276875E2040015F2
:104BD000687940110015C027F117E208687D40117F
:104BE00002004027C002643145348175EC04042082
:104BF0006C294235A12BC0090200FE354003643107
:104C000081B58121842104344233E137C0136859CE
:104C10004233C534C0136855E500048A0200FC9590
:104C20004003673181758921042045344235EC0405
:104C3000C00A6B1DFE35A12B677100009311400364
:104C400041248175EC040210603D4025A11BC00584
:104C50005D93FE35C1C38101FA00040CEF4C0229BB
:104C600080B5A12BEF3C02299625A12BF93101211A
:104C700081510741585283854C52780C82C3F89079
:104C8000FC1818C991C1582F440A81B5C227609CED
:104C900073F9442018C040014420EC04A1CBD8741F
:104CA0008251FCB5E1400A0A0706F8F5040A6138AA
:104CB0000C34FBFC9FF8059EFA80042402398C2EEC
:104CC000872BEF4C074680F58C34E134AF3B8C34B6
:104CD000021986F5832BEF3C034680F58414E134FA
:104CE000AF1B8414024684B50CE661948638E00854
:104CF0006C1D00298466C02BF3F046300636C4399B
:104D0000E00802E6EFE07FE88255A10B00568185BE
:104D10008018E194F3F042108016C2198C0B816167
:104D2000F2000C0CC1C3DD93FA00040C0206006B08
:104D30004C38E2805A98E82C8C0B6FFC45F6011138
:104D40000C0BE00C5C388C3BA10BEFFC637882D53C
:104D50008C0B6FFC8C1B0C0BEFFC780880B5A10B47
:104D60006FFC648881018C0BF2000C0CC1C3DD93D5
:104D7000FA0C040CB911006B682C4A08E4100E60A0
:104D8000812129118E3B0C0BEFFC5A28A17B807BE3
:104D9000615880C58C0B6FFCE0001E086420106019
:104DA0000921851159388C0B903B6FFC8C0B007BD3
:104DB000EFFC60681D18A17B2014C000E1080E06FE
:104DC00004149C04D11761C07A800614FA8004246C
:104DD000A1391F2968005C681C048911E11403468D
:104DE00084148008830B8418C0001AE8E13401465B
:104DF000800480041A78A90B5A148000E1444F06FD
:104E000004149C04F11761C07A800624F87C4410D5
:104E1000788046305A588B111C04E800E14842C69D
:104E200084148008830B8418C00018E84F465A1475
:104E30009C04E14461A00414FA8002147A800424E2
:104E4000F88046108B113F29E80058C843061C041F
:104E50008008E148841884141758830B0C45C0005F
:104E6000028660108404E148E1E0044444200038F4
:104E7000C43DFBFCE14780D5FA8004448065C53D14
:104E800084048026038600088414E148830B841878
:104E9000C00015A8E0100C05E0B8400A0246848561
:104EA000D50761488609042404048806E14803C63E
:104EB00084148008CB178418830B8619C00014480B
:104EC000E0100C05E0B4400A02068485D107614871
:104ED0008609042404048806E14803C68414800873
:104EE000C7178418830B8619C00012E8E0100C0560
:104EF000E0B0400A43C684458E0961448806842494
:104F000003C604048008E14884188414830B8E19B6
:104F1000C00011A8E0100C05E094400A4206840588
:104F2000C70761088609042404048806E11403867F
:104F300084148008830B8418C0001068E0140C05EA
:104F4000E0F8400A02C68445F10761489E0904243E
:104F500004048806E148420684148008830B841800
:104F6000C0000F28E0140C05E0F4400A0306844555
:104F7000E90761489E09042404048806E148424682
:104F800084148008830B8418C0000DE8E0140C051D
:104F9000E0F0400A03468445E10761489E09042485
:104FA00004048806E148428684148008830B841830
:104FB000C0000CA8E0140C05E0B4400A4386862526
:104FC000C90761008409042446308838A03FF3F4FF
:104FD00004048836E11403C6841480088418C307C7
:104FE000C01FCD17E080424A0C05AAC5400AE01454
:104FF0008605E0B0610043860424C9078838820929
:10500000F3F846308836A03F03C604048008E11454
:1050100084188414C01FCB17E080424A0C05A48575
:10502000400AE0148625E0AC610043460424C5072D
:1050300088388409F3F446308836A03F03C6040458
:105040008008E114C3078414C7178418424AC01F9C
:105050009E25E080E0140C05E0A8400A4346860542
:10506000C50761008209042446308838A03FF3F860
:1050700004048836E11403C684148008C517841814
:10508000424AC01F96E5E080E0140C05E0A4400A07
:10509000430684C58409610088388424F3F44630CB
:1050A0008836A03F03C604048008E11484188414E1
:1050B000424AC01F90E5E084E0140C05E0A0400ADD
:1050C000430684858209610088388424F3F84630D9
:1050D0008836A03F03C604048008E11484188414B1
:1050E000420AC01F8AF5E080E0180C05E0F4400A8F
:1050F00002468605EB07610487310414788C46026A
:1051000084288609F3F044200426A62FE1144206E1
:10511000841884148619CB1784B5811BE0180C05FC
:10512000E0071A14700140008171430061C004144B
:10513000FB8002146E094C25A20F40096E0D4C0530
:1051400081B5C0096C1D0C294E66402B4266E00CEF
:105150008C0B600CEFE05D680C0C8E0BDD93F20C99
:1051600069840824E9840A3418440048B85FE0845C
:105170000425A75BE98402448625A35B86A5A55B7D
:105180005C08A15BC44DDA00A11B8065A11B84856E
:105190008185863582E5A11B5C08A31BC44DDA001E
:1051A000C74D82559A005C08DD9380368205C44D58
:1051B00080D5A11BDD93802680168111C74DDD931C
:1051C000A31B8065DD93FC45FA1C044C986B008B97
:1051D000EFF875C867C10E80434640AE0121E00C70
:1051E0007758900B8E3B6FF8A10B81911C14823580
:1051F0007FFD45FE434AC03F120CE408980EE200D2
:105200000C4C9A9EDD93F21CFA84040C61984F06B4
:105210001C6E806BE1000206E82865088C0B1C14EC
:10522000E80040888C0B1C14F2840C0CC1C3876509
:10523000FA84040C807B026B600840266550027083
:105240004E01C089402B6C1D641100600921C01102
:105250006A9881310060E81840116421650102708C
:105260002921C08969F881310060E8184011647112
:10527000656102702121C089695881310060E81898
:10528000401164B165A102704506C089893160187A
:10529000F2840C0CE0182888FA7C040CECF01EF068
:1052A00082BB006B6E050C09A30BC0361609967500
:1052B000C00464A1E3FC000A0C0994A540386321F2
:1052C000E19C4E0A001A81810B38E000C0002001E9
:1052D000600C00564C01967B402B6C1D66B1126031
:1052E0001460C0BF40C06521641100B002B0C0119D
:1052F00040146461662116600460C0AE40AE65A1D2
:1053000065E1187009BEC01F64C106607ECEC0ADE5
:10531000652108607C2EC0AD65410A603E1EC05408
:105320003C0E941B5538920B8E2B6FC463210C09D5
:105330004E0A4038001AE19C07B8E000C000200186
:10534000600C0066656006604C01C0D8402B6C1D87
:10535000141B920B4D988E2B964B6FC04E0A0DA5C9
:105360004046E19C434660084C01E14C402B6C1DDB
:10537000641104B01860C01140AE65A1640110B0A2
:105380000E60C010409F67616611086014B0C0AD28
:10539000401365B1679112B017BEC0106621166048
:1053A0000404C0AE66D102600FBEC05464510660F2
:1053B00019BEC09E0D9E8EBB66710A608B8EC0A208
:1053C000FECE89AE186013CEC0A364A108607C4EE7
:1053D000C06C6701964B3E4EBCCE9B8E9D2E951E9B
:1053E000EFB84988A18B808B405688750A606008A9
:1053F000C0A164706C1D4C014146402B1734E14C38
:105400009924964B023080044014646165E10E30AB
:10541000892EC01FFC1EFE7E9B249D14861B3E1EF3
:10542000923B3CAEEFB44EE8A18B808BA18B8A45BA
:105430006E890C051056400A0C15C00CC00A6E8D02
:105440006E910C250C35C00AC00A6E95693D4C035F
:105450004060400A4C13DC00400A6941C00C02560F
:1054600069454C234C33C00AC00A69490C1D0C29FC
:105470004478C02B100BCFE00C0CF8F1DD93F27CDC
:1054800060084266E14C41466C1D4C110260402BA5
:10549000C0B667010A601924C0A366E19B3480048A
:1054A0008E2B7C2E9514BE1EBC1E934469589D14F1
:1054B00017B4EFB4A18B808B9FFC30184E0A77A5F0
:1054C000C1C3E99CFA7C044C4106008B008EE19834
:1054D000E100020668284F280191900BE6D454069B
:1054E000836117B1817109C56E19101B00644015E5
:1054F000801FE8A49005A11BE1344386842884140E
:1055000080A5A12B801F84188CC5A11BF0A44C8200
:1055100068810C09000AC01B410663FC8014E198F5
:10552000049480E5900B7A80E80043286818814550
:10553000900B6FFC68810C090606401B0C14E138C7
:10554000EC0404B0000A83611005E3FC1009DC28B8
:10555000002707E55005A17BC00A6E698255842C9F
:10556000E1984106900B0014EFFC6988613806064B
:105570008C04807B029180BC84B188A1E040120A37
:105580008E0BEC95F27C0C4CC1C3DD93FA0C040C31
:10559000808B027B600840365001846B402B6C1D71
:1055A000641100700280C011406D65714FB889218F
:1055B000813168186421007002804011C06D65213E
:1055C00081312921E8184F086088006465800280D5
:1055D0000225C06D82037C0089310C13611D4E25AC
:1055E0000025C0014E25E04040016121E01845063C
:1055F000E080000561254E050209C0014E01E3006F
:10560000C00464A163400209E0184306E686426ACA
:1056100064A54E018283400464B100700280401191
:10562000C06E6501F20C0C0CE0180BE8FA3C040C9F
:1056300015C6006B1060E1A0405466D16541126050
:10564000286EC05467610E60100BC0AE0C2B921B0D
:105650006A388E3BA10BEFCC28248455121B900B8B
:105660006C188E3BA10BEFCC000014259C004080F1
:105670001C0042909C0046708FCC68E86E890C1527
:10568000A10B400A6E8D0C250E06400A0C358000D9
:10569000C00A6E916E950C454C13C00AC00A693D54
:1056A00069414C234C33C00AC00A694569494C43DF
:1056B0008265C00A6C1D0C290E56402B0256E00C68
:1056C0008C0B600CEFDC71E80C0C8E0BDD93F23C64
:1056D000F87C040CEC601EF06141001915C6401501
:1056E0000029E01040156145422A81B10029E68673
:1056F000C0156211FA80021404000B2EC0666649C0
:1057000004007E2EC058665104007C2EC06B664596
:1057100097C5BE2EF08C44026F410479E57DC0151B
:105720008B2482D5E68A483AF09044026E410429DF
:10573000F02DC01A544A80D58075E48882B1157561
:1057400069910029A52BC02B40880444C0000A168B
:10575000D08044220891049586B5C0056084044435
:10576000802383516D2104630454C00CCF2DFA8033
:1057700080880844908048420891089588058005F3
:10578000825108238023C2276D2104238D2DC00C54
:10579000FB55FAA5FA8004540844CF2D4842808472
:1057A000086B9080800C0D2108238265C4278251EC
:1057B00004258023C0056891FAA5D22D0B24F90594
:1057C000FCC4D5974A2A899EFE24E68E608406543E
:1057D000E088085498433EC404640433FB27FB006C
:1057E000985306291064846383617B00858709C50B
:1057F000F02D9428544A80959025E48818248C2212
:1058000086C9E1F4042498238527FB00582210243C
:1058100012C0F1A0130AEDB0C0046475D52702E5EB
:105820006D4018C0E004524660A658CA899482218F
:10583000EC0818C0E00A449A099483D5190A822119
:10584000C0026045600A449AC00013E6402658CA68
:10585000C0041306589202F59F91D1B066A658CAAB
:10586000E00452466EC118C058CAC00418C0E0A671
:10587000D82DEC14C00004D6C0004A218431026146
:1058800082510841ECB5CF6D06B4EBA5C33DFA805B
:105890000101D0550C0CB0F1DD93F07CF81C040C28
:1058A00063150019A51BC03800199415C03864D1C0
:1058B0009275A11B61410019813140156145002994
:1058C00089414015E686442A621100190795C015E2
:1058D000FA80042470B04A02E68658CA67410A502A
:1058E0008161405798838585F0A04E026E410E99E4
:1058F000AB9BC01AC28786F510838083C00C6D21D4
:10590000E1F4128400938699401C626D10849283A6
:105910008587FB0082D5928D6A410E890099C01A55
:10592000C03864D5D28DC38706410E704E41806B5E
:105930008261800010641478CF8DFA808231F4B5D2
:10594000FA801834F0F5C5CD0C0C8101DD93F01C04
:10595000F804040C61410019FB3140156145002930
:1059600081414015E686422A6211002909F5C015D9
:10597000FA800214668A4A7A66400C005862C0585F
:1059800018C9F094C0046C0118062BCB8675E08012
:105990000E798073C0156F4184A5A17BE0841854F3
:1059A00081C118636C010C63876DC0010CC480C594
:1059B0008CC3E1FC83C701F5600D0D0A59F6402048
:1059C00082C5E07CE17C0CC48CC3F96718C089C730
:1059D0000053E5C84AC18241C01A624118648385F8
:1059E0000D0A61F4C003607C8CC386C9FB0018C437
:1059F00085C776E5617D0D0AF8B5C009E17C0CC468
:105A00008CC3FB677D6587C7E53018C0FA800E44FC
:105A1000EC35C37D0C0C8101DD93F004FA9C040C81
:105A20005106006B206EE198670112600315C09467
:105A30000C0B8171C01666356080404AE01000068C
:105A40005C004060DC004270CFDC42A88271650ED1
:105A5000E2300E0A2014FAF50C0C8C0B8115F29C26
:105A6000FA04040CEC301EF00006006B4C01E00C54
:105A7000402B6C1DE14C414664810E6018604099DA
:105A8000C08B646104603E7EC0AE66A10660000407
:105A9000C09F6761652108600A6040A2C0A366E1FB
:105AA0006218BCCEA10BEFC80E0602A50C2980001F
:105AB000402B6C1DE00C0E56600C025652188C0BDD
:105AC0000E0BEFDC0C0C98F1DD93F204E104000600
:105AD0008008800482095D93FA7C040CEC301EF08F
:105AE0008101008B6FF0592881718111600447C6D4
:105AF0001005806B40096E0D656104801015C0AD06
:105B0000C00A6D496C1D50315C58C02B809BEFC49E
:105B100082C5A19B6C1D1029900B402B6FDC4F2878
:105B20000311921B57188C0B1575EFF07C6E927B4E
:105B3000E10401466D5910158004C00A1005801E4D
:105B4000C00A6D596E0D10155BF8C0090000EFC456
:105B5000C0806401E1C012046FCC6488100B920B0A
:105B60006BD8921B100BEFCC65D8921B100BEFCCAF
:105B70006898921B0146EFCC028661188004E118F8
:105B80008424800804048806E1040386102B80081E
:105B9000C016673950018414402B657DE10401C6AD
:105BA0008321042C673D101B8004C01641C6001CD5
:105BB0008004E100C2198018004600168004E10448
:105BC000D0198018900B001660CD101563F8C00E28
:105BD0001009E82040386315E1041406A50B832161
:105BE0000E9110194106402C0005C1104011C00053
:105BF000891140000016A8041015900BC00E60D14A
:105C0000E82062688F612804006683211015900BDC
:105C1000C00E60D5E82061C81676280400B6E004FE
:105C20004C58900B5075E800400E60ED5075A10B7C
:105C3000C00E60E960F150758885C00E0346FC64B3
:105C40000186E11883A1611880A68004800884047D
:105C5000409A82015003E002C0156E01EFE04D68EA
:105C6000E11800C680A68004E8206608EFCC4F0843
:105C70008C0B0311EFF04CA898F10E0BF27C0C0C7E
:105C80001015DD93C00E60E560DD10058211C00EB9
:105C900060E55015A10B400E50158311C00E60ED4C
:105CA00060F150159685C00E83913E9EA80489052B
:105CB000421080188016F3EC8018A804F2FC421001
:105CC000A8048016421080188016F3F48018A804E7
:105CD000F3F84210A80480168321002660D1101525
:105CE000900B400EE8205B4883212804900B00664F
:105CF00060D510155AB8C00EA804E820900B00B665
:105D0000E80045689015A10B60E510058291400EF2
:105D100060ED10158201C00E60E550058211400E45
:105D200060DD10055015C00EC00E60ED8921020126
:105D3000EED5C19D6C1D10290236402B7E18E0085F
:105D4000900B6FD8E0080E36831100AB45D8FC04E9
:105D500021ABEFF03E94806B80000E061029EF150A
:105D6000402B6C1DE00802366FD87CC80E36900BB5
:105D700000ABE008FC048311EFF04488806B21AB9A
:105D80000E066BF510058000400E6105E118034614
:105D900060E150955095C00EC00E60E9D30D7C6453
:105DA00001055095BE94C00EC1C3E9D5FA00040C9C
:105DB00060D900158121400E682054A800C6816179
:105DC000038661448004E10080288414464A8438B4
:105DD00000C5E09080000C16E08C444A8C0BFCE57A
:105DE000F2000C0CC1C3DD93FA1C044C8101006B62
:105DF0006FF040C8818181110186007B0004E118A9
:105E0000E00443D66C1D4C111286402B8086E13C89
:105E10006E0D0C05A414C0098201D9076E014C0354
:105E20008408C015F37C4000000604068014E104D9
:105E3000442084288426F3EC84288014F2FC442037
:105E400080148426442084288426F3F48018800457
:105E5000F3F8421041C600168004E1004210801899
:105E60000016F3F8E104004680188004F3DC4210C9
:105E70007DB88016A404EFDC021480188016FC9410
:105E8000EFC87E688E0B0311EFEC7C08E11800C6AA
:105E900080868004F21C0C4CC1C3DD93FA04044CD0
:105EA0004326006B0C01E004C02B65B56C1D4C1142
:105EB000400AC02B0C09E084C02B05A943068C9531
:105EC0008418EFDC80B5A31B66E90C0985B5C026F4
:105ED000F700008A0C1980D5C02666EDFCA5A11B31
:105EE000E098404A0C1980C5C02C6CFD8265A11B4E
:105EF000820DFF110C198215C02666ED0465A11BE9
:105F000080004046E094400A05A90C090260002B7D
:105F100080AD05B1044102608418C09E08450C099B
:105F20008203C027E100428684068414A10B840802
:105F3000840880A5E504008A404680958406E00038
:105F400061004E469C048321421080188016F3DCC9
:105F500080189C040016C219479887118C0B682082
:105F600083211C04C4198018991100166820470861
:105F70009C048C0BC81980180C4C8016DD93F2041D
:105F8000E10441C6801880048016C219C1C3DD93A4
:105F9000FA04044C4246007B4598E00481216820C5
:105FA00000C68161038661448004E1008028841476
:105FB000464A84388425E098E08C444A0E29FE2520
:105FC000402B6C1DE0080C866008028669988E0BD9
:105FD000A30BEFD8C0000C06E8204A880C4C8C0BB1
:105FE000DD93F204FA00040C41F6016157D8E03C5D
:105FF00081116F88E14441C680668004EFDC6EA8A1
:10600000EFDC7148EFDC7328603C41F656D8831111
:106010000C0CEF883358F200C1C3FFC8FA00040C1F
:1060200040C6006B4C01E008C02B6C1D6D490C058F
:106030004C05C006C00B668566850C057778C00BDD
:106040000004EFC04C05FB80C00B668965390C0964
:106050004C01C02BC02D6A35653D0C094C01C02B8D
:10606000C02D6A39F2000C0CC1C3DD93FA00040C98
:1060700040D6006B4C01E008402B6C1D0C059111C3
:10608000C008695966794C050C09C00BC02B65CD59
:10609000EFC072A86A054C010C05C02DC00B637DD2
:1060A000667D4C050C0CC00BDD93F200FA0C040C61
:1060B000C417006B600840E64C018C13402B6C1D2C
:1060C0000205847BC0066D6166794C050C09C00B26
:1060D000C02C6E316D0D0C09A30B402C404A841569
:1060E0000060E08C00AD054D05A10260006080B34A
:1060F00040AD05490591026081C5C0B3608C404A3E
:1061000065C002600060C0B380AD05450541006018
:106110008008C0AD91110484EFC06E686A054C011F
:10612000A37B402D03890C854C85800BC00B667DBD
:10613000F20C0C0CC1C3DD93600848F6404182317B
:10614000C02B6C1D66710045A14BC00B067100454C
:10615000463AC00B4035C012C00B6669666900350F
:106160000045C00BC00B666DE192463A666940354A
:106170004021C00BC02D69D169D54011DD93C02DE0
:106180006008430640118921C02B6C1D6A714021B3
:106190000019C02DC02B65514015D617C00B669154
:1061A0006D5100154015C006C00B669569D10019E8
:1061B000A51BC02D031184D540118121C02D6A7506
:1061C00065F500154015C00BC00B669965F9001503
:1061D0004015C00BC00B66A166B14025DD93C00B16
:1061E000681500198121402D6A7540110015C02DD8
:1061F000C00B65FD669940150200400BC0B666C134
:1062000068150039872DC02D9A005C0878A80235E2
:10621000024582210055F898C00B6669E692485AFB
:10622000424586430235F810C237F810F81042355F
:10623000F810023569D50049C247C02D084B80438C
:10624000C0146669E012463AF8104235F81002357B
:106250004235C3370235F8100245F8880055F87802
:10626000C00B6669E692485A844E8643C23784342E
:106270008434843E69D50049C247C02D084B804311
:10628000C0146551E092463A8434843EC53E83375B
:10629000C1C3F785667D00154015C00BC008694570
:1062A0006A0500194011C02DC0226549C1C3DD93A4
:1062B000667D00154015C00BC0066D4D6A050019BE
:1062C0004011C02DC01B6569C1C3DD93E0280225C4
:1062D000E02C0215695D402545F640084015E02C8C
:1062E000C008696162C94023DD93C011FA9C040CA7
:1062F000808B046B608800645282827B433670809E
:106300005011E008402B6C1D668100900270C06D3A
:10631000892164A06810648800908131406D678194
:10632000E4B0027081310921E81063E86018410689
:10633000E4C002706682406AE024040680838531EE
:10634000650100800C0CC06E22D8F29CC1C3E01025
:10635000FA0C040C826B007B6CFD0E3943F6402C6A
:106360006EB8E00C85216FFC6FFC70C867F88E0B6F
:106370008E0B6FFC600840A665E002704E01C0B64F
:10638000402B6C1DE14C414604700004C0B66641D0
:1063900064A0086062188C3B008BEF94E0084126F3
:1063A0006C1D4E010070402BC08965A164C0026065
:1063B000E024040668105F88900B8531F20C0C0C09
:1063C000C1C3DD93FA1C044C866B008B708852822B
:1063D0001219827B401B688110398321C02C6CFD0F
:1063E000EFFC6AC86FFC6CE81219900B401B6881C7
:1063F00065D8900B8C2B6FFC600840B665E002807E
:106400005001C0B6402B6C1DE14C41460480000495
:10641000C0B6664164A008705DF88E3B1229EF9407
:10642000401B6881100B806B76188E1B8C0BEFFC69
:10643000F21C0C4CC1C3DD93613000C6E130030691
:10644000054600040786E13009C661304A06E1309E
:10645000584661308004E130841484140013882489
:10646000E13040868C3488248C3484138613904425
:1064700094549044945488138A13B0C48004B0C4D4
:106480008004981382035D93FA00040C0146006BAC
:106490000004E124E12445466E090C158008C0097A
:1064A000C5078824440008344DB8F00C8C0B6820D4
:1064B0006CFD0C198121402C64B54C054C21C005A4
:1064C000C01562E162E94C214C11C015C01562EDA6
:1064D000F2000C0CC1C3DD93E11842068418841449
:1064E000655D4011DD93C022E118420684188414D2
:1064F000657D4011DD93C01BFA00040C0046006B63
:106500000004E128E1184206841480044C0582014D
:10651000C008694591110408EFC04E6865494C01F7
:106520000C0CC022DD93F200FA00040C0046006B54
:106530000004E128E1184206841480044C0582011D
:10654000C0066D4D91110408EFC04CE86D010C19A7
:106550004C01C02CC01B6569655D4C110C0CC01B47
:10656000DD93F200FA00040C01C6006B0004E13474
:1065700080048B3165490C290C19C022C022655951
:10658000695D4C0559F8C0084C05EFC040086961C9
:10659000E00C43F665914C110C0CC022DD93F20027
:1065A000FA0C040C68206DC84278806B8C0B680074
:1065B000668100600206406DC020634160040406ED
:1065C0004F1881310E60E810406D678181F5A1811F
:1065D00078400E050C298B31C01B656965790C1953
:1065E0005718C01B5D0EEFC0EC041080FC35A18B6A
:1065F000F20C0C0CC1C3DD93FA9C040C0206006B78
:1066000045B8E0040E60E820406E64810195A181E8
:106610005D188C9B5E788C0B650EEFD4EC041080BB
:10662000FE15A18B658100600406406D0131E00418
:106630000C0C8C1B0B78F29CC1C3E01065A1000010
:1066400002064089C020631D602404060AB8873111
:10665000C1C3E010650100000206406EC020610168
:106660006240040609F88731C1C3E010FA7C040CCB
:106670006D911EF0006BC004E13041466C6D0C2939
:1066800042C640220C39E13040226FBD4C41854169
:1066900040226C69000481714C21822140226C6D82
:1066A0004C31823140226FBD64D104F00414C00229
:1066B000E41006F095511D41818101C112C483652A
:1066C00082C17A80E112529A6696549A120CBB9B50
:1066D00010A3E20014A49283C4A7FA80FC2800B59A
:1066E00002A5C9BECDAEFC28E230180A0060FA351A
:1066F0004090658164D102F04506C002813160207E
:10670000E81045286641006002F040924506E4101A
:1067100081316020E8104488613000C6E1300246D3
:1067200004C600040414E138663106600824C08BF6
:1067300083658141700C4A4018548241A75B608494
:1067400062000A0C18C48EC38A737A80C4C708CE4C
:10675000FC300065F8204665FC3002C5B14BCDCE5B
:106760001EF0FA55C0046591F27C0C0CC1C3DD9398
:10677000E1184206841884146CAD4011DD93C022E8
:10678000E1184206841884146FFD4011DD93C02285
:10679000638500154015C00BC0086B21C1C3DD9394
:1067A000638500154015C00BC0086BF5C1C3DD93B0
:1067B000FA1C044C8101008B6FE8728881618111A1
:1067C0000006007B0004E110E00443166C1D50112C
:1067D0008391402B004600968004E108C21980187E
:1067E000008600168004E108C21980187C98801683
:1067F0007CF8EFF8900B6FF882E5A10B6C1D102967
:106800000C86402B0286E008900B6008EFD467A846
:106810000B45A30BC0000C06EFD86E886FF8740808
:106820004558900B900B680061144106E0044566E2
:10683000801880040016C219E10440864356000403
:106840000096E004E118004650118004C02B6C1D36
:1068500000C600968004E118010600961019E10CAC
:10686000C02C6E5D50218004C02B6C1D00C600162C
:106870001019E10CC02C6E6500168004E1084086FA
:106880006E6110198004C02C404600161019E108F2
:10689000C02C6E6900168004E14441866E591019BF
:1068A0008004C02C417600165001E004402B6C1D82
:1068B000EFFC41F668004908031181116A588E0BFC
:1068C0008C0BEFE8F21C0C4CC1C3DD936E810029E8
:1068D0000346402C8414E110038604260029E110AD
:1068E000C02C6E8504268414E11042C66E890029EE
:1068F0008414C02C420604260029E110C02C6E51DD
:1069000004268414E11005C66BAD00198824C02B41
:10691000F0FC421043C608160029E110C02C6EA1FD
:106920008426841463150019A51BC0380EA5002900
:106930000246402C0215C1140416C0004306800014
:106940000215811004268000E11402066E5500290C
:106950008414C02C028604260029E114C02C6E8DFC
:10696000842684146EA90019211BC02CE1104386D3
:106970008425842408168111E11045468816882450
:1069800063150029A52BC038030684E58321611017
:106990008375841408168311E110454688168824EF
:1069A00063150029A52BC03841100306C00004065A
:1069B000C0000215050680D58824E11481258816BB
:1069C00000098426402C6E9DE11002468406841442
:1069D000C1C3DD93E11C04C608168824E11C05062A
:1069E00008168824E11C054608168824E11C058643
:1069F00008168824E11C05C608168824E11C4406F4
:106A000008168824E11C444608168824E11C4486A4
:106A100008168824E11C44C608168824E11C450693
:106A200008168824E11C454608168824E11C458682
:106A300008168824E11C45C608168824E1200406AF
:106A400008168824E120044608168824E1200486DC
:106A500008168824E1144386840C8414C1C3DD9392
:106A6000612401C680048111DD938016FA0C040CA8
:106A70000046006B0014E118E00804C66C1D4C21B0
:106A80008121402B11C603710426E124E12C430629
:106A90000426841480048511A00480768C0B0026C3
:106AA000E8185248027620044C11E008C02B6C1DF7
:106AB0000C0C8076DD93F20CFA0C040C827B043B08
:106AC000861B012168186C480006816143466128D5
:106AD0000004E12CE14404C68131041480C88824F8
:106AE00084488458500A88880405E08C80080D5634
:106AF000C75745C7C44702C9A6CF0459AACF0849FA
:106B000046C2A8CF877BF81C70F8FA758C0BE81882
:106B1000F20C0C0CC1C3DD930286022B4011E0087D
:106B2000402B6C1DF9958F11FA84040C0046007BF4
:106B30004E01E008402B6C1D7998826B8E0B6FFC28
:106B4000600800864E018F11402B6C1D8C2B8E0B24
:106B5000F2840C0CC1C3F725FA7C044C6138114651
:106B60002004806B700102560E86F7AB1246613C22
:106B70000321E114801E8BA180189C04F3F44210C1
:106B8000891100160016A40466188B118C0B681866
:106B9000E11416C68008AC046080400AA60599017D
:106BA0006FA90C15A31BC00B01C6A4658004E100EE
:106BB000404A80089B016084A51BA2650B11A22599
:106BC000645883218C0B6818E110404680088004CB
:106BD0006090404A9E859F016FA90C15A71BC00BB2
:106BE00024049CE583218B118C0B00A6E818630814
:106BF0008008AC046080404A9A45A1016FA90C1539
:106C0000A91BC00B01C698A58004E100400A8008BA
:106C1000A30160842B1B96A5E10015C60B119625D8
:106C2000615883218C0B6818E1104046800880046D
:106C30006090404A9285A5016FA90C15AF1BC00B4F
:106C4000240490E5832185118B11001668186008D3
:106C5000AC048C0B404A8008A70160800C158E257F
:106C6000400B6FA9E11044468C45B11B8008A80475
:106C70006084400A8A85A9018A45B31B61004106E8
:106C80008004851188048016404A80089D01609028
:106C90000C1586E5C00B6FA98645AD1B81B1240498
:106CA00083210B11E1105446410600B68004E11027
:106CB0008C0B00B6E8185CC88008A8046090404AB5
:106CC00080C597016FA90C15B51BC00B20148295C8
:106CD000700104760604F7AB80BB7A804C35842EB5
:106CE000C00B6FA9611041060004831100168321B7
:106CF000E100410681110004911100160016A40460
:106D00005A588D118C0B681802662004F7AB70017D
:106D10009C04801EC41980189C14801644008408AA
:106D200000B47C408426FA80F27C0C4CC1C3DD9315
:106D3000FA7C040CEC501EF0613853062404806B7E
:106D4000E00402066C1D4C1154C6402B5106E1387C
:106D50008018E1348016C2198018A404F3F8421098
:106D6000A8048016421080180016F3F8E0040216FA
:106D70004C11A004C02B6C1D8C0B0016E8187B680E
:106D80006D150C09807B402CE084404A400A824506
:106D900082E5E0886D210C19420AC02C8225E0882A
:106DA00061380046800489110C098016C02C6D15CD
:106DB000F81C004A01758095E99C4E0A6D110C196A
:106DC000A11BC02CE0000E1A20010258400AC0008E
:106DD000400AE99C86C5E99CE094404A0C09886514
:106DE000C02D631186D5A10B022620044C11E004AE
:106DF000402B6C1DE1101646A31100160016AC04C2
:106E000064788C0B0C09E800402C6E9DAC14807BE0
:106E1000A17B8406000680E587116138801C800410
:106E200040469B958014E100442084280426F3EC1E
:106E3000E13C028684288414FC9C0424800484267B
:106E4000C81980180C098016C02C6D15E080400A06
:106E50000C0980C5C02D63119AA5A10B61380006ED
:106E6000800487110C09801CC02C6D15E084400A39
:106E70000C0980E5C02C6D21E084400A0C098E7558
:106E8000C02C6D1128C5A10B80000E0602662004DF
:106E90004C11E004402B6C1DA121A1B10060001633
:106EA000C06E648102F001754138E410EC040420E6
:106EB000A12BC5366538FE758C0B681C8C1B0C0B22
:106EC000E80443280060007BC06E648102F0017515
:106ED0004528E410EC0416B0A1BBC1260C09FE75D0
:106EE000C02D67C99CD5A50B680074480F258C0B75
:106EF0002004807BE00402466C1D4C110016C02B60
:106F0000E1380046851100048C0B001668007B28D0
:106F1000807B8C1B8C05A17B613800068014892145
:106F20000336042C0004E0084C118B21C02B6C1D8F
:106F30008B05802C023620044C11E004C02B6C1D04
:106F4000004600160004E1380016831144588C0BEB
:106F50000C09E81C402D67C9A10B807B709880B597
:106F60008C0B68000006807BA17B613887110004D0
:106F70008C15801C6B18EF958C0B6FF863110C0946
:106F8000400AC02D8275E0806FF875A86B588C0B95
:106F90008C0B6FF86FF86E8881858C0B6FF857C873
:106FA0000C0B8C0B59388C1B1606EFF889116138C5
:106FB000001CAC04E00801366C1D4C018C0B402B0E
:106FC000EFF05248807B2C048B11217B11E8801C50
:106FD000280480008018A17B8016C2198018A404A0
:106FE0008016C2198018A404F3F8421092C58016C6
:106FF000A17B2404C2198018A404801642108018B2
:107000008016F3F88018A804F3F842108A958016C9
:107010006FF863C820048C0BE00402B66C1D4C11A1
:107020008016C02BEFFC51E8613C10862004839150
:1070300080188321F3BC421000C600168004E110C2
:10704000421080180016F3F8401895118C0B681840
:10705000611041468014812180048426A00480961A
:10706000E01980180006801642E661380004E0004E
:10707000001CA8F1E13C008680188004F1FC42105D
:107080008E0B0016F27C0C0C0C09DD93C02C6D15D8
:10709000E088400A0C198C25C02C6D21E088420A3A
:1070A00020048A65E00402766C1D4C110016C02B8A
:1070B000E1380046871100048C0B0016E8007BA81D
:1070C00067C90C098171402D80B5A70B6800652840
:1070D000807B8C0B63110C09404AC02D80E5E08059
:1070E0006FFC4C6877F88C0B8C0B6814E035A17B37
:1070F0006D150C09400AC02C8645E08C02862004E0
:107100004C11E004C02B6C1D8C0B0016E80079C8F4
:1071100067C90C09807B402D80B5A90B680062A867
:10712000807B8C0BD8B5A17B6D150C09400AC02C57
:107130008425E0906FD46F4820048C0BE004029605
:107140006C1D4C110016C02B7BF88C0B0C09EFC486
:10715000C02C6D156088400AD26581716D210C09C3
:10716000400AC02CD0A5E08802A620044C11E004FF
:10717000C02B6C1D0C098016C02D6311E080404AA5
:1071800070F884258C0B6FF86FF870486F188C0BB3
:107190008C0B6FF86FF86F6879188C0B8C0B68008C
:1071A0004DD883358C0B681C6FF8628801958C0B69
:1071B000013181010C1B8C0B50588E2B8271EFF822
:1071C000E0400E0A210BFCF53138807B7C38DFFC77
:1071D0008C0B680066350C0B81714016E080404ACC
:1071E0009FFC30886FF858280C098C0BC02D631158
:1071F000E080400A62F88EB58C0B6FF86FF8596822
:107200005CF88C0B8C0B6FF80C098765C02D67C977
:107210008215A30B68005AE8807B8C0B2DA8A17BFC
:107220002004DFFCE00402566C1D4C118016C02BBC
:107230006C810C090200C02CE51DEC0440C682C51F
:107240008311610400168004E10C0186020600042B
:10725000801EE800FFFC215840C6A10B0206010475
:10726000000580004011800020A880004218FFFC2B
:107270008C0B6FF843B620044C11E008C02B6C1D3A
:107280008311001668007B4857358C0BC1C3807B87
:10729000FA7C040CEC301EF00486006B0C09E13C17
:1072A000C03863150C19A50B402C0E99C1140106AA
:1072B000C000000580000206811001068000000564
:1072C000410600168004E114E01980188804801635
:1072D000421080188016F3DC80188804F3BC42103A
:1072E00000C600168004E110C21980188C0B00162D
:1072F000EFE45A4881013E0E50863C0E0391E12492
:10730000E1244E46612454C6A185810100067C0E0D
:107310004C01E008C02B6C1DEFD4598860080016A2
:10732000E01042C66C1D4C018121402B6814690895
:1073300000C68C0B8004E144816580B8EFD45968A5
:1073400063294C91A004C038400A800880C5E080C1
:1073500063290C09A10BC038560A8245FAE5E08C76
:1073600063290C09A10BC038FD45FA55E8146DE8F6
:107370008008A004E084404A0C0980C5C038632915
:1073800080C5A10BEFD4572863294C9155F8C0381C
:1073900055B8EFC00026EFD4428660084C01E03CAF
:1073A000402B6C1D653881218C0B6814E14400C6AC
:1073B00080B88004559881654C91EFD4C03863291A
:1073C00080089C04E080404A560A8245FC85E08C97
:1073D00063290C09A10BC038FD95FAF5E8146A6819
:1073E00080089C04E084404A0C0980C5C0386329A9
:1073F0008285A10BEFD453A8E13C0086801880045D
:107400008016D01963294C910086C0388004E13C75
:10741000D019801851B880160C09EFC0C02C6EA985
:107420000106A30B00058110409180009E2580007D
:10743000E11400C680088004E084400A50589AA5F0
:107440000036EFD4422660084C01E004402B6C1D4E
:107450005FD881218C0B6814E14400C680B8800499
:10746000503881654C91EFD4C03863298008A80456
:10747000E080404A560A8245FC85E08C63290C096D
:10748000A10BC038FD95FAF5E81465088008A8043A
:10749000E084404A0C0980C5C03863299225A10BBD
:1074A000E90DFC044D38902500C6EFC05746611029
:1074B0000004E11080188321F3F8421081110016B6
:1074C0000016AC045C3895118C0B681443462C04F0
:1074D0000486E1100096E13CE11400C680088004B7
:1074E000E084404A40000205C0000206C00040118E
:1074F00080188804F3DC421088048016421080183B
:107500000016F3BCE11000C6801880040016C219F2
:10751000E00C41F6FC04BE0EE80D82019FFC2F88B2
:10752000BC0EBE044A1881854C91EFD4C038632943
:10753000EFC048E863150C094F064038A50BE1146D
:1075400070B882158C0B6FF84C01BC0EC0386329E3
:10755000E13C0086801880048016E01980189C04A5
:10756000F3BC42103C0480160C0C98F1DD93F27CC5
:10757000FA7C040CEC301EF00809804BC02D67CD5E
:10758000E08C400A080B96D540166BE166811240EC
:107590001440C0B540B56541BC4E817173F14000E7
:1075A0008803C0FF6401100000404028C0B366B1EA
:1075B00000407C0EC09C674187B5BE0E7C04A80AC3
:1075C00073F14C0028BAC0FF816B88636D9880F519
:1075D000880B6810A10B3C44BE048C1580F5816BB0
:1075E00068106B283C44880B88F5A10BA10BA40AFA
:1075F000240A86A5A41AE0B7210B9E0973C1441082
:1076000020BFC0FF0016C917A4BF0000E686400ACD
:107610004507E1BE0165902B5934801BEC04021034
:10762000A11BC93EC407FE7504918083827184A1A9
:10763000E49C0F0A8101F0850C0C98F1DD93F27C3B
:107640006C1D08294000402B4801F3F4402D67CD04
:10765000E00C0E36600C02367538880B230BEFCC2D
:107660000E0698F18E0BC000F27C0C0CC1C3DD93AA
:10767000FA0C040C827B006B6D210C098181402C7B
:10768000E084400A40C68AE58531610483410004F4
:107690008C0B0086637D0C157978C00B822B6814E7
:1076A00063110C09404AC02D82C5E0806FF85E0866
:1076B00048188C0B8C0B6814794102068C0B5DCD3D
:1076C000EFF862C80C0B815564388E1B008BEFF409
:1076D00046388C0B0C09E814C02C6D01653D4C013B
:1076E000900BC022F20C0C0CC1C3DD936C8100091D
:1076F0000200C02CE51DEC0440C682A58311610484
:1077000000168004E10C018602060004801EE800D9
:10771000A10BDD93DA005C08610440C6800481118E
:10772000DD938016FA7C044C826B007B6D390E0968
:107730008181402CE080400A0E099CE5C02D631138
:107740006D414E81404AC02C4070E0805E38DC00C4
:107750001406C80091B161380E098BF5C02D631174
:10776000E080400A120604750206C0005DCD794132
:107770005DB88E0B01D5EFF80331808B0C1B8E0B9F
:107780006218922B008BEFF4120A8291FCD5E04034
:107790006D410E09A10BC02C00001405800002668B
:1077A000800040130D410E09000A802C1405F004DE
:1077B00040B38000A18B000001118AF551788E0B37
:1077C0000E09E800402C6D41A10B808B00001405D0
:1077D00080000276800040130D410E09000A802CC3
:1077E0001405F0040296000040138000A18B0000F5
:1077F0000E1B8295401666350E298E0BC02C6D0926
:107800006FC84188808B82196D410E098201C02C9E
:107810006D414E010E09C02CC02C6D416D110E1929
:10782000C30DC02C900BE675F27C0C4CC1C3DD93EC
:10783000638100158531400B638500258141400B34
:10784000E0142C48FA00040C0C09806BC02C6D511C
:107850006080400A82858101680056880C198C0B73
:10786000C02D67C94060AB1B68389C000C198FFCA9
:10787000C02C6D51E084420A625882858C0B6FECFB
:1078800067C90C19B11BC02D9C0040608FFC672894
:107890006D510C19420AC02C82A5E0886800562858
:1078A0000C198C0BC02D67C980B5B31B0C0C8C0B4D
:1078B000CBF5F200F2000C0CC1C3DD93FA84040C8A
:1078C0000C09806BC02D6531E080404A0C0980E5D1
:1078D000C02D6535E080400A0D118C857941040684
:1078E0004EB8DDCD8C0B6FF88085A10BF2840C0CAB
:1078F0006BD8DD938C0B6FF46AAD0C090C79C02B3F
:10790000C02C6CFD1E79A30B9C00406008106BA876
:107910009A8002746D510C09400AC02C8425E08CB9
:1079200061344106E00845A6027400044C21FA8047
:10793000C02B6C1D8C0B0026E8004D68F4F5A10BE4
:1079400004060F11DDCD79410C0C8C0B0B58F28421
:10795000C1C3FFF8FA04044C8101006B6FE0656855
:10796000007B8111E148418680088004E090400A54
:107970000C098CC5C02D67CDE084400A0C098C052C
:10798000C02C6D15E090404A0C0980C5C02C6CFDE0
:1079900088B5A10B603C41F64A7883114206EF7C22
:1079A0008C0B6000EFE0794861380106E00C43F68B
:1079B0000C298004C02D67CDE088444AC0004015E2
:1079C0004216FE358C0B6000EFE0782867CD0C097D
:1079D0004000C02D4C01F3ECC02D67CD8E0B031180
:1079E000EFE061480C4C8101DD93F204FE7C040C55
:1079F000EC601EF0806B3E1E650D0C098111402B62
:107A000081A10B1E002A911C810160040098FE0ECA
:107A1000C0004001645002F077988C0B80ABEFC837
:107A20006048020664988C0B0060E8144009640109
:107A3000610112067C0EC020E6E410068171091572
:107A40006E190C0B400AC0158C65E49CF09C4062DA
:107A5000688100B9160AC01B8A65E3FC4001017801
:107A6000BE04C0000406A10B06160024406080007E
:107A700042901C0042629C00450650A00646C01879
:107A80004060400068F8DC000B34E804E4400AF091
:107A90008C1B0C0B964B7C24EFC87588A1AB80AB7C
:107AA0007E1484B5910A81A1FB800214FE0E82032C
:107AB00012900271C002650166C11080FE7DC00196
:107AC000FE04F00562994C03140BC0160C0CB0F1C7
:107AD000DD93F67CE11000C680188004F3F84210B4
:107AE000DD938016FA84040C807B026BEFEC7988BE
:107AF00082B5A10B66350E1B420AC01680E5E080F8
:107B00008C1B0E0BF2840C0CE01016E8F2840C0CAB
:107B1000C1C3DD93638900158531400B0410834197
:107B20001538EC28C1C3E014FA00040C0C09806B72
:107B3000C02D67C98235AD0B6FFC51C8A10B8C0BF2
:107B40000C0982B5C02D67C9701C000A80D581015F
:107B50000C0C8C0B10D8F2000C0CFFFCDD93F20027
:107B6000FA84040C8171006B6D150C09400AC02C5D
:107B70008CC5E0906FEC55C85AB88C0B8C0B6FEC31
:107B80006FEC68E80C098C0B403864B5A10B807B66
:107B900004210060026000E1805407010741046095
:107BA00006600054805806418FD042A864B90C0981
:107BB000A10BC038070100600260005480540741E7
:107BC0000FD04788064004600C098058C0386321F4
:107BD00080C5A10B0C0C8C0B2BB8F2848E0BFFEC28
:107BE000F2840C0CC1C3DD93FA0C040C0A86006B02
:107BF0000C09EFDCC02C6D0D6D150C190C2BC02C75
:107C0000C01666316CED0C79404A402C0C89E0803E
:107C1000C02C6C716CF10C494210402C0214DC2019
:107C2000400A1C0C0660E090C0B3053105350660C3
:107C30008C3880B36D114C314610402C4C31FC1007
:107C4000C02C6D154A0A94580424E0840424C0848E
:107C5000854BFA80DC1002341C504210E08C404A04
:107C60006D154C114010402C4C0193F0802C0D15DB
:107C7000547880858C0B680463110C09400AC02D70
:107C80000C09E080C02C0D15D3F840000D154C01F7
:107C9000100A402C8465FFFC7A800084FA8002740C
:107CA0000C09811B002C0D15800002060D114C11D2
:107CB0004000802C4C0193E0802C0D150C0C8101B0
:107CC000DD93F20CFA00040C680043084898806BBE
:107CD0008C0B680C6C110C09400AC02B8465E09475
:107CE000EFDC4006400A800882B5E0806C210C0978
:107CF000A70BC02B4FB882B58C0B6FFC68046B08C8
:107D000081458C0B6FD44EA8A10B8C0B5758825514
:107D10008C0B680080B5A10B680044E881018C0BD6
:107D2000F2000C0CC1C3DD936C21001945C6402B39
:107D30004021E008C02B6C1D4226A31B401180008F
:107D4000802B0C1DA71B8A45A51B8205800042368F
:107D50000C1D40118515802BE00042466C1D401122
:107D60000286402B8428EFDCF0C04420E040040A67
:107D7000842880E5F0C04420E080040A842880B58F
:107D8000F3DC442000298426C02B6C11E094440AC3
:107D9000C0000416C0A042216E09001BC419C01502
:107DA0006E094013008640158018EFDCF3F842108E
:107DB000DD938016FA9C040C8101007B6FE0426821
:107DC000818181116C210E09806B402BE00843D624
:107DD0006C1D4E11A50BC02BA70B88450E0BA27571
:107DE000C0156E09737540000004C0FF4E03FC947B
:107DF00040156E0960988E0B4838EFBC8E0B6800FA
:107E000064D50E09A70BC02BA50B8605008608C5F7
:107E1000A30B8FDC03D588F5EFDC00866E090E0B13
:107E20004000C015C0FF7371FC9400046E094E033E
:107E30000C0CC015DD93F29CEFDC0086424A8018E2
:107E400080E5E08C6C150E19420AC02B80A5E084F9
:107E500001558008FC080004C8098008EFDC028690
:107E60004F9884068E0B6FE4EFDC1286400AA4085C
:107E700082B5E080400AA40882F5E0888E0B3D11AF
:107E8000EFE052686800496887258E0B8E0B3F1122
:107E9000F29C0C0CFFE011C86E090E0502064009A9
:107EA000C0FA6001E002401A64CD0E150404C0055A
:107EB000D017E184C20D8413C00000460002401AAE
:107EC000E14C0386040E84140E0B9511C0156E0947
:107ED000FC9800046E094E038E0B4015EFE04F88AE
:107EE000603C41F66018831147D8EF785281EFF07B
:107EF0000311E0A00C0C8C0B3878F29CC1C3FFDCA2
:107F0000FA00040C0146006B0004E124E00843E69B
:107F10006C1D4C114546402B0C15E124C0096E091F
:107F2000882480080834C507F00C4400681079A83C
:107F300002868C0B48866FDC860EE03CC4248604E7
:107F400068B10C3B480AC00A000E6692C3D06400B8
:107F5000600E400A8823C9474002C50D0209918876
:107F60004000C0004201DC04000640004C05C00097
:107F7000C00564CDF2000C0CC1C3DD936E09001581
:107F800004064009C0FA600164CD0005422AC0051C
:107F9000D007E006E1840414C01D8403C00000463D
:107FA0000006400AE14C0386840E8414C1C3DD93AD
:107FB000FA00040C41F6006B4C01E008402B6C1DEC
:107FC0004858B7118C0B6FE064CD0C15028AC005C0
:107FD00080F5E5948C0B0121F2000C0CE01006C832
:107FE0008C0B3B11EFE04748600442468C0B81212B
:107FF000F2000C0CE0100608FA7C044C0006006B42
:108000000004E13800BC83B1E1940046A1AB80A834
:108010000C298265402B6C1D67388C0B941B6FC834
:108020000E08A10B0E60C00040B3645160B88C0B09
:108030008E1B6FE067CD0C090204C02D420AE1904F
:108040008219608006314C13400A40168625E08470
:108050006C110C19424AC02B8465E0946138030608
:10806000E00C45F6404A84144225E0880C09C00023
:10807000C02D07CD4000FE354C01F3ECC02D67CD7F
:1080800064D10060106040B3C0AF641181A10F0ED5
:10809000819113A5FBFC160A1311A60541788C0BE0
:1080A000120AEFE041067BFC4C01E000C02B6C1D86
:1080B00041269CA54C01E000402B6C1D5DD88C0B2B
:1080C0000F14E80063388C0B1911EFE07FF88C0B6C
:1080D0004166EFDC4C01E000402B6C1D6F388C0BCF
:1080E00080ABE80098F5A1ABE00041366C1D4C0177
:1080F0008C0B402BE8105968A1AB80AB414696959C
:108100004C01E000402B6C1D4A788C0B80ABE814CE
:108110009435A1AB6D090C090C1BC02CC01666353B
:108120006C040400E00041566C1D4C019E29402B5C
:108130008C0B0219EFC077E8A1AB80AB41768E952E
:108140004C01E000402B6C1D54F88C0B80ABEFFC15
:108150008C35A1AB61380006E00043864C118004E9
:10816000402B6C1D001C85115E388C0B80ABEFF42E
:108170008835A1AB6C710C094396402C4C11E00082
:10818000C02B6C1DE3FC000A0C1980E5C02C6CEDC3
:108190001606811B01F58000411681A14C01E0000B
:1081A000402B6C1D42388C0B00ABE800A1AB8391D7
:1081B0008391E4258E1B0C0BEFE05468901B0C0B95
:1081C000EFE057A8D8E5A1AB6C910C09210BC02CAE
:1081D000E00041A66C1D4C014060402B53D89C0030
:1081E000940B8FC8F27C0C4CC1C3DD93FA04040CD1
:1081F000EC501EF00306006B0C0BE008C0156E0976
:108200006C1D4C118311402B6D094C11404AC02C40
:10821000810160940D0D0C194C03C02CC0166671C1
:108220006CE94C014210C02C4C11DC40C02C0D0DEF
:1082300069650C150C29C00DC02C6D0DE000021AEB
:10824000A0000038442080C54C21F3DCC02C6D0D0B
:1082500066350C1B442040164C01F3E0402C6CEDBD
:108260004C21C229402C6D0DE00C45F66CF14C21DF
:10827000420A402C4C03E09440160681E088420AF2
:108280000CF94C21420A402C4C01E08C402C0CFD96
:10829000E090420A03354C05420A400B4C21E09C19
:1082A000C02C6CF5685880E58C0B6FF066350C1BA4
:1082B000420AC0168625E0A067F10C598C0B4027B6
:1082C00067ED0C490C39C027C02767E967E50C2921
:1082D0000C19C027C02767E1E8044188A17B807B97
:1082E0000C1B9EF5C0166635E0A4420A0311828578
:1082F0004E7881218C0B6FC0A17B807B0C1B9C3541
:10830000C0166635E0B8420A7BF880E58C0B680C35
:10831000A17B807B0C0998B5C02D6311E080400AD9
:10832000DC004060CFEC67C865510C094346402B28
:108330000414E104000085518E09EC040C09840644
:10834000C038632D4006210B4C01E008C02B6C1D8A
:108350000C0982F5C03863150245A50B80000A861A
:1083600000C5A30B80000A660A46A10B02608000CC
:1083700040546541641104600860C09E40A266716B
:10838000E43000F006F021567F58E410A10BEF8096
:108390000C1D0C290206402B84B5C004600844164D
:1083A000645000604C21C09E402B6C1D64A1026093
:1083B0007818C0A3A10BEF800C298605402B6C1DFB
:1083C000E00402166E8D4C150E56400A4C05E00C6A
:1083D000400A6E89E00C02566FC849480E0B8C0BA0
:1083E0000C0CA8F1DD93F20469650C05A10BC00D1E
:1083F0000C0980E5C02B6C11E094404A414684E5AD
:108400004BE6614C0004E00C66D106600C29C054B8
:108410004015630D66E108600C19C0A3C01563091F
:108420006C1D4C516278C02B0C09EFA0C02B6C1155
:108430006094404AE00C00466C1D4C018645C02B00
:1084400066B10060026040BFC0C0652164C10460C5
:10845000066040ADC0AD65216FAC728866200860D3
:108460000060C0AE40D865617078811104C66F703D
:108470007765E010C1C38171F87C04CC6D0D00C933
:108480000316402C4011E008402B6C1DEFDC480621
:108490006C7900190079C02C402C6C75FC0010C45C
:1084A0006D0D408100ABC02CC016663100198D1EC9
:1084B000C02C6D09631500B50069C00BC02C6CF9A8
:1084C00000198F1EC02C6CF56635005B0099C01634
:1084D000C02C6CF1F8600829E084440A0F1B865513
:1084E00006108331020A44040616E3FC120A000057
:1084F0004031E3FC402C6CF5808583210490959BF2
:108500004021C404402C6CF182CFF111C4C907652D
:1085100063FC020A1654964B832161B483310245F1
:10852000E0840674FA8006348331071BC404061005
:108530006CF54031120A402C80E5E3FC02A4C2A78E
:10854000839BFA80C40404906CF14021560A402CAD
:1085500080A5E080FA80023480F5CE1DE080564A86
:10856000464A80E58085E0805880015558C0FC1857
:1085700008BBF3E0EFDC48066D0D40C1580A402C03
:1085800082C5E084FA80026483110F1B44040260F8
:10859000F3FC0C0A800002166CF940110029C02C73
:1085A000402C6CFDFFF8020EFFF80C0EE3FC040AF1
:1085B00044040220E0B44A0A6CFD40118855C02CE6
:1085C00042C2911118C4788422CFFC0C40C1A11B77
:1085D000C02C6D0D8D149015020A8F3480E5FBFCC4
:1085E0007A800214FA80043484F5832B6CED001930
:1085F0008321402C6D094021020AC02C88D5E3F06C
:108600008D148575020A8F3482A5FBFC7A800214D2
:10861000FA80043480E5832BE40402306D094011B4
:108620008395C02C6CED00199121402C788844C2B0
:10863000FC0C18C4832124CF6D094021020A402C70
:1086400040C1E3F0C02C6D0D0C1080654061E40466
:10865000C02C6CED6CED0019A11BC02C42C082C572
:108660004011F3BCC02C6D0D421090189016F3F819
:108670006D0D00C98315C02CE08C584A0019822565
:10868000C02B6C11E094424A58C000B558C0DC4081
:1086900040C1F3BCC02C6D0DE08C584A0015840518
:1086A000C00B63158265A11B633500258311400B48
:1086B0000220972B4015C404C00B6335F07C0CCC12
:1086C000C1C3DD93FA04044C680C46880E01807B1C
:1086D000402C6D01008A816182D5E1B86C1D0E29A4
:1086E0000C46402B0246E00C8E0B600CEFC470A8C9
:1086F0000C06A10B8C0B8000F2040C4CC1C3DD9363
:10870000FA00040C0C09806BC02C6CFD80F5A10BE9
:108710006C6D0C09404AC02C8265E08C63350C05F9
:10872000A10BC00B0C158265C00B631580D5830BA4
:108730006D150C090555C02C0C09C609C02C6C6DB3
:10874000E090400A0C098625C02C6C898485A10B19
:10875000680C42480C118C0BC02C6D056C890C29DF
:108760000C01C02CC02C6D01F188461282F5870DDA
:10877000840D82230C098295C02C6D15F3F0400006
:108780006D154C010C0CC02CDD93F2006D150C190D
:108790004C01C02CC02C6D054C11C619C02C6D1598
:1087A000C1C3FF3582C5A93B02A5A33B8188042430
:1087B0008485A53B8485A73B5C08A13B0FD8DA00E4
:1087C0008975FF705C08A12B45349A00EC040420E5
:1087D0007BFD4630C13EDFFF8131FF65833181453E
:1087E000DD938125F81C040C900145274BFE0141C7
:1087F000C03F7FFD048485950674A33BC4C48841B3
:10880000A01146641BFD50804E709FFF1FFF1BFD93
:1088100012748A8F58C060E09FFF1BFC1BFD4C60E8
:10882000B09F1FFF10C4517761C7E0C0FB800E747A
:1088300018C450672E8FFA804095B86F4085F808AD
:108840004065F804C54DF00C0C0CF4F5DD93F01CFC
:10885000F81C040C9001452749FE0131C03F7FFD03
:108860007FF10A0E180E403FC03F7001026583D5AC
:108870008631700CF8080275F8040285781052628F
:108880004095F167127478080A9FE0A02C9FE17769
:10889000E0C00C84780440952E6F986F4065D187B6
:1088A0004085F010C53DF80C0C0CF875DD93F01CFC
:1088B000EC401EF06018002900498131BE3EE010F6
:1088C000C5277C3EA72B7E3E668A464A0A26834100
:1088D00018060000826580008151252B814103C16B
:1088E000A32B80C5015180F5814181C1FCCEBE5EC4
:1088F000C008FE4E0034001301B5FA80484A8131A9
:108900000AF0610A8231E4100A45C447C546FC10EA
:10891000FA800834FC95C14DA0F10101C1C3DD937B
:10892000EC401EF0601C0029004981318551601423
:108930007C3EBE3E272BC527E68A484A18167E3E57
:108940008205800081C1252BA32B80A5015180D5F4
:10895000BE5E81C1FECEFC3E813142080044001360
:1089600081A5FA80610A484AE4100AF0C4478231BE
:10897000FC100A450834C546C14DFA800101FC953A
:10898000DD93A0F1F81C040C610C07C6E10C49064C
:1089900046060CC40C64E10CE10C46864F8610546C
:1089A0000C44E10C1C348B81E4600E001C98817532
:1089B000EC041080DD98F196A18BD9961800FE3555
:1089C0008961647471788155EC040C60A16BD57673
:1089D0001D51FE75815580CB0A507168D166EC043B
:1089E000FE75A15B95411C0141588155EC0408407E
:1089F000A14BCD560020FE7583316C046880003495
:108A0000080081C100346C040A00E88881016C040C
:108A1000816103450E54E92D000448B08255DB8086
:108A2000E8B00E44006000730034E4300E746880D7
:108A30000E03FB8086C18261FAB58D1B610442067C
:108A40006BFC010A0414C0FFDB8000040401000079
:108A5000040CC0800C0C8101DD93F01CFA04044C62
:108A60004216006B6298E0000C09E80C402B6C4544
:108A7000E10C42460E600414C0AF6431000CA90B37
:108A80000406E20071588E0B8C1B6FFC6438026088
:108A900074788E0B0C19EFFC402B6C39E46000608D
:108AA0006C410C298131402B0C498185A14BFC0480
:108AB0004116807582118231FE15C53D6C3D0C0951
:108AC0000260402B0C39E474402B6C4544628141B8
:108AD0000195F08088589C218075A15B82414506F4
:108AE00082210201FE15C74D6C450C298C0B402BD1
:108AF0006C410C197478C02B4298EFFC8C0B6810F9
:108B00000C4C8101DD93F204FE7C040CED401EF060
:108B10004016006B089BE0044C0186AB402B6C1D9B
:108B2000010184BB5EB1828B8A7B613061205EA1D2
:108B3000E2800206E1105E919F0EA10E5E019D0E85
:108B40005E01E0D05E01E0C08C0B60B0E80C5B68B9
:108B50009F2101118C3B0C0BE80469A860900084F4
:108B6000E18C028440000D8E4E09F1C0E0040E6AD3
:108B700071845002937E8F0100B8958E8000400171
:108B8000FA800084150E90015E0191019F0160B092
:108B900040A20F0EB20FF9AC9AA5A10B4F761E8919
:108BA000118EE000F0AC50A2928307656C1D0C2979
:108BB0004376402B4A58E0008C0B6FC45EB1A10B8A
:108BC0005EA1C1305E91C1201548C110160AC000D7
:108BD00081017000440400B0F000164A6200020CEB
:108BE000F000144A6200040C141A82838111700090
:108BF000240502A0848340007000124A060C8121E3
:108C0000121A62000490F00040002405049B868341
:108C100080BB82ABF265E88D5EB193045EA1E1306A
:108C20001104E1205E91A30B5E07E1101504E03C06
:108C3000E4200E001E75897E160A40201074FBFC8D
:108C4000B003FA8044000C251504F07CE080500A43
:108C5000A12B8875A001888560D05E01F3C0420019
:108C600065C4028A02808E0B0080043C5E118C0475
:108C7000838580D06C1D0C294376402B4418E0007E
:108C80008C0B6FC4E0004F760F48A10B9BA1C00076
:108C9000E1205EA1A12BF1458440000060D05E017F
:108CA0005E018E0B00F0E0C016F065003E0EE4D0D1
:108CB000E4C008F004F00B2E3CBEE530E4B00AF04E
:108CC0008C0B011168004DE81EA98C3B140A60C092
:108CD0008605FBFCE0804E0A443C0270CC04007028
:108CE000C0D05E118B0482B5E040000AC0281E058A
:108CF000C440000080281E0560D05E015E018E0B1E
:108D000000F0E0C004F064F03E0EE520E4C008F09E
:108D10000AF03CBE0311E4B04B388C0B8C3B68006E
:108D200060C01E99FBFC120A504A86A50E70E080B6
:108D30005E71CC048495C0D0A10B8B0480281E05E5
:108D400080D05E01950482A55E01A001420060D042
:108D5000028AF3C00E80E5C45E718C085E7180D01B
:108D600000F0E0C004F064E03E0EE510E4C008F05E
:108D70000AF03CBE0511E4B048388C0B8C3B68000F
:108D8000807B858196D5A17B8C3B13141E198F04A3
:108D9000A11B60C040101E25FA800004FB8040A289
:108DA0007B804092FA80021440205E25FB804212B4
:108DB000040491048C0B7A80E80456A8A17B807B84
:108DC0000C0B90354CD88C1B1E07E80040C6603C4D
:108DD0000004E10801218511020681710016C0001E
:108DE000E1084106022C80040026E200E108414629
:108DF00000168004E1084186020C80040026E2008F
:108E0000E10841C600168004E10C0006831100044D
:108E1000004600168004E10C008600868004E10C08
:108E20008D3480269F14A1044C319D24C02767E116
:108E300067E54C014C11C027C02767E967ED4C215D
:108E40004C71C027402767F51304A9319F248B413B
:108E50001D04A1144616A10B08F64000442AC000C8
:108E6000D017668EE692400A8023822369594C25EA
:108E70000E0BC008E5401EF0F67C0C0CC1C3DD9360
:108E8000FA7C044C93348F3E8B759164948890984F
:108E900094F5D19D500218A81079F0A440276341A1
:108EA00056A283C110B4F1A44E7061901684FBFCED
:108EB00016C4FA80967FE8AC8675A17B108A0FC431
:108EC0000EB6F410161600004E7280000E7491A0BB
:108ED00018799A8016B47C249893889CA476B67FDF
:108EE0000E7088788876EC0482718C7498A88C7ED9
:108EF0007A8012A4EC040E106480149098A6E57D8C
:108F0000A11B8455148A865584F5F6000E904AA755
:108F100050A0ED44B073F08090789876EC040E7019
:108F200081B59076F3FC150A0E9082159876ED883F
:108F30000E7090789076EC08A18B888881C5EA1530
:108F40006C1D00294366402B6DB8E0084D666FC06C
:108F5000A10BE008816180550C4C8C0BDD93F27CF9
:108F6000F87C040CEC401EF066B104009131408B9B
:108F7000814101550630494EA13BEC040121FE958B
:108F8000015181318B95814110447C2E7E1EFA80E7
:108F9000F408088A8881042881913E4E0C2488AB0D
:108FA0000E2461940469E19CE18418240E242E6F40
:108FB0000879E18C2E6F90C9386F9E294867A9C146
:108FC000800058168B612C2F00000CF6FA800E24BE
:108FD0004E0A85758665E4A47A8008A4F000065AD6
:108FE0007000060A041C98BB025462004447FA80D1
:108FF000DC0056604402051B0415F09040086BAD80
:109000008010160644159613C0086BAD600C121A3A
:109010000A0A829154807BFC0A0CBC00B19BE200DE
:109020007C24F635BE4483397C0C040A020C822170
:109030007E14E20082118243F43C050A0101E8C576
:109040000C0CA0F1DD93F07CFA7C040CEC301EF0EB
:109050004056006B4C01E000402B6C1D7C0E8101E2
:1090600071788C0B0C09E800C02B65F9E080400A90
:10907000050100600206409B4FF8C00004064F6CDB
:109080000C09C018C02B6C2188F5AB0B6D210C09A5
:109090004000C02CC209F3F06D214C018C0B402C18
:1090A000EFF47AC86D210C09807B402C4306217BAC
:1090B0008321EFDC40000426C409F3F06D214C014C
:1090C0008265C02C6C1D0C298C0B402B6FC061A8D5
:1090D000A10B8E1BC0000C388111017181A11355A9
:1090E00012B43E34D09DFA80004A9C359AC5FBFCF0
:1090F0007000060A0111960B84058121F004060A0E
:10910000000000069C0042B004060225060A80000A
:1091100082B5F008811101014C01962BC02767E54B
:1091200067E94C114C21C027C02767ED80F5A17B72
:109130006FF47648807B8C0B8245A17B6C1D0C29DB
:109140008C0B402B6FC05DE8A10B8E1B02F0A0F5CD
:109150008C0B6420E8004E88807B7C0465F90C1938
:109160004486402B400AE03C420AE00ACF07E080F8
:109170008405FC0E7A8002A4650004600614C09B7E
:109180000433E0888C0E8223E40044B14411BC1403
:109190000C1BE50040156AF9C30D82A1D19D8625FF
:1091A00007F50C0916B04027E675C4046AF50C1BD8
:1091B000C11DC0150C1B8205C0156AF143F6430D95
:1091C0008855E00C415603C5BC14E000160A83D54F
:1091D00043F670148615E00C020ABC148495F00C5A
:1091E0006AF50C1BC11DC0150C1B8205C0156AF168
:1091F00043F6430D8215E00CE000414667F54C0153
:1092000043F64027030AE00C86D5F40C67F50C09F9
:10921000004AC0278605FBFC67E10C298C0B402720
:1092200082113E1E02143C1E41D8FA80808BE80059
:109230001656EB8D00060000D4658000E000413634
:1092400067F54C014CA1C02740266CF173D88C0BFC
:109250004106EFB481116FDC0E0B80160C0C98F1F7
:10926000DD93F27CF81C04CC67F10059A71B402762
:1092700018240131153CE18C05418F6180040F56A3
:1092800002160485251B8000E0084EA60000020699
:1092900080001006231B82650295814103568111CF
:1092A000834160048111291612F08381B09FE4503C
:1092B0003863A476FBFC0A4A701C58200A6481219A
:1092C000FF617A8000000486E8B018640844055500
:1092D0004C12FA8010F070880063E4500C798B1BFC
:1092E00040276341E1FC0C140C6482634C12FC00C7
:1092F0001069F1984E727C180C7F9830A17B8161C7
:1093000050045070C1840E744C627E750634D0A037
:1093100088137A808A1D8C330034F6A50CCCFA8031
:10932000DD93F01CFA0C040C827B006B6D590C056C
:109330009121400A6E0D0C155EB8C0090C29EFA8EA
:10934000402B6551E1184346835104148418844826
:10935000637D0C359E49C00B8E19C9170224235F0B
:1093600063F8E09004546FA84678E890808B6FE82B
:10937000601002066598902B8E3B6FA8A17B807BC6
:109380000C2982E5402B6C1D4BB88C0B8E1B6FC0DB
:109390000E06A30B8E0BC000F20C0C0C8101DD93AA
:1093A000F20C0C0CC1C3DD9364C100390216402BD2
:1093B0004011E00C402B6C1D00198341C01562194F
:1093C0006635002B0059C016C02B650D6C75401119
:1093D0000019C02C402B6C11700544204031C08016
:1093E000402C6C7D7EF944200039C079C02B650982
:1093F0006094424A40118511C02265956D3140113B
:109400000206402C4041C000C02C6C8D6C85405140
:109410004023C02CC01666356D3540314011C02C3C
:10942000C02C0C810E1940134011C015C02B0C59D3
:10943000C1C3DD93E01402296635003B8444C016A5
:10944000063482294045FC00400B63154033A43F9D
:1094500040166635EFDC088660240229FC0C0634D1
:10946000C22790584A500429A45FF3F40229905669
:10947000C627E028A62F90296635402304244016ED
:109480000239FC10C837E02CA43FA03966354033C0
:1094900046304016C0FF737DE03002294420CA27C1
:1094A0000029F080402B64C54033A43FC0166635C8
:1094B000E01002394031A72BC02C6C71002980F5D7
:1094C000C02B6C11E094444A022982650239E018ED
:1094D0004021E020C02C6C79663140330229C0164F
:1094E0000039E03CC02C6D216D3900598229C02C17
:1094F000FC000634601C02294031A43F402C6D2141
:10950000FC04063460400249F3F84A506C8940215B
:109510000400402CC06E64C18449C2474041A64F3C
:10952000402C6D21F3EC4840E0440239A65F8239BB
:109530006D3940510239C02CC437E048A64F8839F4
:109540006D2140410239C02C0049E04CC02C6D1502
:109550004630CA3748407080A64FF37C6D154041B5
:109560000239C02C0049E050C02C6D5108448239AA
:10957000A64FFC006D5140410844402C0239FC04C8
:10958000C237E054A83F84396D5140310634402C35
:109590000249FC08C447E058A83F88496D51403152
:1095A0004630402C0249F3DCC647E05CA83F9049B6
:1095B0006D5140319F31402C024981650630603445
:1095C000C946EC04FE55A13BE038022968FD402164
:1095D0000219C01B4011E034C0226FB9C1C3DD9332
:1095E000FA00040CEC601EF00C05806BC00A6D657F
:1095F00062190C190C29C015C02B6C2165B90C39E6
:109600003C0EC02B111681010F3683118B06A32B44
:1096100082258D168285A72B5E11A52B042600249A
:109620008085800045F613060345E00C0C4B833122
:1096300040156E090C25FD51C00D6965212BCB47E6
:10964000060C8521C84B6200041613364642C00042
:109650000C49F994C02B65B58B2109260016270605
:10966000C040701182490B0E8C0B15369936973617
:109670009D269B16A1169F46A516A316EFFC6968AA
:109680008C0B1E1BEFFC6D880C0CB0F1DD93F2000F
:10969000FA00040CEC601EF070000216E0040406F0
:1096A0008101006B83113E1E8B2111269B16BC0E7F
:1096B0009F069D26A306A116A706A506AB16A9160A
:1096C000AF06AD168C0B13069716951666D899162D
:1096D0001E1BEFFC6AF88C0BB0F1EFFCF2000C0CD7
:1096E000C1C3DD93FA00040CEC601EF08321006B13
:1096F00061D10C190C39C015C01562196D650C05C6
:109700008916C00A65B90C191136C02B3C0E873179
:109710008F16810165B50C191B36C02B8B068D3158
:1097200082190D2602161F16C0407011A1269D3603
:10973000A526A3261306A7068B1E8C0B9726952617
:10974000633899261E1BEFFC67588C0BB0F1EFFCB9
:10975000F2000C0CC1C3DD93FA00040CEC601EF0A7
:109760008321006B65B50C098141402B62190C39CE
:109770000A164015BC4EF000618C020411368209B5
:10978000F88842128B311F068C0B3E5E9D369B265D
:10979000A346A146A716A546AB46A926AF46AD26C9
:1097A0009526934699269726EFFC60088C0B1E1B86
:1097B000EFFC64280C0CB0F1DD93F200FA00040C0D
:1097C000EC601EF00416006BC00460116C210C09E3
:1097D000A131402B83213E2E8B3111366034004A5B
:1097E000020C8101BC0EE2009D369B26A1069F065D
:1097F000A526A306A926A7161306AB06AD268C0B35
:109800009526AF2699269726EFFC5D088C0B1E1B2C
:10981000EFFC61280C0CB0F1DD93F200FA0C040CA3
:109820000206006B7498E2804046E8040F866004EC
:109830004C01E010402B6C1D81958C8B63811009CD
:1098400040F8C0276106E800EC040E70FCF5A17B2F
:10985000457601110C0BE0000C0C8C3BA915F20CA9
:1098600061840404E18C020470804420F03C4800D0
:1098700060840604282FA0194630C607A22F710065
:10988000720040005D93A62FC1C3A40F6004482658
:10989000640C4B064041C020402B6C1D640D4806F3
:1098A0008135C020D1C6CDC8FEB58B4B8115853121
:1098B000FA7C044C4106006B0004E1144786867B69
:1098C000524660044C31E12C402B6C1D0038AD7BBE
:1098D000E03981B1000600360004E118E004479643
:1098E0006C1D4C318331402BA4048036868580B6B4
:1098F0008A05A37B8CC5A57B9025A77B92E5A97BD8
:109900008445AB7B96B5A17B612C010680049F1139
:10991000014600B68004E12CA40480164210801891
:109920008016F3E401868BA58004E12C01C60016A5
:109930008004E12CA4048026421080188016FD804B
:10994000010689C59F11612C00B68004E12C0146F7
:10995000801680048018A404F3E442108016C41911
:10996000010687C58004E12C014600168004E12C25
:10997000A4048026CC19801885F58016612C0186F8
:10998000E000437600B68004E12C01C68016800416
:109990008018A404F27C421083F58016612C0186A5
:1099A000E000437600B68004E12C01C680168004F6
:1099B0008018A404F27C4210FC94021481D5801615
:1099C0006C1D0C2911A6402B03A6E0088C0B600827
:1099D000EFBC59889A85A30BE12C54C68008A804D3
:1099E00080F5A10BE13401468004800482B5B10BFF
:1099F0006C1D0C2911A6402B03A6E0088C0B6008F7
:109A0000EFBC58089485A30BE47D240488D5801806
:109A100081214219428600167198E03C8C0B680047
:109A2000614400C6E1340546A814800480388824C7
:109A3000480A84488085E080B54B8844460A8E15E4
:109A40008085E08CB53B88340C29FC75402B6C1D5F
:109A5000E00811B603B605756019E008001681210B
:109A6000E03C428668006F4800C68C0B05466144A6
:109A70008004E1348824A81484488038E090480A9F
:109A8000884480858475B34BE08C460A8834808591
:109A9000FC75B33B6C1D0C2911C6402B03C6E008B6
:109AA00052F8E0088C0B6FBC8045A30B73D8818102
:109AB0002404E800E00802F6410600B68004E11440
:109AC0006C1D4C118018C02BF3BC42100006001610
:109AD0008004E118900B00B6F27C0C4CC1C3DD93FE
:109AE0006004485664200B864041C020402B6C1D0A
:109AF000641108068135C020D1C6CDC8FEB58B4B98
:109B0000DB758D31643149064BC64020C020643975
:109B1000CDC881358B4BD1C68B31FEB5C1C3D9A51C
:109B2000E00444766C1D402141C6402BC0206439BE
:109B300005C60165C020643DC136C538FEB5850B3C
:109B400081015D93FA1C044C8111007B813101215C
:109B5000EFFC6B080E70006BC09A66F1640D510645
:109B6000A1914020E1088175EFFC67C812905D0665
:109B7000A19BEC048C0BFE35F21C0C4CC1C3DD9395
:109B8000FA1C044C8111007B87310121EFFC69280C
:109B90000E70006BC0B366B164211186138640203D
:109BA0008175E01065D8E1085D06EFFCEC041290C9
:109BB000FE35A19B0C4C8C0BDD93F21CFA7C044C03
:109BC0000046006B0004E118E00442366C1D4C11A5
:109BD00083B1402B613055C600B68191E13410C687
:109BE0000096A804E134000684288014F3C04420C1
:109BF000800484269E198018FF40421000860016BB
:109C00008004E134A0048096A10B8008014680F511
:109C10008004E134BB0B80040C2982B5402B6C1D01
:109C2000E0080FA6600803A646B88C0BA30BEFBC98
:109C300028048A45E03C428600B6812160788C0B7E
:109C400000C6E800054661448004E1348824A0147D
:109C5000844880388085A14BBD4B8844460A847572
:109C60008085E08CBD3B88340C29FC95402B6C1D15
:109C7000E0080FC6600803C644388C0BA30BEFBC8A
:109C800081718045E80065280096A804E118004627
:109C9000009680040C4C8E0BDD93F27C0025A11BFA
:109CA000000B0521812C43C680000215800042254F
:109CB000A31B80C5A51B8085836582256531002592
:109CC0000206400B8414E1300025842E400B6521F0
:109CD000E12C43C6042E8414E130020665310005F0
:109CE0008414C00BDD93840EF80C044C61180446F8
:109CF0000834A51B8C468141A31B882543061025EB
:109D0000A11B812C00399A35402D6531E12C430689
:109D10004BB6041489C1E00C84488239F3F84840FA
:109D20008731264F437604460049E00C402D6531CB
:109D30006531000007D5C0B50049C247402D6531E7
:109D4000E12C4306824984344A508C58A85FF3F8CA
:109D500084348C56653100498C58C02D8849C247DF
:109D6000F3EC4A508C56A85F00498434C02D65310D
:109D7000C2478C584A509049A85FF3DC04148C56B3
:109D8000E0084BF6653500391806402D8448E0049C
:109D9000A039C837F3BC48408F31264F43F60446FC
:109DA0000049E004402D653565350000CA47C0B55F
:109DB000612C4D061874984FFA8006348A8F9C885F
:109DC0009C86A88F80089844C5079058270F820961
:109DD000A05F825F0804905680168311F00C0C4C33
:109DE000C1C3DD93F80C044C61880414E1984786E4
:109DF00086190C546090082464B00600A24FC08BF2
:109E00000A43C44781D5815118C05D844C85EC0458
:109E1000A1CBF0102031FE5508408251C0016401F1
:109E20001846A55B4C4040007C95DC00DC004E30C1
:109E300061984686E0004B866516442A640000005F
:109E40000C34C08CE00C48068151033565124C5A25
:109E5000F0B04E12006584638C737C3088C1447707
:109E60009C6E8673E0E0180A7001FC55B55B825168
:109E700018067E558101C000F00C0C4CC1C3DD9367
:109E8000F83C044C61880614E0080B06932106197F
:109E900066964A3AE0900834668A581A65B00C0013
:109EA000A24FC08B81C118530E60837589816440B5
:109EB0008AAB089B59AE8185EC041080601C4C95E0
:109EC0008891C8A1FE15A18B0A5002C1C00265018C
:109ED00065000840A5CB8E6B4B86FA350800600004
:109EE000C09065806516463AE00C400681510355E6
:109EF00065024E5AF09850127098524286738861EB
:109F00004E8A8E83A47EE68AE2305285E0E00C0A17
:109F10000251FC15B55B984B44E01840C0000C069C
:109F20008101FCD5F03C0C4CC1C3DD93FA00040C5C
:109F30006FFC44688C0B806BF2000C0CFFF005E8A2
:109F400000005D93C028654100005D93C02B661141
:109F50006108038684149D21030604260424E10875
:109F600008168311E1144506883888240836C83954
:109F7000600106060025C040C00A6EF1A121472DF0
:109F800008050029014600278004E1280106002673
:109F90008004E128DD938016E12803868428841458
:109FA000872B84380220FEB54011ED5CC02C6D017A
:109FB000C1C3DD9360084356E12805866C1D40113E
:109FC0008814C02B84388428FEB5872BED5C0220D2
:109FD0006D0140114011C02CC0156131653940112F
:109FE000DD93C02260084366E12805866C1D4011A0
:109FF0008814C02B84388428FEB5872BED5C0220A2
:10A000006D0140114011C02CC015613165594011DE
:10A01000DD93C01B60084396E12805866C1D401146
:10A020008814C02B84388428FEB5872BED5C022071
:10A030006D0140114011C02CC015613562F1401115
:10A040004011C015C01B655DC1C3DD936E01000BDF
:10A05000070640150C34E1448721A12BE686400A0F
:10A0600000C60C0E8014E1445C08842680049A002B
:10A07000424A8018FEA5E08C80168111C1C3DD9391
:10A080006E01000B07C640150C34E1448721A12B5B
:10A09000E686400A01860C0E8014E1445C088426A2
:10A0A00080049A00424A8018FEA5E08C8016811137
:10A0B000C1C3DD93F800044C61384BC6143485618C
:10A0C0008C48A12BF3EC484048460C4610C4E144B0
:10A0D000B0368131B06690C4303690C4E1445886C1
:10A0E0006E01000BB0C4C0156686400AB00E871121
:10A0F00000169004E13C000684C8801484C6C8C9D8
:10A1000080188004F3EC421094048016C81980185B
:10A1100080E5801680189004E08C424A8036FEA5C7
:10A12000F0000C4CC1C3DD93614400C68004811172
:10A13000DD938016FA9C040C43E6029B086BE00456
:10A140004011867B402B6C1D41B8848B4206E80091
:10A15000C267611884690414424604968414E118A5
:10A16000428604868414E118420604768414E110C1
:10A1700044208428AC2FF3F40C0C842683F5F29C45
:10A1800061144106E1144786814100148418842833
:10A19000CB278C3482190429A41F0C5A80348C4C90
:10A1A0008C48E057F3F8484000348C46F98440521C
:10A1B00042408C488C16F2FCC1C3DD936114438687
:10A1C000E1C0040448000414CA07F004F100400090
:10A1D0004306042C8424E11446308838A83FF3F861
:10A1E0008414883644208428A02FF2FCDD93842632
:10A1F000FA9C040C41F6009B066BE0045201847B40
:10A20000402B6C1D7BD8828B1229EFFC402C6E9565
:10A21000E11C0246C887041471C0488004269E7958
:10A22000E118434688388424F23C46308836A83FFB
:10A2300084288414F3C044200426AE2FE11C028637
:10A2400084668414F29C0C0CC1C3F7A5FA84040C38
:10A25000826B007B65350E390E29C02BC02B65390A
:10A26000653D0E197C58C02B0E0BEFFC66B88C1B9D
:10A27000A10BE8000C0C8085DD93F2848C1B0E0B87
:10A28000F2840C0CE00027E8FA3C040C41A6006BB9
:10A290004C01E004402B6C1DE00443A66FFC7D885C
:10A2A000807B8C0BA4D5A17B653D0C290C19C02BA0
:10A2B000C02B653965350C0964B8C02B008BEFA045
:10A2C000E1040146902B00040CA58094C0096E0D9A
:10A2D00065410C39920BC02B6FA064884C05941B10
:10A2E000400B636D0C39920B402B654963D8941B6E
:10A2F000902B6FA063654C05920B400B65450C39A4
:10A30000941B402B6FA063284C05902B400B63716E
:10A310000C39920B402B654D6278941B902B6FA0EB
:10A320006D590C159121400A63694C05020BC00B55
:10A330005EF8941B4C05EFA040066D49E11C0286B7
:10A340004C058414C00869416B1D4C054C05C008C0
:10A35000C0086BF14C018408C01B65714C01840876
:10A36000C02265514C018408C0226CA143460408F8
:10A370008414E1186FF14C018408C0224C019E093D
:10A38000C01B65759E09840865554C018408C02270
:10A390004C019E09C0226CA59E0984086FF54C01F2
:10A3A0008408C0228E09C90765794C018408C01B46
:10A3B0008E09C90765594C018408C0228E09C90756
:10A3C0006CA94C018408C0228E09C9076FF94C01A1
:10A3D0004078C0228C0B68000C0C8E0BDD93F23C95
:10A3E00068B1001B060E400AC3D06401E184041466
:10A3F0006C7900398623402CE006422AE18404343B
:10A40000422A8223002BE00EC00A68B50206C41D52
:10A41000421280004015D188C00B6375C1C3DD9323
:10A42000FA9C040C0C19806BC02B64C165510C990B
:10A430000C79C02BC02B65C9EC040010C797650DC3
:10A44000810102150C09A71BC02C0E31830180B5B8
:10A450006E314C010C09C02C402C6D0DF004000A2B
:10A460008E930275E08C404A054D006001C580ADB9
:10A4700005490060404AC0AD0060E08C80AD0545F4
:10A48000054100608088C0AD6FA04E080294900B1B
:10A4900081417A806102461A101B8C0B64B88E2BA6
:10A4A0000C09EFFCC02B65516C1D0C19C807C02BA3
:10A4B0006AA94C034C03C00DC011629966494C0354
:10A4C0004C03C011401167F152188C0BA10BE8002E
:10A4D0000C0C8085DD93F29C6C1D0C198C0B402BB1
:10A4E000F29C0C0CC1C39F85F804040C6E3100195A
:10A4F0000019C02C402C6D0D8245A11BE08C424AF6
:10A5000005A1040001C580B305910400424AC0B30F
:10A510000400E08C80B305C105B104000069C0B33C
:10A52000C02B64CD005B8824C0156AD16AE1004B62
:10A53000A36B401568C900CB003BC00AC00A68CDB8
:10A540000461006584C580050065A56B8005045D18
:10A5500000758425400B63750285A76B9C004C70C9
:10A56000645D0065CC7DC005046100654C628005BA
:10A57000424A9A9CD8C7608C026402E55857E0B002
:10A580004A5AD847484AE00A4055E00AC00B637966
:10A59000637D4045481AC00BD81D600A42125837E7
:10A5A0004045D1B0400B6381481A8141423AC00A0C
:10A5B0004045E00AC00B6385638940158101400B6B
:10A5C000F0040C0CC1C3DD93FA3C040C00B6008B04
:10A5D0005001E008402B6C1D067B88AB4E18849B15
:10A5E000820B6FA06FA04F68210B806B0206FF11DA
:10A5F000A3AB0000820302E58295D30D84A5A37B63
:10A600005095A17BC00B052150958415C00B652189
:10A61000A37B8335A17B82C5052150058235C00B04
:10A62000652150058185C00B653150958145C00B72
:10A6300065315005100BC00B73188E1B5A18EFF8BC
:10A640000E646FFC4386E1A08414E11843C60476CF
:10A650008414E1180C0C84661B18F23CC1C3FFFC87
:10A66000FA04044C866B4227042484210624FA80D1
:10A670008233E184600A4E3A0029C62D402B0C1D1E
:10A68000C0084296CFB473E86001000681317D09AD
:10A69000E01E400AE51A420AE59A440A6481001065
:10A6A0004222C7A1040E728CC00374246F5C7488AC
:10A6B0000C4C8131DD93F204FA00040C6C010C1295
:10A6C000811140286F605DA88C0B8C2BF2000C0C64
:10A6D000C1C3DD93FA00040C4206022B0414E118F6
:10A6E000E1244786841881618C388C348245871B2D
:10A6F00060080366E0080D66EFB470480C06A10B15
:10A700008C0B8000F2000C0CC1C3DD93FA00040C2A
:10A710004286022B0414E118E12447C684188161A3
:10A720008C388C348245871B60080376E0080D76F0
:10A73000EFB46E880C06A10B8C0B8000F2000C0CA1
:10A74000C1C3DD93FA00040C02C6022B0414E128F5
:10A75000E1184746841881618C388C348E39C937AA
:10A760008245871B60080386E0080D86EFB46CA85D
:10A770000C06A10B8C0B8000F2000C0CC1C3DD9306
:10A78000FA00040C0286022B0414E128E118474663
:10A79000841881618C388C34871B9E3903968245DE
:10A7A0000D9660086AD8E008A10BEFB480000C0693
:10A7B0000C0C8C0BDD93F2006C8004128131811142
:10A7C0004800C53D000450044212C1840630509038
:10A7D000FCF5C404820B5D93FA00040C0C09806B39
:10A7E000C02B65B5E084400A05A90C194086402BB2
:10A7F0000005C1004011C0008495C0006D210C0906
:10A80000400AC02C82C5E08063790C158531400B6D
:10A810008C0B03416FFC6DA88C0B822BF2000C0C8F
:10A8200081018165F2000C0CC1C3DD93FA7C044CFC
:10A830000086006B8004E13C421080188016F1FC19
:10A8400065B50C09404AC02B0004609880C5FA0029
:10A850006CFD0C19A11BC02CFF1182858235820D65
:10A8600066ED0C19A11BC02602600285809906E5E1
:10A87000E094400A044502600260C09E80AD05A9D4
:10A8800053F604180C39E000C02B65AD70844432D7
:10A89000050AA613161264FC1224E000400A1A806E
:10A8A0000060E090409906F1C00002064F604E68DB
:10A8B000C018040615860FBE0101E100897581717B
:10A8C00061004086E0084206832100048C0B00B63C
:10A8D000EFF87BE8603C428652788C0B007BEFE01F
:10A8E00075B88C0B0C09EFF8402C6D01F0A0446298
:10A8F000A17B28146BF144018408C02641F68265CF
:10A900008111603CEF644F28600C430660788C0B2B
:10A910005938EFC80C19EFDCC02B65B5E090420A3E
:10A920000284826504606088C09966F090230413F5
:10A9300044B1840E0C15E400C00A6D610206C20D1C
:10A940004C11C000C02606ED82B180D5FA8010B44B
:10A95000ECE5D28D65B50C198291402BE090420A4E
:10A96000C01C1E25D188448206E14C21938B4026D1
:10A970000C0984F5402666E5E10042868321041433
:10A9800066ED4C210406C026E03C41F66F644AE8BF
:10A99000430681118C0B600CEFC85C28420A859538
:10A9A000448660940824E100044102604CB1C09EDA
:10A9B000402666E505B10260841880AD021290134E
:10A9C0008816ECFC6C6D0C294C11C02CC02666E975
:10A9D00069B54C05440AC0098245E0906FF86DE8FE
:10A9E0000C098C0BC02C6D016D054C014046C02C30
:10A9F0008014E100442084280426F3ECE13C028624
:10AA000084288414FC9C042480048426C81980189B
:10AA10008E0B0016F27C0C4CC1C3DD93FA00040CC3
:10AA200040A6006B4C01E000402B6C1D69588C0B5C
:10AA30006E38EFF48C0B6FE80C19A10B802C0D1500
:10AA4000937C42100D154C118111002C6C214C117E
:10AA50000C0CC02BDD93F200FA1C044C8171006BCE
:10AA600066350C0B43F640164C73EFFCC01666714E
:10AA7000E080404A0C199885C02B6C496C510C89B8
:10AA80000C29C02BC02B6C556C4D0C39C517402BB5
:10AA9000C527C587482A45374A3AE6A20644E686CE
:10AAA0000854FA80893BFA8080000016888C0004E4
:10AAB000020010C50C398C04402C6D09E084400A5A
:10AAC0006686442AFA800814815101116C04003012
:10AAD000400283310009D098C02C0CA16CE94C01D4
:10AAE0008305C02C8425A18B7A801884E8941234C5
:10AAF0006032584AFB8002144C13B21FC0166671B4
:10AB0000855D98538345FC156C1D0C294296402B9E
:10AB10004F78E0088C0B6FB4E0084E9666710C1B02
:10AB2000A30B40166CE90C090E06402C0004C00073
:10AB300002147A80400AFB80A11FE6A266714C13C2
:10AB40008E0B4016F21C0C4CC1C3DD93E10442068F
:10AB5000841A84146E194013DD93C015F87C040C1C
:10AB6000EC601EF06C4100699F71402B6C4900390C
:10AB70008181402B6C5100498191402B423AAF7644
:10AB8000421AE69ABE1EE0126C4D00193C1EC02B04
:10AB90006031020E7C1EC241E04002168F110D1C76
:10ABA00095111D1685111F168B1121169111231653
:10ABB00097112516991127169B1129169D112B16F1
:10ABC00081112D166C5500C98365C02B64200AF0D5
:10ABD0000A2982B18023FC08688144818281401B5C
:10ABE0006C4100690A64C02B04B47A809453FA80E3
:10ABF000FAB5CB2D00298291402B6C45FA80149434
:10AC00000494C5AD5420C088C00313F156A07AB592
:10AC10000029DC00402C6C81FA8018C4E012463A0E
:10AC2000A32B3C24DFFC4FEE68BD40713E24C01BCB
:10AC3000FA800A246032485A64800A000745C06ED0
:10AC4000FA8004246E1900CB580AC01559E6E48432
:10AC50004C50000C88A59C006C7900C9E5CDC02C37
:10AC600094C888356C4100690079C02BC02C6CE910
:10AC7000E01A50CAE00E527AE11A58CAE692508A97
:10AC8000E10E4C7A58CA10930E94E68E50027A80E8
:10AC90004E7AF0848CC3668A64810C808EC3C06E49
:10ACA000021198C6020A8251F2B5E0400C0CB0F1D4
:10ACB000DD93F07C0000101400434AB00000092C22
:10ACC00000001A24004354C0000000200000194472
:10ACD00000000000000000E0000000000080020012
:10ACE00000800201000000000080021100800212BA
:10ACF0000000000000800216008002170080021889
:10AD0000008002190080021A0080021B000000006F
:10AD10000080021D0080021E0080022000800224AC
:10AD2000008002260080022C000000000080022F1C
:10AD300000800246000000000080024A000000007F
:10AD40000080024C0080024D0080024E00800251C3
:10AD50000000000000800253000000000080025745
:10AD600000000000008002590080025A0080025F4B
:10AD70000080026000800261008002620080026345
:10AD80000080026400800265008002660080026725
:10AD900000800268008002730000000000800278DA
:10ADA0000080027C00800281008002860080028791
:10ADB0000000000000800295000000000080029961
:10ADC00000000000008002A3008002A80000000034
:10ADD000008002AA008002AB008002AC008002ADBD
:10ADE000008002AE008002B1008002B200000000CC
:10ADF000008002B6008002B7008002B8008002B96D
:10AE0000008002BA008002BB008002BC008002BD4C
:10AE1000008002BE008002BF008002C2008002C328
:10AE2000008002C4008002C50080400000000000D5
:10AE30000080400200804003008040040080400603
:10AE400000000000008040090080400A0080400BA4
:10AE50000080400C000000000080400E0080400F89
:10AE60000000000000804013008040140080401566
:10AE700000000000008040190080401E0080401F3C
:10AE80000080402000000000008040240080402519
:10AE90000080403C0080403D0080403E0080403FBC
:10AEA000008040400080404100804042008040439C
:10AEB000008040440080404500804046008040477C
:10AEC00000804048008040490080404A0080404B5C
:10AED0000080404C0080404D0080404E0080404F3C
:10AEE000008040500080405100804052008040531C
:10AEF00000804054008040550080405600804057FC
:10AF000000804058008040590080405A0080405BDB
:10AF10000080405C000000000080405E00000000F7
:10AF20000080406000000000008040690080406AAE
:10AF30000080406B0000000000804074008040787A
:10AF4000008040790080407A0080407C008040840E
:10AF50000080408500804088008040890080408ECD
:10AF600000000000008040900080409100804099E7
:10AF7000000000000080409F00000000008040A111
:10AF8000008040A200000000008040A8008040B087
:10AF9000008040B6008040D0008040D1008040D486
:10AFA000008040D500000000008040DD000000006F
:10AFB000008040DF008043DC008043DD00000000B3
:10AFC000008043E400804404008044280000000026
:10AFD000008044480080444C008044500080445429
:10AFE000008044580080445C0080446000804464D9
:10AFF00000804468000000000080469800000000C7
:10B00000008048C8008048C900000000008048CB8C
:10B01000008048CC000000000080491C00000000B7
:10B020000080343C0080800000808001008080022D
:10B0300000808006008080070000000000808009FA
:10B04000000000000080800E0080801000000000E2
:10B0500000808014008080180080801C00000000A8
:10B060000080802D0080802E008080310080803222
:10B07000008080350080803600808037000000002E
:10B08000008080390080803A0080803B0080803CD6
:10B090000080803D0080803E0080804000808044B1
:10B0A00000808048008080490080804A00000000C5
:10B0B0000080804C0080805000808054008080554B
:10B0C0000080805600000000008080580080805C76
:10B0D000008080600080806100808062000000004D
:10B0E00000808064008080680080806C0080806DBB
:10B0F0000080806E000000000080807000808074FE
:10B1000000808078008080790080807A00000000D4
:10B110000080807C008080800000000000808088AB
:10B120000080808C00000000008080940080809867
:10B13000000000000080008000800081008000820C
:10B1400000800083008000840080008500800086ED
:10B150000080008700800088008000890080008ACD
:10B160000080008B0080008C0080008D0080008EAD
:10B170000080008F0080009000000000008001012E
:10B1800000800102008001030080010400800105AD
:10B1900000800106008001070080010A0080010C88
:10B1A00000812C0000812FFC00000D0000000064D5
:10B1B0000000BB8000001A480000FB800000000077
:10B1C0000000000000000000000017EC0000185410
:10B1D000000018BC0000000000000000000000009B
:10B1E000000000000000000000000000000000005F
:10B1F000000000000000000000001A3F00000000F6
:10B20000000000000000000000000000000000003E
:10B21000000000000000000000000000000000002E
:10B2200000000000000000000006101600061016C6
:10B2300000000000257D0008618500080000000076
:10B2400093810008820082004A020000000102038C
:10B250000405060708090A0B0C0D0E0F1011121336
:10B260001415161718191A1B1C1D1E1F2021222326
:10B270002425262728292A2B2C2D2E2F3031323316
:10B280003435363738393A3B3C3D3E3F4041424306
:10B290004445464748494A4B4C4D4E4F50515253F6
:10B2A0005455565758595A5B5C5D5E5F60616263E6
:10B2B0006465666768696A6B6C6D6E6F70717273D6
:10B2C0007475767778797A7B7C7D7E7F80818283C6
:10B2D0008485868788898A8B8C8D8E8F90919293B6
:10B2E0009495969798999A9B9C9D9E9FA0A1A2A3A6
:10B2F000A4A5A6A7A8A9AAABACADAEAFB0B1B2B396
:10B30000B4B5B6B7B8B9BABBBCBDBEBFC0C1C2C385
:10B31000C4C5C6C7C8C9CACBCCCDCECFD0D1D2D375
:10B32000D4D5D6D7D8D9DADBDCDDDEDFE0E1E2E365
:10B33000E4E5E6E7E8E9EAEBECEDEEEFF0F1F2F355
:10B34000F4F5F6F7F8F9FAFBFCFDFEFF00112233E5
:10B35000445566778899AABBCCDDEEFF0055AAFF5D
:10B3600000FF0000808080818182828384858687BF
:10B37000898A8C8D8F91939597999B9EA0A2A5A762
:10B38000AAADAFB2B50000002100200069006A003C
:10B390006C006B006D006E00630062000000000036
:10B3A000F0540308F4540308F8540308FC54030849
:10B3B00000550308045503080855030830B2040873
:10B3C000CDDF0108000000000000000000000000C8
:10B3D000C300C300041C00001C55030824550308C7
:10B3E00030550308385503084055030844550308F1
:10B3F0004C550308545503085C5503086855030869
:10B40000705503087C55030830B20408C1E00108F8
:10B4100000000000000000000000000064202B007D
:10B420000000000030B2040851E2010800000000F2
:10B4300000000000000000006420D1270000000090
:10B4400030B20408E7E5010865E5010800000000E6
:10B450003DEF010864200401C008000030B2040878
:10B46000050402080000000000000000E5040208D6
:10B470000401040101040000010001000100220395
:10B48000010001000100220301000100010002008F
:10B490000100010001000100010000004058030804
:10B4A000445803084858030828580308EC54030874
:10B4B0004C5803085058030854580308E454030830
:10B4C000EC540308585803085C58030860580308F4
:10B4D00038580308EC5403083C5803086458030820
:10B4E000685803080C55030810550308D454030882
:10B4F0000104010401040104010401040104010424
:10B5000001040104020122030104010401040104F5
:10B510000104010401040104010401040104010403
:10B5200001040104010401040104010401040104F3
:10B5300001040104010422030201060002012203A6
:10B540004058030844580308485803084C58030857
:10B550005058030854580308585803085C58030807
:10B56000605803086458030838580308EC5403086B
:10B57000185803086C5803087058030874580308D7
:10B58000785803087C580308805803088458030837
:10B59000885803088C5803089058030894580308E7
:10B5A000EC540308985803089C580308A058030853
:10B5B000A4580308A8580308AC580308B058030857
:10B5C000B4580308B8580308BC580308C058030807
:10B5D000C4580308EC540308285803080C55030802
:10B5E000C858030810550308E4540308D45403084A
:10B5F00025030404040404040404040404040404EB
:10B6000004040404040407012603030403040304DC
:10B6100003040304030403040304030407010105F2
:10B6200001050104010401040104010401040104F1
:10B6300001050105010522030201060002012203A2
:10B6400020580308CC580308D0580308D4580308DE
:10B65000D8580308DC580308E0580308E4580308E6
:10B66000E8580308EC580308F05803083858030852
:10B67000EC54030818580308F4580308F858030852
:10B68000FC58030800590308045903080859030823
:10B690000C590308105903081459030834580308B7
:10B6A000EC54030818590308705403081C59030884
:10B6B0002059030824590308285903082C59030862
:10B6C00030590308345903086858030838590308E7
:10B6D0003C590308EC540308285803080C55030888
:10B6E000C858030810550308E4540308D454030849
:10B6F00025030404040404040404040404040404EA
:10B7000004040404040407012603030403040304DB
:10B7100003040304030403040304030407010105F1
:10B7200001050104010401040104010401040104F0
:10B7300001050105010522030201060002012203A1
:10B740002058030840590308B85403084459030813
:10B7500064550308485903084C5903085059030815
:10B7600054590308585903085C590308385803080A
:10B77000EC5403081C5803086059030818550308C3
:10B7800064590308685903086C59030834550308C1
:10B7900070590308745903083C55030834580308CA
:10B7A000EC54030818590308705403087859030827
:10B7B000C85903087C5903088059030884590308B1
:10B7C000885903088C590308685803083859030836
:10B7D0003C590308EC540308285803080C55030887
:10B7E000C858030810550308E4540308D454030848
:10B7F0006C350508310E0208000000000000000052
:10B8000000000000642032200104000030B204086F
:10B81000911002080000000000000000A5100208BE
:10B820001A001A008002000014360508000000000B
:10B830000000000000000000000000000000000008
:10B840000000000050350508000000000000000066
:10B8500000000000000000000000000000000000E8
:10B8600030B20408000000000000000000000000EA
:10B8700000000000C30004010000000030B2040812
:10B8800000000000000000000000000000000000B8
:10B89000000000000000000030B2040800000000BA
:10B8A0000000000000000000000000000000000098
:10B8B0000000000030B2040800000000000000009A
:10B8C0000000000000000000000000000000000078
:10B8D00030B204080000000000000000000000007A
:10B8E00000000000000000000000000030B204086A
:10B8F0000000000000000000000000000000000048
:10B90000D127D1270000000030B204086D150208CD
:10B910000000000000000000000000006420D127AB
:10B920000000000030B20408831502080000000087
:10B9300000000000000000006420D127000000008B
:10B9400030B20408F9160208E516020800000000EB
:10B95000000000006420D1278002000030B20408FB
:10B96000A515020861150208000000000000000093
:10B97000C30004014006000030B204086722020838
:10B980005122020800000000B9190208000000005E
:10B99000C003000030B204080000000000000000F6
:10B9A000000000000000000064206420400200004D
:10B9B00030B2040800000000000000000000000099
:10B9C000000000000401D12780030000D8360508DC
:10B9D000C12302080000000000000000D524020876
:10B9E000820000008107000018350508652602085E
:10B9F0000000000000000000000000000000000047
:10BA00000000000030B20408892702082527020838
:10BA100000000000C5290208642064200003000023
:10BA200030B20408E52B020800000000000000000E
:10BA300000000000000000008002000030B2040896
:10BA4000E52A0208000000000000000000000000DD
:10BA5000000000008002000030B204085D2C0208E3
:10BA600000000000000000000000000064206420CE
:10BA700040020000212F0208F12E02080B000200F4
:10BA800000FF010090BA0408000000000000000060
:10BA90003CCD04084CC80408A8C70408A8BA040888
:10BAA0001000022838D00020B8BA040808C70408DB
:10BAB00068C604083D3100000000000000000000DE
:10BAC0000000000002000000000100000000000073
:10BAD0000000000000000000000000000000000066
:10BAE00000000000000000000000070004FC00004F
:10BAF0000000F7F601080403FA0108000702050038
:10BB0000000000000000000000000A01FF0000002B
:10BB10000000000000000000000300FB0000000027
:10BB200000FD03030000FE00FF0200FE00FEFFFD1B
:10BB300000000000FE0000FEFE0000FE00FD000010
:10BB400000000000000000FEFE00FE00FC00ED0012
:10BB500000FD0003050000FD02020503FD030000D7
:10BB6000F70000000000000000000000FA000000E4
:10BB70000000000000000000000000FCFEF800FAD9
:10BB8000FF00000000000600FBFF000000FD0000B9
:10BB9000FFF40000000000000000000000F3FF06BA
:10BBA000000000000000000000000000F90000009C
:10BBB000000000000000000500020000FD00000081
:10BBC000000000000000000000000000000006016E
:10BBD0000000000000000000000000000000000065
:10BBE0000000000000000000000000000000000055
:10BBF0000000000000000000FA000000000000004B
:10BC00000000000000000000000000000000000133
:10BC1000030205FE000003FEFBEA01040300FE0030
:10BC2000060005000500F100FE050005FE03020008
:10BC30000000FE0000FD0D000D00050007020305D9
:10BC4000000000FA0000000000FF0001FDFEFD0101
:10BC500000FE000000FA00000000000000000000EC
:10BC600000F60000000000000000000000000000DE
:10BC70000000F700F600000000FF0010FEFE0202C8
:10BC8000FF00FE020000F8000000000000000000BD
:10BC90000000F000020000000000000000000000B2
:10BCA00000F6000A0000FA000500F5F0F5FD0500B9
:10BCB00000F50002FC00FE00000000000000000093
:10BCC0000000000405EC000000000000000000007F
:10BCD000000008000100000000000101FEFD00005E
:10BCE00000FE0000FF000000FD00FF00FCFD00FC66
:10BCF000FBFBFD00FD00FD00000000FF0000020056
:10BD000001FE000000000002FF000000FF02020030
:10BD1000000000FD00000000000000000002FF0025
:10BD2000FE00FD0000FF00050000FE000000000016
:10BD30000000FFFF0000FE00FE0000000000000009
:10BD40000000FFFF00FEFE0000000000000000FFFA
:10BD500000FEFEFE000000000000000000FF0000EA
:10BD60000000FFFE00FE00FBFFFB030000FD0203DE
:10BD70000400FC00FE0000F802FF01F802000000D1
:10BD8000F800F8FFF2FF00F80003040002000000D2
:10BD9000000000FDFE00FB000000FE000000FE00B1
:10BDA00000000000FFFF00FFFE0000000000000098
:10BDB000FEFE00FFFEFF0000FE000000000000008D
:10BDC00000000000FFFF00FE00FF00FD020000FE7B
:10BDD000010202000000000000FF0000000000015E
:10BDE0000000FE00FEFFFE00000000000000010059
:10BDF000FF00000000FEFE00FD0005FF00FB00004C
:10BE000004F8F8F9FD0200FFF6FD00FD00FD02FD5B
:10BE1000F600FC0000010001FF000200FBFA00F840
:10BE2000FCFDFCFBFEFC00FDFC01000000FE000030
:10BE3000000100020000000000000000000000FE01
:10BE400000FF0000FE00FDFCFC0000FB0000000005
:10BE50000000FF0000000001FF00000002000000E1
:10BE600000000000000800000000000001000000C9
:10BE7000FE0000000000000000000000FD000200C5
:10BE8000000000000000000000000000FF000000B3
:10BE9000FD00000000F8FB000000FEF80000FE02BC
:10BEA00000FC00000000000000000000FD0000FD9C
:10BEB0000000000000000000000000000200FD0083
:10BEC000000000020001FDFD00FEFEFE000000007B
:10BED0000000FB00FE00FEFE00FCFCFBFF00FD007E
:10BEE000FB000000000D0000010000FE000200F950
:10BEF0000000000000F1FD0505FFF90002FE00F85A
:10BF0000FFFE02F5FE020002FAFEFAFBF90000F65F
:10BF100000090000FF000000FFFFFEFCFB00F10035
:10BF20000000000000000000000000000000000011
:10BF3000000000000000000000FE00FFFEFE000008
:10BF4000FD00FE00000000000000000000000000F6
:10BF500000000000FD000003000200FC02FF00FCE6
:10BF6000FE00FEFEFF00FEFD0000FF00FFFDFE00E4
:10BF700000FE0002FF00FC000000FD00FD00FDFDD2
:10BF8000020000000000000000FD0200FE00FFFEB5
:10BF9000FBFFFFFF00FFFE000000000000FEFFFFB0
:10BFA0000000000002FF00FF000000FFFEFFFFFE98
:10BFB000FF0001060000FC00FF0300FEF9FE020086
:10BFC00000F8FD02FD0100FFFFFB00FE010000FD87
:10BFD0000000000202FDFD00FDFEFEFEFE00FD0170
:10BFE000FDFD050000000000000000000200000050
:10BFF0000000000000000000000000000000000041
:10C0000000000000FD000000000000000000000033
:10C010000000000000000000000000000000000020
:10C020000000000000000000000000000000000010
:10C03000FF00000000000000000000000000000001
:10C040000000000000000000000000000000FFFEF3
:10C05000000000000000000000000000FE0000FEE4
:10C060000000FEFE00000000FE00000000FF0000D7
:10C07000000000FF00000000FE00FD000000FB00CB
:10C0800001FC0300FFF80000FCFE00FAFCFC0000CD
:10C09000F9FEFAFAF800FC00010BFE00FCFE00FEBF
:10C0A000FDFCFDFAF9FCFE0000FF00000000F5FFBA
:10C0B0000504FCFA0000FB00F8FFFE03F1FE00009F
:10C0C00000F6FEF8FEF40000F500090000FF000095
:10C0D0000000FFFFFAFF00F600000000FB00FF0079
:10C0E00000FCF80000FFFEFBFE00FF00000000F96E
:10C0F000FEFBFBFFFDFCFEFD00FDFFFBFE00FEFD69
:10C10000FEFD000100FFFB000300FD000000000237
:10C110000001FD0700FEFEFE000000000000FB0025
:10C12000FE00FEFE00FCFCFBFF00FD01060000001F
:10C13000000D0000010000FE0002000000000000F1
:10C140000000000000000000FFFD0000000000FFF4
:10C15000000000FEFE0000FDFE0000FD0003FF00E9
:10C1600000000000000100000000020301FF00FBCE
:10C17000FD0005FBFBFDFD060302F2FF03FE00FED2
:10C1800002FEFA00FE02FEFFFBFF0000050300FCBA
:10C1900000F7FE05FEFA00FEFBFBFE060200FE00B5
:10C1A000FC000105FCFAFAFC050000F4FF02FDFFAB
:10C1B000FC00FCFAFEFEFF0000FCFDFE000504FE94
:10C1C000F700F7FE00FAF700FBFDFBFC040000FEA1
:10C1D00000FDFF00FEFD0003FB020000F800FEFC76
:10C1E000FDFFFBFCFBFC00FBFEFCFDFBFE0000007A
:10C1F00008FD00FBFE00FEFDFCFCFCFAFEFD03005A
:10C20000FE00F8FE0103FBFAFDFB05FE01F1FD0354
:10C21000FCFDFA00FBF9FEFEFFFEFDFB0000000541
:10C2200004FFF600F6FC04FAF5FDFAF9F8FB03004A
:10C23000000000FE000002FE0301FD030000FB0001
:10C240000000000000FF000000000000FE000000F1
:10C250000001050000FE00000000FFFFFE000000DE
:10C260000001000000000100FF000600030000FEC6
:10C2700000030000000100000000000000000000BA
:10C2800000050004000000000000000000000000A5
:10C290000000F600FE03000500001002FDFD020292
:10C2A000FF00F8000008F600000000000000000099
:10C2B0000000F5061600000000000000000000006D
:10C2C00000F6000000000000000000000000000078
:10C2D000000000000000000000000000FD0000FD64
:10C2E000FF0000000000000000000000000000004F
:10C2F00000000000FF00FC00000000000215FDFF30
:10C300000504FC0200000202FE0000000000000024
:10C3100000000000EB04000000000000000000002E
:10C3200000000000000000FC000000FC0000000015
:10C33000FCFF000000FC00FE00F800000000000010
:10C340000000000000F500000000000000000000F8
:10C3500000FE0000FD00FE00FC000000FD02FE00EB
:10C3600000FCFEFC0000FC00FE00F800FE0000F3F4
:10C37000FDFAFEFA0000F500FCFF000000000000DE
:10C380000000FEFDFFFD00000000FC00FC02FE03BB
:10C3900000FFFCFFFDFD00FEFFFF01FC00000000B0
:10C3A000F2FFFE00FC00FFF8FF0000FFFF000000AE
:10C3B000000100FFFDFF030000000000000000007E
:10C3C000000000000000000000000000000000006D
:10C3D000000000000000000000000000000000005D
:10C3E000000002000000000000FC00FF000000FD53
:10C3F00002000000FCFEFD0000FC00FE00F8000052
:10C400000000F000FDFAF80000F500FFFE0000005B
:10C410000000000000FEFEFFFE00000003FE00051D
:10C4200008FEFEFB02080304FC02070205040400E8
:10C43000000000000000000000000A08FDFE00FFF0
:10C440000D070D000000020000060000FD000000C6
:10C45000000000000000FF000000000000000002DB
:10C4600000000000F3FEFFF9F80000F500000000F6
:10C4700000000000000000000000000000FD0000BF
:10C4800000000000000000FF0000000000000000AD
:10C490000200000000F3FEFFF9F80000FA000000BF
:10C4A000000000000000000000000000000000008C
:10C4B000FF000000FC0200FE010302FB0000FF027F
:10C4C000000100000000FC00FFFFFD00FFFA000A71
:10C4D000FE00FCFF00FFFD00FEFCFDFE000000FD75
:10C4E000000000000000000000FF0000000000004D
:10C4F00000000200000000F3FEFFF9F80000F50064
:10C500000000000000080000000000000000000023
:10C51000FD00FBFEFF05FFFEFA00FF00FFFC00042C
:10C5200000010001FCFAFE00FAFDFCF9FA00FDFD35
:10C53000FEFEFFFFFEFF00FF00020002FF000500FD
:10C540000000000000000000000000FFFEFE0000F0
:10C55000FC00FF00FD0000000000000000000000E3
:10C56000F60000000000000000000000FEFE00FEDB
:10C5700000000000FF0000FDFE0200FDFDFF00FBCB
:10C58000FFFCFFFE00FD00000000000000000000B6
:10C5900000F500050000FD00000000FE00FE0000A8
:10C5A000FF0000FF00FC000007FEFBFB0102020091
:10C5B000FC010201050105FFFC0000FA0000FBFC84
:10C5C0000000FD00FEFD00FE00FE00FF0200FFFB7C
:10C5D000FE060000FF00FD000002FC0002FE01005C
:10C5E00000FB00FF0000FE02FF000000F9FEFC005F
:10C5F000FB0000F80006FE00FD000100FE00FEFB4F
:10C6000000FE0200000000FF000002FE000000FE2D
:10C61000FF00FE000000000000000000000000001D
:10C6200000000000F600040000FF00000000000011
:10C63000FEFE0000000300040000000000F6F7000A
:10C64000070503FA010700060003000000000000D0
:10C6500000000000000800000000000000000000D2
:10C6600000000000000000000000010200030405BB
:10C6700002060708090A090A0B0C0D0E0F10110C0F
:10C680001213141515000000161718191719191987
:10C690001719191A1919191917191719031B1C1D1C
:10C6A0001D1E1F20212223002400252627272700C6
:10C6B0002726282926262A2A272A272A2B2C2D2EE8
:10C6C0002E2F2E3000002309310900000000000049
:10C6D000000000000000000000000000000000005A
:10C6E000000000000000000000000000000000004A
:10C6F000000000000000000000000000000000003A
:10C70000000000000000000000000102000304051A
:10C7100002060708090A090A0B0C000D0E0F10117A
:10C7200012130C14140000001516171819161A1BF2
:10C730001C1D1D1E1F201D1D1621222303241E2526
:10C7400025262728292A2B002C002D2E2F30313288
:10C75000332D343435302D2D2E2E36373839333AAB
:10C760003A3B3A3C290000093D0900000000000066
:10C7700000000000000000000000000000000000B9
:10C7800000000000000000000000000000000000A9
:10C790000000000000000000000000000000000099
:10C7A0000000000000000000200000005F00010009
:10C7B000000000000000000000000200B0000000C7
:10C7C000F3F76000D0C70408000000003E0003003B
:10C7D0000000721F51EF58EF5BEF5CEF5DEF61EF10
:10C7E00063EF65EF69EF6CEF71EF76EF77EF78EF5E
:10C7F0008EEF93EF98EF9BEF9CEF9DEFA1EFA2EFF1
:10C80000A3EFA4EFB7EFB8EFBEEFC0EFC1EFC4EFF7
:10C81000C7EFC8EFC9EFCBEFE3EFE5EF14F015F08A
:10C8200017F019F030F037F03AF043F06CF074F094
:10C83000ABF03BF190F191F192F193F194F1D7F1DA
:10C84000E3F13DF254F2AAF412F7F2F7000000000F
:10C85000000000000000B002000000000000B00274
:10C86000020700000700F003040300040D000007A6
:10C870000707000026003006060900FF4100700887
:10C88000090700006100E006070800FF7D002002A4
:10C890000203000480006003040900FE92006003AC
:10C8A000030900FEA000000404040003A800D00552
:10C8B00006050001B7004002020300FFBA00D003E2
:10C8C00004010002BC00400202020000BE0080031E
:10C8D0000509FFFFD500B00607070000EE00B00312
:10C8E00003070000F900C005060700000E01C0059F
:10C8F000060700002301B006070700003C01C00541
:10C900000607000051013006060700006601000618
:10C91000060700007B017006060700009001300644
:10C9200006070000A501400202050000AA0140021E
:10C93000020700FEB101D00506050001C001D005C7
:10C9400006030002C901D00506050001D801C00593
:10C9500006070000ED01500A0A0900FE1A025007FE
:10C960000907FF003A02900707070100530240073A
:10C97000070700006C024008070701008502B006A7
:10C98000060701009A02600605070100AC02C00715
:10C9900007070000C502200807070100DE02200388
:10C9A00002070100E50220050607FF00FA02300732
:10C9B000070701001303F00505070100250390098F
:10C9C0000807010041032008070701005A03600817
:10C9D0000807000076034007060701008B03600884
:10C9E000090800FFAF03400706070100C403300633
:10C9F00006070000D903E00506070000EE03F00774
:10CA000007070000070420070907FF002704400B61
:10CA10000B0700004E04C0060707000067048006ED
:10CA20000807FF0083049006070700009C045003DA
:10CA3000030901FEAA0480030509FFFFC104500396
:10CA4000030900FECF04D00506040001DB04000545
:10CA5000050100FFDE04000603010106E0040006F4
:10CA600006050000EF04D006070700000805B00522
:10CA7000060500001705D006060700002C05200655
:10CA8000060500003B058003040700004905E00699
:10CA9000060700FE5E05D006060700007305D002FB
:10CAA000030700007E05D0020409FFFE9005300652
:10CAB00007070000A905D00202070000B005900A90
:10CAC0000A050000C905D00606050000D805600665
:10CAD00006050000E705D006070700FE0006D006A1
:10CAE000060700FE15062004040500001F060005C9
:10CAF000050500002C062004040600003806C006C8
:10CB000006050000470690050705FF0059060009C5
:10CB10000905000070068005060500007F069005E7
:10CB20000707FFFE9806300505050000A5068003EF
:10CB3000040900FEB7060003010901FEBC068003DC
:10CB4000030900FECA06D00506020002D006300422
:10CB500004040003D806200303020002DB06000AD7
:10CB60000B0B00FE1807000A0A0800004007000A25
:10CB70000A0A00FF7207000A0A0800009A07E00686
:10CB800007080000B607000A0A0B00FEED07000ABE
:10CB90000A0B00FE2408400B0C0A00FF6008000A84
:10CBA0000A0B00FE9708400B0C080000C708000A9B
:10CBB0000A0B00FEFE0800050508000012098007A8
:10CBC000080800003209400B0C0A00FF6E09000A39
:10CBD0000A0800009609E006070B00FEBD09C00820
:10CBE000070A01FFE009C008090B00FE120AC0088D
:10CBF000090A00FF3F0AC008090A00FF6C0AC008C2
:10CC0000070A01FF8F0AC0080A0AFFFFC10A40068F
:10CC1000060A00FFDF0A4006060A00FFFD0AC008F8
:10CC2000090A00FF2A0BC00809030002380B400B59
:10CC30000C080000680B800C0D0B00FEB00B400BC5
:10CC40000D0BFFFEF80B000A0A0A00FF2A0CC008B1
:10CC500009060001450CC00809060001600C800CA3
:10CC60000D080000940C000A0A080000BC0C000A21
:10CC70000A0B00FEF30C000A0B0BFFFE300DC00880
:10CC8000090A00FF5D0DC008090B00FE8F0DC008EA
:10CC9000090A00FFBC0DC008090900FFE50D000AE4
:10CCA0000A0800000D0E4006080BFFFE390EC008F2
:10CCB000090B00FE6B0EC008090B00FE9D0E400B19
:10CCC0000C080000CD0E000A0C0BFFFE0F0F8007B2
:10CCD000080B00FE3B0F800C0D0A00FF7C0F800C40
:10CCE0000D070000AA0F800C0D070000D80F800C64
:10CCF0000D0700000610800C0D0700003410800C9A
:10CD00000D0700006210800C0D0900FF9D10C00887
:10CD1000090B00FECF10C008090B00FE0111000A2C
:10CD20000B0BFFFE3E11800C0D08000072118007F6
:10CD3000080B00FE9E11100A0B0700003E2D2C1C54
:10CD400005012D57845683234100B028000B046051
:10CD50004AEADC802808208CDBEB40640B000830BA
:10CD6000B00000130008DEC35B27114D570006CE4C
:10CD70008000299A32275B3CDEB20027002992020C
:10CD800090091190A1008228740001884968400030
:10CD90000B290A00083280A0038008870003CB70AB
:10CDA00000A40D0005BA60007CC0105A07BB378094
:10CDB0000AE00ACC977000000057562302C00960B1
:10CDC0000D100E000E000E000D10096002C068006C
:10CDD000E00B30950860950B30E0680024424DD49C
:10CDE000799702200000000085003BDCB10085003F
:10CDF000008500354A555CC3026A0002B000850018
:10CE00000D00049000A3000D00058000B2001C007E
:10CE10000004DDB101E206B069000E178000D2699E
:10CE2000000E11E206B004DDB100BEA05A05A05A02
:10CE300005A05A05A04CDD504201F00000F0000AA8
:10CE40008000A9000B80008FDDD58DDEE0000C4056
:10CE500000980000BD900000D35101E26DDD60003C
:10CE600007A00005C00003D13101D20B308DCCFDED
:10CE700070000B300000B3000FDDD01D00002C004F
:10CE8000003EDC600001D43100C45CDD8002BDD412
:10CE90001E40006A00007AABA16E105C1D003C04CD
:10CEA000CCB2BDDDE8B400D30004C0000C40003DAE
:10CEB0000000A60001E00007CCB23D006A2D007919
:10CEC0000BECF26A004D79003E09CBC41ACC609697
:10CED00000B39700C909BB8A0000880002E22DDC7C
:10CEE000406A0100026A6A0100006A3832000010DC
:10CEF000005AA13E610006B9300002813BBBB1007F
:10CF000000003BBBB11000002BA4000018E104ABF3
:10CF1000503710003CDD505201F00003D0003D209E
:10CF200000850000100000B400004A99A700069098
:10CF30000003A01B07CB9B47654B008B0A73770050
:10CF40003B0A653B008B0A1B06CB6CB306900000C6
:10CF500000004A9AA2000001F600000088C000000C
:10CF60000D09400006702B0000DCCCE300590004E2
:10CF7000A00C30000D10FCCCB20F0007A0F0008810
:10CF80000FCCDF30F0002E0F0001F0FCCCC500010B
:10CF90009DDC30D600355B0000078000005B0000A0
:10CFA00000D60035019DDC30FDDDB30F0003E2F05B
:10CFB00000069F00004BF000069F0003E2FDDDB37A
:10CFC00000FDDDC0F00000F00000FCCC70F00000BF
:10CFD000F00000FDDDD1FDDDCF0000F0000FDDD75A
:10CFE000F0000F0000F00000019DDC40D700255B41
:10CFF0000000078000075B0001D0D6003D019DDCEA
:10D0000050F0000F1F0000F1F0000F1FDDDDF1F008
:10D01000000F1F0000F1F0000F10F0F0F0F0F0F042
:10D02000F004DDF20000D20000D20000D20000D2F5
:10D030000601E008DD60F000A80F009900F09900FB
:10D040000F9F4000FB4E200F105D10F0006B00F0B2
:10D05000000F0000F0000F0000F0000F0000FDDDE9
:10D06000A0F2000097FC0003F7FA500CA7F1D0697A
:10D0700077F079D177F00D6077F0010077F4000F49
:10D080001FE200F1F6D00F1F09A0F1F00B7F1F0087
:10D090001DF1F0003F10019DDC400D6002D45B00EB
:10D0A000004B7800001E5B00004B0D6002D4019D18
:10D0B000DC40FDDD90F000A7F0005AF000B6FDDC8A
:10D0C00070F00000F00000019DDC4000C7003D4012
:10D0D0005B00004B07800001E05A00004C00D600C6
:10D0E0002D4001ADDD40000004ABA0FDDD90F0005F
:10D0F000A7F0005AF000B7FCCF90F005B0F0009711
:10D1000008DCC35B00114D200006DE9000019A335D
:10D11000005B3BCCB2CDEEDA0097000097000097A1
:10D12000000097000097000097000F0001E0F0005A
:10D130001E0F0001E0F0001E0E0002D0A7009801B3
:10D14000ADD9000C40001D005B00087000E200E15A
:10D150000007906900001E1D2000009CB000000226
:10D16000F4000088000F4002C3D005EA00860D20BD
:10D17000A4E00D10880D0A43C002D5904A86000D28
:10D18000D300ED10008E000AC0005C001D10980B4B
:10D190005000DA900006F20001D7C000C50A808A6C
:10D1A000000D300B5000C302D0069000881D100007
:10D1B0000DB6000005D0000004B0000004B0006D02
:10D1C000DDDF10000B700008A00004D00002E200B8
:10D1D00000D400008FDDDD30FB1F00F00F00F00FEA
:10D1E00000F00F00FB103A0000C1000760001C00B7
:10D1F00000B2000580000D0000A30004909E40B422
:10D200000B40B40B40B40B40B49E4000A800029BFE
:10D21000000925601B00B09999903A301BCD600140
:10D2200000E01AAAF17800E12CAAE11E000001E05A
:10D2300000001EACD601F301E21E000A51F401E227
:10D240001D9CD50007DDA05C00408700005C00410C
:10D2500007DDA000000E00000E08DC9E5C007E874B
:10D26000001E5B006E08DB8E08CC905A00878CAAEB
:10D27000A85B002007DCB107C90E009FB60F000FA6
:10D28000000F000F0008DC9E5B005F87000F5C0052
:10D290006F07DC9F03004C1ACCB21E00001E00007A
:10D2A0001EACD41F303D1E000E1E000F1E000F2DA1
:10D2B00000101E01E01E01E01E0001E0001000E071
:10D2C00000E000E000E000E001E0AD601E000001D1
:10D2D000E000001E01B601E2D5001FDE2001F25D74
:10D2E000001E007B001E1E1E1E1E1E1E1EABC5BB8A
:10D2F000C21F205F10691E002C004B1E002C004B2B
:10D300001E002C004B1EABC41F203D1E000E1E0035
:10D310000F1E000F07DDB15C007B87001E5C007BE9
:10D3200007DDB11EABD601F301D21E000A51F40194
:10D33000E21EACD501E000001E00000008DC8E5C9F
:10D34000007E87001E5C007E08DC8E00000E000060
:10D350000E1DAA1F301E001E001E002CCC4880008F
:10D360002ACA21006A6CCC300F009FB60F000F0054
:10D370000E1007D92D001D2D001D2D001D0E106D46
:10D3800006DB9D0C3009505A01D000D28600069D64
:10D3900000000E8000B201F102B5807B80850D0D8A
:10D3A0001D0D008990998002F202F2005B03C00813
:10D3B0009C1000E7000A7C207902D10C3009505AF9
:10D3C00001D000D27700069D00000E800000D10041
:10D3D0000CD600006BBEB002D101D200C4008EBBDF
:10D3E0009004D309500A500A405F100A400A5009BD
:10D3F0005004D3EEEEEEEEE0AB00D20D20C209C039
:10D40000C20D20D2AB001A916244299007816208B4
:10D41000620807811923E4000000049C100016BF75
:10D42000FFF2003FFFFFFF2005FFD941F2005F2020
:10D43000001F2005E00001F2005E00079F2048E089
:10D4400007FFF2AFFE002BD807FF9000000001108D
:10D45000000000004188888814EBE7777EBEA2D0E8
:10D46000000D2AEBE3333EBEB4FBBBBF4BD9D0006B
:10D470000D9DB5D0000D5BB7FFFFFF7B00000000E6
:10D4800000FFD6FFFFFFFFE7FFFFFF6752777776CA
:10D49000EFC6FFFFFEFFE7FFFFFF6752777776EFEC
:10D4A000C6FFFFFEFFE7FFFFFF7863888887000065
:10D4B00000004100000006FD0000006FF77C100630
:10D4C000FF70DFD16FF7001DFEFF700001DFF70076
:10D4D00000001C6000000000000CD102EAAFD4EF95
:10D4E00080AFFF8002FFF102EFDFD1DF80AFB670C7
:10D4F00000850000A6000002A0EA29000EE1EA5F14
:10D50000A07F40EA08F3BD00EA01F7CC00B700F8BD
:10D51000AF000004F64FA0001DF109FD89EF500097
:10D520006DFFC4000000000000000188100000052D
:10D53000FF40001ECFFFFCD07FFFDDFFF72DFA007C
:10D54000BFD10BF7008FA06FFE55EFF64FFFFFFF27
:10D55000F3063AFFA3600003FF3000000000000064
:10D5600000000000000000006F90F8000009F8ECD7
:10D57000F80001BE5A5CF8002DD5EFF6AF50DA6F17
:10D58000FFFF87F111FFFFFFF51002FFC39FF600B9
:10D5900002FFB07FF60001BB704BB3000000882093
:10D5A000000001FF60000001FF60000001FF60005B
:10D5B00001FFFFFF60005FFFFA000005FFB0008B76
:10D5C000B98B8BB9DFFFFFFEDFCFFFFFFCBE000092
:10D5D00000000000244444300001EFFFFFF4000B82
:10D5E000C000008E106E1000000CA0EECB100ACD13
:10D5F000F2FFFFB89FFFF4FFFFFFFFFFF4CFFFFF35
:10D60000FFFFE1000487305F02DFFEFC7F1ED300D6
:10D610003CFF9F1005FEFF440002666612220000D8
:10D6200011FFFF5000DAFFA31008F4FCFB66BF8077
:10D63000F55CFFD500310000000000007000BFABBA
:10D64000DFFFFFFFFFFFFFFFFF003EF0002C0000A9
:10D650007000000BF000ABDFF020FFFFF0A6FFFF33
:10D66000F059FFFFF092003EF0000002C000000001
:10D670000000400000007000AA00000BF00A4A7091
:10D68000ABDFF023E2E0FFFFF0A695C2FFFFF05909
:10D6900076C3FFFFF092C3E1003EF009A6B000029E
:10D6A000C0033E2000000000C3002444444442FF65
:10D6B000EFFFFFFFF30DFFEFFFF84EFE25FFFF9D8D
:10D6C000E2006FF90120004FF74444447FCFFFFF91
:10D6D000FFFC001A000007F50000EFC0008FFF609C
:10D6E0003FFFFF1BFFFFF9FBFFFFDD6EFFFC7E59D5
:10D6F000FF609FFF80001310000000000E7003E425
:10D70000E704FF5E75FFF5ECFFFF5EFFFFF5EAEF54
:10D71000FF5E71DFF5E701CF5950009288000000ED
:10D720000FFE500000FFFFC3000FFFFFF910FFFFC7
:10D73000FFFE5FFFFFFFFAFFFFFFF80FFFFFB200E2
:10D74000FFFD40000EF70000001100000000000087
:10D7500000000DFF90DFF9FFFC0FFFCFFFC0FFFCC3
:10D76000FFFC0FFFCFFFC0FFFCFFFC0FFFCFFFC090
:10D77000FFFCFFFB0FFFB8BB508BB5000000000D96
:10D78000FFFFFFF9FFFFFFFFCFFFFFFFFCFFFFFFE2
:10D79000FFCFFFFFFFFCFFFFFFFFCFFFFFFFFCFFFF
:10D7A000FFFFFFB8BBBBBBB50000000BA000E7CF7D
:10D7B000B00E7CFFC1E7CFFFDF7CFFFFF7CFFF9EFE
:10D7C0007CFF70E7CF600E775000950000020000EC
:10D7D0000000AF60000009FFF500008FFFFF40066A
:10D7E000FFFFFFF30EFFFFFFFA03666666620DFFA1
:10D7F000FFFFF90FFFFFFFFB068888888400000009
:10D800000001C7001DF501DF501DF5004FD00006D7
:10D81000FC00006FC00006F90000510000003E301F
:10D82000002EF30002EF30002EE30009F8008FA075
:10D8300008FA005FA0000600000000100000008F42
:10D8400040000009F50000009F50009BBDFCBB6F2D
:10D85000FFFFFFFB133AF73310009F50000009F55C
:10D86000000000391000BDDDDDDD8EFFFFFFFA0096
:10D870000000000000048A95000001CF846EE300E0
:10D880001EF50872FF40BFE02DF5BFE0DFE3FFF6B5
:10D89000AFF14FF3AFD1EF7005FD312BF700001959
:10D8A000DFEA3000B6000000000006FA16AA830086
:10D8B0000003EFE649FB000001BE4928FD001D40C2
:10D8C0008FFE1FF904FF505FF1FFB00AFC002DDF4F
:10D8D000F2000AFA101BF7000004BEE408F700008B
:10D8E00000000004F500000000000100000002E656
:10D8F0000000000000BFE1000000004FFF900000AA
:10D90000000DE7CF20000007FC08FB000001EFD06E
:10D910009FF400009FFF5CFFD0002FFFE1AFFF608E
:10D920000BFFFE2BFFFE00EFFFFFFFFFF201333383
:10D9300033333200000000000000000007C1EFD1C7
:10D9400003EFFC99FB2EECF80054DE2570000CF47C
:10D95000011000BF5C78D1FFF60AFFFD7860007C03
:10D96000F60000000560000030000000AF6000001D
:10D97000AFEF6000AF90CF609F8000CF5780000076
:10D98000A4110000020CE20005F83FE205FD103F83
:10D99000E7FD10003FFD1000003B1000008000007C
:10D9A000000000CFC3FFFFF500BEFEB3444E60048D
:10D9B0003F340000D60002F200000D60002F20006E
:10D9C0008CEAF101FFFFF7DFF70004444411C700C0
:10D9D0005888200000FFFFE44441FFFFFFFFFEFFE7
:10D9E000FFFFFFFFFFFFFFFFFFFFFFFFFFFFFFFF47
:10D9F000FFFFFFCFFFFFFFFC00003300000003FF2D
:10DA00004000003FFFF40002FFFFFF200036FF63ED
:10DA1000000004FF40000004FF40009AA5FF5AA93F
:10DA2000FFFFDDFEDFFFFFFFFCBE00000000000087
:10DA3000000000A8400000005FFF0000000CFFE0B5
:10DA40000000006FFA00000000CF500000005FD01F
:10DA50000039104FF400BFFC9FF6000DFFFFE400FB
:10DA6000009FFD8100000131000000000000000067
:10DA700006FE3005C6E7BB05FF4DBDB4FF403CFFC9
:10DA8000FF400008FFB0006FFFDF800E7BB2EF8029
:10DA9000DBD902EF73CA100272005DDD480008FF97
:10DAA000F6F8CC8FFF843FE8FFFFFCFE8FFFFFCF2F
:10DAB000E8FFFFFCFE8FFFFFCFE7FFFFFCFF46669E
:10DAC000663FFFFFF4003444430000022222000EB0
:10DAD000FFFFFE20F52222FE1F40000EF8F744440F
:10DAE000FF9FFFFFFFF9FFF60CFF9FFF209FF9FF4D
:10DAF000FC7FFF9ADDDDDDD4677777774EFFFFFF90
:10DB0000FB000000000677777774EFFFFFFFB0009F
:10DB1000000000455555553FFFFFFFFB1111111146
:10DB2000005888888884FFFFFFFFFF6FFFFFFFF624
:10DB3000C5DFFFFD5CFE6AFFA5EFFFF9559FFFFF04
:10DB4000FFFFFFFFCFFFFFFFFC03AAA20007FFF2CA
:10DB50000009FFD0000BFFD8810EFFFFE10EFFFF91
:10DB6000600005FD000009F400000DA000000F207A
:10DB70000000020000017911000FFC9FF400FFFD7E
:10DB8000CC300FFA799340FF8EFF6F5FF8EFF764A8
:10DB9000FF8EFFFFCFF8EFFFFC463EFFFFC000DF28
:10DBA000FFFC0002444420000190000002AF81000D
:10DBB00002FFFFD0009FFFFF500CFFFFF800EFFFB8
:10DBC000FFA03FFFFFFE0DFFFFFFF94666666620E0
:10DBD00000BF70000000300000244444444430FF83
:10DBE000FFFFFFFFF3F4A0A0B0B0F4FFBEAEAEAFF6
:10DBF000F4FF3A0A0A0FF4FBEAAAAAEAF4F7B444DB
:10DC000044C4F4CFFFFFFFFFE100000000297000D3
:10DC100000003AFFE000004BFFFF70005DFFFFFFD8
:10DC2000100CFFFFFFF9000AEEEFFFF20000000A00
:10DC3000FFA00000000AFF300000000AFB00000007
:10DC40000008F40000000000200000EFFF5B00FF70
:10DC5000FF6FB0FFFF6883FFFFFDD6FFFFFFF8FFF8
:10DC6000FFFFF8FFFFFFF8FFFFFFF8FFFFFFF8FFE0
:10DC7000FFFFF7000000000000011000000005BFDA
:10DC8000FFFD81002CFEA878CFF70DF70000003CC7
:10DC9000F52205BEFD81050009FEA9CFE20000378F
:10DCA000000038000000008C20000000000FF7008A
:10DCB0000000000058100000CFFFFFFFFFF90F75B4
:10DCC0005555555AF2F6FFFFFFFD4F5F6FFFFFFFFF
:10DCD000D1F5F5777777768F4FFFFFFFFFFFD024E1
:10DCE000444444444100CFFFFFFFFFF90F755555F1
:10DCF000544AF2F6FFFFFF004F5F6FFFFFF001F5A0
:10DD0000F5777777008F4FFFFFFFFFFFD024444464
:10DD100044444100CFFFFFFFFFF90F755554444ABB
:10DD2000F2F6FFFF20004F5F6FFFF20001F5F5777D
:10DD30007710008F4FFFFFFFFFFFD024444444447F
:10DD40004100CFFFFFFFFFF90F755444444AF2F63C
:10DD5000FF5000004F5F6FF5000001F5F5772000E0
:10DD6000008F4FFFFFFFFFFFD02444444444410095
:10DD7000CFFFFFFFFFFA0F744444444AF2F400005F
:10DD800000004F5F4000000001F5F4000000008F2C
:10DD90004FFFFFFFFFFFD0244444444441000000F4
:10DDA000005B1000000003BDF400000000A10300B0
:10DDB000000AF73900000760FFEABFAAAADF45A3FF
:10DDC0000093000410000001B8FB00000000029F57
:10DDD000B00000000000100000006BCA40009FF679
:10DDE000FF401FFF26FB04F6B46BF06FF406FF063E
:10DDF000FF90BFF05F9534CF02FBF34DC00CFF3DA9
:10DE0000F7001BFEF9000000100000123BCA221FA1
:10DE1000FFFFFFFB3666666616FFFFFFF26F6F6F50
:10DE20007F26F6F6F7F26F6F6F7F26F6F6F7F26F42
:10DE30006F6F7F24FFFFFFF10344444200000000A6
:10DE40000097000000009FF8000000A5EFE0000030
:10DE5000BFE5D40000BFFFE00000BFFFF40000BF3B
:10DE6000FFF40000AFFFF400000DFFF4000000FF1E
:10DE7000F400000002200000000000058888888669
:10DE80000008FFFFFFFFF608FFF96F69FF88FFFF3B
:10DE9000C121CFF8DFFFFF505FFF82EFFF71917F5D
:10DEA000F802EFFEDFDEFF7002DFFFFFFFE301DFBE
:10DEB000FFE51D6C5AABDF3B188BFFDFDEEBFFFF8E
:10DEC000FFFBFFFFFFFBFFFFFFFBFFFFFFFBFFFF72
:10DED000FFFBBFFFFFF600000000000000000A008B
:10DEE00008100007F00BF200008F0BFFFFFFFFF0A0
:10DEF0007FFA999999006F2000000000300000001F
:10DF000000000000212F0208F12E0208100003007B
:10DF100000FF010020DF04080000000000000000F6
:10DF2000CCF10408DCEC040838EC040838DF040801
:10DF30001000022840D0002048DF040898EB0408B5
:10DF4000F8EA04083D310000000100000000000074
:10DF500000010000020000000002000000000000BC
:10DF600000000000000000000000010000000000B0
:10DF7000000000000000000000010A0006FB000095
:10DF80000000F4F3020B0504F7020B01090207007D
:10DF9000000000000000000000000D02FE00000074
:10DFA0000000000000000000000400F90000000074
:10DFB00000FC04040000FE00FE0200FE00FEFFFC68
:10DFC00000000000FE0000FDFD0000FE00FC00005F
:10DFD00000000000000000FEFE00FD00FA00E50069
:10DFE00000FC0004070000FC02020704FC0400001F
:10DFF000F30000000000000000000000F800000036
:10E000000000000000000000000000FAFDF500F72D
:10E01000FE00000000000900F9FEFF0100FC000006
:10E02000FEEF0000000000000000000000EEFE090E
:10E03000000000000000000000000000F7000000E9
:10E04000000000000000000700020000FC000000CB
:10E0500000000000000000000000000000000902B5
:10E0600001000000000000000000000000000000AF
:10E0700000000000000000000000000000000000A0
:10E080000000000000000000F80000000000000098
:10E09000000000000000000000000000000000027E
:10E0A000040207FE000004FEF9E102060400FD0080
:10E0B000080007000700EB00FD070007FE04020050
:10E0C0000001FE0000FC1200120007000903040713
:10E0D000000000F80000000001FE0002FCFDFC0250
:10E0E00000FE000000F7000000000000000000003B
:10E0F00000F100000000000000000000000000002F
:10E100000001F400F200000000FE0016FDFD020216
:10E11000FE00FD020000F40000000000000000000E
:10E120000000EA0002000000000000000000000003
:10E1300000F2000D0000F8000700F1EAF1FC070012
:10E1400000F10003FB00FD000000000000000000E3
:10E150000000000607E500000000000000000000CD
:10E1600000000B000200000000000202FDFC00FFA6
:10E17000FFFE0000FE000000FC00FE00FBFC00FAB9
:10E18000F9F9FC00FC00FC00000000FE00000200A9
:10E1900002FE000100000002FE000000FE0202FF7D
:10E1A000000000FC00FF0000000000010003FE0072
:10E1B000FD00FC0000FE00070000FE000000000063
:10E1C000FF01FEFE0000FE00FE0000000000000057
:10E1D0000000FFFF00FEFD0000000000010000FE47
:10E1E00000FEFEFE000000000000000000FF000036
:10E1F0000000FEFD00FD00F9FEF9040000FC020431
:10E200000600FAFFFD00FFF502FE02F40200000125
:10E21000F400F4FEEDFE00F500040600030000002B
:10E22000000000FCFD00F9000000FE000000FE0000
:10E2300000000000FFFF00FFFD00000000000000E4
:10E24000FEFE00FEFDFE0000FE00000000000000DB
:10E2500000000000FEFE00FD00FE00FC020000FDCC
:10E26000010202000000000000FE000000000002A9
:10E270000000FE00FEFEFD000000000000000200A5
:10E28000FE00000000FEFD00FC0007FE01F900009A
:10E2900006F5F4F7FC0200FEF1FC00FC00FC03FCB8
:10E2A000F200FA000001FF02FE000200F9F700F59B
:10E2B000FBFBFBF9FDFA00FCFA01000100FE000087
:10E2C000000200020000000000000000000000FE4C
:10E2D00000FF00FFFE00FCFBFBFF00F90000000058
:10E2E0000000FE0000000001FF000000020000002E
:10E2F00000000000000B0000000000000200000011
:10E30000FE0000000000000000000000FC00020011
:10E31000000000000000000000000000FE000000FF
:10E32000FC00000000F5F9000000FDF50000FE0211
:10E3300000FA00000000000000000000FC0000FCEB
:10E340000000000000000000000000000200FC00CF
:10E35000000000030002FCFC00FEFEFD00000000C7
:10E360000000F900FE00FDFE00FBFAF9FE00FC00D3
:10E37000F900000000120000010000FD000200F69C
:10E380000000000000EBFC0707FEF70002FD00F5AF
:10E39000FFFD02F0FE030003F8FDF8F9F70000F3BB
:10E3A000000D0000FF000000FFFFFEFAF900EB0087
:10E3B000000000000000000001000000000000005C
:10E3C000000000000000000000FE00FFFEFD000055
:10E3D000FC00FE0000000000000000000000000043
:10E3E0000000FF00FC000004FF0300FB02FEFFFA38
:10E3F000FE00FDFEFE00FDFC0000FEFFFEFCFD0039
:10E4000000FE0002FE00FB000000FC00FC00FCFC23
:10E41000020000000000000000FC0200FD00FEFD04
:10E42000F9FEFEFEFFFEFDFF0000000000FEFEFE06
:10E430000000000003FE00FE000000FEFDFEFEFDE9
:10E44000FE000209FF00FA00FE0400FEF7FD0300D3
:10E4500000F5FC02FC0200FEFEF900FD010000FCDC
:10E460000000000202FCFC00FCFEFDFEFE00FC01C0
:10E47000FCFC07000000000000000000020000009B
:10E48000000000000000000000000000000000008C
:10E4900000000000FC000000000000000000000080
:10E4A000000000000000000000000000000000006C
:10E4B000000000000000000000000000000000005C
:10E4C000FE0000000000000000000000000000004E
:10E4D0000000000000000000000000000000FEFE40
:10E4E000000000000000000000000000FD0000FD32
:10E4F0000000FEFE00000000FE00000000FF000023
:10E50000000000FE00000000FD00FC000000F9001B
:10E5100002FB0400FEF50000FBFE00F7FAFA000023
:10E52000F6FEF7F7F500FA00020FFD00FBFEFFFE16
:10E53000FCFAFCF8F7FBFE0000FE00010000F0FE14
:10E540000705FBF80001F900F5FEFE04EBFD0100F4
:10E5500000F1FDF4FEF00000F0000D0100FE0000EF
:10E560000000FFFEF7FE00F100000000F900FE00D1
:10E57000FFFAF50000FFFDF9FE00FE00000000F6C6
:10E58000FEF9F9FEFCFAFEFC00FCFEF9FD00FDFCC4
:10E59000FEFC000100FEF9000400FC000000000386
:10E5A0000002FC0900FEFEFD000000000000F90072
:10E5B000FE00FDFE00FBFAF9FE00FC02090000006F
:10E5C00000120000010000FD000200000000000039
:10E5D0000000000000000000FEFC0000000000FF42
:10E5E000000000FEFE0000FCFE0000FC0004FF0036
:10E5F00000000000000100000000030402FE00F91A
:10E60000FC0007F9F9FCFC090402EDFE04FE00FE23
:10E6100002FEF800FE02FDFEF9FE0000070400FA0B
:10E6200000F4FD06FDF701FDF9F9FE090200FD0009
:10E63000FA000207FBF8F7FA070001F0FE02FCFE01
:10E64000FB00FBF8FDFDFE0000FBFBFE000705FEE6
:10E65000F400F4FD00F8F3FFF9FCF9FA060000FD00
:10E6600000FCFE00FEFC0004F9020000F400FEFBCA
:10E67000FCFEF9FAF9FB00F9FEFBFCF9FE000001D3
:10E680000BFC00F9FE00FEFCFBFAFAF7FDFC0400AF
:10E69000FD00F5FD0104F9F8FCF907FE01EBFC04AF
:10E6A000FBFCF800F9F7FDFEFEFEFBF9FF0000079A
:10E6B00006FEF100F3FB05F7F1FCF8F7F5F90400AD
:10E6C000000000FD000002FD0402FC040000F9FF50
:10E6D00000FF000101FE000000000000FE0000003D
:10E6E0000002070000FD00000000FEFEFD0000002B
:10E6F0000102000000000200FE000900040101FD0B
:10E700000004000000020000000000000000000003
:10E7100000070006000000000000000000000000EC
:10E720000000F300FE04000700001603FCFC0202D8
:10E73000FE01F500000BF3000000000000000000E7
:10E740000000F1091F0000000000000000000000B0
:10E7500000F30000000000000000000000000000C6
:10E76000000000000000000000000000FC0000FCB1
:10E77000FE0000000000000000000000000000009B
:10E7800000000000FE00FA0000010000021DFCFE77
:10E790000706FA0200000202FD000000000000006F
:10E7A00000000000E3060000000000000000000080
:10E7B00000000000000000FA000000FA0000000065
:10E7C000FBFF000000FB00FD00F500000000000062
:10E7D0000000000000F10000000001000000000047
:10E7E00000FE0000FC00FD00FA000000FC02FD003D
:10E7F00000FAFEFB0000FA00FE00F500FE0000EE4D
:10E80000FCF7FEF80000F100FAFF00000000000035
:10E810000000FDFCFEFC00000000FB00FB03FE040A
:10E8200000FEFBFEFCFC00FDFFFE02FAFF00000004
:10E83000ECFEFD00FB00FEF5FE0000FEFE00000009
:10E84000000200FEFCFE04000000000000000000CA
:10E8500000000000000000000000000000000000B8
:10E8600000000000000000000000000000000000A8
:10E87000000003000000000000FB00FE000000FCA0
:10E8800002000000FAFEFC0000FA00FE00F50000A5
:10E890000000EA00FCF8F50000F100FEFD000000B9
:10E8A0000000000000FEFDFFFD01000004FD000768
:10E8B0000BFEFEF9030B0405FA0309030605060027
:10E8C000000000000000000000000E0BFCFE00FE37
:10E8D000120A12000000020000080000FC00000004
:10E8E000000000000000FE00000000000000000327
:10E8F00000000000EDFDFEF7F50000F10000000053
:10E9000000000000000000000000000000FC00000B
:10E9100000000000000000FE0000000000000000F9
:10E920000300000000EDFDFEF7F50000F700000019
:10E9300000000000000000000000000000000000D7
:10E94000FE000000FB0200FE020402F90000FE02CD
:10E95000000200000000FA00FEFEFC00FEF7000EC0
:10E96000FE00FBFE00FEFC00FEFAFCFD000000FCC9
:10E97000000000000000000000FE00000000000099
:10E9800000000300000000EDFDFEF7F50000F100BF
:10E9900000000000000B000000000000000000006C
:10E9A000FC00F9FDFE07FEFEF701FF01FEFA00057F
:10E9B00000020102FBF7FD00F7FCFAF7F700FCFC90
:10E9C000FDFDFEFEFDFE00FEFF030003FE0007004E
:10E9D0000000000000000000000000FEFEFE00003D
:10E9E000FA00FF00FC000000000000000000000032
:10E9F000F30000000000000000000000FEFE00FD2B
:10EA000000000000FE0000FCFE0200FCFCFE00FA1C
:10EA1000FEFBFEFD00FC0000000000000000000006
:10EA200000F100070000FC00000000FD00FE0000F7
:10EA3000FF0000FE00FB000009FDF9F902020200E0
:10EA4000FA020302070207FEFA0000F70000F9FAD3
:10EA50000000FC00FDFC00FD00FD00FE0300FEF9CF
:10EA6000FE080000FE00FC000003FB0002FE0200A6
:10EA700000F900FEFF00FE02FE000000F7FDFB00B3
:10EA8000F90000F50008FE00FC000100FE00FEF9A0
:10EA900000FE0200000000FE000002FD010000FD7B
:10EAA000FE00FD000000000000000000000000006B
:10EAB00000000000F200050000FE00000000000061
:10EAC000FEFE0000000400050000000000F2F3015B
:10EAD0000A0704F702090008000400000000000013
:10EAE00000000000000C000000000000000000001A
:10EAF0000000000000000000000001020003040507
:10EB000002060708090A090A0B0C0D0E0F10110C5A
:10EB100012131415150000001617181917191919D2
:10EB20001719191A1919191917191719031B1C1D67
:10EB30001D1E1F2021222300240025262727270011
:10EB40002726282926262A2A272A272A2B2C2D2E33
:10EB50002E2F2E3000002309310900000000000094
:10EB600000000000000000000000000000000000A5
:10EB70000000000000000000000000000000000095
:10EB80000000000000000000000000000000000085
:10EB90000000000000000000000001020003040566
:10EBA00002060708090A090A0B0C000D0E0F1011C6
:10EBB00012130C14140000001516171819161A1B3E
:10EBC0001C1D1D1E1F201D1D1621222303241E2572
:10EBD00025262728292A2B002C002D2E2F303132D4
:10EBE000332D343435302D2D2E2E36373839333AF7
:10EBF0003A3B3A3C290000093D09000000000000B2
:10EC00000000000000000000000000000000000004
:10EC100000000000000000000000000000000000F4
:10EC200000000000000000000000000000000000E4
:10EC30000000000000000000200000005F00010054
:10EC4000000000000000000000000200B000000012
:10EC5000F3F7600060EC0408000000003E000300D1
:10EC60000000721F51EF58EF5BEF5CEF5DEF61EF5B
:10EC700063EF65EF69EF6CEF71EF76EF77EF78EFA9
:10EC80008EEF93EF98EF9BEF9CEF9DEFA1EFA2EF3C
:10EC9000A3EFA4EFB7EFB8EFBEEFC0EFC1EFC4EF43
:10ECA000C7EFC8EFC9EFCBEFE3EFE5EF14F015F0D6
:10ECB00017F019F030F037F03AF043F06CF074F0E0
:10ECC000ABF03BF190F191F192F193F194F1D7F126
:10ECD000E3F13DF254F2AAF412F7F2F7000000005B
:10ECE000000000000000C003000000000000C0039E
:10ECF000030A00000F008005050500051C00D0096F
:10ED00000A0A00004E00B008090F00FE9200D00B66
:10ED10000C0A0000CE00A0090A0B00FF0501F0025A
:10ED2000030500050D01B004040E01FD2901C00416
:10ED3000040E00FD4501A005060600055701200848
:10ED40000807000273013003030500FE7B01600524
:10ED50000503000383013003030300008801F0046E
:10ED6000070EFFFFB9015009090A0000E60130054E
:10ED7000040A0000FA011008080A00002202000834
:10ED8000080A00004A0260090A0A00007C02100812
:10ED9000080A0000A402A008090A0000D1026008C5
:10EDA000080A0000F9020009090A00002603A00869
:10EDB000080A00004E033003030800005A03300322
:10EDC000030B00FD6B032008080800018B032008DB
:10EDD00008060002A303200808080001C303000876
:10EDE000080A0000EB03800E0E0D00FD4604400AE9
:10EDF0000C0AFF008204A00A090A0100AF04200ADD
:10EE00000A0A0000E104900B0A0A010013056009D8
:10EE1000080A01003B05E008080A01006305D00A62
:10EE20000A0A00009505600B090A0100C20550049A
:10EE3000020A0100CC053007070AFF00EF05100A9F
:10EE40000A0A010021065008080A01004906600D5F
:10EE50000B0A01008006600B090A0100AD06C00B19
:10EE60000C0A0000E906200A090A01001607C00B77
:10EE70000C0D00FD6407300A090A01009107B00873
:10EE8000090A0000BE073008090A0000EB07100B52
:10EE9000090A01001808F0090B0AFF004F08C00F0B
:10EEA000100A00009F0870090A0A0000D108100922
:10EEB0000B0AFF0008093009090A00003509B004EF
:10EEC000040E01FD5109F004070EFFFF8209B00492
:10EED000040E00FD9E09300807060102B309000771
:10EEE000070100FFB709600805020109BC096008B5
:10EEF00008080000DC099009080B0100080A000856
:10EF000008080000280A9009090B00005A0A900816
:10EF1000080800007A0AF004060B00009B0AB009FA
:10EF2000090B00FDCD0A9009080B0100F90AE00366
:10EF3000020B0100040B0004050EFEFD270BA008C8
:10EF4000080B0100530BE003020B01005E0BD00E17
:10EF50000D080100920B900908080100B20BE008AF
:10EF600009080000D60B9009080B01FD020C90095E
:10EF7000090B00FD340CC00505080100480C000712
:10EF800007080000640CD005060A0000820C800906
:10EF900008080100A20CD0070908FF00C60C900C5D
:10EFA0000D080000FA0CC007080800001A0DD00771
:10EFB000090BFFFD4C0D500707080000680DF00419
:10EFC000050E00FD8B0D3004020E01FD990DF004BD
:10EFD000050E00FDBC0D200808030003C80DE00568
:10EFE00006050006D70D600404030003DD0D000EC6
:10EFF0000F0FFFFE4E0E000E0E0B00009B0E000EBC
:10F000000E0D00FFF60E000E0E0B0000430FA009C0
:10F010000A0B00007A0F000E0E0F00FEE30F000E29
:10F020000E0F00FE4C10C00F100D00FFB410000EAC
:10F030000E0F00FE1D11C00F100B00007511000E09
:10F040000E0F00FEDE110007070C00FF0812800AF9
:10F050000B0C00FF4A12C00F100E00FEBA12000E79
:10F060000E0B00000713A0090A0F00FE5213400CFC
:10F070000A0E01FE9813400C0D0F00FEFA13400C0F
:10F080000D0D00FF4F14400C0D0D00FFA414400C9B
:10F090000A0E01FEEA14400C0E0DFFFF4515C008D4
:10F0A000090D00FF8015C008090D00FFBB15400CBD
:10F0B0000D0D00FF1016400C0D0400032A16C00FA2
:10F0C000100B000082168011120F00FE0917C00FEE
:10F0D000110FFFFE8917000E0E0D00FFE417400C04
:10F0E0000D0800011818400C0D0800014C18801183
:10F0F000120B0000AF18000E0E0B0000FC18000EE3
:10F100000E0F00FE6519000E0F0FFFFED619400C02
:10F110000D0D00FF2B1A400C0D0F00FE8D1A400C38
:10F120000D0D00FFE21A400C0D0C00FF301B000E0D
:10F130000E0B00007D1BC0080A0FFFFEC81B400C11
:10F140000D0F00FE2A1C400C0D0F00FE8C1CC00F82
:10F15000100B0000E41C000E100FFFFE5C1D800A67
:10F160000B0F00FEAF1D8011120D00FF241E801139
:10F17000120A00007E1E8011120A0000D81E8011A3
:10F18000120A0000321F8011120A00008C1F801129
:10F19000120A0000E61F8011120C00FF5220400CE2
:10F1A0000C0F00FEAC20400C0D0F00FE0E21000ED7
:10F1B0000F0FFFFE7F218011120B0000E221800A59
:10F1C0000B0F00FE3522100E0F0A00000EA0D90D05
:10F1D00090C80C80B70A60110B80D91F0991F08884
:10F1E0001F0880F088000000000D203C00000F0088
:10F1F00069002FFFFFFFF7015C11A610006900C333
:10F2000000008800D2009FFFFFFFF012C523E2201C
:10F2100000D203C00000F004B00000007000000045
:10F220000E00000000E0000019EFEA300CD6E6A75F
:10F2300002F40E00001F80E000006FEF5000001687
:10F24000FFE500000E0AF00100E05F13F85E6EB00B
:10F2500005CFFE9100000E0000000070000008DDE8
:10F260003000A7004B02D004C0007700D01D200062
:10F270004B03D0A7000007DC34C4CC3000001D2DA8
:10F2800022D00000A63B00B30005C03A00A3001D39
:10F29000200D00D000A60004CC40004DFC30000042
:10F2A000F718C00001F205D00000BB6E4000005FFF
:10F2B000F3000007E6DB03802F301DBAA05F0001DA
:10F2C000DF401FB448FEC003BFFC40B20000000096
:10F2D000001F01F01F00F0000003F10B900F404FE2
:10F2E000007D009B00AA00AA009B007D004F000F3C
:10F2F000400B9003F15E000E6008C004F001F300C3
:10F30000F500E600E600F501F304F008C00E605ECB
:10F310000000930088A6C209FE404DDDB142935023
:10F32000005200000450000008A0000008A0001FC8
:10F33000FFFFF30339B3300008A0000008A000016C
:10F3400003F61E60E12C00000003FFF903331000F8
:10F3500003F52E4000000E400004E000009A00007B
:10F360000E400004F000009A00000E400003F00080
:10F37000009A00000E500003F000009A00000E50AA
:10F380000003F00000004CFE70004FB68F900DB0EF
:10F39000005F32F40000E74F20000CA4F20000CA26
:10F3A0002F40000E70DB0005F204FB68F90004CF6B
:10F3B000E700EFFB44CB00AB00AB00AB00AB00AB16
:10F3C00000AB00AB00AB07DFEA108E857EC001000A
:10F3D00006F1000006F000000D900000CC00001CBB
:10F3E000C00001DB00001DE544427FFFFFF97FFF05
:10F3F000FFF024445F900000BC000009E100003FE2
:10F40000D81000046DD0000002F4100002F4BD75A5
:10F410007DD019DFEA1000000DA0000000AC000054
:10F420000007E10000004F40100002F600F5001D4B
:10F43000A000F5007FFFFFFFF3133333F730000028
:10F4400000F500000000F50009FFFFF00AB4444099
:10F450000C8000000E7000000FFFFC4003345CF2D3
:10F46000000000F7100000F78E856CF108DFFB301C
:10F47000002AEFD5003FD657400CC0000002F40030
:10F4800000004F5BFFA104FE845DD03F80003F3051
:10F49000E80003F206F845DC0005DFE9109FFFFFF6
:10F4A000FD9D4444E99C0004F200000BB000002FD5
:10F4B000400000AD000001F6000008E000000E80F2
:10F4C00000006F1000019EFE9100BE636EC00F60D1
:10F4D000006F00CC202BC002EFFFE200DC424CD0DA
:10F4E0005F20001F55F20002F50ED535DE001AEF41
:10F4F000EA1003BFEA202FA44BE18E0000E99D0033
:10F5000000DD4F7129FF07FFFC9E000210AC0000D8
:10F5100002F607658FB00AEFD7002E53F500000002
:10F520000000003F52E42E53F50000000000002EC2
:10F5300052F60D21D001000000003100006CF201F4
:10F540008ED6000FC300000AFB40000017EE7000CB
:10F550000005C3000000001FFFFFF303333330003A
:10F56000000000000000001FFFFFF30333333004EE
:10F570000000000ED71000005CF92000002AF20005
:10F5800003AFB106DE82001C60000000000000072F
:10F59000DFEA109E746EC0010006F0000009C00092
:10F5A000008E200006F2000008700000000000003D
:10F5B0000B8000000C900000006CEFDA4000003D72
:10F5C000A41016D90001E509EE98CA900A80BD433F
:10F5D000AFC0D30F13F2000CC0693C06D00007C0C7
:10F5E0003B4B06D00007C02C3C03F2000CC04A0F76
:10F5F00010BD439EE3C50A8009EE91CF9001E5005E
:10F6000000000000003DA41028000000007CEFD99D
:10F61000100000000CF1000000003FD700000000C7
:10F62000B96E00000002F20E50000009A007D000E1
:10F63000001F3000F400007FFFFFFB0000E73333C2
:10F640004F2005F000000C900C90000006F18FFF99
:10F65000FEC408E3334BF28E00001F58E00018F19F
:10F660008FFFFFF808E33337F68E000009C8E0008B
:10F67000009D8E33347F78FFFFFD700007CFFB4085
:10F6800000CF966AF50AE20000301F600000004FCC
:10F69000200000004F200000001F600000000AE270
:10F6A00000003001CF966AF50007DFFB408FFFFEB8
:10F6B000A4008E4446CF708E000007F38E00000039
:10F6C000DA8E0000009D8E0000009D8E000000DAA2
:10F6D0008E000007F38E4446BF708FFFFEA4008F9C
:10F6E000FFFFF68E4444418E0000008E0000008F24
:10F6F000FFFFC08E3333208E0000008E0000008E8E
:10F700004444428FFFFFF98FFFFFF68E4444418E41
:10F710000000008E0000008E0000008FFFFFC08EF2
:10F720003333208E0000008E0000008E00000000A9
:10F7300007CFFC5000CF966AF60AE20000201F6057
:10F740000000004F200000004F200000B91F6000A3
:10F7500000B90AE30000B900CF966AF80007DFFCA1
:10F76000608E000008E8E000008E8E000008E8E0EF
:10F7700000008E8FFFFFFFE8E333339E8E0000080A
:10F78000E8E000008E8E000008E8E000008E8E8E1B
:10F790008E8E8E8E8E8E8E8E02FFFFC00444BC0035
:10F7A0000009C000009C000009C000009C00000986
:10F7B000C02000BA0EB58F603CFE808E00004F5016
:10F7C0008E0004F6008E003F70008E03F800008E5D
:10F7D0002EC000008EECF600008FB07F30008E004F
:10F7E0000AE1008E0000CC008E00001EA08E0000FA
:10F7F000008E0000008E0000008E0000008E0000D1
:10F80000008E0000008E0000008E0000008E444438
:10F81000408FFFFFF28E00000008E8F7000002FEB4
:10F820008FF10000BFE8DCA0004F9E8D2F300D87C8
:10F83000E8D09C06E07E8D01E7E507E8D006FC00F5
:10F840007E8D000A2007E8D00000007E8E100008A0
:10F85000E8FC00008E8FF90008E8E6F6008E8E09BD
:10F86000F308E8E00CE18E8E001EB8E8E0003FEE01
:10F870008E00006FE8E00000AE0007CFEB50000004
:10F88000CF966BF9000AE200005F601F6000000A7B
:10F89000D04F20000006F04F20000006F01F60004F
:10F8A000000AD00AE200005F6000CF966BFA000009
:10F8B00007DFEB50008FFFFD7008E4458FB08E002E
:10F8C000005F38E00001F58E00003F48E0014DD0B8
:10F8D0008FFFFFB208E33310008E00000008E00045
:10F8E00000000007CFEB500000CF966BF9000AE252
:10F8F00000005F601F6000000AD04F20000006F08B
:10F900004F20000005F01F6000000AD00AE200004E
:10F910005F6001DF855AFA000008DFFC500000003C
:10F9200001EC21940000001BFFC100000000120048
:10F930008FFFFD7008E4458FB08E00005F38E00057
:10F9400001F58E00003F38E0014DD08FFFFFC20867
:10F95000E333DA008E0002F608E00005F3019EFDB5
:10F96000A200CE646B702F40000001F8000000067A
:10F97000FD950000016AEE500000009F0020000588
:10F98000F13FA547EB004BEFE910FFFFFFFF2444D9
:10F99000BD44400009C00000009C00000009C000F8
:10F9A00000009C00000009C00000009C000000094D
:10F9B000C00000009C00009C00000BA9C00000BA21
:10F9C0009C00000BA9C00000BA9C00000BA9C0005D
:10F9D00000BA8E00000D94F40003F50CF868FD00E9
:10F9E00009EFE9100CB000000AC05F200001F5002B
:10F9F000E900008E0008F0000E70001F6005F100A5
:10FA000000AD00C9000003F43F3000000CBAC00094
:10FA100000005FF500000000EE00006F10000DB068
:10FA20000002F21F60003FF10008D00BB0008BE62F
:10FA3000000D7006F000E69B002F2001F503F14F4A
:10FA4000108D0000CA09B00E60D800006F0E60096A
:10FA5000B2F300001F9F1004F9D000000CFB00005F
:10FA6000EF80000007F600009F30003F50000DA01F
:10FA700008F2009D0000CC04F300002F9E700000EF
:10FA800006FC00000009FE1000004F4DB00001E828
:10FA900002F7000BD0007F207F20000BD00CB000BD
:10FAA000009C002F50002F30009E000C900000E8BA
:10FAB00005F1000005F3E60000000CFD0000000069
:10FAC0003F4000000002F3000000002F3000000063
:10FAD00002F300004FFFFFFF9144444AF30000038C
:10FAE000F6000001EA000000CC0000009E100000BB
:10FAF0006F4000003F7000001ED4444436FFFFFFFB
:10FB0000FC8FF68D318D008D008D008D008D008D68
:10FB1000008D008D008D008D008D318FF65D000011
:10FB200000F200000B8000006D000001F200000BED
:10FB30008000006D000001F200000B7000006D00FD
:10FB40000001F200000B7000006D000001F2BFF335
:10FB500025F302F302F302F302F302F302F302F3DA
:10FB600002F302F302F325F3BFF300AD00001EC45D
:10FB7000000885A000E20E105B00970B5002E0EE3B
:10FB8000EEEEE00BC00009B004CFEA100B745DB0DC
:10FB9000000004F004CEEEF21F8214F24F1004F2C3
:10FBA0001F703DF204DFD7F2BA000000BA00000077
:10FBB000BA000000BA8EFC30BFD54BF3BE1000CAAD
:10FBC000BA00007EBA00007EBE1000CABFD55BF34B
:10FBD000B98EFC30007DFD6009F748F42F500020FD
:10FBE0005F0000005F0000002F50002009F748F47C
:10FBF000007DFD600000001F40000001F4000000D7
:10FC00001F4008EFC4F40AF748FF42F50007F45F0D
:10FC100000002F45F00001F42F50006F40AE637ECE
:10FC2000F4008EFC4F40008EFC400AD538F42F20A3
:10FC3000008C5FEEEEFF5F2111112F70001009F8AC
:10FC400046E4007DFE80009EE305F44108C000CF3D
:10FC5000FFF029D32008D00008D00008D00008D039
:10FC60000008D00008D000007EFC4E60AF747FF624
:10FC70002F50005F65F00000F65F00000F62F60095
:10FC800006F609F747FF5007EFC4F50000003F20D4
:10FC9000CB646EB003AEFD8000BA000000BA000075
:10FCA00000BA000000BA8EFB20BFC56DD0BE0003B5
:10FCB000F2BA0000F4BA0000F5BA0000F5BA00008C
:10FCC000F5BA0000F5BAA800BABABABABABABABA5E
:10FCD000000AB0009900000000AB000AB000AB00C1
:10FCE0000AB000AB000AB000AB000AB000AA064E92
:10FCF00071DFA0BA000000BA000000BA000000BA2C
:10FD0000001CC0BA01CC00BA1CD100BBCF6000BF40
:10FD1000DBE100BD11DC00BA003F70BA0007F3BAA6
:10FD2000BABABABABABABABABABAB99EFA15DFD476
:10FD30000BFB45EDE64AF2BE0006F6000E7BA00086
:10FD40004F2000C9BA0003F1000C9BA0003F100037
:10FD5000C9BA0003F1000C9BA0003F1000C9B99E76
:10FD6000FB20BFB45DD0BE0003F2BA0000F4BA00BD
:10FD700000F5BA0000F5BA0000F5BA0000F5007D04
:10FD8000FD60009F748F702F50007F05F00001F31D
:10FD90005F00002F32F50007F009F748F70007DF92
:10FDA000D600B98EFC30BFC43AF3BE1000CABA0008
:10FDB000007EBA00007EBE1000CABFD55BF3BA7EDB
:10FDC000FC30BA000000BA000000BA000000008E4B
:10FDD000FC3F40AF748EF42F50007F45F00001F4DB
:10FDE0005F00002F42F50007F40AF748FF4008EFD4
:10FDF000C4F40000001F40000001F40000001F4098
:10FE0000B98E4BFD71BE100BB000BA000BA000BA4A
:10FE1000000BA00005DFEA13F735A06F000001EE2C
:10FE20009610016AEF300000D96C646F62AEFD700D
:10FE300008D00008D000CFFFF029D32008D0000858
:10FE4000D00008D00008D00005F551009FE3C8009D
:10FE500002F3C80002F3C80002F3C80002F3C900AD
:10FE600003F3AB0007F35F837EF306DFC5F30D906A
:10FE7000000AA06E0001F300F5007D0009C00E60CD
:10FE8000003F24F00000C8B9000006FF3000000F5A
:10FE9000C000C80006F1000D56D000CF6003F01F6F
:10FEA000302F9C009A00B807B2F10E4005E0D60C46
:10FEB00074E0000F6F007C990000AFA001FF4000CC
:10FEC00005F4000BE0004F3007E109D02F4000D9C6
:10FED000D900003FD000004FE10001E7BB000BB0AC
:10FEE0001E707E1005F30D90000AA06F0001F30054
:10FEF000F6007D0009C00D60002F34F00000C9A994
:10FF0000000005FF2000000EC0000000E500009486
:10FF1000AD00001BFC2000005FFFFFA13337F400A1
:10FF200001E70000CB00008E10004F40001EA333FD
:10FF300026FFFFFC006EA00F9201F4001F4001F4A9
:10FF4000003F303FC0006F3001F4001F4001F4005B
:10FF50001F4000FA2005EA8B8B8B8B8B8B8B8B8B56
:10FF60008B8B8B8B8BBE5002AE0005F0005F0005C3
:10FF7000F0004F1000DF104F5005F0005F0005F05B
:10FF8000005F002AE00BE40007EC40B41E25DFC050
:10FF90000100000004CC302B01C05700932B01C09E
:10FFA00005CC3006A10FF60BE200000000000000B7
:10FFB0000000000000027BFB000000049DFFFFD05A
:10FFC0000003AFFFFFFFFD0000AFFFFFFFDFD0002A
:10FFD0000AFFFFB610ED0000AF9400000ED0000A3B
:10FFE000F1000000ED0000AF1000000ED0000AF19B
:10FFF000000045FD0000AF1001EFFFD0179DF1009C
:020000040805ED
:100000005FFFFC0EFFFF1000AFFD31FFFFE00000BF
:10001000010003BDA30000000000501888888884F8
:1000200005FABFDDDDDDFDAFE47F100000CA4EE064
:100030004F100000C80EFEEF100000CFEFE03FEEC3
:10004000EEEEF80EF68F766666EB6FF8AF100000F6
:10005000CC8FE03F100000C80EFCDF655555EECF99
:10006000C25FFFFFFFF92C57750577777775FFFFA4
:100070001FFFFFFFFFFFFF2FFFFFFFFFEFFF0EFF41
:10008000FFFFFE01100011111110EFFE0EFFFFFF28
:10009000FEFFFF2FFFFFFFFFFFFF1FFFFFFFFF68B8
:1000A00087078888888668870788888886FFFF1F73
:1000B000FFFFFFFFFFFF2FFFFFFFFFDFFD0DFFFF34
:1000C000FFFD0000000000015000000000001DF8CE
:1000D0000000000001DFFD000000001DFFE22D60B8
:1000E0000001DFFE20DFF7001DFFE2008FFF71DF60
:1000F000FE200008FFFEFFE20000008FFFFE200050
:10010000000008FFE200000000007D200000000069
:10011000000000007F60000BE2EFF600BFF84FFF29
:100120006BFFD104FFFFFD10005FFFE10000BFFF88
:10013000F6000BFFDFFF60BFFD14FFF5CFD1004FCE
:10014000F61710000360000000110000000000001E
:10015000FF000000006F21FF12F70006FF61FF168D
:10016000FF601FF901FF109FF16FE001FF100EF615
:10017000AF8001FF1008FACF6001FF1006FCAF80CE
:1001800000AA0008FB7FD00000000DF71FF8000058
:10019000008FF107FF91002AFF70009FFFEEFFF92B
:1001A000000005CFFFFD50000000024420000000C9
:1001B00000000000000000000AFFA0000000000C8A
:1001C000FFC0000003D6DFFFFD6D300EFFFFFFFF15
:1001D000FFE05FFFFFAAFFFFF51AFFF4004FFFA14A
:1001E00003FFD0000DFF3004FFF0000FFF404FFF72
:1001F000FB22BFFFF42FFFFFFFFFFFF209FEFFFF0F
:10020000FFEF9000505EFFE5050000000CFFC0000E
:1002100000000004774000000000000310034100CC
:100220000000009FF50DF50000001BFDFF8DF5009F
:100230000002DFB12DFFF500004FF83EC2BFF50010
:1002400007FF55FFFE39FE409FE38FFFFFF56FF676
:10025000AC2AFFFFFFFF73E6005FFFFFFFFFF10027
:10026000006FFFD77FFFF200006FFF900DFFF200DD
:10027000006FFF900DFFF200004FFF700BFFE100D9
:100280000000003300000000000BFFB00000000081
:100290000CFFC0000000000CFFC0000000000CFFBD
:1002A000C0000000000CFFC00000008FFFFFFFF83F
:1002B00000002EFFFFFFE2000002EFFFFE20000023
:1002C000002DFFE20000799982DE289997FFFFFB5D
:1002D00022BFFFFFFFFFFFFFFFFFFFFFFFFFFFFA50
:1002E000B3CFACCCCCCCCCCCCA0006BBBBBBBA30F9
:1002F00000004FFFFFFFFFE10000EF30000006FBB2
:100300000009F800000000CF504FD0000000002F7F
:10031000E1DF84420000344BF9FFFFFD0001FFFFE5
:10032000FBFFFFFF988BFFFFFCFFFFFFFFFFFFFFBF
:10033000FCFFFFFFFFFFFFFFFB9FFFFFFFFFFFFF34
:10034000F60000000000003300018DFFC600EF0042
:100350004EFFFFFFE4DF04FFB3004CFFFF0EF90088
:1003600000008FFF6FC00001FFFFFF8E500001DE15
:10037000EEED00000000000000222222000000211B
:10038000FFFFFF100008F8FFFBBC10001EF4FFFC8D
:10039000100001DFC0FEEFE8448EFE10FE1AFFFFE2
:1003A000FFC100FD0028BB940000000002700002A5
:1003B000EF0002EFFDFFFFFFFFFFFFFFFFFFFFFF6B
:1003C000FFFFFFFFFFFF3447FFF00005FF000005C0
:1003D000C00000000000027000000002EF000000FA
:1003E00002EFF0000DFFFFFF0220FFFFFFF08E1F66
:1003F000FFFFFF00E7FFFFFFF03F5FFFFFFF0890F9
:100400003447FFF000000005FF0000000005C000B9
:100410000000000000000000000000077000000065
:1004200002700005FA0000002EF000814F6000020B
:10043000EFF001DD07F0DFFFFFF0321E80F6FFFF77
:10044000FFF08E27E0B9FFFFFFF00E73F19BFFFF77
:10045000FFF03F54F09AFFFFFFF0890AC0D83447FD
:10046000FFF0007F43F300005FF002F60CB00000E5
:1004700005C00000BF10000000000009E3000000FC
:1004800000000002100037888888888873EFFFFF1B
:10049000FFFFFFFEFE32DFFFFFFFFFF9007FFFFDE2
:1004A000FFFFFD10CFFFA07FFFFFFFFFFA0007FF58
:1004B000FFF35FA00000CFFF3003000000CFFC007F
:1004C00000000000CFFFCCCCCCCCCCFFAFFFFFFFB7
:1004D000FFFFF900002000000001FA00000006FF05
:1004E0001000000DFF7000006FFFF10001EFFFFA38
:1004F000000BFFFFFF605FFFFFFFE0CFFFFFFFF696
:10050000FEBFFFFFF9FD4FFFFFF9BF49FFFFF53FBA
:10051000E52EFFD006FFFFFD200028BA6000043062
:100520000000311FE00006F91FE0007FFA1FE0091C
:10053000FFFA1FE0AFFFFA1FEBFFFFFA1FFFFFFFFD
:10054000FA1FFFFFFFFA1FE6FFFFFA1FE05FFFFA47
:100550001FE004FFFA1FE0003EFA0FD00002D700B0
:10056000000000000200000000000CFB2000000062
:1005700000FFFF900000000FFFFFE6000000FFFFFC
:10058000FFFC30000FFFFFFFFF9100FFFFFFFFFFA9
:10059000E60FFFFFFFFFFFF2FFFFFFFFFFFD0FFF73
:1005A000FFFFFFF800FFFFFFFFB2000FFFFFFD405E
:1005B0000000FFFFF70000000FFFA1000000006A2D
:1005C0004000000000001444200144420DFFFF10D1
:1005D000DFFFF1FFFFF30FFFFF3FFFFF40FFFFF4DF
:1005E000FFFFF40FFFFF4FFFFF40FFFFF4FFFFF49B
:1005F0000FFFFF4FFFFF40FFFFF4FFFFF40FFFFF70
:100600004FFFFF40FFFFF4FFFFF40FFFFF4FFFFF1F
:1006100030FFFFF39FFFC009FFFC00144444444433
:10062000420DFFFFFFFFFFF1FFFFFFFFFFFF3FFF57
:10063000FFFFFFFFF4FFFFFFFFFFFF4FFFFFFFFF85
:10064000FFF4FFFFFFFFFFFF4FFFFFFFFFFFF4FF80
:10065000FFFFFFFFFF4FFFFFFFFFFFF4FFFFFFFF65
:10066000FFFF4FFFFFFFFFFFF39FFFFFFFFFFC00B8
:1006700002100000420FE20003FB0FFE3004FB0FEC
:10068000FFF404FB0FFFFF54FB0FFFFFFAFB0FFF0C
:10069000FFFFFB0FFFFFFFFB0FFFFFD6FB0FFFFD71
:1006A00014FB0FFFC104FB0FFB0004FB0CA00003B5
:1006B000FA0000000000000000120000000000032B
:1006C000FF60000000002EFFF500000001EFFFFFBB
:1006D0004000001DFFFFFFF30000CFFFFFFFFE20E3
:1006E0000AFFFFFFFFFFE00EFFFFFFFFFFF203998E
:1006F0009999999950058888888888700FFFFFFF1D
:10070000FFFFF30FFFFFFFFFFFF40BFFFFFFFFFFF4
:10071000D1000000000000003F9000003FFC0000FE
:100720003FFD10003FFD10003FFD10001FFD1000B9
:1007300000CFF4000000CFF4000000CFF400000070
:10074000CFF4000000CFE0000000A4000000000093
:1007500000CD1000001FFD1000003FFD1000003F05
:10076000FD1000003FFD1000003FFD000008FF905D
:100770000008FF900008FF900008FF900002FF9023
:10078000000007800000000000045000000000028C
:10079000FF60000000003FF70000000003FF700052
:1007A0000000003FF7000006999AFFC99980FFFFFB
:1007B000FFFFFFFF3DFFFFFFFFFFF201113FF711BA
:1007C00010000003FF70000000003FF70000000071
:1007D00003FF70000000000CD30000006999999994
:1007E00099980FFFFFFFFFFFF3DFFFFFFFFFFF20E1
:1007F000000000000000000001566400000000033B
:10080000BFFEEFF91000007FFA1003DFE40008FFDD
:10081000A009B41EFF504FFF200BFF26FFE1EFFFA2
:1008200009CFFF63FFFABFFF09FFFF54FFF61EFF6A
:1008300051DFFB09FFB003EFE204305FFC10002C36
:10084000FF956AFF9000000049DFFD920000000064
:1008500000000000000000CD2000000000000000AB
:100860008FF50014664000000004EFACFFEFFF912D
:100870000000001CFFA1004DFE300000009FF5AB02
:1008800031EFF40007B105FFFFE17FFE100FFE30EE
:100890002DFFF54FFF900CFFE000AFF65FFF600209
:1008A000FFF40006FFEFFB00004FFD10003EFFC00D
:1008B000000002DFE85401BFE300000005AEFF6066
:1008C00007FF60000000000000004EF6000000007E
:1008D00000000001A1000000000000000000000076
:1008E000003ED00000000000000CFF80000000006F
:1008F0000006FFFF200000000000EFFFFB000000EB
:1009000000008FFCCFF4000000002FFB00FFD000A0
:1009100000000BFFC00FFF70000004FFFD01FFFF90
:10092000100000DFFFE02FFFFA00007FFFFF9BFFBA
:10093000FFF3001FFFFFB00EFFFFC00AFFFFFE2402
:10094000FFFFFF60FFFFFFFFFFFFFFFA06CCCCCCED
:10095000CCCCCCCB30000000000036000000000002
:10096000007F80DDDB00008DEFF8FFFFB007FFFFA9
:10097000FD556FF46FF8AFE2000574FF907E200024
:10098000003FFA0000000002EFB2504A00012EFDC5
:100990001DF48FB0FFFFD10BFFFFFBFFFE2000CF48
:1009A000FFFB12210000029FC000000000005B005E
:1009B000000007A00000000008FFB000000008FFD2
:1009C000FFB0000008FF95FFB00008FF9005FFB0E2
:1009D00007FF900005FFB09F90000005FD0040005C
:1009E000000003104C20000000B60BFE200000CFDA
:1009F000F02EFE2000CFF4002EFE20CFF400002EBB
:100A0000FECFF40000002EFFF4000000002EF400E2
:100A1000000000001300000000083000000000008B
:100A20000000BFF308BBBBBB90000BFFFF39FFFF0B
:100A3000FFF1008FCFCFF000000AF100382F948033
:100A400000000AF100002F900000000AF100002FC2
:100A5000900000030AF130002F9000001FCBF8F83F
:100A6000002FEBBBBB39FFFFE2001FFFFFFFB09F72
:100A7000FD2000000000000008D10037888700003A
:100A80000000EFFFFFA0000000FFFFFFFDCCCCB691
:100A9000FFFFFFFFFFFFFFFFFFFFFFFFFFFFFFFF66
:100AA000FFFFFFFFFFFFFFFFFFFFFFFFFFFFFFFF56
:100AB000FFFFFFFFFFFFFFFFFFFFFFFFFFFFFFFF46
:100AC000FFAFFFFFFFFFFFF9000000000000000084
:100AD0000001DD10000000001DFFD100000001DF5B
:100AE000FFFD1000001DFFFFFFD100009FFFFFFF73
:100AF000F90000011CFFC1100000000CFFC0000045
:100B000000000CFFC0000000000CFFC0000079993D
:100B10003BFFB39997FFFFB2442BFFFFFFFFFEDDC2
:100B2000EFFFFFFFFFFFFFFAB3CFACCCCCCCCCCCB8
:100B3000CA00000000000200000000000004FFC71F
:100B40000000000000AFFFF0000000001FFFFD00EC
:100B500000000006FFFFC00000000008FFF70000D3
:100B60000000000CFF300000000004FFC000000087
:100B70000001EFF300004A3002DFF80005DFFE1548
:100B8000EFFB0000EFFFFFFFFA00000BFFFFFFF796
:100B90000000007FFFFFA200000002BA85000000F5
:100BA000000004860000001006FFFA0002DFD1EF0B
:100BB0003CF101DFFA0EE0AF21DFFA009FEFF6DF34
:100BC000FA00008DFFFFFB00000006FFFD000000A3
:100BD00048EFFFF600006FFFFBFFF6000EF3CF2398
:100BE000FFF600EE0AF204FFF609FEFC0004FFF136
:100BF00008DA100002620000000000000000006F30
:100C0000FFF987000008FFFF98F708A68FFFF95942
:100C100090FFA8FFFFFCCC0FFA8FFFFFFFF1FFA8AA
:100C2000FFFFFFFF1FFA8FFFFFFFF1FFA8FFFFFF8E
:100C3000FF1FFA8FFFFFFFF1FFA8FFFFFFFF1FFA63
:100C40007FFFFFFFF0FFE3122222210FFFFFFFF9DA
:100C50000000ACCCCCCB5000004999999995000E7E
:100C6000FFFFFFFFF600FD2222224FF60FC000001B
:100C700001FFF3FC0000001FFF6FC0000002FFF641
:100C8000FFFFFFFFFFFF6FFFFFDCFFFFF6FFFFB07F
:100C900005FFFF6FFFF6000FFFF6FFFFC006FFFF27
:100CA0006FFFFFEDFFFFF69FFFFFFFFFFD10CDDDA4
:100CB000DDDDDDDD2FFFFFFFFFFFF3122222222209
:100CC00022000000000000000000000000000FFFF4
:100CD000FFFFFFFFF3DEEEEEEEEEEE200000000081
:100CE00000000000000000000DEEEEEEEEEEE2FF70
:100CF000FFFFFFFFFF3000000000000037888888FA
:100D0000888873EFFFFFFFFFFFFEEFFFFFFFFFFF8E
:100D1000FE1CFFFFFFFFFFC1D28FFFFFFFF82DFF7B
:100D200064EFFFFE45FFFFFA2BFFB2AFFFFFFFD3DB
:100D3000553DFFFFFFFFFFBBFFFFFFFFFFFFFFFF73
:100D4000FFFFAFFFFFFFFFFFF9000000000001FF02
:100D5000FFF00004FFFFD00006FFFF800008FFFF48
:100D600030000AFFFFAAA60CFFFFFFF80EFFFFFFEF
:100D7000E10BDDDFFF6000004FFD0000007FF300AE
:100D80000000BFA0000000FF10000003F8000000FA
:100D900003C000000000200000000455EFB5520021
:100DA00000FFFD1FFFB0000FFFFFFFFC0000FFFF73
:100DB000533320000FFF97FFFB5700FFF8AFFFC62C
:100DC000F80FFF8AFFFC4AA1FFF8AFFFE3220FFFF5
:100DD0008AFFFFFFF4FFF8AFFFFFFF4FFF8AFFFF1F
:100DE000FFF43552AFFFFFFF40000AFFFFFFF400A2
:100DF000007FFFFFFE20000001100000000000AF98
:100E000000000000018FFA30000002EFFFFF5000E9
:100E100000BFFFFFFF10001FFFFFFFF50003FFFFF4
:100E2000FFFF70005FFFFFFFF90008FFFFFFFFC03B
:100E300000DFFFFFFFFF209FFFFFFFFFFD0EFFFF13
:100E4000FFFFFFF2022222222221000008FFC00041
:100E500000000009A20000005BBBBBBBBBBBBBA387
:100E6000FFFFFFFFFFFFFFFBFC0C30E11D0D11FC3E
:100E7000FC0B30E01D0D10FCFFFEFFEFFEFEEFFC53
:100E8000FFF15A0870A05FFCFFF37B2992C27FFC40
:100E9000FFBFCBBBBBBFCBFCFC0B2000000D00FC9D
:100EA000FFCFCCCCCCCFCCFB9FFFFFFFFFFFFFF6EB
:100EB0000000000000000200000000000005DFB09C
:100EC0000000000007EFFFD000000018FFFFFF70D8
:100ED000000029FFFFFFFF00003BFFFFFFFFF800BE
:100EE0000AFFFFFFFFFFF1000FFFFFFFFFFFA00062
:100EF000049AAAAFFFFF20000000000EFFFB0000D5
:100F00000000000EFFF400000000000EFFC0000013
:100F10000000000EFF5000000000000DFD0000006A
:100F200000000004B300000035555502000FFFFF1C
:100F3000F2F400FFFFFF2FF40FFFFFF2FFF3FFFFBC
:100F4000FF32221FFFFFFFFFF7FFFFFFFFFF8FFFB3
:100F5000FFFFFFF8FFFFFFFFFF8FFFFFFFFFF8FF1F
:100F6000FFFFFFFF8FFFFFFFFFF8FFFFFFFFFF8F78
:100F7000FFFFFFFFF88AAAAAAAAA300000002455A2
:100F8000310000000003AFFFFFFFC7000002BFFFFA
:100F9000FEDEFFFFF6005FFFB51000038EFFB0DF3F
:100FA000D300000000008FF5180005AEFEC8100445
:100FB000600002DFFFFFFFF80000000CFF95347DAA
:100FC000FF40000002A200000077000000000002C5
:100FD00096000000000000000DFF5000000000001F
:100FE000000EFF6000000000000005DA00000000B5
:100FF0005BBBBBBBBBBBBBBA20FFFFFFFFFFFFFF61
:10100000FF90FC1222222222220FF7FC5FFFFFFF3B
:10101000FFFF2CFAFC5FFFFFFFFFFF21FAFC5FFFE1
:10102000FFFFFFFF27FAFC2666666666661FFAFE6C
:10103000BBBBBBBBBBBBBFB1AFFFFFFFFFFFFFFF36
:10104000500000000000000000005BBBBBBBBBBB4E
:10105000BBBA20FFFFFFFFFFFFFFFF90FC12222221
:101060002221000FF7FC5FFFFFFFF8000CFAFC5F86
:10107000FFFFFFF80001FAFC5FFFFFFFF80007FA2F
:10108000FC2666666663000FFAFEBBBBBBBBBBBB40
:10109000BFB1AFFFFFFFFFFFFFFF500000000000E8
:1010A000000000005BBBBBBBBBBBBBBA20FFFFFFAC
:1010B000FFFFFFFFFF90FC1222221000000FF7FC41
:1010C0005FFFFFD000000CFAFC5FFFFFD0000001C3
:1010D000FAFC5FFFFFD0000007FAFC2666665000AE
:1010E000000FFAFEBBBBBBBBBBBBBFB1AFFFFFFF7B
:1010F000FFFFFFFF500000000000000000005BBB8E
:10110000BBBBBBBBBBBA20FFFFFFFFFFFFFFFF90D6
:10111000FC1222000000000FF7FC5FFF300000000F
:101120000CFAFC5FFF3000000001FAFC5FFF3000AA
:10113000000007FAFC2666100000000FFAFEBBBB99
:10114000BBBBBBBBBFB1AFFFFFFFFFFFFFFF50004B
:1011500000000000000000005BBBBBBBBBBBBBBA18
:1011600020FFFFFFFFFFFFFFFF90FC0000000000DB
:10117000000FF7FC0000000000000CFAFC0000006B
:1011800000000001FAFC00000000000007FAFC006B
:1011900000000000000FFAFEBBBBBBBBBBBBBFB176
:1011A000AFFFFFFFFFFFFFFF500000000000000047
:1011B00000000000000007B20000000000000ADF8D
:1011C000FA000000000000A93DF500000004400204
:1011D000E00010000000AFF80B600000006C30FF72
:1011E000FFFFFFFFFFFFFFF4AFF9000C5000006DA1
:1011F0004005500004C00000100000000000C43E84
:10120000E80000000000002EEFFA000000000000DF
:10121000004FFA0000000000000000000000000085
:10122000011000000007EFFFB30000AFFD8FFF20AB
:1012300004FFFD09FFB00AFEFD12AFF00EF55D2CB4
:101240000EF30FFF33129FF50FFFF307FFF60FFFAB
:10125000E206FFF60FFE24137FF50DF57D2C0DF34E
:101260000AFFFD11BFF003FFFE0BFFA0007FFEBFD2
:10127000FE100003ACDC8100000034430000056672
:101280007FFFF96650FFFFFFFFFFFF35666666666A
:1012900066501CCCCCCCCCC402FFFFFFFFFF602FFC
:1012A000F3FB7F6DF602FF2FB7F5DF602FF2FB7FB8
:1012B0005DF602FF2FB7F5DF602FF2FB7F5DF602D0
:1012C000FF2FB7F5DF602FF3FB7F6DF601FFFFFF08
:1012D000FFFF5007BCCCCCCC900000000000000108
:1012E00020000000000004FF500000000002FFFF8B
:1012F000500000000439FFFE00000004FF39FFA089
:10130000000004FFFF39B0000004FFFFFF200000D1
:1013100004FFFFFFB0000004FFFFFFB0000004FF68
:10132000FFFFB0000004FFFFFFB0000000BFFFFFA1
:10133000B00000000DFFFFB000000000FFFFB00094
:1013400000000009A8600000000000000017888865
:10135000888887400002EFFFFFFFFFFFF4003EFF99
:10136000FFCFFFCFFFF703EFFFF908F809FFF83EC3
:10137000FFFFFE20402EFFF8DFFFFFFFE101EFFF40
:10138000F89FFFFFFF80008FFFF809FFFFF902C2FF
:1013900009FFF8009FFFFE4EFE4EFFF80009FFFF19
:1013A000FFFFFFFFF700008FFFFFFFFFFFC10000FF
:1013B0000000000003EFFFFFE203FBFBCEBFA4FF32
:1013C0001D03A1FAFFF1D03A1FAFFFFFFFFFFAFFA5
:1013D000FFFFFFFFAFFFFFFFFFFAFFFFFFFFFFAFC2
:1013E000FFFFFFFFFAFFFFFFFFFFAFFFFFFFFFFA67
:1013F000FFFFFFFFFFADFFFFFFFFF829AAAAAAA882
:10140000000000000000000300000000000004F1E4
:10141000000820000001FF100BF70000002FF10C66
:10142000FF94444445FF1BFFFFFFFFFFFFF18FFFC9
:10143000FFFFFFFFFD007FF70000000000006F606E
:10144000000000000000300000000000212F020812
:10145000F12E02080A00020000FF000068140508CF
:1014600000000000000000001427050824220508E1
:1014700080210508801405081000022848D00020AB
:1014800090140508E0200508402005083D310000C3
:10149000000000000000000000000000010000004B
:1014A000000100000000000000000000000000003B
:1014B000000000000000000000000000000000002C
:1014C0000000060003FD00000000F9F80106030219
:1014D000FB01060005010400000000000000000000
:1014E00000000801FF0000000000000000000000F4
:1014F000000300FC0000000000FD02030000FF00EC
:10150000FF0100FF00FFFFFD00000000FF0000FEE4
:10151000FE0000FF00FD000000000000000000FFD2
:10152000FF00FE00FD00F10000FD0003040000FDCF
:1015300001010403FE030000F900000000000000A8
:1015400000000000FB0000000000000000000000A0
:10155000000000FDFEFA00FBFF0000000000050097
:10156000FCFF000000FE0000FFF70000000000008C
:101570000000000000F6FF05000000000000000071
:1015800000000000FB00000000000000000000045C
:1015900000010000FD00000000000000000000004D
:1015A0000000000000000501000000000000000035
:1015B000000000000000000000000000000000002B
:1015C000000000000000000000000000000000001B
:1015D000FB00000000000000000000000000000010
:1015E0000000000000000001030104FF000003FFF1
:1015F000FCEE01030300FE00050004000400F400FB
:10160000FE040004FF0301000000FF0000FE0A00CA
:101610000A00040005020204000000FB00000000B4
:1016200000FF0001FEFEFD0100FF000000FB0000C6
:10163000000000000000000000F8000000000000B2
:1016400000000000000000000000F900F8000000A9
:1016500000FF000DFEFE0101FF00FE010000F90089
:1016600000000000000000000000F4000100000085
:10167000000000000000000000F800080000FB006F
:101680000400F7F4F7FD040000F70002FD00FE007F
:1016900000000000000000000000000304F0000053
:1016A0000000000000000000000006000100000033
:1016B00000000101FEFD000000FF0000FF0000002F
:1016C000FD00FF00FDFD00FDFCFCFE00FD00FD0037
:1016D000000000FF0000010001FF00000000000109
:1016E000FF000000FF010100000000FE00000000FC
:1016F000000000000002FF00FE00FE0000FF0004EA
:101700000000FF00000000000000FFFF0000FF00DD
:10171000FF000000000000000000FFFF00FFFE00CF
:1017200000000000000000FF00FFFFFF00000000BD
:101730000000000000FF00000000FFFE00FE00FCB3
:10174000FFFC030000FD01030300FD00FE0000FAA2
:1017500001FF01F901000000F900F9FFF5FF00FAAF
:101760000003040002000000000000FEFE00FC0078
:101770000000FF000000FF0000000000FFFF00FF6E
:10178000FE00000000000000FFFF00FFFEFF000061
:10179000FF0000000000000000000000FFFF00FE4E
:1017A00000FF00FD010000FE01010100000000003B
:1017B00000FF0000000000010000FF00FFFFFE002E
:1017C0000000000000000100FF00000000FFFE001C
:1017D000FE0004FF00FC000003FAF9FBFD0100FF1E
:1017E000F8FE00FE00FD02FEF800FD000001000111
:1017F000FF000100FCFB00FAFDFDFDFCFEFD00FE0C
:10180000FD01000000FF00000001000100000000D9
:1018100000000000000000FF00FF0000FF00FEFDD0
:10182000FD0000FC000000000000FF0000000001BF
:10183000FF000000010000000000000000060000A2
:101840000000000001000000FF0000000000000098
:1018500000000000FE000100000000000000000089
:1018600000000000FF000000FE00000000FAFC0085
:101870000000FEFA0000FF0100FD00000000000073
:1018800000000000FE0000FE00000000000000005C
:10189000000000000100FE00000000020001FDFD4C
:1018A00000FFFFFE000000000000FC00FF00FEFF44
:1018B00000FDFDFCFF00FD00FC000000000A000030
:1018C000010000FE000100FA0000000000F4FE0428
:1018D00004FFFB0001FE00FAFFFE01F7FF02000219
:1018E000FCFEFBFCFB0000F800070000FF0000000E
:1018F000FFFFFFFDFC00F4000000000000000000FE
:1019000000000000000000000000000000000000D7
:1019100000FF00FFFFFE0000FD00FF0000000000D0
:10192000000000000000000000000000FD000003B7
:10193000000200FD01FF00FDFF00FEFFFF00FEFEB4
:101940000000FF00FFFEFE0000FF0001FF00FD00A1
:101950000000FD00FE00FEFE01000000000000008F
:1019600000FD0100FE00FFFEFCFFFFFF00FFFE0088
:101970000000000000FFFFFF0000000002FF00FF6A
:10198000000000FFFEFFFFFEFF0001050000FD005C
:10199000FF0300FFFBFE020000FAFE01FE0100FF54
:1019A000FFFC00FE010000FE0000000101FDFE0042
:1019B000FEFFFEFFFF00FE01FEFE0400000000002F
:1019C0000000000001000000000000000000000016
:1019D000000000000000000000000000FE00000009
:1019E00000000000000000000000000000000000F7
:1019F00000000000000000000000000000000000E7
:101A00000000000000000000FF00000000000000D7
:101A100000000000000000000000000000000000C6
:101A2000000000000000FFFF0000000000000000B8
:101A300000000000FE0000FE0000FFFF00000000AC
:101A4000FF00000000FF0000000000FF0000000099
:101A5000FE00FD000000FC0001FD0300FFFA000095
:101A6000FDFF00FBFDFC0000FAFFFBFBFA00FD00A0
:101A70000109FE00FDFF00FFFEFDFEFBFBFDFF0078
:101A800000FF00000000F7FF0403FDFB0000FC0066
:101A9000FAFFFF03F4FE000000F8FEF9FFF7000074
:101AA000F700080000FF00000000FFFFFBFF00F848
:101AB00000000000FC00FF0000FCFA0000FFFEFC3C
:101AC000FF00FF00000000FAFFFCFCFFFEFDFFFE30
:101AD00000FDFFFCFE00FEFEFFFE000100FFFC001B
:101AE0000300FE00000000020001FD0500FFFFFEF4
:101AF000000000000000FC00FF00FEFF00FDFDFCF8
:101B0000FF00FD0105000000000A0000010000FECA
:101B100000010000000000000000000000000000C4
:101B2000FFFD0000000000FF000000FFFF0000FDBF
:101B3000FF0000FD0002FF000000000000010000A7
:101B40000000020301FF00FCFE0004FCFCFDFD059B
:101B50000201F5FF03FF00FF01FFFC00FF01FEFF94
:101B6000FCFF0000040300FC00F9FE04FEFB00FE85
:101B7000FCFCFF050100FE00FD000104FDFBFBFD78
:101B8000040000F7FF01FEFFFD00FDFBFEFEFF006D
:101B900000FDFDFF000403FFF900F9FE00FCF90061
:101BA000FCFEFCFC030000FE00FDFF00FFFE000247
:101BB000FC010000F900FFFDFEFFFCFDFCFD00FC48
:101BC000FFFDFEFCFF00000006FE00FCFF00FFFD25
:101BD000FDFDFCFBFEFD0300FE00FAFE0103FCFB25
:101BE000FDFC04FF01F4FE03FDFEFB00FCFBFEFF19
:101BF000FFFFFDFC0000000404FFF800F8FD03FBFC
:101C0000F7FDFCFBFAFC0300000000FE000001FEF3
:101C10000301FE030000FC000000000000FF0000C4
:101C200000000000FF0000000001040000FE0000B2
:101C30000000FFFFFE0000000001000000000100A6
:101C4000FF000500020000FE00030000000100008C
:101C5000000000000000000000040004000000007C
:101C600000000000000000000000F800FF02000477
:101C700000000D02FDFD0101FF00FA000006F80062
:101C800000000000000000000000F7051200000046
:101C9000000000000000000000F80000000000004C
:101CA0000000000000000000000000000000000034
:101CB00000000000FE0000FEFF0000000000000029
:101CC000000000000000000000000000FF00FD0018
:101CD000000000000111FDFF0403FD0100000101EF
:101CE000FE0000000000000000000000EF04000003
:101CF000000000000000000000000000000000FCE8
:101D0000000000FD00000000FDFF000000FD00FEDF
:101D100000FA0000000000000000000000F70000D2
:101D2000000000000000000000FF0000FE00FE00B8
:101D3000FD000000FE01FE0000FDFFFD0000FD00B3
:101D4000FF00FA00FF0000F6FEFBFFFB0000F700BB
:101D5000FDFF0000000000000000FEFEFFFE00008E
:101D60000000FD00FD02FF0300FFFDFFFEFE00FE80
:101D7000FFFF01FD00000000F5FFFE00FD00FFFA7F
:101D8000FF0000FFFF000000000100FFFEFF020057
:101D90000000000000000000000000000000000043
:101DA0000000000000000000000000000000000033
:101DB0000000000000000000000002000000000021
:101DC00000FD00FF000000FD01000000FDFFFD0020
:101DD00000FC00FF00FA00000000F400FDFBFA0028
:101DE00000F700FFFE0000000000000000FFFEFF03
:101DF000FE00000002FE000406FFFFFC02060203D4
:101E0000FD020502040303000000000000000000C2
:101E100000000806FEFF00FF0A060A00000001009D
:101E200000050000FE000000000000000000FF00B0
:101E3000000000000000000200000000F5FEFFFBB3
:101E4000FA0000F7000000000000000000000000A1
:101E50000000000000FE000000000000000000FF85
:101E600000000000000000000200000000F5FEFF7E
:101E7000FBFA0000FB000000000000000000000072
:101E80000000000000000000FF000000FD0100FF56
:101E9000010201FC0000FF01000100000000FD0044
:101EA000FFFFFD00FFFB0008FF00FDFF00FFFE003D
:101EB000FFFCFDFE000000FE00000000000000002E
:101EC00000FF00000000000000000200000000F51C
:101ED000FEFFFBFA0000F700000000000006000013
:101EE0000000000000000000FE00FCFEFF04FFFFF9
:101EF000FB00FF00FFFD000300010001FDFBFE00F1
:101F0000FBFEFDFBFB00FEFDFEFEFFFFFEFF00FFF4
:101F100000020002FF0004000000000000000000BA
:101F2000000000FFFFFF0000FD00FF00FE000000BA
:101F30000000000000000000F800000000000000A9
:101F400000000000FFFF00FE00000000FF0000FE98
:101F5000FF0100FEFEFF00FCFFFDFFFE00FE000093
:101F6000000000000000000000F700040000FE0078
:101F7000000000FE00FF0000FF0000FF00FD000069
:101F800005FEFCFC01010100FC010201040104FF4B
:101F9000FD0000FB0000FCFD0000FD00FEFE00FE59
:101FA00000FE00FF0200FFFCFF050000FF00FD0037
:101FB0000002FD0001FF010000FC00FF0000FF0126
:101FC000FF000000FBFEFD00FC0000FA0005FF0022
:101FD000FE000100FF00FFFC00FF0100000000FF09
:101FE000000001FE000000FEFF00FE0000000000F7
:101FF000000000000000000000000000F8000300E6
:1020000000FF000000000000FFFF000000030003CD
:102010000000000000F8F900060402FB01050005BD
:1020200000030000000000000000000000070000A6
:1020300000000000000000000000000000000000A0
:10204000000001020003040502060708090A090A44
:102050000B0C0D0E0F10110C1213141515000000AF
:1020600016171819171919191719191A19191919E9
:1020700017191719031B1C1D1D1E1F2021222300C9
:1020800024002526272727002726282926262A2A2E
:10209000272A272A2B2C2D2E2E2F2E300000230905
:1020A00031090000000000000000000000000000F6
:1020B0000000000000000000000000000000000020
:1020C0000000000000000000000000000000000010
:1020D0000000000000000000000000000000000000
:1020E000000001020003040502060708090A090AA4
:1020F0000B0C000D0E0F101112130C141400000025
:102100001516171819161A1B1C1D1D1E1F201D1D24
:102110001621222303241E2525262728292A2B00C1
:102120002C002D2E2F303132332D343435302D2DDF
:102130002E2E36373839333A3A3B3A3C29000009DB
:102140003D09000000000000000000000000000049
:10215000000000000000000000000000000000007F
:10216000000000000000000000000000000000006F
:10217000000000000000000000000000000000005F
:10218000200000005F0001000000000000000000CF
:1021900000000200B0000000F3F76000A82105086D
:1021A000000000003E0003000000721F51EF58EFD6
:1021B0005BEF5CEF5DEF61EF63EF65EF69EF6CEF95
:1021C00071EF76EF77EF78EF8EEF93EF98EF9BEF6D
:1021D0009CEF9DEFA1EFA2EFA3EFA4EFB7EFB8EF55
:1021E000BEEFC0EFC1EFC4EFC7EFC8EFC9EFCBEF51
:1021F000E3EFE5EF14F015F017F019F030F037F0D9
:102200003AF043F06CF074F0ABF03BF190F191F1E7
:1022100092F193F194F1D7F1E3F13DF254F2AAF483
:1022200012F7F2F70000000000000000000020029A
:10223000000000000000200202050000050020034D
:10224000030300020A00A005060500001900F004BF
:10225000050700FF2B00C006070500003D008005B4
:10226000060600FF4F00B001020300025200B00258
:10227000030700FF5D00B002020700FF64003003A7
:10228000040300036A00A004050400017400D001E7
:10229000020300FF77001003030100027900D00160
:1022A000020200007B00D0020507FFFF8D005005F1
:1022B000050500009A00F00203050000A20090044A
:1022C00005050000AF00900405050000BC00600596
:1022D00006050000CB00900405050000D800F004BE
:1022E00005050000E500D00405050000F20020050A
:1022F00005050000FF00F004050500000C01D001F9
:10230000020400001001D001020600FE1601A00424
:10231000050500002301A004050300012B01A00412
:10232000050500003801900405050000450140083E
:10233000080600FF5D01E0050705FF006F011006BC
:10234000060500007E01D005060500008D01A006EF
:10235000070500009F01600505050000AC011005A0
:1023600005050000B901300606050000C801800619
:1023700006050000D701800202050000DC012004F0
:102380000505FF00E901C00506050000F801C004CD
:10239000050500000502A0070705000017028006DA
:1023A000060500002602C006070500003802C00529
:1023B000060500004702C006070600FF5C02D005C4
:1023C000060500006B02F004050500007802B00469
:1023D0000505000085025006060500009402B005C0
:1023E0000705FF00A602000909050000BD026005FF
:1023F00006050000CC0230050705FF00DE0240059F
:1024000006050000ED02B002030700FFF802D0024B
:102410000507FFFF0A03B002020700FF1103B00423
:102420000503000119030004040100FF1B03D0048D
:10243000030100051D03D0040504000027037005F7
:1024400006060000390390040504000043037005EC
:10245000050600005203E004050400005C03D002FE
:102460000406000068038005050500FF750370057C
:102470000506000084034002020600008A034002B1
:102480000307FFFF9503F00405060000A4034002C4
:1024900002060000AA03700808040000BA037005D1
:1024A00005040000C403100505040000CE037005F8
:1024B000060500FFDD037005050500FFEA03400384
:1024C00004040000F203000404040000FA035003B3
:1024D0000405000004047005050400000E048004D7
:1024E0000604FF001A043007080400002A047004E0
:1024F00005040000340480040605FFFF4304300493
:10250000040400004B04D002030700FF56046002DD
:10251000020700FF5D04D002030700FF6804A00467
:10252000050200026D0460030303000372048002CD
:102530000203000175040008080900FF990400085F
:1025400008060000B1040008080800FFD1040008D4
:1025500008060000E904800506060000FB040008E8
:10256000080800FF1B050008080800FF3B050009DC
:10257000090800FF5F050008080800FF7F05000943
:10258000090600009A050008080A00FEC2050004BA
:10259000040700FFD0050006060700FFE505000957
:1025A000090800FF0906000808060000210680054A
:1025B000060800FF39060007050801FF4D06000761
:1025C000070A00FE70060007070800FF8C060007D8
:1025D000070800FFA8060007050801FFBC06000762
:1025E0000908FFFFE0060005050800FFF4060005E6
:1025F000050800FF08070007070800FF2407000779
:10260000070200022B070009090600004607000A1E
:102610000B08FFFF720700090B08FFFF9E07000869
:10262000080800FFBE07000707060000D3070007E1
:1026300007060000E807000A0B07FFFF0F08000865
:102640000806000027080008080800FF47080008DF
:102650000909FFFF70080007080800FF900800073D
:10266000070800FFAC080007070800FFC8080007BC
:10267000070800FFE408000808060000FC08000541
:102680000708FFFF18090007070800FF34090007C3
:10269000070800FF50090009090600006B0900083F
:1026A0000A0AFFFE9D090006060800FFB509000A98
:1026B0000A0800FFDD09000A0A060000FB09000AFB
:1026C0000A060000190A000A0A060000370A000A72
:1026D0000A060000550A000A0A060000730A000AEA
:1026E0000B0800FF9F0A0007070800FFBB0A00074E
:1026F000070800FFD70A00080909FFFE000B000ABF
:102700000A0600001E0B0006070800FF3A0B10081F
:1027100009060000585746234673972900000452C3
:10272000604B9BA30807206C8C8109090000800284
:10273000BDA27680008D81008495ADB300800058E5
:102740007063080836002758671008272606208877
:10275000200999000B3A0019C220831AA03A9992D5
:102760000000007272000820B01A03801A00B0083E
:102770002073190B0C0B197348406E801510002044
:10278000000A0049D9100A000075715A60007400EF
:102790000A0002800082000A000460009100190013
:1027A000000ABB26601B9300C6601B0ABB209E204C
:1027B000A20A20A20A206AB90000C00058008700BF
:1027C0009EAA307ABE000A2004A90000A28AA900AD
:1027D00000490003A0001B08208BADB20009303D6A
:1027E000AA0560005BA80000937AAA0009AA3670C7
:1027F00000989A26802A099A40CAAD6700C00067EF
:10280000000C000670001AAB2560481DAD38401B57
:102810003A9A404A990B10953A998000953AB80037
:102820007400007474000075620000010049805C4F
:1028300030001691000000499910000049991010CD
:1028400000039820006D1494000000006AB9000095
:10285000C000A400030002800003877850284A9C2F
:102860007580B00A2880B00A28284999A60388757F
:1028700000000B9000038A1000B139004D99D10B74
:102880001003902D99B12A00842D9AD12A00392D58
:1028900099B407BAA259000093000059000007BA82
:1028A000A22EABB302A001C02A000922A001C02EB3
:1028B000ABB3002EAA82A0002DAA42A0002EAA909F
:1028C0002EAA82A0002EAA42A0002A000007BAA2C7
:1028D00059000093002359004707BAA32A002A2A67
:1028E000002A2EAABA2A002A2A002A2A2A2A2A2AB2
:1028F00005AD500075000750008409AB002A01A205
:102900002A1B202CC7002D19502A00A42A0002A03F
:10291000002A0002A0002EAA702C0003C2D700BC1F
:10292000299284C291B90C290300C02D102A2CB021
:102930002A2A4B2A2A05CA2A007A07BBB305900126
:10294000C1930008459001C107BBB3002EAA902A8D
:1029500000842A00A32EAA602A000007BBB30590BA
:1029600001C1930008459000C107BBB30000399333
:102970002EAA902A00842A00A32DAC802A01A12A25
:10298000AA27600008981000495AAA30AAEA600CE9
:102990000000C0000C0000C0003900483900483970
:1029A00000481C006606BAA00B1005704900B00074
:1029B000C15700049C00000C70009400F10393A028
:1029C0006970930C0B0B0B007980897001F202F196
:1029D000005802A0087B1000F5000A4B107602B0E8
:1029E0000A200B001B0930005B800000D000000CA7
:1029F00000006AACD0001B1000B2000B30008DAAA2
:102A0000A02D42902902902902902D40190000A08B
:102A1000000550000A000091000370000A008C0CB1
:102A20000C0C0C0C8C03C00094502709007777061F
:102A30006029980298D0840C13B9D148000048004E
:102A4000004CAB504A00C04A00C04CAA501AAA1809
:102A50004000840001AAA10000B0000B1AAAB940EE
:102A60003B9402B1A99B1999199886850101AAB1D5
:102A70000AA02A009D702900290029001A99B9404E
:102A80001C9402C1AAAB189A3048000480004C9BE9
:102A900044901B4800C4800C3700484848480370E5
:102AA000000380380380386B404800048000480AE7
:102AB000449C304D6A0480774848484848484C9BBD
:102AC00089B44903B00B4802A00C4802A00C4C9BEF
:102AD00044901B4800C4800C1AAA18403A8403A1F1
:102AE000AAA14CAB504A00C04A00C04CAA504800B2
:102AF000001AA9B9403B9403B1AA9B0000B04BA0B7
:102B00004A00480048005B95873003797AA629007F
:102B10009D70290029000B905701B5701B4803B028
:102B2000A99B0B00840570B000B750006D00B00E7B
:102B300020A0555982800AA0A82009806B00671B3D
:102B4000009B100AB20751B00B10830381A000AAAA
:102B500030004A000AB20059BB01B10B209C980A10
:102B600060C00C05B00C00C00A602828282828285E
:102B7000289700B00B00D30B00B09700293515063D
:102B8000802647072750005D020000000000002655
:102B9000BE008DFFFF00FFE95F00F3000F00F000B3
:102BA0000F00F00AFFAFF00AFAAFA00000BDCCCED4
:102BB000AB8B000758CD666AACCD666AAC8B00075C
:102BC00058BDCCCEAB34144443FF7FFFFFAB4BBBAF
:102BD000BABC5CCCCBFF7FFFFF67178886FF7FFF07
:102BE000FFAB4BBBBA0000009A000009FAA9009F96
:102BF000A0AF99FA000AFFA00000990000630082CC
:102C0000CF4AF41DFF600AFF30AF7DF3A601B30089
:102C10000C51001D7D6E708D0D65F1C70D60E6D7FE
:102C20000620E69D0004F21EC78F80019DC60000AD
:102C30000CC000188FF8818FFEEFF82FE00EF22FF6
:102C4000E00EF28FFEEFF8188FF881000CC0000044
:102C50000030220000AFAAA001DA6AFA03E8BFB888
:102C6000E3B6DFFFD6B08FFBFF8008FC0CF8005BFB
:102C7000808B50000FF000000FF000000FF00007F5
:102C8000FFFF70009FF900787AA787FFFBBFFFFF67
:102C9000FFFBBF05FFFFF501E30003E1A80000080B
:102CA000AFFF606FFFFFFFFFFFFDFFFFFFFD0000B5
:102CB000000302BFFB3F2E9118FF9A006CFF31000A
:102CC000244444420013FFC600B9FEA55BD1F28C38
:102CD000C81030000000000934CFFFFFFFFFABFF3A
:102CE000004F000100090034CF01FFFF1BFFFF1B55
:102CF000BBFF01004F0000010000000054000090E5
:102D000023B334CF02C3BFFFF1B56CFFFF1B56CA1C
:102D1000BFF02C3A004F023B3000100540DFFFFFB0
:102D2000FDF07FFFFFF8CFB1BFFB5B000FF00000AD
:102D30000FDFFFFFFD00B40003FB000BFF406FFF40
:102D4000D0DFFFF5F8FFF7AA8FF21AFD4040002F01
:102D5000208FF29FFFCFFFFFFFFF5EFFF22EFB10E1
:102D6000190000000DA10000FFF7000FFFFD40FF5C
:102D7000FFFFAFFFFFFAFFFFD40FFF7000DA100074
:102D8000000000009B909B9FFF0FFFFFF0FFFFFFE5
:102D90000FFFFFF0FFFFFF0FFFFFF0FFF2420242C5
:102DA0002444442FFFFFFFFFFFFFFFFFFFFFFFFF54
:102DB000FFFFFFFFFFFFFFFFF8BBBBB820004F8006
:102DC0002FFF92FFFFCFFFFFFFFE5FFD22F9101BD9
:102DD0000000200000008F8000007FFF70005FFF78
:102DE000FF500EFFFFFE00588888500FFFFFFF00C6
:102DF000ABBBBBA000062007F407F505F6001EB02C
:102E0000002EB0002E600010260004F70005F70029
:102E100006F500BE10BE206E200010000004000069
:102E200003F300004F40078AFA87EFFFFFE004F446
:102E300000004F400001B1007888887EFFFFFE004F
:102E40008CCC8001DD163DD1CF55ED5FCBF5DFD5C4
:102E5000FC1DD373DD1008DCC8101D30000000001D
:102E60005E8CCCA200002DB449F4007A1AFF3FE139
:102E700007FA06F7FF100AF303EF400006CC71BB18
:102E800010000000008900003E300000000CFC0033
:102E9000000006FCF6000000ED0DE000008FE0EF02
:102EA00080002FFF6FFF200BFFE2EFFA00DFFFFF34
:102EB000FFD000000020440004F5EFB1CFFD018CED
:102EC000D1C101DC81C1EFC1BFFD440004F50000A8
:102ED00000200000000004E40004FCF404F808F4FE
:102EE000B80008B00000000000000B80008B4F808D
:102EF0008F404FCF40004E4000000000009414442B
:102F00004000BFF8BBBF1008B76000E1000B4000F5
:102F10001E2000B7445EFD5007BBB85F8000000074
:102F2000002000DFFB0000FFFFFFFDFFFFFFFFFFB2
:102F3000FFFFFFFFFFFFFFDFFFFFFD000990000025
:102F40009FF90007FFFF70000FF000000FF00078FE
:102F50004FF487FFE88EFFFFFFFBBF00000000007B
:102F6000000007EA000000EFE000000CFC00000099
:102F70004F7000001DE007DC4DF300EFFFE3000A97
:102F8000EC70000003000000CDC02DC0E7F2EE2081
:102F90004BFFE20004FFA000CDF9F900E7E07F90CD
:102FA0004A40045000FFF7474FFF47F8FFFFFF8FED
:102FB000FFFFF8FFFFFF8FFFFFFB78887FFFFF0019
:102FC0002444410FBBBBE2F0000FDF4444FFFFFC91
:102FD000FFFFF909FFFFD5DFF8BBBBB80111110FE7
:102FE000FFFFFF01111105555555CCCCCCC0111177
:102FF00010FFFFFFF0111110DFFFFFFD9FFFFFF932
:10300000B7FFFF7BFE7CC7EFFFFAAFFFDFFFFFFDDF
:1030100007FF6000AFF2000CFF8700EFFFB0078EE4
:10302000F20000F800003E000006500079B9700F71
:10303000FCFF00FF68830FF8FF8BFF8FF88FF8FF0E
:10304000FF788FFFF007FFFF000D00004EFE300DF0
:10305000FFFD00FFFFF03FFFFF3BFFFFFB7888888D
:103060006004F400DFFFFFFFDF1881881FFEAACA9B
:10307000AEFFEAACAAEFF1800081FDFFFFFFFD008B
:10308000000000000000004BC000005CFFB0006EBC
:10309000FFFF400DFFFFFC000688CFF50000008F0A
:1030A000E00000008F600000005D000000000000F4
:1030B00000FFF8B0FFF8FBFFFC88FFFFFFFFFFFFFA
:1030C000FFFFFFFFFFFFFFFFFF000477400009FF46
:1030D000CCFF90CD400004DC204BFFB40201FA5538
:1030E000AF1000002100000000EE0000000087008B
:1030F000002444444440FBBBBBBBDAF7EEEEEE5F7A
:10310000F8FFFFFF2FF5666666AB8BBBBBBBB32436
:1031100044444440FBBBBBBBDAF7EEEE705FF8FF04
:10312000FF802FF5666654AB8BBBBBBBB324444416
:103130004440FBBBBBBBDAF7EEE0005FF8FFF000FA
:103140002FF5666444AB8BBBBBBBB3244444444003
:10315000FBBBBBBBDAF7E700005FF8F800002FF518
:10316000654444AB8BBBBBBBB32444444440FBBB72
:10317000BBBBD8F00000005FF00000002FF4444417
:1031800044AD8BBBBBBBB30000000000000007D800
:103190000000000736400009B191111720EF88D8D0
:1031A00088D9022006487000000006EC00000000EC
:1031B00000000006DDC304FF3ED09CB55F2BF71A6C
:1031C000F4BF81BF39C964F24FF3DE006DED307892
:1031D000DFD8778888878FFFFF88CC8CC88CC8CCD5
:1031E00088CC8CC88CC8CC85FFFFF50000007E30F1
:1031F00000004BFE00008F9B70008FFF40008FFF90
:1032000080007FFF80000EFF800000EE7000000055
:103210000000000000AFFFFFFC0BFF9CC9FFAFFFE9
:10322000C11CFFAFFFC11CFF0BFF9CC9FF00AFFF1C
:10323000FFFC07FFFE17B627C3FEB9BE3FFFFFF333
:10324000FFFFFF3FFFFFF3FFFFFF3CFFFFE1000039
:10325000000300230002F02E92225F0DFFFFFFF01B
:103260002E9222210023000000000000E1C6D1655B
:10327000C145B0E3D8CCC0CBA8AA8869893578F419
:1032800068D348B159B65175413430D23A5531F30B
:1032900029B2190F1C5C1BBA13380A3404DC045A17
:1032A00003B702B3057804B40411030C044F03CD33
:1032B000034B026845083C672BE61AE47D886CE7FF
:1032C00054453343C646ADA59CE483A2FEC6FE0525
:1032D000FD44F3E2FD80FD00FC60FB60FC60F3E078
:1032E000EB60E280F283E243DA02B9A16A685A062F
:1032F00049A53924536F42CC3229218773AE630C20
:1033000042082104EA8AE38EECD3FE7AFF5DEA0FDD
:10331000F312F476FDDAFF3DAA37BB59CC9BE5FCEE
:10332000F73E7AB893B9B4FBD63DEF3E5B587C3993
:103330009D5BC65DEF5E453E65BE965FBEFFE79F47
:103340002DBE4E1E86BFB73FE7BF263B4E9C86FD77
:10335000B75EE7BF25334DB58658B6FBE79E65CD12
:103360008630A6B4CF39EFBD9E6CAEB0C714DF79FE
:10337000F7DDD70ADF2EE773F7B8FFDCFF6BFF8EB0
:10338000FFB3FFD8FFFCFE45FEA9FF10FF76FFDC70
:10339000FD24FDA9FE70FF16FF9CFB88FC4CFD522E
:1033A000FE77FF5C8B6CA44FBD54D679EF5D7C93A8
:1033B0009535B5F8CEDBEF7EBDF7E71CEF7DF7BEA8
:1033C000FFDF0000F206E8EC993661D63A9624BE9B
:1033D000055E05FA04B14D6A8E09CEE7FF47FE008F
:1033E000FCC0FAA47AA963F19CF3000000003C023F
:1033F0007804B306EE08280B610D990FD01106145E
:103400003A166C189D1ACB1CF71E212148236C25F7
:103410008E27AC29C72BDF2DF32F0332103418363B
:103420001C381C3A173C0E3EFF3FEC41D443B645D6
:1034300093476A493C4B084DCD4E8D504652F95347
:10344000A5554B57EA58825A135C9C5D1F5F9A60E2
:103450000D627963DD6439668D67D9681D6A596BC1
:103460008C6CB76DD96EF36F04710C720B730174B1
:10347000EE74D275AD767F7747780679BB79677A37
:103480000A7BA27B327CB77C337DA57D0D7E6C7E72
:10349000C07E0B7F4B7F827FAF7FD27FEB7FFA7F37
:1034A000FF7F000000040404040404040404040076
:1034B00000000000060606060606050000000000E3
:1034C00000000000000000000000000002000000FA
:1034D00000000000000004000002000202000000E2
:1034E00000000000020202020002000000020000D0
:1034F00000000000020000000001010505050105B3
:103500000000000000100101000000001002020C89
:103510000C1212000000000030B204088976020884
:103520000000000000000000117B02080000000005
:103530004104000030B20408558A02084989020893
:10354000000000003588020804010D00000600009C
:1035500030B20408218B02080000000000000000C7
:1035600000000000D127D1274402000030B2040837
:10357000ED940208F591020800000000359702085A
:103580000401820085030000F8350508B79D020894
:10359000AB9D0208000000000000000000000000D9
:1035A0008004000030B2040881A2020865A202086B
:1035B00000000000759F0208D127D127C402000037
:1035C00030B204082FA50208B5A2020800000000CE
:1035D00005AA0208000000008002000030B20408C2
:1035E00061A6020875A302080000000055AC02089D
:1035F0008200D1270504000030B2040855B102084A
:1036000027B102080000000059B30208D127D127D2
:10361000C003000030B20408C5C60208EDBA0208B3
:103620000000000019C70208D127D127C0040000FC
:1036300030B2040855CF020800000000000000006E
:10364000C9CD0208D127D127C002000014360508D1
:1036500000000000000000000000000035D2020859
:1036600000000000C004000030B2040869D4020861
:10367000000000000000000029D50208D1278200C8
:10368000C50200003435050819DB020800000000FF
:103690000000000075DB0208000000008507000044
:1036A00030B20408DDE602080BE402080000000066
:1036B00019E4020834001E008402000030B204083D
:1036C0004DF30208E1F2020800000000ADEF02082D
:1036D000D127D1278503000030B20408B9F70208CA
:1036E0004DF4020800000000D9FE02080401820027
:1036F0004406000005380102A00E0000003705084E
:103700000000FF0000FF0000FF0000FF0000FF00BE
:1037100000FF0000FF0000FF0000FF0000FF0000AE
:10372000FF0000FF0000FF0000FF0000FF0000FF9F
:103730000000FF0000FF0000FF0000FF0000FF008E
:1037400000FF0000FF0000FF0000FF0000FF00007E
:10375000FF0000FF0000FF0000FF0000FF0000FF6F
:103760000000FF0000FF0000FF0000FF0000FF005E
:1037700000FF0000FF0000FF0000FF0000FF00004E
:10378000FF0000FF0000FF0000FF0000FF0000FF3F
:103790000000FF0000FF0000FF0000FF0000FF002E
:1037A00000FF0000FF0000FF0000FF0000FF00001E
:1037B000FF0000FF0000FF0000FF0000FF0000FF0F
:1037C0000000FF0000FF0000FF0000FF0000FF00FE
:1037D00000FF0000FF0000FF0000FF0000FF0000EE
:1037E000FF0000FF0000FF0000FF0000FF0000FFDF
:1037F0000000FF0000FF0000FF0000FF0000FF00CE
:1038000000FF0000FF0000FF0000FF0000FF0000BD
:10381000FF0000FF0000FF0000FF0000FF0000FFAE
:103820000000FF0000FF0000FF0000FF0000FF009D
:1038300000FF0000FF0000FF0000FF0000FF00008D
:10384000FF0000FF0000FF0000FF0000FF0000FF7E
:103850000000FF0000FF0000FF0000FF0000FF006D
:1038600000FF0000FF0000FF0000FF0000FF00005D
:10387000FF0000FF0000FF0000FF0000FF0000FF4E
:103880000000FF0000FF0000FF0000FF0000FF003D
:1038900000FF0000FF0000FF0000FF0000FF00002D
:1038A000FF0000FF0000FF0000FF0000FF0000FF1E
:1038B0000000FF0000FF0000FF0000FF0000FF000D
:1038C00000FF0000FF0000FF0000FF0000FF0000FD
:1038D000FF0000FF20A2FF3041FF3041FF4061FFA9
:1038E0004061FF5082FF5082FF5082FF6882FF6874
:1038F00082FF6882FF8861FF8861FF9882FF98825B
:10390000FF9882FFA182FFA182FFA2A2FFA2A2FFD5
:10391000A2A2FFA3C2FFA3C2FF9CC2FF9CC2FF9C46
:10392000C2FF9CC2FF9CC2FF6CE2FF6CE2FF6CE234
:10393000FF44E2FF44E2FF44E2FF14E5FF14E5FF29
:1039400014E5FF14E5FF14E5FF14EBFF14EBFF147F
:10395000EFFF14EFFF14EFFF14D3FF14D3FF14D3C2
:10396000FF13D4FF13D4FF12F4FF1294FF1294FF3D
:103970001194FF1194FF1093FF1093FF1093FF0811
:1039800070FF0870FF108DFF108DFF108DFF1089E4
:10399000FF1089FF1089FF1085FF1085FF1085FF3C
:1039A0001085FF1085FF1085FF1085FF1082FF1026
:1039B00082FF1082FF1082FF1082FF20A2FF3041A1
:1039C000FF3800FF3800FF5000FF5000FF6800FF85
:1039D0007800FF8000FFA000FFA000FFB800FFD02C
:1039E00000FFD000FFF800FFF800FFF8A0FFFA008A
:1039F000FFFA00FFFB60FFFC20FFFC80FFFDE0FF03
:103A0000FDE0FFFF20FFFFE0FFFFE0FFE7E0FFE753
:103A1000E0FFC7E0FF9FE0FF9FE0FF6FE0FF5FE098
:103A2000FF47E0FF07E0FF07E0FF07E6FF07E8FFCB
:103A300007EAFF07F0FF07F0FF07F5FF07F9FF07A9
:103A4000FAFF07FFFF07FFFF073FFF061FFF05FF06
:103A5000FF047FFF03FFFF037FFF01FFFF01FFFF65
:103A600000BFFF001FFF001FFF0019FF0019FF002C
:103A700016FF0012FF0012FF000EFF000EFF000BEA
:103A8000FF0008FF0008FF0006FF0006FF0006FF1A
:103A90000004FF0004FF0003FF0002FF0002FF001C
:103AA00000FF0000FF1082FF3041FF3800FF3800A8
:103AB000FF5000FF5000FF6800FF7800FF8000FF0C
:103AC000A000FFA000FFB800FFD000FFD000FFF86B
:103AD00000FFF800FFF8A0FFFA00FFFA00FFFB600C
:103AE000FFFC00FFFC80FFFDE0FFFDE0FFFF20FF8B
:103AF000FFE0FFFFE0FFE7E0FFE7E0FFC7E0FF9F39
:103B0000E0FF9FE0FF6FE0FF5FE0FF47E0FF07E0BF
:103B1000FF07E0FF07E6FF07E8FF07EAFF07F0FF00
:103B200007F0FF07F5FF07F9FF07FAFF07FFFF0799
:103B3000FFFF073FFF061FFF05FFFF047FFF03FF97
:103B4000FF037FFF01FFFF01FFFF00BFFF001FFF1B
:103B5000001FFF0019FF0019FF0015FF0012FF00F2
:103B600012FF000EFF000EFF000BFF0008FF000811
:103B7000FF0006FF0006FF0006FF0004FF0004FF31
:103B80000003FF0002FF0002FF0000FF0000FF1023
:103B900082FF3041FF3800FF3800FF5000FF500027
:103BA000FF6800FF7800FF8000FFA000FFA000FF7B
:103BB000B800FFD000FFD000FFF800FFF800FFF8CA
:103BC000A0FFFA00FFFA00FFFB60FFFC00FFFC8093
:103BD000FFFDE0FFFDE0FFFF20FFFFE0FFFFE0FF54
:103BE000E7E0FFE7E0FFC7E0FF9FE0FF9FE0FF6F38
:103BF000E0FF5FE0FF47E0FF07E0FF07E0FF07E6C9
:103C0000FF07E8FF07EAFF07F0FF07F0FF07F5FFF0
:103C100007F9FF07FAFF07FFFF07FFFF073FFF0650
:103C20001FFF05FFFF047FFF03FFFF037FFF01FF6F
:103C3000FF01FFFF00BFFF001FFF001FFF0019FF74
:103C40000019FF0015FF0012FF0012FF000EFF0019
:103C50000EFF000BFF0008FF0008FF0006FF000634
:103C6000FF0006FF0004FF0004FF0003FF0002FF47
:103C70000002FF0000FF0000FF1082FF3041FF380C
:103C800000FF3800FF5000FF5000FF6800FF780081
:103C9000FF8000FFA000FFA000FFB800FFD000FFE2
:103CA000D000FFF800FFF800FFF8A0FFFA00FFFACD
:103CB00000FFFB60FFFC00FFFC80FFFDE0FFFDE07C
:103CC000FFFF20FFFFE0FFFFE0FFE7E0FFE7E0FF8F
:103CD000C7E0FF9FE0FF9FE0FF6FE0FF5FE0FF476F
:103CE000E0FF07E0FF07E0FF07E6FF07E8FF07EA5E
:103CF000FF07F0FF07F0FF07F5FF07F9FF07FAFFDF
:103D000007FFFF07FFFF073FFF061FFF05FFFF0439
:103D10007FFF03FFFF037FFF01FFFF01FFFF00BFE6
:103D2000FF001FFF001FFF0019FF0019FF0015FF14
:103D30000012FF0012FF000EFF000EFF000BFF003D
:103D400008FF0008FF0006FF0006FF0006FF000452
:103D5000FF0004FF0003FF0002FF0002FF0000FF5E
:103D60000000FF1082FF3041FF3800FF3800FF5095
:103D700000FF5000FF6800FF7800FF8000FFA000F8
:103D8000FFA000FFB800FFD000FFD000FFF800FF49
:103D9000F800FFF8A0FFFA00FFFA00FFFB60FFFC4D
:103DA00000FFFC80FFFDE0FFFDE0FFFF20FFFFE0E4
:103DB000FFFFE0FFE7E0FFE7E0FFC7E0FF9FE0FF76
:103DC0009FE0FF6FE0FF5FE0FF47E0FF07E0FF07D6
:103DD000E0FF07E6FF07E8FF07EAFF07F0FF07F04D
:103DE000FF07F5FF07F9FF07FAFF07FFFF07FFFFD0
:103DF000073FFF061FFF05FFFF047FFF03FFFF03D1
:103E00007FFF01FFFF01FFFF00BFFF001FFF001F3B
:103E1000FF0019FF0019FF0015FF0012FF0012FF3D
:103E2000000EFF000EFF000BFF0008FF0008FF0060
:103E300006FF0006FF0006FF0004FF0004FF00036A
:103E4000FF0002FF0002FF0000FF0000FF1082FFE2
:103E50003041FF3800FF3800FF5000FF5000FF687E
:103E600000FF7800FF8000FFA000FFA000FFB80067
:103E7000FFD000FFD000FFF800FFF800FFF8A0FF20
:103E8000FA00FFFA00FFFB60FFFC00FFFC80FFFD73
:103E9000E0FFFDE0FFFF20FFFFE0FFFFE0FFE7E0C6
:103EA000FFE7E0FFC7E0FF9FE0FF9FE0FF6FE0FF5D
:103EB0005FE0FF47E0FF07E0FF07E0FF07E6FF07DF
:103EC000E8FF07EAFF07F0FF07F0FF07F5FF07F934
:103ED000FF07FAFF07FFFF07FFFF073FFF061FFF70
:103EE00005FFFF047FFF03FFFF037FFF01FFFF01CB
:103EF000FFFF00BFFF001FFF001FFF0019FF001999
:103F0000FF0015FF0012FF0012FF000EFF000EFF62
:103F1000000BFF0008FF0008FF0006FF0006FF007F
:103F200006FF0004FF0004FF0003FF0002FF000281
:103F3000FF0000FF0000FF1082FF3041FF3800FF4C
:103F40003800FF5000FF5000FF6800FF7800FF803E
:103F500000FFA000FFA000FFB800FFD000FFD000CE
:103F6000FFF800FFF800FFF8A0FFFA00FFFA00FFDB
:103F7000FB60FFFC00FFFC80FFFDE0FFFDE0FFFFBA
:103F800020FFFFE0FFFFE0FFE7E0FFE7E0FFC7E023
:103F9000FF9FE0FF9FE0FF6FE0FF5FE0FF47E0FF74
:103FA00007E0FF07E0FF07E6FF07E8FF07EAFF0774
:103FB000F0FF07F0FF07F5FF07F9FF07FAFF07FF1C
:103FC000FF07FFFF073FFF061FFF05FFFF047FFFFF
:103FD00003FFFF037FFF01FFFF01FFFF00BFFF00A3
:103FE0001FFF001FFF0019FF0019FF0015FF00123F
:103FF000FF0012FF000EFF000EFF000BFF0008FF86
:104000000008FF0006FF0006FF0006FF0004FF0097
:1040100004FF0003FF0002FF0002FF0000FF00009A
:10402000FF1082FF3041FF3800FF3800FF5000FFD3
:104030005000FF6800FF7800FF8000FFA000FFA095
:1040400000FFB800FFD000FFD000FFF800FFF8002D
:10405000FFF8A0FFFA00FFFA00FFFB60FFFC00FF83
:10406000FC80FFFDE0FFFDE0FFFF20FFFFE0FFFF22
:10407000E0FFE7E0FFE7E0FFC7E0FF9FE0FF9FE032
:10408000FF6FE0FF5FE0FF47E0FF07E0FF07E0FFB3
:1040900007E6FF07E8FF07EAFF07F0FF07F0FF0763
:1040A000F5FF07F9FF07FAFF07FFFF07FFFF073FCD
:1040B000FF061FFF05FFFF047FFF03FFFF037FFFD6
:1040C00001FFFF01FFFF00BFFF001FFF001FFF00F8
:1040D00019FF0019FF0015FF0012FF0012FF000E6C
:1040E000FF000EFF000BFF0008FF0008FF0006FFA7
:1040F0000006FF0006FF0004FF0004FF0003FF00AE
:1041000002FF0002FF0000FF0000FF1082FF3041AD
:10411000FF3800FF3800FF5000FF5000FF6800FF2D
:104120007800FF8000FFA000FFA000FFB800FFD0D4
:1041300000FFD000FFF800FFF800FFF8A0FFFA0032
:10414000FFFA00FFFB60FFFC20FFFC80FFFDE0FFAB
:10415000FDE0FFFF20FFFFE0FFFFE0FFE7E0FFE7FC
:10416000E0FFC7E0FF9FE0FF9FE0FF6FE0FF5FE041
:10417000FF47E0FF07E0FF07E0FF07E6FF07E8FF74
:1041800007EAFF07F0FF07F0FF07F5FF07F9FF0752
:10419000FAFF07FFFF07FFFF073FFF061FFF05FFAF
:1041A000FF047FFF03FFFF037FFF01FFFF01FFFF0E
:1041B00000BFFF001FFF001FFF0019FF0019FF00D5
:1041C00016FF0012FF0012FF000EFF000EFF000B93
:1041D000FF0008FF0008FF0006FF0006FF0006FFC3
:1041E0000004FF0004FF0003FF0002FF0002FF00C5
:1041F00000FF0000FF1082FF3041FF3041FF3041DF
:10420000FF4061FF4061FF5000FF6800FF6800FF52
:104210008861FF8861FF9882FFB041FFB041FFD005
:1042200000FFD821FFD0C1FFD1C1FFD1C1FFD30111
:10423000FFD3A1FFD3A1FFD501FFD501FFD5E1FF3A
:10424000D6A1FFD6A1FFB6A1FFB6A1FFB6A1FF86FA
:10425000A1FF86A1FF5EA1FF5EA1FF3EA1FF0EA10F
:10426000FF0EA1FF0EA7FF0EA7FF0EA7FF0EAEFFCA
:104270000EAEFF0EB2FF0EB5FF0EB5FF0EBAFF0E6B
:10428000BBFF0E1AFF0D1AFF0CFAFF0B7AFF0B7A19
:10429000FF0B7AFF09DAFF09DAFF089BFF089BFF93
:1042A0000019FF0855FF0855FF0012FF0870FF08AE
:1042B00070FF000BFF000BFF000BFF0846FF0846D6
:1042C000FF0846FF0846FF0846FF0004FF0004FF02
:1042D0000003FF0003FF0002FF0841FF0841FF1039
:1042E00082FF0000FF0000FF0000FF0000FF000051
:1042F000FF0000FF0000FF0000FF0000FF0000FFC4
:104300000000FF0000FF0000FF0000FF0000FF00B2
:1043100000FF0000FF0000FF0000FF0000FF0000A2
:10432000FF0000FF0000FF0000FF0000FF0000FF93
:104330000000FF0000FF0000FF0000FF0000FF0082
:1043400000FF0000FF0000FF0000FF0000FF000072
:10435000FF0000FF0000FF0000FF0000FF0000FF63
:104360000000FF0000FF0000FF0000FF0000FF0052
:1043700000FF0000FF0841FF0000FF0000FF0000F9
:10438000FF0000FF0000FF0000FF0000FF0000FF33
:104390000000FF0000FF0000FF0000FF0000FF0022
:1043A00000FF0000FF0000FF0000FF0000FF000012
:1043B000FF0000FF0000FF0000FF0000FF0000FF03
:1043C0000000FF0000FF0000FF0000FF0000FF00F2
:1043D00000FF0000FF0000FF0000FF0000FF0000E2
:1043E000FF0000FF0000FF0000FF0000FF0000FFD3
:1043F0000000FF0000FF0000FF0000FF0000FF00C2
:1044000000FF0000FF0000FF0000FF0000FF0000B1
:10441000FF0000FF0000FF0000FF0000FF0000FFA2
:104420000000FF0000FF0000FF0000FF0000FF0091
:1044300000FF0000FF0000FF0000FF0000FF000081
:10444000FF0000FF0000FF0000FF0000FF0000FF72
:104450000000FF0000FF0000FF0000FF0000FF0061
:1044600000FF0000FF0000FF0000FF0000FF000051
:10447000FF0000FF0000FF0000FF0000FF0000FF42
:104480000000FF0000FF0000FF0000FF0000FF0031
:1044900000FF0000FF0000FF0000FF0000FF000021
:1044A000FF0000FF0000FF0000FF0000FF0000FF12
:1044B0000000FF0000FF0000FF0000FF0000FF0001
:1044C00000FF0000FF0000FF0000FF0000FF0000F1
:1044D000FF0000FF0000FF0000FF0000FF0000FFE2
:1044E0000000FF0000FF0000FF0000FF0000FF00D1
:1044F00000FF0000FF0000FF0000FF0000FF0000C1
:10450000FF0000FF0000FF0000FF0000FF0000FFB1
:104510000000FF0000FF0000FF0000FF0000FF00A0
:1045200000FF0000FF0000FF0000FF0000FF000090
:10453000FF0000FF0000FF0000FF0000FF0000FF81
:104540000000FF0000FF0000FF0000FF0000FF0070
:1045500000FF0000FF0000FF0000FF0000FF000060
:10456000FF0000FF0000FF0000FF0000FF0000FF51
:104570000000FF0000FF0000FF0000FF0000FF0040
:1045800000FF0000FF0000FF0000FF0000FF000030
:10459000FF0000FF0000FF0000FF0000FF0000FF21
:1045A000494E4600696E66004E414E006E616E00D7
:1045B00030003031323334353637383941424344B4
:1045C000454600303132333435363738396162632D
:1045D0006465660065256C64002C2066756E6374E6
:1045E000696F6E3A2000617373657274696F6E2033
:1045F00022257322206661696C65643A2066696CC5
:104600006520222573222C206C696E652025642587
:104610007325730A00496E66696E697479004E618C
:104620004E005245454E54206D616C6C6F63207393
:104630007563636565646564002F6275696C642FDA
:10464000676E752D746F6F6C732D666F722D73743A
:104650006D33325F31342E332E72656C312E323031
:104660003235313032372D303730302F7372632F7F
:104670006E65776C69622F6E65776C69622F6C6905
:1046800062632F7374646C69622F64746F612E634C
:104690000042616C6C6F632073756363656564656C
:1046A00064002F6275696C642F676E752D746F6F6F
:1046B0006C732D666F722D73746D33325F31342ECF
:1046C000332E72656C312E32303235313032372D27
:1046D000303730302F7372632F6E65776C69622FBD
:1046E0006E65776C69622F6C6962632F7374646C9A
:1046F00069622F6D707265632E63002E00232D306A
:104700002B2000686C4C00656667454647004300F7
:10471000504F534958002F6275696C642F676E754E
:104720002D746F6F6C732D666F722D73746D3332D1
:104730005F31342E332E72656C312E32303235318A
:104740003032372D303730302F7372632F6E6577EC
:104750006C69622F6E65776C69622F6C6962632F7A
:104760007374646C69622F6764746F612D6765741C
:104770006865782E63000000050000001900000045
:104780007D000000000000000080E03779C3414355
:10479000176E05B5B5B89346F5F93FE9034F384DA7
:1047A000321D30F94877825A3CBF737FDD4F157553
:1047B000000000000000F03F000000000000244066
:1047C00000000000000059400000000000408F4041
:1047D000000000000088C34000000000006AF840AC
:1047E0000000000080842E4100000000D0126341D0
:1047F0000000000084D797410000000065CDCD4146
:10480000000000205FA00242000000E87648374226
:10481000000000A2941A6D42000040E59C30A242C4
:104820000000901EC4BCD64200003426F56B0C4339
:104830000080E03779C3414300A0D88557347643E0
:1048400000C84E676DC1AB43003D9160E458E14341
:10485000408CB5781DAF154450EFE2D6E41A4B44B6
:1048600092D54D06CFF08044F64AE1C7022DB544FB
:10487000B49DD9794378EA4434000000CEFBFFFFB1
:10488000CB03000001000000000000003500000024
:10489000CEFBFFFFCB030000010000000000000082
:1048A000BC89D897B2D29C3C33A7A8D523F6493906
:1048B0003DA7F444FD0FA5329D978CCF08BA5B2528
:1048C000436FAC642806681100202020202020209F
:1048D00020202828282828202020202020202020B0
:1048E00020202020202020202088101010101010C0
:1048F000101010101010101010040404040404040C
:1049000004040410101010101010414141414141A5
:104910000101010101010101010101010101010187
:104920000101010110101010101042424242424297
:104930000202020202020202020202020202020257
:1049400002020202101010102000000000000000FF
:104950000000000000000000000000000000000057
:104960000000000000000000000000000000000047
:104970000000000000000000000000000000000037
:104980000000000000000000000000000000000027
:104990000000000000000000000000000000000017
:1049A0000000000000000000000000000000000007
:1049B00000000000000000000000000000000000F7
:0C49C000000000000000000000000000EB
:0849CC0014B8FA7F010000009D
:0449D400C501000811
:0449D800A101000831
:1049DC0008000000080000000800000008000000AB
:1049EC00317820696E74000000000000387838209F
:1049FC007A6F6E65730000004C4956452056696508
:104A0C00770000005061676520312F3000000000F6
:104A1C004C4956452056696577000000010000009E
:104A2C00640000000024F4000100000010000000ED
:104A3C0001FFFFFFF0B60408F0B50408F0B4040859
:104A4C0078B40408F0B60408F0B60408F0B604080C
:104A5C00F0B604080000000040B7040840B6040893
:104A6C0040B504089CB4040840B7040840B70408D7
:104A7C0040B7040840B704080000000000000080A4
:104A8C00D4C3B2A170000000116E0208D96D0208E7
:104A9C009D6D02084D6D02082F6C0208A96B02086F
:104AAC00736B020898590308A0590308A859030806
:104ABC00EC540308B0590308B8590308D45403083C
:104ACC009D030308D5030308FFFF0000000000004E
:104ADC0003000000EC9201200C01002000000000FB
:104AEC00EC92012054930120BC93012000000000A3
:104AFC0000000000000000000000000000000000AA
:104B0C000000000000000000000000000000000099
:104B1C000000000000000000000000000000000089
:104B2C000000000000000000430000000000000036
:104B3C000000000000000000000000000000000069
:104B4C000000000000000000430000000000000016
:104B5C000000000000000000000000000000000049
:104B6C0000000000000000004300000000000000F6
:104B7C000000000000000000000000000000000029
:104B8C0000000000000000004300000000000000D6
:104B9C000000000000000000000000000000000009
:104BAC0000000000000000004300000000000000B6
:104BBC0000000000000000000000000000000000E9
:104BCC000000000000000000430000000000000096
:104BDC0000000000000000000000000000000000C9
:104BEC000000000000000000430000000000000076
:104BFC0000000000000000000000000000000000A9
:104C0C000000000000000000634B0308E34A0308A7
:104C1C0000000000C8480508FB46050814460508B6
:104C2C0014460508144605081446050814460508DC
:104C3C0014460508144605081446050814460508CC
:104C4C00FFFFFFFFFFFFFFFFFFFFFFFFFFFF000066
:104C5C0001004153434949000000000000000000DE
:104C6C000000000000000000000000000000000038
:104C7C0000004153434949000000000000000000BF
:104C8C000000000000000000000000000000000018
:044C9C000000000014
:0400000508003C8132
:00000001FF
