:020000040800F2
:10000000000002203D3C00080529000807290008DF
:10001000092900080B2900080D290008000000002C
:100020000000000000000000000000000F29000890
:1000300011290008000000001329000815290008F4
:100040008D3C00088D3C00088D3C00088D3C00086C
:100050008D3C000823290008252900088D3C000854
:100060002F29000839290008432900088D3C000881
:100070008D3C00088D3C00088D3C00088D3C00083C
:100080008D3C00088D3C00088D3C000800000000FD
:100090000000000000000000000000004D290008E2
:1000A0008D3C00088D3C00088D3C00088D3C00080C
:1000B0008D3C000859290008692900088D3C00087A
:1000C0008D3C00088D3C00088D3C00088D3C0008EC
:1000D0008D3C00088D3C00088D3C000800000000AD
:1000E0008D3C00088D3C00088D3C0008000000009D
:1000F0000000000000000000000000008D3C00082F
:10010000000000008D3C00088D3C00088D3C00087C
:1001100000000000000000000000000000000000DF
:100120008D3C0008792900088D3C00088D3C0008B2
:100130008D3C0008000000000000000000000000EE
:100140000000000000000000000000008D3C0008DE
:100150008D3C00088D3C00088D3C00088D3C00085B
:100160008D3C00088D3C00080000000000000000ED
:10017000000000000000000000000000000000007F
:10018000000000008D3C000800000000000000009E
:08019000892900088D3C0008DC
:1001A00010B5054C237833B9044B13B10448AFF3B1
:1001B00000800123237010BDC40200200000000055
:1001C0007450030808B5034B1BB103490348AFF350
:1001D000008008BD00000000C80200207450030821
:1001E00010F8012B11F8013B012A28BF9A42F7D0E1
:1001F000D01A70470000000000000000000000005E
:1002000001F0FF01102A2BDB10F0070F08D010F8C7
:10021000013B013A8B422DD010F0070F42B3F6D1CB
:10022000F0B441EA012141EA014122F007047FF0E4
:1002300000070023F0E80256083C85EA010586EA3B
:10024000010685FA47F5A3FA87F586FA47F6A5FA77
:1002500087F68EB9EED1F0BC01F0FF0102F0070283
:1002600032B110F8013B013A83EA010313B1F8D12E
:100270000020704701387047002D06BF354603380F
:10028000073815F0010F07D1013015F4807F02BF48
:10029000013015F4C03F0130F0BC0138704700BF99
:1002A000034613F8012B002AFBD1181A01387047B6
:1002B00081F0004102E000BF83F0004330B54FEA17
:1002C00041044FEA430594EA050F08BF90EA020F84
:1002D0001FBF54EA000C55EA020C7FEA645C7FEA17
:1002E000655C00F0E2804FEA5454D4EB5555B8BF3A
:1002F0006D420CDD2C4480EA020281EA030382EAAB
:10030000000083EA010180EA020281EA0303362D3C
:1003100088BF30BD11F0004F4FEA01314FF4801C0F
:100320004CEA113102D0404261EB410113F0004F21
:100330004FEA03334CEA133302D0524263EB4303D8
:1003400094EA050F00F0A780A4F10104D5F1200E76
:100350000DDB02FA0EFC22FA05F2801841F10001D1
:1003600003FA0EF2801843FA05F359410EE0A5F1A5
:1003700020050EF1200E012A03FA0EFC28BF4CF0D6
:10038000020C43FA05F3C01851EBE37101F000458C
:1003900007D54FF0000EDCF1000C7EEB00006EEB99
:1003A0000101B1F5801F1BD3B1F5001F0CD3490823
:1003B0005FEA30004FEA3C0C04F101044FEA44527A
:1003C00012F5800F80F09A80BCF1004F08BF5FEA01
:1003D000500C50F1000041EB045141EA050130BDE1
:1003E0005FEA4C0C404141EB0101013C28BFB1F5F3
:1003F000801FE9D291F0000F04BF01460020B1FA3E
:1004000081F308BF2033A3F10B03B3F120020CDA10
:100410000C3208DD02F1140CC2F10C0201FA0CF0EE
:1004200021FA02F10CE002F11402D8BFC2F1200C53
:1004300001FA02F120FA0CFCDCBF41EA0C01904009
:10044000E41AA2BF01EB0451294330BD6FEA040452
:100450001F3C1CDA0C340EDC04F11404C4F120023D
:1004600020FA04F001FA02F340EA030021FA04F34F
:1004700045EA030130BDC4F10C04C4F1200220FAA6
:1004800002F001FA04F340EA0300294630BD21FAE4
:1004900004F0294630BD94F0000F83F4801306BFAA
:1004A00081F480110134013D4EE77FEA645C18BF9E
:1004B0007FEA655C29D094EA050F08BF90EA020F35
:1004C00005D054EA000C04BF1946104630BD91EA2D
:1004D000030F1EBF0021002030BD5FEA545C05D130
:1004E0004000494128BF41F0004130BD14F580046F
:1004F0003CBF01F5801130BD01F0004545F0FE41E3
:1005000041F470014FF0000030BD7FEA645C1ABF17
:10051000194610467FEA655C1CBF0B46024650EA4E
:10052000013406BF52EA033591EA030F41F400217A
:1005300030BD00BF90F0000F04BF0021704730B500
:100540004FF4806404F132044FF000054FF00001D5
:1005500050E700BF90F0000F04BF0021704730B596
:100560004FF4806404F1320410F0004548BF40426B
:100570004FF000013EE700BF42004FEAE2014FEAC0
:1005800031014FEA02701FBF12F07F4393F07F4F9B
:1005900081F06051704732F07F4208BF704793F09E
:1005A0007F4F04BF41F40021704730B54FF46074B1
:1005B00001F0004521F000411CE700BF50EA0102B4
:1005C00008BF704730B54FF000050AE050EA01025D
:1005D00008BF704730B511F0004502D5404261EBCD
:1005E00041014FF4806404F132045FEA915C3FF40E
:1005F000D8AE4FF003025FEADC0C18BF03325FEAAB
:10060000DC0C18BF033202EBDC02C2F1200300FA5B
:1006100003FC20FA02F001FA03FE40EA0E0021FA80
:1006200002F11444BDE600BF70B54FF0FF0C4CF46E
:10063000E06C1CEA11541DBF1CEA135594EA0C0F20
:1006400095EA0C0F00F0DEF82C4481EA030621EA5B
:100650004C5123EA4C5350EA013518BF52EA033596
:1006600041F4801143F4801338D0A0FB02CE4FF048
:100670000005E1FB02E506F00042E0FB03E54FF078
:100680000006E1FB03569CF0000F18BF4EF0010E70
:10069000A4F1FF04B6F5007F64F5407404D25FEA6C
:1006A0004E0E6D4146EB060642EAC62141EA55511F
:1006B0004FEAC52040EA5E504FEACE2EB4F1FD0C61
:1006C00088BFBCF5E06F1ED8BEF1004F08BF5FEADF
:1006D000500E50F1000041EB045170BD06F0004691
:1006E00046EA010140EA020081EA0301B4EB5C043E
:1006F000C2BFD4EB0C0541EA045170BD41F4801136
:100700004FF0000E013C00F3AB8014F1360FDEBF5A
:10071000002001F0004170BDC4F10004203C35DA36
:100720000C341BDC04F11404C4F1200500FA05F3B9
:1007300020FA04F001FA05F240EA020001F000425A
:1007400021F0004110EBD37021FA04F642EB0601D0
:100750005EEA430E08BF20EAD37070BDC4F10C04FA
:10076000C4F1200500FA04F320FA05F001FA04F2BE
:1007700040EA020001F0004110EBD37041F10001AA
:100780005EEA430E08BF20EAD37070BDC4F12005B5
:1007900000FA05F24EEA020E20FA04F301FA05F21D
:1007A00043EA020321FA04F001F0004121FA04F2C5
:1007B00020EA020000EBD3705EEA430E08BF20EA95
:1007C000D37070BD94F0000F0FD101F000464000CF
:1007D00041EB010111F4801F08BF013CF7D041EA51
:1007E000060195F0000F18BF704703F00046520055
:1007F00043EB030313F4801F08BF013DF7D043EA26
:100800000603704794EA0C0F0CEA135518BF95EADB
:100810000C0F0CD050EA410618BF52EA4306D1D162
:1008200081EA030101F000414FF0000070BD50EA81
:10083000410606BF1046194652EA430619D094EA0B
:100840000C0F02D150EA013613D195EA0C0F05D1F5
:1008500052EA03361CBF104619460AD181EA030149
:1008600001F0004141F0FE4141F470014FF0000001
:1008700070BD41F0FE4141F4780170BD70B54FF09C
:10088000FF0C4CF4E06C1CEA11541DBF1CEA13551C
:1008900094EA0C0F95EA0C0F00F0A7F8A4EB0504FE
:1008A00081EA030E52EA03354FEA013100F08880F5
:1008B0004FEA03334FF0805545EA131343EA1263BE
:1008C0004FEA022245EA111545EA10654FEA002673
:1008D0000EF000419D4208BF964244F1FD0404F52C
:1008E000407402D25B084FEA3202B61A65EB030588
:1008F0005B084FEA32024FF480104FF4002CB6EB45
:10090000020E75EB030E22BFB61A754640EA0C00C4
:100910005B084FEA3202B6EB020E75EB030E22BF04
:10092000B61A754640EA5C005B084FEA3202B6EB45
:10093000020E75EB030E22BFB61A754640EA9C0004
:100940005B084FEA3202B6EB020E75EB030E22BFD4
:10095000B61A754640EADC0055EA060E18D04FEA92
:10096000051545EA16754FEA06164FEAC30343EA32
:1009700052734FEAC2025FEA1C1CC0D111F4801FFF
:100980000BD141EA00014FF000004FF0004CB6E7F8
:1009900011F4801F04BF01430020B4F1FD0C88BF97
:1009A000BCF5E06F3FF6AFAEB5EB030C04BFB6EBA2
:1009B000020C5FEA500C50F1000041EB045170BD95
:1009C0000EF0004E4EEA113114EB5C04C2BFD4EBC2
:1009D0000C0541EA045170BD41F480114FF0000E46
:1009E000013C90E645EA060E8DE60CEA135594EAC2
:1009F0000C0F08BF95EA0C0F3FF43BAF94EA0C0FC5
:100A00000AD150EA01347FF434AF95EA0C0F7FF439
:100A100025AF104619462CE795EA0C0F06D152EA8D
:100A200003353FF4FDAE1046194622E750EA410671
:100A300018BF52EA43067FF4C5AE50EA41047FF482
:100A40000DAF52EA43057FF4EBAE12E74FF0FF3CE7
:100A500006E000BF4FF0010C02E000BF4FF0010CB8
:100A60004DF804CD4FEA410C7FEA6C5C4FEA430C31
:100A700018BF7FEA6C5C1BD001B050EA410C0CBF80
:100A800052EA430C91EA030F02BF90EA020F0020E2
:100A9000704710F1000F91EA030F58BF994208BF49
:100AA00090422CBFD8176FEAE37040F00100704706
:100AB0004FEA410C7FEA6C5C02D150EA013C07D15D
:100AC0004FEA430C7FEA6C5CD6D152EA033CD3D0A8
:100AD0005DF8040B704700BF8446104662468C46A2
:100AE0001946634600E000BF01B5FFF7B7FF0028D5
:100AF00048BF10F1000F01BD4DF808EDFFF7F4FFFE
:100B00000CBF012000205DF808FB00BF4DF808ED88
:100B1000FFF7EAFF34BF012000205DF808FB00BFAB
:100B20004DF808EDFFF7E0FF94BF012000205DF8CD
:100B300008FB00BF4DF808EDFFF7CEFF94BF012082
:100B400000205DF808FB00BF4DF808EDFFF7C4FF7B
:100B500034BF012000205DF808FB00BF4FEA410CC4
:100B60007FEA6C5C02D150EA013C0AD14FEA430CA7
:100B70007FEA6C5C02D152EA033C02D14FF00000E4
:100B800070474FF0010070474FEA410212F5001222
:100B900015D211D56FF47873B3EB625212D94FEAC4
:100BA000C12343F0004343EA505311F0004F23FAAE
:100BB00002F018BF404270474FF00000704750EA03
:100BC000013005D111F0004008BF6FF000407047C0
:100BD0004FF00000704700BF4A0011D212F500121A
:100BE00011D20DD56FF47873B3EB62520ED44FEA85
:100BF000C12343F0004343EA505323FA02F0704705
:100C00004FF00000704750EA013002D14FF0FF3042
:100C100070474FF0000070474FEA4102B2F1E043E5
:100C200024BFB3F5001CDCF1FE5C0DD901F0004CD3
:100C30004FEAC0024CEA5070B2F1004F40EB830023
:100C400008BF20F00100704711F0804F21D113F14F
:100C50003872BCBF01F00040704741F480114FEA88
:100C60005252C2F11802C2F1200C10FA0CF320FA11
:100C700002F018BF40F001004FEAC1234FEAD3232E
:100C800003FA0CFC40EA0C0023FA02F34FEA430398
:100C9000CCE77FEA625307D150EA01331EBF4FF021
:100CA000FE4040F44000704701F0004040F0FE403C
:100CB00040F40000704700BF53B94AB9002908BF8B
:100CC00000281CBF4FF0FF314FF0FF3000F0BEB9DD
:100CD000ADF1080C6DE904CE00F03CF8DDF804E05D
:100CE000DDE9022304B0704738B500220023044632
:100CF0000D46FFF70BFF28B920462946BDE83840CE
:100D000000F00AB8204605F1004100F005F8404225
:100D100061EB410138BD00BFD0B50C4B0022064647
:100D20000F46FFF781FCFFF757FF0446FFF702FC71
:100D3000074B0022FFF778FC02460B463046394647
:100D4000FFF7BAFAFFF748FF2146D0BD0000F03D9B
:100D50000000F0412DE9F047089D0F4604468C46FF
:100D6000002B48D18A42164661D9B2FA82F34BB1C0
:100D7000C3F1200201FA03FC20FA02F29E4042EA8B
:100D80000C0C9C404FEA164EB7B2BCFBFEF1220C95
:100D90000EFB11CC42EA0C4201FB07F0904209D94C
:100DA000B21801F1FF3C80F0EE80904240F2EB80FF
:100DB00002393244121AA4B2B2FBFEF00EFB10222A
:100DC00044EA024400FB07F7A74209D9341900F1AD
:100DD000FF3280F0DA80A74240F2D78034440238F4
:100DE00040EA0140E41B00211DB1DC400023C5E9BD
:100DF0000043BDE8F0878B4206D90DB1C5E900017B
:100E000000210846BDE8F087B3FA83F1002948D1F4
:100E1000BB4202D3824200F20781841A67EB0302CD
:100E200001209446002DE4D0C5E9004CE1E7002AFA
:100E300000F09280B2FA82F3002B40F0A8808A1A68
:100E40004FEA164E1FFA86FC0121200CB2FBFEF77A
:100E50000EFB172240EA02420CFB07F0904207D932
:100E6000B21807F1FF3802D2904200F2E280474602
:100E7000121AA4B2B2FBFEF00EFB102244EA0244A6
:100E80000CFB00FCA44507D9341900F1FF3202D253
:100E9000A44500F2CB801046A4EB0C0440EA0740C6
:100EA000A2E7C1F120068B4022FA06FC4CEA030CB3
:100EB00007FA01F420FA06F3F7404FEA1C492343EE
:100EC00000FA01F81FFA8CFEB7FBF9F01C0C09FBC5
:100ED000107744EA074400FB0EF7A74202FA01F23A
:100EE0000AD91CEB040400F1FF3A80F09B80A74272
:100EF00040F2988002386444E41B9FB2B4FBF9F3DB
:100F000009FB134447EA044403FB0EFEA64509D936
:100F10001CEB040403F1FF3780F08280A6457FD9E3
:100F2000023B644443EA0040A4EB0E04A0FB02E74A
:100F3000BC427346B94663D360D05DB1B8EB0302DF
:100F400064EB090404FA06F622FA01F31E43CC40CE
:100F5000C5E9006400214CE76208480842EAC17113
:100F60000B0C43EA00438AB242EA0342B3FBF6F1B8
:100F7000E407B4463746B6461F23B0FBF6F0D21B53
:100F800041EA004161E7614614E7104628E7C3F1F2
:100F9000200120FA01F29E4027FA01F19F403A43D6
:100FA0004FEA164E1FFA86FCB1FBFEF70EFB171038
:100FB000110C41EA004107FB0CF8884504FA03F4E0
:100FC0003AD9711807F1FF3001D288451FD8A1EB3B
:100FD0000801B1FBFEF808FB0CF70EFB181192B2EA
:100FE00042EA0142BA422FD2B21808F1FF31C6D20A
:100FF000BA42C4D2A8F102013244C0E7F0459CD203
:10100000BEEB020367EB0C070138B94695E7A6EB88
:1010100008084144B81EB1FBFEF808FB0CF7DCE7FA
:101020003B467FE7504667E70846FBE63444023814
:1010300032E7023F32441BE7A1EB08013846B1FB1F
:10104000FEF808FB0CF7C8E7414698E7704700BF79
:1010500010B582B066238DF8043099238DF80530E1
:101060000A4C00220121204603F064FA6423022284
:1010700001A9074804F02DFD01221146204603F086
:1010800059FA642002F0E2FE02B010BD00040240F2
:101090008CCD002030B583B09F238DF80730124CE3
:1010A00000220121204603F045FA104D642301225D
:1010B0000DF10701284604F00CFD6423032201A969
:1010C000284604F009FF01221146204603F032FAB7
:1010D0009DF804209DF805301B0243EA02439DF869
:1010E0000600184303B030BD000402408CCD002040
:1010F000F0B583B015461C460B238DF80030C0F3C5
:101100000F238DF801308DF802008DF803100022B6
:101110008DF804200C4E0121304603F00BFA0B4FE2
:10112000642305226946384604F0D3FC6423AAB23E
:101130002146384604F0D0FE01221146304603F025
:10114000F9F903B0F0BD00BF000402408CCD0020CF
:1011500010B582B006238DF807300A4C0022012119
:10116000204603F0E7F9642301220DF10701064848
:1011700004F0AFFC01221146204603F0DBF902B077
:1011800010BD00BF000402408CCD002010B582B01D
:1011900004238DF807300A4C00220121204603F079
:1011A000C9F9642301220DF10701064804F091FCFE
:1011B00001221146204603F0BDF902B010BD00BF68
:1011C000000402408CCD002010B582B00403FFF76C
:1011D000BFFF20238DF80030230C8DF80130240A46
:1011E0008DF8024000228DF803200C4C012120468E
:1011F00003F0A0F9642304226946094804F069FC5D
:1012000001221146204603F095F94FF4E17002F0F7
:101210001DFEFFF7BBFF02B010BD00BF000402407F
:101220008CCD00202DE9F04FC7B083460C46174601
:101230009A46531E0B444FEA1328C0F30F1500EBD8
:101240001322C5F1010303EB12139BB243B12B44EC
:101250009EB228460135ADB2FFF7B6FFB542F8D1D0
:101260000BF10103434401934FF00008DFF8D490E1
:101270001DE000220121484603F05CF96423324658
:1012800003A92F4804F025FC01221146484603F02B
:1012900051F90BF1010BA4B23F1BA044052002F051
:1012A000D5FDFFF773FF0024019B5B4544D004EBA1
:1012B0000B26E319FF2B8CBFC4F580743C46A5B206
:1012C000FFF746FF02228DF80C20320C8DF80D201E
:1012D000320A8DF80E208DF80F602E1DB6B2002D4B
:1012E000C7D008F1FF3353440DF10F02681E0AEB1B
:1012F000080111FA80F013F8011F02F8011F834260
:10130000F9D1C82EB5D900220121484603F012F9BF
:1013100064231A4603A90A4804F0DBFBA5F1600226
:10132000642392B21CA9064804F0D3FB01221146A3
:10133000484603F0FFF8ACE747B0BDE8F08F00BFC8
:101340008CCD00200004024000B583B08C46088894
:101350004988BCF8063001335B1ABCF804C00CF1B4
:10136000010CACEB000C00929BB21FFA8CF201F066
:101370000EF903B000BD0000044B054A12681A8044
:10138000044A12685A80044A5A607047600B002071
:10139000080000200C000020E00A0020094B19681A
:1013A000094B1B6803FB01F151B1831E074A00EB97
:1013B0004100023833F9021F22F8021B8342F9D19F
:1013C000704700BF0C00002008000020E00A002049
:1013D0002DE9F04F83B0284B1B6803F1FF3E274BEC
:1013E0001A68274B1B68002B43DD4FEA0E58013A61
:1013F00015054FF0000A234EDFF87C9001954FEA67
:101400000A5202F500221D49096801FB02F292FB13
:10141000F3F2A2F5002222EAE272019B9342A8BFF6
:1014200013469B463368002B1DDD0024164D0AFB36
:101430000347210501F50021D9F8002002FB01F145
:1014400091FBF3F1A1F5002121EAE1715A464145F2
:10145000A8BF41460D4802F01AFC25F817000134D8
:101460003368A342E3DC0AF1010A054B1B685345CC
:10147000C5DC03B0BDE8F08F0C00002008000020A0
:101480000000002004000020E0020020600B00208B
:10149000002809DBB0F5967F0EDA084B83FB0023AA
:1014A000C017C0EBA30000E00020054B33F810206C
:1014B000044B23F8112070471D20F6E76766666627
:1014C000E8590308E8A300202E4B5B69002B58D095
:1014D0002DE9F04F93B0002914BF0425082500FB27
:1014E00005F505FB05F94FF0910898FBF5F8B9F102
:1014F000000F10DD961E0024234F36F9020F87FBE4
:101500000023C017C0EBA300214600B2FFF7C0FFC5
:101510000134A145F1D104A80FF094FA0023ADF8ED
:101520001030ADF830309D4228DD0023DFF85CB08C
:101530000FFA88F6DFF84CA003FB05F903FB08F768
:101540003FB20024039309EB04033BF81330ADF8DA
:101550001430691E091B08FB01F104AB01930096CE
:1015600033463A4609B2DAF8140028F090FC013408
:10157000A542E8DC039B01339D42DDDC13B0BDE8EE
:10158000F08F7047B892012067666666E8A3002076
:1015900070B50601164D2B4640F20442002106F1BB
:1015A0006400FFF7A5FD0A2002F050FC114C234611
:1015B0004FF48062042106F16800FFF799FD95F869
:1015C00002240D4B1A6095F803240C4B1A606A1E16
:1015D000611E0B4805F2FF3C12F8014F11F8013F64
:1015E00043EA042320F8023F6245F5D170BD00BFF5
:1015F000ECBF0020ECBB0020D4A30020D8A3002027
:10160000CA9B002008B50001643000290DDD0E4B97
:101610000E4A03EB410133F902CBCCF3072E02F85B
:1016200001EB82F803C48B42F5D1084B084A1268DB
:1016300083F80224074A126883F8032440F6040260
:101640000021FFF7EFFD08BDE0020020F4C30020F9
:10165000E4A300204C00002010B594B008AC302268
:101660000021204630F0EBF9002303930493059307
:101670000693079301931E4A116C41F08051116447
:10168000126C02F080520192019A0293194A116879
:1016900041F440411160126802F440420292029A01
:1016A0000222089201210B9110210C910E920F93AE
:1016B000082310936423119312920423139320465A
:1016C00003F098FD80B90F230393022304930023B2
:1016D00005934FF4805206920793032103A803F069
:1016E000D9FF18B914B010BD72B6FEE772B6FEE7A6
:1016F000003802400070004038B5254C00224FF4FD
:101700008071204602F016FF642002F09FFB012248
:101710004FF48071204602F00DFF01228021204607
:1017200002F008FF642002F091FB00228021204695
:1017300002F000FF174C522323801749204601F086
:1017400005FB164D2870204601F046FF2870012148
:10175000204601F0EBFE2870114B1B685BB940215D
:10176000204601F061FE28700F21204602F052FA57
:101770000A4B187038BD074C1021204601F054FE6A
:10178000064B18703C21204602F044FAF0E700BFF7
:101790000004024038B10020E9BB0020EABB002071
:1017A000E4A300202DE9804895B002F023FBFFF769
:1017B00053FF0DAF00240D940E940F9410941194C8
:1017C0000394B94D2B6B43F004032B632B6B03F095
:1017D00004030393039B04942B6B43F080032B635C
:1017E0002B6B03F080030493049B05942B6B43F055
:1017F00001032B632B6B03F001030593059B0694F8
:101800002B6B43F002032B632B6B03F00203069355
:10181000069BA64E22464FF40051304602F08AFE47
:10182000DFF8B8A2224640F28711504602F082FE4D
:10183000DFF8AC9222464FF4B851484602F07AFEE7
:101840004FF400530D934FF00108CDF838800F94FA
:1018500010943946304602F085FD0D230D934FF468
:1018600004130E9302260F963946484602F07AFD7D
:1018700010230D934FF488130E930F963946484664
:1018800002F070FDCDF83480CDF83880CDF83C8082
:101890004FF0030BCDF840B03946504602F062FDE0
:1018A0004FF4C3730D93CDF838800F9410943946DC
:1018B000504602F057FD4FF4A0630D93CDF83880E9
:1018C0000F9610943946484602F04CFD4FF40072D2
:1018D0000D92CDF838800F9410963946484602F0A4
:1018E00041FD4FF480530D93CDF838800F96CDF81D
:1018F00040B03946484602F035FD40230D934FF481
:1019000004130E930F943946504602F02BFD3246D5
:101910003146062002F0C0FA062002F0F3FA324601
:101920003146082002F0B8FA082002F0EBFA3246FD
:101930003146092002F0B0FA092002F0E3FA22460B
:1019400031460A2002F0A8FA0A2002F0DBFA4246E9
:101950003146172002F0A0FA172002F0D3FA0294C1
:101960002B6B43F480032B632B6B03F480030293F4
:10197000029B42464146392002F08EFA392002F09D
:10198000C1FA4B484B4B03604FF482734360846051
:10199000C460046144614FF4007282612023C3611A
:1019A0000462446284620A23C36204F033F80028AC
:1019B00040F04D814048414B0360414B4360002360
:1019C0008360C3604FF48042026143618361C361FD
:1019D000036202F097FF002840F03B8100230D9343
:1019E0000E930F93109309930A933648364A026078
:1019F00041F28732426083606322C2600361836187
:101A000004F0A8FE002840F026814FF480530D9387
:101A10000DA92C4804F09FFF002840F01E810023F0
:101A200009930A9309A9274805F04AF8002840F0CD
:101A300016812648264B03604FF4827343604FF4AF
:101A4000004383600023C360036143614FF400726D
:101A50008261C3610362436283620A23C36203F04B
:101A6000D9FF002840F0FD8000230D930E930F93C3
:101A7000109309930A931748174A02603122426073
:101A8000836046F67712C2600361836104F062FEF0
:101A9000002840F0E8804FF480530D930DA90D48C5
:101AA00004F059FF1EE000BF003802400008024069
:101AB0008CCD002000300140E4CD002000580040D3
:101AC000801A060044CC00200004004034CD0020E1
:101AD00000340140FCCB002000080040000402401C
:101AE00000000240002840F0C080002309930A93C0
:101AF00009A9784804F0E4FF002840F0B8800023EA
:101B000009930A930B930C93079308930D930E93E9
:101B10000F9310931193129313936F484FF08042D9
:101B20000260436083604FF0FF32C26003618361F3
:101B300004F010FE002840F09C804FF4805309937D
:101B400009A9654804F007FF002840F09480624826
:101B500004F02CFE002840F09080002307930893A7
:101B600007A95D4804F0ACFF002840F0888060239E
:101B70000D9300220E920F9211920DA9564804F077
:101B80006FFE00287DD1544800F092FE00F082FCE8
:101B9000002000F0F1FC06F037FA504D4FF4486396
:101BA00000224F49284621F0DDFB4E4C204621F013
:101BB000B1FBA0232380802363804B4B6361E560EE
:101BC000204621F0DDFB2EF0C7FE01202EF0AAFEFC
:101BD00024F01AFCFFF73CFAFFF75CFA434B18605D
:101BE000FFF78AFD642002F031F9414B586930B1AA
:101BF00004230093692391223E4928F029F93C4BA4
:101C0000986910B13C492AF087FC394BD86910B16A
:101C10003A492AF081FC3A4801F04AFB394C234604
:101C2000012200210846FFF763FA2278364B1A603A
:101C3000364B01221A60364804F000FC02202EF0D8
:101C400071FE24F0E1FB334C334D344E26E072B686
:101C5000FEE772B6FEE772B6FEE772B6FEE772B650
:101C6000FEE772B6FEE772B6FEE772B6FEE772B640
:101C7000FEE772B6FEE772B6FEE772B6FEE772B630
:101C8000FEE772B6FEE7306801281BD0244A254BD8
:101C90001968FFF719FC052002F0D8F824F0B4FB0E
:101CA0002EF062FE2378002BF5D0002323702B78D2
:101CB000002BE8D01C4A1D4B19681D4B1868FFF714
:101CC00003FCE8E71B4A174B19680120FFF7FCFBF0
:101CD000E1E700BFFCCB00208CCC0020609B002003
:101CE000608200207C9B002049130008F8CB002074
:101CF000B8920120680B0020400000203400002032
:101D000038B10020E8BB0020DCA30020E0A30020C5
:101D100044CC00205C8200205A8200204C0000202D
:101D2000E0020020E4A30020CC9B0020D4A30020EC
:101D3000D8A30020ACAF002008B50368314A934215
:101D400003D0314A934245D008BD304B1B68042B69
:101D50000AD8DFE803F003091E173800062002F056
:101D6000D1F8172002F0CEF8284B64221A602848D8
:101D700004F09EFB274B1B68012BE5D1264804F09D
:101D80005DFBE1E7092002F0BDF8172002F0BAF888
:101D9000EAE7082002F0B6F8204B1B68012BE3D1DC
:101DA0001F4B204A1A60204B02F58F3202F58072D9
:101DB0001A601E4BA2F53022A2F576721A601C4BF7
:101DC00001221A70D0E70A2002F09CF8172002F0D6
:101DD00099F8C9E74FF40051164802F0B1FB164BD1
:101DE0001B68012B06D1154B00221A70144B0122DF
:101DF0001A70A9E71348FFF7D1FAFFF7BDFAFFF70A
:101E0000E7FAF0E70008004000040040500000201E
:101E1000FCCB0020E0A3002044CC0020CCA3002079
:101E2000400000202A2A4D00340000202800002015
:101E30005B820020000802404C0000205A820020F3
:101E40005C820020ACAF002010B582B004468B4805
:101E500004F02EFB102C15D8D4B1013C0F2C17D850
:101E6000DFE814F01B00160016003C0116001600F7
:101E70001600800016001600160016001600160048
:101E80001600E200402C03D17D497E4801F022F883
:101E90007D4804F0D3FA02B010BD062002F040F8ED
:101EA000172002F03DF8794B00221A60784B1B682E
:101EB000BBB1784B1868784B1B689842B4BF0130AF
:101EC0000020744B1860FFF763FB0123734A137003
:101ED000734A1370172002F015F8062002F012F86A
:101EE000D6E7684800F063FF6E4B1B68012B21D0DA
:101EF000022B2BD06B4B01221A606B4B6B4A92E882
:101F0000030018609980090C9971664B1A68684B38
:101F10001B6802FB03F367490B60674B1B6802FBFE
:101F200003F3664A1360664B01221A70554801F0AC
:101F3000BFF9CFE75B4B02221A605B4B614A92E824
:101F4000030018609980090C9971DEE7554B032254
:101F50001A60554B5C4A92E8030018609980090C9E
:101F60009971D2E7092001F0DBFF172001F0D8FFBB
:101F7000464B03221A60464B1B68BBB1454B1868A1
:101F80000028CEBF00F1FF30434B1868414B18606A
:101F9000FFF7FEFA0123414A1370414A13701720DC
:101FA00001F0B0FF062001F0ADFF71E7354800F009
:101FB000FEFE464B1B682BBB444B01221A601021CE
:101FC000304801F031FA0423394A13603A4A136069
:101FD0003F4A404B07CA03C31A80324B1A68344B3E
:101FE0001B6802FB03F333490B60334B1B6802FB96
:101FF00003F3324A1360324B01221A70214801F078
:1020000057F9CCE7314B00221A6040211D4801F0FE
:102010000BFA0823264A1360274A13602E4A2D4BD9
:1020200007CA03C31A80D8E7172001F079FF0A20F6
:1020300001F076FF134800F0BAFE144B04221A6038
:10204000154C23688DF807300DF10703012200219C
:102050000846FFF7E7F84FF480612068FFF7D2FAEF
:1020600023680C4A1360092BD4BF013300230A4AAA
:102070001360044801F01CF90AE700BF44CC0020BB
:10208000E8AB002038B10020FCCB0020500000203D
:10209000CCA30020D0A30020DCA300205A82002083
:1020A0005C8200204C0000203400002034540308DF
:1020B0000C00002004000020080000200000002088
:1020C0005B820020245403082C540308E4A300205E
:1020D0003C5403084000002048540308082001F045
:1020E0001FFF244B02221A60234B1B68002B2BD0AE
:1020F000214B00221A60214B01221A60204B1B68E1
:10210000002B31D11F4A204B07CA03C31A801F4B33
:102110001B68012B1E4B1F4A92E803001860998030
:10212000090C99711C4A1D4B07CA03C31A801C4B2A
:1021300001221A701B4801F0BBF80A2001F0E2FEF0
:10214000172001F0DFFEA3E60A2001F0E9FE1720C8
:1021500001F0E6FE094B00221A60074B01221A60CB
:10216000104800F024FE93E60F4A074B07CA03C34A
:102170001A80CCE750000020CCA30020E0A3002070
:10218000E4A3002048540308400000204C00002035
:10219000340000203454030854540308280000205D
:1021A0005B82002038B100203C540308004870478F
:1021B0006054030800487047400000200048704702
:1021C00034000020004870471C0000200048704781
:1021D0001000002008B50368054A934204D0A2F518
:1021E0008062934200D008BD024821F0A9F9FAE7C5
:1021F000003401407C9B002072B6FEE7F0B585B04C
:10220000044615460B0A8DF80C308DF80D100A4E59
:1022100064270097022303AA0188304602F034FCA9
:102220000097012302AA2188304602F031FD9DF873
:1022300008302B7005B0F0BDE4CD002000B585B0AE
:102240000B0A8DF80C308DF80D108DF80E200188DA
:1022500064230093032303AA024802F015FC05B08F
:1022600000BD00BFE4CD002000B585B08C460188DC
:102270004FF6FF7002909BB20193009210236246CA
:10228000024802F003FF05B000BD00BFE4CD00200E
:10229000F0B585B0044615461E460B0A8DF80C3085
:1022A0008DF80D1002880D4B1A800D4B1D600D4BE3
:1022B0001E600D4F64230093022303AA0188384651
:1022C00002F0E2FB4FF47A730093B3B22A462188FE
:1022D000384602F0DDFC002005B0F0BD40CE002005
:1022E0003CCE002038CE0020E4CD002099B102463B
:1022F0004B1E23F0030304301844117853781B0459
:1023000043EA0163D1780B43917843EA012342F811
:10231000043B8242F1D1704708B5084601F096FDB2
:10232000002008BD08B500220221024802F002F98F
:1023300008BD00BF0004024008B501220221024886
:1023400002F0F8F808BD00BF0004024010B5074CC9
:1023500000220421204602F0EDF8052001F076FD70
:1023600001220421204602F0E5F810BD00040240DD
:1023700000B583B08DF8070000224FF400710648C5
:1023800002F0D8F84FF0FF3301220DF107010348A6
:1023900003F09FFB03B000BD0000024034CD0020DD
:1023A00038B504460D4601224FF40071054802F08D
:1023B000C1F84FF0FF33AAB22146034803F089FB6E
:1023C00038BD00BF0000024034CD002038B50446BF
:1023D0000D4601224FF40071044802F0ABF8AAB296
:1023E0002146034803F040FE38BD00BF0000024014
:1023F00034CD0020F8B5064616F8013B5C1EE4B269
:102400009BB9F8BD39462846FFF7CAFF3D4415E0A1
:102410002E4616F8010BFF2808BF4FF4FA7001F0A2
:1024200015FD013CE4B2FF2CEBD0354615F8020B4C
:10243000FFF79EFF767816F07F07E3D116F0800F46
:10244000E6D12E46EDE7F0B583B007460D461646B9
:102450001C462A20FFF78CFF00238DF804308DF8EE
:1024600005708DF806308DF8076001AE0421304606
:10247000FFF796FF2B20FFF77BFF8DF805508DF8B7
:10248000074004213046FFF78BFF2C20FFF770FF39
:1024900003B0F0BD08B5FFF745FFFFF757FF06484B
:1024A000FFF7A8FF0548FFF7A5FF0548FFF7A2FFC4
:1024B000FFF742FF08BD00BF605A0308505A0308E7
:1024C000245A03082DE9F04782B0BDF828609F2800
:1024D0004AD804460D46914698467F2944D8831829
:1024E000A02BC4BFC0F1A0091FFA89F901EB0803B2
:1024F000802BC4BFC1F180081FFA88F8FFF712FFD4
:10250000E0B2E9B24B1E4344421E4A44DBB2D2B2AF
:10251000FFF799FF330A8DF804308DF8056001222A
:102520004FF40071124802F005F8B8F1000F19D00D
:10253000CA4601AF0F4E11E0544602252A463946DD
:10254000304603F091FD013CA4B2002CF6D108F115
:10255000FF381FFA88F8B8F1000F03D0B9F1000F67
:10256000EAD1F4E7FFF7E8FE02B0BDE8F08700BF6C
:102570000000024034CD002000B583B000908023DD
:10258000A02200210846FFF79DFF03B000BD9F2851
:1025900020D8F8B504460D4617461E467F2905D8B3
:1025A0008318A02B02DC8B19802B00DDF8BDFFF710
:1025B000B9FEE0B2E9B2731E0B447A1E0244DBB2EC
:1025C000D2B2FFF740FF06FB07F149000698FFF77C
:1025D000FDFEEBE77047000010B582B000240094C8
:1025E000134B5A6C42F480425A645A6C02F4804293
:1025F0000092009A01941A6C42F080521A641B6C8B
:1026000003F080530193019B052001F033FC01226C
:1026100003216FF0010001F03FFC22462146052016
:1026200001F03AFC052001F06DFC02B010BD00BFC6
:10263000003802402DE9F04389B00023039304934E
:1026400005930693079302681E4B9A4202D009B085
:10265000BDE8F083002501951B4C236B43F002037A
:102660002363236B03F002030193019B4FF4806308
:1026700003934FF01209CDF810904FF00308CDF8F6
:1026800018800423079303AF104E3946304601F0FB
:1026900069FE08230393CDF8109001230593CDF82C
:1026A0001880092307933946304601F05BFE0295F6
:1026B000236C43F480032364236C03F480030293AC
:1026C000029BC4E70058004000380240000402406A
:1026D0002DE9F0418AB000230593069307930893F0
:1026E00009930368464A934206D00446454A9342FA
:1026F00025D00AB0BDE8F08100210091424B5A6C10
:1027000042F480525A645A6C02F480520092009A49
:1027100001911A6B42F001021A631B6B03F0010373
:102720000193019BE023059302230693032308935F
:102730000523099305A9354801F014FED9E70025C2
:102740000295314B5A6C42F400525A645A6C02F4AE
:1027500000520292029A03951A6B42F001021A6328
:102760001A6B02F001020392039A04951A6B42F06D
:1027700002021A631B6B03F002030493049B0226FC
:10278000059606964FF00308CDF82080052309939F
:1027900005AF39461D4801F0E5FD4FF400530593A0
:1027A00006960795CDF820800623099339461848E8
:1027B00001F0D8FD1748184B03604FF000634360E9
:1027C00040238360C5604FF4806303614561856188
:1027D000C5614FF440330362456201F0E5FB58B92F
:1027E0000C4BA3649C6301220021542001F054FB94
:1027F000542001F087FB7CE7FFF7FEFCF0E700BF09
:102800000030014000340140003802400000024026
:1028100000040240D4CC00202864024000B585B0FA
:102820000368B3F1804F07D01E4A934211D01E4A6D
:10283000934222D005B000BD002301931B4B1A6CBC
:1028400042F001021A641B6C03F001030193019B27
:10285000F0E700220292154B196C41F00201196455
:102860001B6C03F002030293029B03211D2001F065
:1028700013FB1D2001F046FBDCE7002203920B4B0B
:10288000196C41F0040119641B6C03F004030393F9
:10289000039B01211E2001F0FFFA1E2001F032FBF4
:1028A000C8E700BF000400400008004000380240B4
:1028B00000B587B00023019302930393049305931B
:1028C0000368B3F1804F01D007B000BD002300932F
:1028D0000A4B1A6B42F001021A631B6B03F00103EF
:1028E0000093009B4FF400430193022302930123C2
:1028F000059301A9024801F035FDE5E700380240E3
:1029000000000240FEE7FEE7FEE7FEE7FEE7704755
:102910007047704708B501F087FA012020F058FE93
:1029200008BD704708B5012001F014FE08BD08B5C8
:10293000042001F00FFE08BD08B5082001F00AFED2
:1029400008BD08B5102001F005FE08BD08B54020FF
:1029500001F000FE08BD000008B5024803F0C6FD06
:1029600008BD00BF44CC002008B5024803F0BEFDFE
:1029700008BD00BFFCCB002008B5024801F004FCF4
:1029800008BD00BFD4CC002008B5024803F02CFCE1
:1029900008BD00BF34CD00200120704708B52FF0DE
:1029A000B1F8162303604FF0FF3008BD08B52FF0D3
:1029B000A9F816230360FEE770B5161E07DD0C4666
:1029C0008D19AFF3008004F8010BA542F9D1304610
:1029D00070BD70B5161E07DD0C468D1914F8010B7D
:1029E000AFF30080A542F9D1304670BD4FF0FF3003
:1029F00070474FF400534B60002070470120704730
:102A00000020704708B503460C4A126852B10B4AC1
:102A1000106803440A4A0B49521A934206D8074ADF
:102A2000136008BD054A08491160F0E72FF06AF805
:102A30000C2303604FF0FF30F3E700BF44CE0020CB
:102A4000000002200004000030940120034AD2F864
:102A5000883043F47003C2F88830704700ED00E01E
:102A60002DE9F04F83B081460F4600939DF830B0BA
:102A70009DF834A0C926002400F5A063019300EB63
:102A8000020808E044F001041FE098F800350BEA62
:102A90000303534519D03B46019A00994846FFF776
:102AA000F7FB05460A214846FFF736FC0543254358
:102AB000ECB2013E16F0FF06E4D0032FE5D999F8F9
:102AC00002357E2BE1D944F04204204603B0BDE834
:102AD000F08F00002DE9F04FE9B004460E4606AA3B
:102AE000554B93E8030082E8030004AA083393E8F7
:102AF000030082E8030004F5A0654FF4F47204F1CA
:102B0000100128462FF033F8102E27D004F2FF438F
:102B100004F2E3615A7A03F8012F8B42FAD104AB35
:102B200003CBC4F8E006C4F8E4164FF4F4732A4665
:102B300042F618612046FFF797FB054603230193F1
:102B4000FF2300934FF43053012204212046FFF766
:102B500087FF2843C0B269B0BDE8F08F06AB03CB56
:102B6000C4F81005C4F814154FF4F4712846FFF7A3
:102B7000BDFB04F23C5A28AE4FF4807251463046F9
:102B80002EF0F5FF04F5C86B0DF12009802259469F
:102B900048462EF0ECFFC8460DF1C00E0027039505
:102BA000AEF120024D464146304602941368546807
:102BB0002344146A2344546A23449B0840F8043B8A
:102BC000B1F90030B1F902C09C44B1F9103063444E
:102BD000B1F912C013EB0C0348BF03339B1025F867
:102BE000023B083204317245E0D1029C103608F1F4
:102BF000200809F1080904370EF1400E102FCFD13B
:102C0000039D6022002110A82EF019FFC022002190
:102C100038A82EF014FF4FF4807228A950462EF0E9
:102C2000A6FF802208A958462EF0A1FF4FF4F471A8
:102C30002846FFF75BFB69E790500308F0B5C7B083
:102C400004460E463E4B93E8030046AB03E90300FF
:102C500042AB3C4A92E8030083E8030004F5A06518
:102C60004FF4427204F5FC7128462EF080FF102EBE
:102C700017D04FF442732A4642F6F8412046FFF738
:102C8000F3FA054603230193FF2300934FF43053D7
:102C9000012204212046FFF7E3FE2843C0B247B0DB
:102CA000F0BD44AB03CBC4F80805C4F80C1542AB27
:102CB00003CBC4F82005C4F824154FF4427128460C
:102CC000FFF714FB04F2345602AF4FF48072314622
:102CD00038462EF04CFF38460DF1280C4FF0000E10
:102CE000ACF120020146136857683B44176A3B4425
:102CF000576A3B449B0841F8043B08326245F2D1D5
:102D000010300EF1040E0CF1400CBEF1100FE7D1A3
:102D1000C022002112A82EF092FE4FF4807202A968
:102D200030462EF024FF4FF442712846FFF7DEFABA
:102D3000054BC4F834360023C4F8783599E700BF52
:102D400070540308A0500308A0FC010070B582B0C5
:102D500006460D46002247F6FF71FFF76FFA04465C
:102D60000DF1070200213046FFF748FA0443E4B2B0
:102D70000DF1060201213046FFF740FA0443E4B2A8
:102D8000022247F6FF713046FFF758FA2043C0B2DF
:102D90009DF80730F02B03D000232B7002B070BDDC
:102DA0009DF80630022B14BF00230123F5E72DE91F
:102DB000F04782B0054600238DF8073000930423C6
:102DC0006A4642F6FC71FFF763FA0446009A40F245
:102DD000FF439A4202D095F8AC3A9BB30DF107023B
:102DE00006212846FFF70AFA0443E4B29DF90730AA
:102DF000002B5EDB002247F6FF712846FFF71EFA24
:102E00000443E4B2002214212846FFF717FA0443D2
:102E1000E4B2002215212846FFF710FA0443E4B279
:102E2000042209212846FFF709FA0443E4B20222EA
:102E300047F6FF712846FFF701FA2043C0B202B0FF
:102E4000BDE8F087002247F6FF712846FFF7F6F944
:102E50000646162215212846FFF7F0F906433443AB
:102E6000E4B2012214212846FFF7E8F90443E4B252
:102E700040F2F5170DF1070A4FF006094FF00A0866
:102E80009DF90730002BA9DB524649462846FFF73B
:102E9000B5F9064641462846FFF73EFA0643264363
:102EA000F4B2013FBFB2002FEAD19DF807301C43B6
:102EB00094E70DF1070207212846FFF79FF9044325
:102EC000E4B29DF8072002F17C03DBB2012B88BF3E
:102ED00014438FE72DE9F84F05460C4600F5A0672F
:102EE00043683A460021FFF7D3F9064695F80035C6
:102EF000AB70A9883846FFF7F9F96B68102B40F2E0
:102F00009A8010274DF6C4394EF2440A4EF2840BD3
:102F100039E04DF65802934200F084804DF6843239
:102F200093422BD107F204514246294404F58270A2
:102F30002EF01DFE22E053456BD010D84DF6C46232
:102F400093425DD04DF64472934217D107F204517B
:102F50004246294404F571702EF009FE0EE05B45EF
:102F60000CD107F204514246294404F284402EF069
:102F7000FEFD03E0EB1993F80C352370043747444A
:102F80006B68BB4257D907F5A062A818AB5C03F089
:102F90000F0303F10E0101F00F010A2935F8028039
:102FA000C8F30B1898BF03FB08F843884B451ED0A5
:102FB000C1D845F2D052934210D0AAD845F2B442BB
:102FC0009342D7D045F2D0429342D7D107F2045171
:102FD00042462944201D2EF0CAFDCFE707F20451D6
:102FE0004246294404F5A2702EF0C1FDC6E707F25F
:102FF00004514246294404F511702EF0B8FDBDE796
:1030000007F204514246294404F551702EF0AFFDF9
:10301000B4E707F204514246294404F244402EF03A
:10302000A6FDABE707F204514246294404F2C4402E
:103030002EF09DFDA2E704F58071234653F8042F7E
:10304000D20A1A608B42F9D104F2423E04F24340A4
:1030500004F5107104F2C23C67464FF000080CF111
:10306000020CBCF900301A46002BB8BFDA1C9210D3
:10307000ACF8002013F1030FACBF13B24346ACF819
:10308000003010F8013F5B0803703EF8023FDB0997
:10309000AEF8003051F8043FDB0A0B60BE45DED1CC
:1030A00004F2031304F24311FF2001E08B4206D027
:1030B00013F8012F002AF9D183F88003F6E704F210
:1030C000CC4204F24C540F4952F8043FA1FB0303D5
:1030D000DB0B1360A242F7D195F808056B682B440F
:1030E00093F8FC1495F8092593F8FD3442EA002280
:1030F00043EA01239A421CBF46F00206F6B230466C
:10310000BDE8F88F018000802DE9F04387B00746C5
:103110000C4616461D46294B93E8070006AB03E90B
:103120000700B5F5B46F04D9FF26304607B0BDE8F7
:10313000F083330A8DF80C308DF80D602B118DF86B
:103140000E302B018DF80F300C230DEB030242F6ED
:10315000F4713846FFF788F8064603230193FF23EE
:1031600000934FF43053012204213846FFF778FCD6
:103170000643F6B207F5A06805F10C094B46424636
:1031800042F604413846FFF783F80643F6B21FFAC9
:1031900089F14046FFF7AAF82BB2002BC5DD07F2F4
:1031A0000352611E07F20457013D17FA85F512F824
:1031B000013F01F8013FAA42F9D1B6E7A850030840
:1031C00038B504460D46082345F2504200F5A0618B
:1031D000FFF79AFF94F8003594F8012513FB02F3EA
:1031E0002B7038BD2DE9F04184B0B3F5B46F04D92C
:1031F000FF25284604B0BDE8F08105460E461C4672
:10320000DFB2130A8DF80C308DF80D2023118DF8E4
:103210000E303B018DF80F3021463046FFF766F83F
:10322000621E12B2002A0CDB531C334402F2055C0E
:10323000AC4413F8011D0CF8011D013A12B2002A2A
:10324000F7DA039BC5F8003504F204516B1800222D
:103250006A545A709A700F22DA7005221A714FF070
:10326000010883F8058004F1080212129A710837E8
:10327000DF71C4F53F51343104F10C0305F5A06250
:1032800089B22846FEF7F0FF074603230193FF2388
:1032900000934FF43053424604212846FFF7E0FBE9
:1032A00047EA0005EDB221463046FFF71FF8A0E7D8
:1032B0002DE9F04F99B004460027159716974FF463
:1032C000407314930DF15F01FFF77AFF8146676049
:1032D000FF23A370534D10AE05F124030FCB86E8F6
:1032E0000F0004AE34350FCD0FC60FCD0FC695E8D5
:1032F0000F0086E80F0040F6FF73109303AB3A46C9
:1033000040F6FF7608E00088616801EB1011043197
:10331000616001320C2A1BD0043318461968002959
:10332000F7D026FA02F111F0010FF2D0197811F05E
:103330000F0FE8D001F00F050C2DE4D89DF85F00C9
:10334000198860F30F111980616800FB0511DEE731
:1033500063681833636030234DF6801204A9204659
:10336000FFF740FF8246636815930D2316930823E9
:103370004DF6681215A92046FFF734FF8346102347
:103380004DF6701210A92046FFF72CFF8046002250
:1033900047F6FF712046FEF751FF07460522092137
:1033A0002046FEF74BFF0646022247F6FF712046F5
:1033B000FEF744FF0290042314AA42F6FC71204653
:1033C000FEF752FF039003230193FF2300934FF472
:1033D0003053012204212046FFF742FB05460C230F
:1033E00045F2404204F5A0612046FFF78DFEB4F897
:1033F000082563689A4203D0FF2019B0BDE8F08F1A
:103400004AEA0B0A49EA0A0948EA090847EA0807AA
:103410003E43029B3343039A1A431543284300F06B
:10342000FF00EAE7905003082DE9F04105460E46FB
:10343000102903D0402944D07F2434E000F5A06750
:1034400010234AF638523946FFF75EFE0446402301
:1034500085F8043585F806354FF0040885F80985A8
:1034600010234AF6385239462846FFF7BBFE04437C
:10347000E4B2082345F2504239462846FFF744FE9D
:103480000443E4B285F8008585F80185082385F8B2
:10349000043585F8053545F2504239462846FFF790
:1034A000A1FE0443E4B231462846FFF713FB044370
:1034B000E4B231462846FFF7C1FB2043C0B2BDE865
:1034C000F08100F5A06710234AF638523946FFF71D
:1034D0001BFE0446102385F8043585F806350122C5
:1034E00085F809254AF6385239462846FFF77AFE0C
:1034F0000443E4B2082345F2504239462846FFF718
:1035000003FE0443E4B2082385F8003585F801354D
:10351000042285F8042585F8052545F250423946F0
:103520002846FFF75FFE0443E4B2BCE7F0B583B082
:1035300006460D460023019300F5A06708234AF6CE
:1035400030523946FFF7E0FD0446012D03D0032D2C
:103550001ED07F2407E0012386F80135032386F877
:1035600003350023019308234AF63052394630468A
:10357000FFF738FE0443E4B204234DF664120DEB6A
:1035800003013046FFF72EFE2043C0B203B0F0BD6A
:10359000032386F80135022386F8033501230193BE
:1035A000E1E72DE9F04106460D4617469846FFF73C
:1035B000ABFD0446BDF81C200699BDF82000284448
:1035C0002EF0D5FA43463A4629463046FFF70AFE22
:1035D0002043C0B2BDE8F0812DE9F04788B0054630
:1035E0004FF00113069301260596554BC360554BCA
:1035F0008360002780F8AC7A3A4647F6FF71FEF701
:103600001DFE0446042209212846FEF717FE044346
:10361000E4B240220F212846FEF710FE0443E4B234
:1036200003220A212846FEF709FE0443E4B20DF105
:103630001F0247F6FF712846FEF7E0FD0443E4B29F
:1036400032460C212846FEF7F9FD0443E4B23A461F
:1036500040F201112846FEF7F1FD0443E4B23A4678
:103660004FF481712846FEF7E9FD0443E4B2324687
:103670004FF485712846FEF7E1FD0443E4B232467B
:1036800044F202012846FEF7D9FD0443E4B23A466B
:1036900044F202012846FEF7D1FD0443E4B20322BE
:1036A0004FF485712846FEF7C9FD0443E4B2324663
:1036B00040F203112846FEF7C1FD0443E4B23A4646
:1036C0000C212846FEF7BAFD0443E4B243220F2141
:1036D0002846FEF7B3FD0443E4B231462846FEF720
:1036E0001BFE0443E4B240220F212846FEF7A6FD4C
:1036F0000443E4B232460A212846FEF79FFD044304
:10370000E4B264212846FEF707FE0443E4B23A46D9
:1037100047F6FF712846FEF791FD0443E4B2019697
:10372000FF23009306233A4631462846FFF798F9CF
:10373000044314F0FF0407D0204608B0BDE8F0872A
:10374000DC5A0308E45D030832460E212846FEF7E2
:1037500075FD0446022247F6FF712846FEF76EFD0E
:103760000443E4B20D2203212846FEF767FD04431B
:10377000E4B2324647F6FF712846FEF75FFD044388
:10378000E4B210260196009621233A4601212846EC
:10379000FFF766F90443E4B23A4647F6FF7128465C
:1037A000FEF74CFD0443E4B20DF11F073A4647F61D
:1037B000FF712846FEF722FD0443E4B201220C21EA
:1037C0002846FEF73BFD0443E4B2002247F6FF71B2
:1037D0002846FEF733FD0443E4B2002240F2011113
:1037E0002846FEF72BFD0443E4B200224FF481711A
:1037F0002846FEF723FD0443E4B201224FF485710D
:103800002846FEF71BFD0443E4B2012244F2020104
:103810002846FEF713FD0443E4B2002244F20201FD
:103820002846FEF70BFD0443E4B203224FF48571F2
:103830002846FEF703FD0443E4B2012240F20311DF
:103840002846FEF7FBFC0443E4B2002244F20F01D9
:103850002846FEF7F3FC0443E4B2432240F21A2167
:103860002846FEF7EBFC0443E4B2032240F21A219F
:103870002846FEF7E3FC0443E4B2012240F21A2199
:103880002846FEF7DBFC0443E4B2002240F21A2192
:103890002846FEF7D3FC0443E4B2002240F219218B
:1038A0002846FEF7CBFC0443E4B2002240F21B2181
:1038B0002846FEF7C3FC0443E4B2002247F6FF713A
:1038C0002846FEF7BBFC0443E4B23A4647F6FF71D4
:1038D0002846FEF793FC0443E4B200220C2128465C
:1038E000FEF7ACFC0443E4B2012247F6FF71284620
:1038F000FEF7A4FC0443E4B2072220212846FEF789
:103900009DFC0443E4B2062220212846FEF796FCE3
:103910000443E4B2092247F6FF712846FEF78EFC05
:103920000443E4B2B84F4FF400433A46002128461E
:10393000FEF79AFC0443E4B20A2247F6FF712846D8
:10394000FEF77CFC0443E4B24FF40043FA18002174
:103950002846FEF789FC0443E4B20B2247F6FF71C8
:103960002846FEF76BFC0443E4B24FF4A04307F58E
:10397000803200212846FEF777FC0443E4B201229E
:1039800047F6FF712846FEF759FC0443E4B20222D1
:1039900047F6FF712846FEF751FC0443E4B20D22BE
:1039A00003212846FEF74AFC0443E4B2012247F60D
:1039B000FF712846FEF742FC0443E4B201960096EC
:1039C0002123002201212846FFF74AF8044314F07E
:1039D000FF047FF4B1AE002247F6FF712846FEF7E0
:1039E0002DFC07460DF11F06324647F6FF712846AB
:1039F000FEF704FC0743FFB201220C212846FEF724
:103A00001DFC0743FFB2002247F6FF712846FEF770
:103A100015FC0743FFB200224FF48A712846FEF7D7
:103A20000DFC0743FFB2002240F215112846FEF7B5
:103A300005FC0743FFB242224FF48B712846FEF784
:103A4000FDFB0743FFB2002240F217112846FEF7A4
:103A5000F5FB0743FFB200220B212846FEF7EEFBE1
:103A60000743FFB2324647F6FF712846FEF7C6FB12
:103A70000743FFB200220C212846FEF7DFFB074375
:103A8000FFB201220B212846FEF7D8FB0743FFB205
:103A90004FF4FA760DF112094FF006084FF0010AC3
:103AA0004A4641462846FEF7A9FB2043C4B29DF989
:103AB0001230002B0DDB51462846FEF72DFC9DF8F9
:103AC000123013F0010F0FD1013EB6B2002EE7D134
:103AD0000AE00DF1130207212846FEF78FFB9DF83F
:103AE000133023430343DCB23C437FF425AE022270
:103AF00047F6FF712846FEF7A1FB04462823434AF8
:103B000042F6D8712846FEF7AFFB0443E4B2022325
:103B10000193FF2700974FF43053002204212846D9
:103B2000FEF79EFF0443E4B205F5A0664FF4F6737A
:103B3000324642F604412846FEF7AAFB0443E4B2AB
:103B40004FF4F472314605F110002EF010F81021F8
:103B50002846FEF7BFFF0443E4B24FF442722C49FB
:103B600005F5FC702EF003F810212846FFF766F8E3
:103B70000443E4B24FF47373AA6842F63441284612
:103B8000FEF772FB0443E4B20323019300974FF462
:103B90003053012204212846FEF762FF0443E4B2B9
:103BA00004234DF6803206A92846FFF71BFB044389
:103BB000E4B204234DF6641205A92846FFF712FB70
:103BC0000443E4B201278DF81F7026230293019766
:103BD0000DF11F08CDF8008028234EF2081231465F
:103BE0002846FFF7DEFC0443E4B225230293019745
:103BF000CDF8008028234EF2081231462846FFF700
:103C0000D0FC0443E4B297E5B0610308B45A03085A
:103C1000F450030800B587B08DF817100123029304
:103C200001930DF117030093042345F2584200F568
:103C3000A061FFF7B6FC07B000BD0000DFF834D08C
:103C4000FEF704FF0C480D490D4A002302E0D4584A
:103C5000C4500433C4188C42F9D30A4A0A4C0023D6
:103C600001E013600432A242FBD32DF051FFFDF7B7
:103C700099FD70470000022000000020C4020020CF
:103C800064490508C402002030940120FEE70B15AA
:103C900000F181802DE9F04345886C1E9C427CDD5B
:103CA0005FEA225E7CD40488013C74457ADD446876
:103CB000C1F3130105FB0EFE0EEB0309C2F3130261
:103CC000AE449E44C1F57F2C0CF6FF7C4FEAEC75A8
:103CD000C2F57F2000F6FF70C61734F919304FEA9D
:103CE000E37803FB05F70CFB0877A3FB0C3847448C
:103CF0001B0943EA07734FEAE37803FB06F700FB6F
:103D00000877A3FB00831F4404EB4909B9F902308B
:103D10004FEAE37903FB06F600FB0966A3FB0030DC
:103D200006441B0943EA0673D817A3FB013601FBBF
:103D3000006613EB080047EB060634F91E30DF1768
:103D400003FB05F50CFB0755A3FB0C3C65441B0965
:103D500043EA0573DF17A3FB023502FB075513EB9C
:103D6000000C45EB060504EB4E04B4F90230DC17F9
:103D7000A3FB013001FB04011B0943EA0173D917BE
:103D8000A3FB023002FB010013EB0C0340EB050028
:103D900040F30F1002E0002070470020BDE8F083E0
:103DA0000020FBE70020F9E710B504460E4B1A7817
:103DB0004FF47A73B3FBF2F30C4A1068B0FBF3F0E4
:103DC00000F0C0F868B90F2C01D901200AE00022E8
:103DD00021464FF0FF3000F05FF8054B1C600020DB
:103DE00000E0012010BD00BF58000020540000205A
:103DF0005C00002008B50B4B1A6842F400721A6090
:103E00001A6842F480621A601A6842F480721A607A
:103E1000032000F02FF80020FFF7C6FFFEF7DCFBC1
:103E2000002008BD003C0240034A1168034B1B7888
:103E30000B441360704700BF48CE0020580000209C
:103E4000014B1868704700BF48CE002038B50446C3
:103E5000FFF7F6FF0546B4F1FF3F02D0044B1B7895
:103E60001C44FFF7EDFF401BA042FAD338BD00BF52
:103E7000580000200749CA68030203F4E06322F4F3
:103E8000E0621204120C134343F0BF6343F40033A7
:103E9000CB60704700ED00E000B5184BDB68C3F362
:103EA0000223C3F1070CBCF1040F28BF4FF0040C30
:103EB00003F1040EBEF1060F8CBF033B00234FF04D
:103EC000FF3E0EFA0CFC21EA0C0199400EFA03FEAB
:103ED00022EA0E021143002808DB0901C9B200F1F1
:103EE000604000F5614080F8001300BD00F00F0055
:103EF0000901C9B2024B1954F7E700BF00ED00E019
:103F000014ED00E0002807DB410900F01F00012349
:103F10008340024A42F82130704700BF00E100E0D0
:103F200000280CDB430900F01F00012282402033EF
:103F3000034941F82320BFF34F8FBFF36F8F7047C2
:103F400000E100E00138B0F1807F0BD24FF0E023B8
:103F50005861054AF02182F8231000209861072259
:103F60001A6170470120704700ED00E010B402466E
:103F70000368D8B210380A49A1FB00410909094C6D
:103F8000615CD1655F2887BF6FF30903181D23F4B7
:103F90007F7020F0030090655DF8044B704700BF10
:103FA000ABAAAAAAB0B1040838B50446FFF748FF87
:103FB000002C00F08A800546022384F83530002367
:103FC00084F834302268136823F0010313602368F7
:103FD0001A6812F0010F0AD0FFF732FF431B052BBE
:103FE000F5D920236365032084F8350038BD1A68AD
:103FF000374911406268A0680243E06802432069C3
:10400000024360690243A0690243E0690243206AF7
:1040100002430A43616A042924D01A6021684B696B
:1040200023F00703626A1343042A0DD1A26A1343E3
:10403000E06A48B1A56905BB012A18D032F0020236
:1040400002D1C0F3006018BB4B612046FFF78EFF22
:10405000E26D3F239340836000206065012384F874
:104060003530C3E7E16A206B01430A43D5E7B0F17D
:10407000C07F14BF00200120E5E7B5F5005F0DD03B
:10408000022A05D9032ADFD1C0F300600028DBD063
:1040900040236365012084F83500A7E7032AD3D8BD
:1040A00001A555F822F000BF91400008B940000872
:1040B00091400008BF400008C0F30060E6E7B0F19F
:1040C000C07F14BF00200120E0E701208EE700BF81
:1040D0003F8010F070B4846D90F834C0BCF1010FD3
:1040E0003DD04FF0010C80F834C090F835C0BCF1E1
:1040F000010F05D0002380F83430022070BC7047D7
:10410000022580F83550002545650668356825F498
:104110008025356005686B608368402B1AD0036882
:1041200099600368DA60C26D3F239340A360026820
:10413000136843F016031360036C23B1026813681D
:1041400043F0080313600268136843F0010313602F
:104150000020D3E703689A600368D960E3E7022090
:10416000CCE790F83530022B03D080234365012043
:104170007047052380F835300268136823F0010387
:104180001360002070470000F0B583B004460023A0
:104190000193724B1E68876D3D68C26D0823934082
:1041A0002B4210D003681A6812F0040F0BD01A6863
:1041B00022F004021A60C26D08239340BB60436D75
:1041C00043F001034365E26D012393402B4209D084
:1041D0002268526912F0800F04D0BB60636D43F017
:1041E00002036365E26D042393402B4209D02268E9
:1041F000126812F0020F04D0BB60636D43F0040339
:104200006365E26D102393402B4224D0226812682C
:1042100012F0080F1FD0BB6023681A6812F4802FB9
:104220000DD01B6813F4002F04D1236C9BB12046E2
:10423000984710E0A36C73B1204698470BE01A68CA
:1042400012F4807F03D11A6822F008021A60236CEE
:104250000BB120469847E26D202393402B4254D067
:104260002268126812F0100F4FD0BB6094F83530FE
:10427000052B0ED023681A6812F4802F33D01B68E8
:1042800013F4002F2AD1636C002B3ED020469847B0
:104290003BE02268136823F0160313602268536919
:1042A00023F080035361236CA3B12268136823F0C9
:1042B00008031360E26D3F239340BB60012384F841
:1042C0003530002384F83430236D002B43D0204652
:1042D000984740E0A36C002BE7D1EBE7E36BA3B179
:1042E0002046984711E01A6812F4807F09D11A68B5
:1042F00022F010021A60012384F83530002384F87C
:104300003430E36B0BB120469847636D1BB3636D8C
:1043100013F0010F1BD0124BA3FB0636B60A052380
:1043200084F835302268136823F001031360019B81
:1043300001330193B34204D823681B6813F0010FC3
:10434000F5D1012384F83530002384F83430E36C50
:104350000BB12046984703B0F0BD00BF54000020C9
:10436000B5814E1B2DE9F04F83B0002213464FF06C
:10437000010E03254FF00F086B4C4BE0876805FAE0
:1043800002FA27EA0A0ACF68974047EA0A078760D5
:10439000476827EA0C0C4F68C7F300179F4047EAAD
:1043A0000C07476044E04FF0000C0CFA0BFC4CEAA1
:1043B0000A0CC7F808C0A7686FEA090C4E6816F423
:1043C000801F0CBF0CEA070749EA0707A760E768E8
:1043D0004E6816F4001F0CBF0CEA070749EA0707EE
:1043E000E76067684E6816F4003F0CBF0CEA0707E9
:1043F00049EA0707676027684E6816F4803F0CBFDC
:104400000CEA070749EA0707276001330232102B3D
:1044100000F086800EFA03FC0F680CEA07093CEAFC
:104420000707F2D14F6807F00307013F012FA5D915
:104430004F6807F00307032F23D0C76805FA02FC73
:1044400027EA0C0C8F68974047EA0C07C7604F6853
:1044500007F00307022F14D14FEAD30C00EB8C0CAA
:10446000DCF8207003F0070B4FEA8B0B08FA0BFA0D
:1044700027EA0A0A0F6907FA0BF747EA0A07CCF896
:104480002070076805FA02FC27EA0C0C4F6807F059
:104490000307974047EA0C0707604F6817F4403F4F
:1044A000B3D000270197214E776C47F4804777649B
:1044B000776C07F480470197019F23F0030707F10A
:1044C000804707F59C37D7F808A003F0030B4FEAA5
:1044D0008B0B08FA0BFC2AEA0C0AA6F56056B042D0
:1044E0003FF461AF06F58066B04210D006F58066F5
:1044F000B0420FD0DFF838C060450ED00CF5806CAC
:10450000604514BF4FF0070C4FF0040C4DE74FF01F
:10451000010C4AE74FF0020C47E74FF0030C44E769
:1045200003B0BDE8F08F00BF003C014000380240FE
:10453000000C02400AB18161704709048161704733
:10454000436901EA030221EA030141EA0241816170
:104550007047000008B5054B5B69034200D108BDF8
:10456000024B5861FDF770FCF9E700BF003C0140C9
:1045700003685A6912F4806F01D1002070476FF40C
:1045800080625A6100230363202280F83D2080F876
:104590003E30026C42F00402026480F83C3001209C
:1045A00070472DE9F04105460C4616461F46C1F3FB
:1045B0000748B8F1010F2B680CBF5B699B6924EABF
:1045C000030C1FFA8CFCBCFA8CFC4FEA5C1C6645A1
:1045D00027D1B7F1FF3FECD0FFF732FC069BC01AA2
:1045E000B84201D8002FE4D1B8F1010F2B680CBFFD
:1045F0005B699B6924EA03039BB2B3FA83F35B090B
:104600009E42D6D100232B63202285F83D2085F8D9
:104610003E302A6C42F020022A6485F83C300120AA
:1046200000E00020BDE8F0812DE9F84305460E4684
:1046300017469946C1F30748B8F1010F2B680CBF24
:104640005C699C6926EA0404A4B2003C18BF0124FA
:10465000002C43D02B685A6912F4806F27D1B7F130
:10466000FF3FE9D0FFF7ECFBA0EB0900B84201D80F
:10467000002FE1D1B8F1010F2B680CBF5B699B697A
:1046800026EA03039BB2003B18BF0123002BD3D0C3
:1046900000232B63202285F83D2085F83E302A6CCC
:1046A00042F020022A6485F83C30012017E01A68A5
:1046B00042F400721A602B686FF480625A61002322
:1046C0002B63202285F83D2085F83E302A6C42F08D
:1046D00004022A6485F83C30012000E00020BDE897
:1046E000F88370B504460D46164623685B6913F0DF
:1046F000800F21D12046FFF73BFFF8B9B5F1FF3F0E
:10470000F3D0FFF79DFB801BA84201D8002DECD110
:1047100023685B6913F0800FE7D100232363202215
:1047200084F83D2084F83E30226C42F0200222645E
:1047300084F83C30012000E0002070BD0120FCE73F
:104740002DE9F04385B004460D4691461F46DDF83D
:1047500030800D9E0368196841F4807119600096DD
:10476000434600224FF00111FFF71BFF70B9236889
:1047700005F0FE051D613346424628492046FFF7F5
:1047800053FF68B1012005B0BDE8F08323681B68C2
:1047900013F4807F40D04FF4007323640320F2E7CA
:1047A0000023039323685A6903929B690393039B35
:1047B000324641462046FFF794FF30B9012F10D111
:1047C00023685FFA89F61E61DDE7236C042B01D0B4
:1047D0000120D8E72268136843F4007313600120B6
:1047E000D1E723684FEA19221A6132464146204632
:1047F000FFF777FF20B923685FFA89F61E61C2E7E9
:10480000236C042B01D00120BDE72268136843F418
:10481000007313600120B6E70320B4E70200010033
:1048200070B504460D46164623685B6913F0040F05
:1048300021D12046FFF79CFEF8B9B5F1FF3FF3D038
:10484000FFF7FEFA801BA84201D8002DECD12368A7
:104850005B6913F0040FE7D100232363202284F85F
:104860003D2084F83E30226C42F02002226484F81D
:104870003C30012000E0002070BD0120FCE770B555
:1048800004460D46164603685A6912F0400F1BD0C5
:1048900000200EE06FF010025A61002323632022F3
:1048A00084F83D2084F83E30226C226484F83C3049
:1048B000012070BD23685B6913F0400F10D023689E
:1048C000586910F0400F1AD1586910F0100FE1D15B
:1048D000FFF7B6FA801BA842ECD8002DEFD1E9E72C
:1048E00000232363202284F83D2084F83E30226C8C
:1048F00042F02002226484F83C300120D9E70020F5
:10490000D7E70000002800F0B08070B5044690F8AA
:104910003D30002B73D0242384F83D302268136887
:1049200023F0010313602268136843F4004313600B
:104930002268136823F40043136000F05DFF62688F
:104940004C4B9A4260D84C4B984240F290804B4975
:10495000A1FB00318B0C25686A6822F03F0242EA15
:1049600091426A6021680A6A22F03F02414D6668FE
:10497000AE424ED8013313430B622168CA6922F458
:104980004F4222F0FF0265683A4B9D424BD8431ECE
:104990006D00B3FBF5F3013340F6FC7003425ED0CB
:1049A000C3F30B031A43CA6121680A68E369206AEA
:1049B000034322F0C00213430B6021688A68236915
:1049C000E068034322F4034222F0FF0213438B60AA
:1049D0002168CA686369A069034322F0FF02134398
:1049E000CB602268136843F0010313600020206449
:1049F000202384F83D30206384F83E0070BD80F8A9
:104A00003C30FDF717FE86E71D4B98429FD80120EA
:104A1000F4E74FF4967505FB03F31A4DA5FB03531A
:104A20009B090133A7E7A3685BB9431E05EB450566
:104A3000B3FBF5F30133C3F30B0393B143F400432A
:104A4000B0E7431E05EB850505EB8505B3FBF5F3E4
:104A50000133C3F30B0333B143F44043A2E7042310
:104A6000A0E701239EE701239CE701207047012076
:104A7000C4E700BFA08601007F841E0083DE1B43C5
:104A8000FF083D00D34D62102DE9F04385B0044688
:104A90000F46904699460C9EFFF7D2F994F83D10C8
:104AA000202904D00227384605B0BDE8F08305462A
:104AB00000901923012272492046FFF772FD002859
:104AC00040F0D78094F83C30012B00F0D4800123D3
:104AD00084F83C3023681A6812F0010F03D11A6879
:104AE00042F001021A602268136823F40063136025
:104AF000212384F83D30102384F83E3000232364C2
:104B0000C4F82480A4F82A90638D23855D4BE3626A
:104B1000E36A082B0DD0012B0BD013F5803F08D092
:104B2000236B122B0AD12268136843F4807313603D
:104B300004E02268136843F48073136000953346E1
:104B400000224FF001112046FFF72BFDD0B9236959
:104B5000B3F5804F20D1236807F0FE071F612B4675
:104B6000324649492046FFF75FFD0746002840F0DE
:104B700084800023039323685A6903929B690393FB
:104B8000039B2FE023681B6813F4807F02D04FF44F
:104B900000732364012786E72268FB1103F00603F4
:104BA00043F0F00313612B46324638492046FFF7A5
:104BB0003BFD0028EED12368FFB21F61CFE7236CD5
:104BC000042B01D001276EE72268136843F40073B9
:104BD0001360012767E72A4631462046FFF720FE8B
:104BE00000282CD1238D002B35D02A463146204673
:104BF000FFF777FD0028E2D12368626A12781A6114
:104C0000626A531C6362618D013989B26185218DAD
:104C1000013989B221852368586910F0040FDAD070
:104C20000029D8D052781A61636A01336362638DB8
:104C3000013B9BB26385238D013B2385CBE7236C2E
:104C4000042B01D001272EE72268136843F4007378
:104C50001360012727E72268136843F40073136089
:104C6000202384F83D30002384F83E3084F83C3023
:104C700019E7022717E7022715E7012713E700BF07
:104C8000020010000000FFFF020001000800010008
:104C90002DE9F04389B004460F4690469946109E90
:104CA000FFF7CEF894F83D10202905D04FF0020907
:104CB000484609B0BDE8F08305460090192301225B
:104CC00087492046FFF76DFC002840F0C78194F823
:104CD0003C30012B00F0C581012384F83C3023686F
:104CE0001A6812F0010F03D11A6842F001021A602B
:104CF0002268136823F400631360222384F83D3094
:104D0000102384F83E3000232364C4F82480A4F8E0
:104D10002A90638D2385734BE362E26A21680B68F6
:104D200043F480630B60082A0DD0012A0BD012F5E2
:104D3000803F08D0236B112B0AD12268136843F4FB
:104D40008073136004E02268136843F48073136077
:104D50000095334600224FF001112046FFF721FC59
:104D600040BB2369B3F5804F2DD1236847F001077D
:104D7000FFB21F612B4632465B492046FFF754FCC9
:104D80008146002840F07081238D002B5AD1039377
:104D900023685A6903929A690392039A1A6842F443
:104DA00000721A60218D002900F04F81DFF84081E8
:104DB0000027CCE023681B6813F4807F12D04FF4E7
:104DC000007323640EE04FEAE71808F00608236832
:104DD00048F0F0021A612B46324644492046FFF75C
:104DE00023FC10B14FF0010962E72368FFB21F6195
:104DF0002B4632463C492046FFF716FC0028F1D1ED
:104E000000220792236859690791996907910799C8
:104E1000196841F480711960009533464FF0011113
:104E20002046FFF7BEFB20B9226848F0F10313616A
:104E3000A0E723681B6813F4807FD3D04FF400737E
:104E40002364CFE7012B0FD0022B1FD022681368F9
:104E500043F4806313600023069323685A69069223
:104E60009B690693069B9DE72268136823F4806381
:104E700013600023049323685A6904929A69049288
:104E8000049A1A6842F400721A608BE72268136869
:104E900023F4806313602268136843F40063136093
:104EA0000023059323685A6905929B690593059B26
:104EB00078E72A4631462046FFF7E1FC002840F01B
:104EC000D68023681A69636A1A70636A0133636261
:104ED000238D013B2385638D013B9BB2638533E0CA
:104EE000020010000000FFFF0200010008000100A6
:104EF00004000100009533463A4641462046FFF73C
:104F000050FB002840F0B6802268136843F4007319
:104F1000136023681A69636A1A70626A531C6362B9
:104F2000238D013B2385638D013B9BB26385236801
:104F30001B695370636A01336362238D013B2385D0
:104F4000638D013B9BB26385218D00297DD00329B0
:104F50004AD80129ADD00229CCD0009533463A4633
:104F600041462046FFF71DFB002840F0868022685E
:104F7000136823F48063136023681A69636A1A70E4
:104F8000636A01336362238D013B2385638D013B9B
:104F90009BB26385009533463A4641462046FFF76B
:104FA00000FB00286CD12268136843F4007313607F
:104FB00023681A69636A1A70626A531C6362238DDC
:104FC000013B2385638D013B9BB2638523681B698D
:104FD0005370636A01336362238D013B2385638DC4
:104FE000013B9BB26385AFE72A4631462046FFF777
:104FF00046FC002847D123681A69636A1A70636AFD
:1050000001336362238D013B9BB22385628D013A9C
:1050100092B262852268516911F0040F94D0032B7B
:105020000ED023681A69636A1A70636A0133636277
:10503000238D013B2385638D013B9BB2638583E711
:10504000136823F480631360EBE7202384F83D307A
:10505000002384F83E3084F83C3029E64FF0020902
:1050600026E64FF0020923E64FF0010920E64FF053
:1050700001091DE64FF001091AE64FF0010917E694
:105080004FF0010914E64FF0010911E62DE9F04354
:1050900083B004460F46904699460C9EFEF7D0FE1C
:1050A00094F83D20202A03D0022003B0BDE8F0830D
:1050B00005460090192301224C492046FFF771FA5A
:1050C000002840F08D8094F83C30012B00F08A805D
:1050D000012384F83C3023681A6812F0010F03D1D1
:1050E0001A6842F001021A602268136823F4006310
:1050F0001360212384F83D30402384F83E300023A0
:1051000023640A9B6362BDF82C306385638D23851D
:10511000374BE362019500964B464246394620469E
:10512000FFF70EFB00285FD1238DD3B92A46314605
:105130002046FFF775FB002844D0236C042B3AD09F
:105140000120B2E7236C042B01D00120ADE72268D7
:10515000136843F4007313600120A6E7238D002B2E
:10516000E4D02A4631462046FFF7BBFA0028E9D1B1
:105170002368626A12781A61606A431C6362238D35
:10518000013B9BB22385618D013989B2618522681B
:10519000516911F0040FE1D0002BC7D0437813619F
:1051A000636A01336362238D013B2385638D013B79
:1051B0009BB26385D2E72268136843F400731360DF
:1051C000012072E72268136843F400731360202300
:1051D00084F83D30002384F83E3084F83C3064E7A6
:1051E000022062E7022060E701205EE70200100073
:1051F0000000FFFF002800F0E1812DE9F04182B0BE
:105200000446036813F0010F3BD09F4B9B6803F0EB
:105210000C03042B2CD09C4B9B6803F00C03082B35
:1052200021D06368B3F5803F4FD0B3F5A02F52D0A3
:10523000954B1A6822F480321A601A6822F4802290
:105240001A606368002B50D0FEF7FAFD05468E4EBB
:10525000336813F4003F14D1FEF7F2FD401B6428BD
:10526000F6D90320B1E1884B5B6813F4800FD8D0E6
:10527000854B1B6813F4003F03D06368002B00F0DC
:105280009F81236813F0020F54D07F4B9B6813F06B
:105290000C0F3ED07C4B9B6803F00C03082B33D0E3
:1052A000E368002B68D0794B01221A60FEF7C8FD35
:1052B0000546754E336813F0020F54D1FEF7C0FD5A
:1052C000401B0228F6D903207FE16F4A136843F49C
:1052D00080331360B5E76C4B1A6842F480221A6081
:1052E0001A6842F480321A60ABE7FEF7A9FD054662
:1052F000654E336813F4003FC3D0FEF7A1FD401B99
:105300006428F6D9032060E15F4B5B6813F4800FDB
:10531000C6D15D4B1B6813F0020F03D0E368012B6D
:1053200040F05081584A1368216923F0F80343EA9A
:10533000C1031360236813F0080F42D063696BB395
:10534000524B0122C3F8802EFEF77AFD05464E4EE1
:10535000736F13F0020F34D1FEF772FD401B022869
:10536000F6D9032031E1484A1368216923F0F80394
:1053700043EAC1031360DDE7444B00221A60FEF7E5
:105380005FFD0546404E336813F0020FD2D0FEF7A2
:1053900057FD401B0228F6D9032016E13B4B0022A3
:1053A000C3F8802EFEF74CFD0546374E736F13F0A1
:1053B000020F06D0FEF744FD401B0228F6D9032059
:1053C00003E1236813F0040F76D02F4B1B6C13F00E
:1053D000805F33D1002301932B4B1A6C42F0805233
:1053E0001A641B6C03F080530193019B0125284B29
:1053F0001B6813F4807F23D0A368012B34D0052BC6
:1054000038D0214B1A6F22F001021A671A6F22F06E
:1054100004021A67A368002B3CD0FEF711FD064674
:10542000194F41F288383B6F13F0020F43D1FEF75A
:1054300007FD801B4045F6D90320C6E00025D6E7CE
:10544000134A136843F480731360FEF7F9FC0646B1
:105450000F4F3B6813F4807FCED1FEF7F1FC801B29
:105460000228F6D90320B0E0074A136F43F0010386
:105470001367CFE7044B1A6F42F004021A671A6FE2
:1054800042F001021A67C5E70038024000004742B7
:1054900000700040FEF7D4FC0646524F41F28838B7
:1054A0003B6F13F0020F06D0FEF7CAFC801B40458D
:1054B000F6D9032089E0EDB9A369002B00F08480C0
:1054C000484A926802F00C02082A51D0022B17D0E9
:1054D000454B00221A66FEF7B3FC0446414D2B688B
:1054E00013F0007F42D0FEF7ABFC001B0228F6D978
:1054F00003206AE03B4A136C23F080531364DBE71C
:10550000394B00221A66FEF79BFC0546354E336880
:1055100013F0007F06D0FEF793FC401B0228F6D95B
:10552000032052E0E369226A1343626A43EA82136A
:10553000E26A43EA0263A26A5208013A43EA02437A
:10554000284A5360284B01221A66FEF779FC04466C
:10555000244D2B6813F0007F06D1FEF771FC001B71
:105560000228F6D9032030E000202EE000202CE0B5
:10557000012B2DD01B4B5B6803F48001E269914243
:1055800028D103F03F02216A8A4225D1616A47F699
:10559000C0721A40B2EB811F20D103F44031A26ADD
:1055A0005208013AB1EB024F1AD1E26A03F070637C
:1055B000B3EB026F14BF0120002006E0012070470A
:1055C000012002E0012000E0002002B0BDE8F081EF
:1055D0000120FAE70120F8E70120F6E70120F4E7CF
:1055E0000120F2E7003802400000474208B5264B90
:1055F0009B6803F00C03042B41D0082B41D1224BB4
:105600005A6802F03F025B6813F4800F12D01E4B01
:105610005968C1F388111D480023A1FB0001FBF765
:105620004BFB194B5B68C3F3014301335B00B0FBD9
:10563000F3F008BD144B5868C0F388104FEA401CC3
:10564000BCEB000C6EEB0E0E4FEA8E1343EA9C632C
:105650004FEA8C11B1EB0C0163EB0E03DB0043EA64
:105660005173C90011EB000C43F1000399020023B0
:105670004FEA8C2041EA9C51FBF71EFBD1E703481F
:10568000D7E70348D5E700BF0038024040787D01E6
:105690000024F400002800F09D802DE9F0410D4623
:1056A0000446504B1B6803F007038B4208D2CBB271
:1056B0004C4A1370136803F007038B4240F08C8050
:1056C000236813F0020F17D013F0040F04D0464ADA
:1056D000936843F4E0539360236813F0080F04D0F9
:1056E000414A936843F4604393603F4A936823F0D0
:1056F000F003A1680B439360236813F0010F32D0CD
:105700006268012A21D0931E012B25D9364B1B68D4
:1057100013F0020F62D034498B6823F00303134364
:105720008B60FEF78DFB06462F4F41F28838BB6831
:1057300003F00C036268B3EB820F14D0FEF780FB1A
:10574000801B4045F3D9032042E0274B1B6813F42C
:10575000003FE0D101203BE0234B1B6813F0007FAA
:10576000D9D1012034E01F4B1B6803F00703AB4283
:1057700007D9EAB21B4B1A701B6803F00703AB4250
:105780002ED1236813F0040F06D0174A936823F430
:10579000E053E1680B439360236813F0080F07D0D0
:1057A000114A9368216923F4604343EAC10393607B
:1057B000FFF71CFF0C4B9B68C3F303130B4AD35C2E
:1057C000D8400B4B18600B4B1868FEF7EDFA002021
:1057D000BDE8F081012070470120F9E70120F7E7DB
:1057E0000120F5E7003C024000380240A45A0308BB
:1057F000540000205C000020044B9B68C3F382230C
:10580000034AD35C034A1068D8407047003802400E
:105810009C5A0308540000202DE9F04383B08046D1
:105820000C4615461F46FEF70BFB0A9E3E44361AF1
:10583000FEF706FB8146324B1A68C2F3CB3206FBF9
:1058400002F20192D8F80020936834EA03030CBFF7
:1058500001230023AB4251D0B7F1FF3F0AD0FEF73E
:10586000EFFAA0EB0900B04210D2019B002B41D10E
:105870001E46E7E7936834EA03030CBF01230023C5
:10588000AB42F7D1002003B0BDE8F083D8F8002088
:10589000536823F0E0035360D8F80430B3F5827FF7
:1058A0000CD0D8F82830B3F5005F16D0012388F863
:1058B0005130002388F850300320E4E7D8F808304E
:1058C000B3F5004F02D0B3F5806FEAD1D8F80020CD
:1058D000136823F040031360E3E7D8F8002013684F
:1058E00023F400531360D8F80020136843F40053E6
:1058F0001360DBE7019B013B0193A3E70020C2E7B4
:105900005400002070B584B004460D46164600923F
:105910000B4601220221FFF77FFFD0B9174B1B680E
:10592000174AA2FB03235B0D4FF47A7202FB03F3C9
:1059300003936368B3F5827F11D0039B3BB1039B54
:10594000013B039323689B6813F0800FF5D104B0EB
:1059500070BD636D43F0200363650320F7E7009695
:105960002B46002280212046FFF756FF0028EED06C
:10597000636D43F0200363650320E8E754000020D3
:10598000819F5E1610B582B004460B464168B1F5A2
:10599000827F09D00092002201212046FFF73CFFC0
:1059A000002831D102B010BD8168B1F5004F02D09E
:1059B000B1F5806F0CD12068016821F040010160D1
:1059C0006168B1F5827FE5D1A168B1F5806F0DD036
:1059D0000092002280212046FFF71EFF0028E1D020
:1059E000636D43F0200363650320DBE70092002230
:1059F00001212046FFF710FF0028D3D0636D43F04C
:105A0000200363650320CDE7636D43F020036365E6
:105A10000320C7E700285AD010B50446436A33B9BB
:105A20004368B3F5827F05D00023C36102E0002301
:105A3000036143610023A36294F85130002B40D0EE
:105A4000022384F851302268136823F04003136066
:105A50002268636803F48273A16801F404410B4374
:105A6000E16801F400610B43216901F002010B437D
:105A7000616901F001010B43A16901F400710B435D
:105A8000E16901F038010B43216A01F080010B4309
:105A9000A16A01F400510B4313602168638B03F08A
:105AA0000403626A02F0100213434B602268D36958
:105AB00023F40063D36100206065012384F8513032
:105AC00010BD84F850302046FCF702FEB8E70120F4
:105AD00070472DE9F04182B00446884617461D46BE
:105AE000FEF7AEF994F85130012B40F0C88006461D
:105AF000D8B2B8F1000F00F0C380002F00F0C080D2
:105B000094F85030012B00F0BE80012384F850300F
:105B1000032384F8513000236365C4F83080A786DE
:105B2000E786A363A387E38763642364A368B3F56D
:105B3000004F3BD023681A6812F0400F03D11A6857
:105B400042F040021A60E368B3F5006F39D0636831
:105B50000BB1012F0AD12368226B12781A73236BC1
:105B600001332363E38E013B9BB2E386E38E9BB25A
:105B7000002B6FD1324629462046FFF7C3FE08B1FD
:105B800020236365A36833B901932368DA6801921F
:105B90009B680193019B012384F85130002384F812
:105BA0005030606DC01A18BF012069E02268136888
:105BB00023F0400313602268136843F480431360AA
:105BC000B8E763680BB1012F0AD12368226B1288F2
:105BD000DA60236B02332363E38E013B9BB2E386DF
:105BE000E38E9BB263B9C5E7FEF72AF9801BA84292
:105BF00002D3B5F1FF3F13D1E38E9BB2002BB9D096
:105C000023689A6812F0020FEED0226B1288DA60D5
:105C1000236B02332363E38E013B9BB2E386EBE706
:105C2000012384F85130002384F85030032027E00A
:105C3000226B12781A73236B01332363B4F836C0D6
:105C40000CF1FF3C1FFA8CFCA4F836C0E18E89B23F
:105C500000298FD023689A6812F0020FE8D1FEF76E
:105C6000EFF8801BA842F1D3B5F1FF3FEED001233E
:105C700084F85130002384F85030032000E00220E3
:105C800002B0BDE8F0810220FAE72DE9F04383B0CD
:105C90000446884691461F460A9EFEF7D1F80546FF
:105CA00094F85130012B0CD0DAB26368B3F5827FDF
:105CB00040F00281A368002B40F00281042A40F0EA
:105CC0000181B8F1000F00F0FF80B9F1000F00F082
:105CD000FD80002F00F0FC8094F85030012B00F084
:105CE000F980012384F8503094F85130042B1CBF04
:105CF000052384F8513000236365C4F83890E787A2
:105D0000A787C4F83080E786A78623646364236886
:105D10001A6812F0400F03D11A6842F040021A606C
:105D2000E368B3F5006F12D063680BB1012F0AD19D
:105D30002368226B12781A73236B01332363E38E7B
:105D4000013B9BB2E38601274FF000086EE06368D9
:105D50000BB1012F0AD12368226B1288DA60236B02
:105D600002332363E38E013B9BB2E38601274FF0AE
:105D700000081AE02268936813F001030DD0E18F48
:105D800089B251B1D168A26B1180A26B0232A263B9
:105D9000E28F013A92B2E2871F46FEF751F8401BAC
:105DA000B04202D3B6F1FF3F1DD1E38E9BB21BB9C7
:105DB000E38F9BB2002B5ED023689A6812F0020F2B
:105DC000D8D0E28E92B2002AD4D0012FD2D1226B49
:105DD0001288DA60236B02332363E38E013B9BB2AC
:105DE000E3864746C6E7012384F85130002384F850
:105DF0005030032061E02268936813F001030DD056
:105E0000E18F89B251B1D168A26B1170A26B0132DE
:105E1000A263E28F013A92B2E2871F46FEF710F8C2
:105E2000431BB34202D3B6F1FF3F1CD1E38E9BB2BA
:105E300013B9E38F9BB2F3B123689A6812F0020F93
:105E4000D9D0E28E92B2002AD5D0012FD3D1226BC5
:105E500012781A73236B01332363E38E013B9BB2E9
:105E6000E3864746C7E7012384F85130002384F8CE
:105E70005030032021E02A4631462046FFF742FDFC
:105E800098B9A36833B901932368DA6801929B68D3
:105E90000193019B012384F85130002384F8503092
:105EA000606DC01A18BF012007E02023636500233E
:105EB00084F85030012000E0022003B0BDE8F083F8
:105EC0000220FAE70220F8E70120F6E70120F4E7D4
:105ED0000120F2E70220F0E72DE9F04182B01D46F3
:105EE00090F85130012B40F0B9800446884617469F
:105EF000D8B2002900F0B380002A00F0B0806368B7
:105F0000B3F5827F02D1A368002B3ED0FDF798FF46
:105F1000064694F85030012B00F0A480012384F849
:105F20005030042384F8513000236365C4F838806E
:105F3000A787E7872363A386E38623646364A36854
:105F4000B3F5004F2BD023681A6812F0400F03D12D
:105F50001A6842F040021A60E3685BB3E38F9BB2B9
:105F6000002B5FD1324629462046FFF70BFD08B1D2
:105F700020236365012384F85130002384F85030D6
:105F8000606DC01A18BF012069E0042384F8513005
:105F9000009513460A462046FFF777FE5FE0226829
:105FA000136823F0400313602268136823F48043CE
:105FB0001360C8E7E38F9BB263B9D3E7FDF740FFF7
:105FC000801BA84202D3B5F1FF3F17D1E38F9BB2EC
:105FD000002BC7D023689A6812F0010FEED0A26B95
:105FE0001B7B1370A36B0133A363B4F83EC00CF1A9
:105FF000FF3C1FFA8CFCA4F83EC0E7E7012384F8BD
:106000005130002384F85030032028E0FDF718FFBA
:10601000801BA84202D3B5F1FF3F17D1E38F9BB29B
:10602000002B9FD023689A6812F0010FEED0DA6837
:10603000A36B1A80A36B0233A363B4F83EC00CF1C8
:10604000FF3C1FFA8CFCA4F83EC0E7E7012384F86C
:106050005130002384F85030032000E0022002B0C9
:10606000BDE8F0810220FAE738B590F85130012BF5
:106070005ED10446DDB200295BD0002A59D090F8E9
:106080005030012B57D0012380F85030032380F883
:1060900051300023436501638286C2868363436473
:1060A00003648387C3878368B3F5004F2DD0A36C47
:1060B000224A1A64A36C224ADA63A36C214ADA6486
:1060C000A36C00221A65E38E22689BB20C32216B0E
:1060D000A06CFDF7FFFF014610BB23681A6812F0A1
:1060E000400F03D11A6842F040021A60002384F87E
:1060F00050302268536843F020035360226853688D
:1061000043F0020353600D4613E00268136823F066
:10611000400313600268136843F480431360C6E7CA
:10612000636D43F010036365002384F8503000E092
:106130000225284638BD0225FBE700BF4B61000859
:106140007961000857610008704708B5806BFFF758
:10615000FBFF08BD704708B5806B0268536823F0E9
:1061600003035360436D43F010034365012380F83C
:106170005130FFF7EFFF08BD30B583B00546846BA3
:10618000FDF75EFE2B681B6813F4807F23D1024667
:1061900021684B6823F020034B6021684B6823F093
:1061A00002034B6064212046FFF7ACFB18B1636D1E
:1061B00043F020036365A36833B901932368DA6869
:1061C00001929B680193019B0023E386012384F8DD
:1061D0005130636D23B92046FBF7FCFF03B030BD9F
:1061E0002046FFF7B7FFF9E730B585B004460268EF
:1061F00050689368C3F3801513F0400F2DD19909AF
:1062000013F0010F02D010F0400F12D113F0020F63
:1062100002D010F0800F10D14FEA531C41EA531105
:1062200001F0010103F4807E51EA0E017AD105B03C
:1062300030BD236C20469847F9E7636C20469847A9
:10624000F5E700230193D368019393680193019BC1
:10625000EDE72046FFF77EFFE9E713F0020F5CD180
:1062600010F0200FE3D0C3F3401194F85150032DE8
:10627000E7D0656D45F00405656500250095D56896
:10628000009595680095009D61B1616D41F0010137
:1062900061650021029191680291116821F040012D
:1062A0001160029A13F4807F09D0636D43F00803F4
:1062B00063650023039323689B680393039B636DCB
:1062C000002BB4D02268536823F0E003536001230D
:1062D00084F8513010F0030FBBD02268536823F0CC
:1062E00003035360E36C4BB1124A1A65E06CFDF78F
:1062F00038FF18B1636D43F040036365A36C002B56
:1063000095D00C4A1A65A06CFDF72BFF00288ED0A3
:10631000636D43F04003636589E710F0800F8CD113
:106320004FEA531C10F0200F81D00CF00101002D1A
:10633000AAD09AE73963000808B5806B0023C387A9
:10634000C386FFF707FF08BD70B4036A026A22F034
:10635000010202624468826922F073020D682A43D6
:1063600023F002038D682B430B4DA84206D04460F6
:1063700082614A684263036270BC704723F008037D
:10638000CD682B4323F0040324F440744D698E69D7
:1063900035432C43EBE700BF0000014070B4036AB3
:1063A000026A22F4807202624468C26922F07302B7
:1063B0000D682A4323F400738D6843EA05230C4DCE
:1063C000A84206D04460C2614A68C263036270BCDE
:1063D000704723F40063CD6843EA052323F4806308
:1063E00024F440544D698E69354344EA0514E9E7C5
:1063F0000000014030B4036A026A22F48052026253
:106400004468C26922F4E6420D6842EA052223F498
:1064100000538D6843EA0533074DA84206D0446017
:10642000C2614A680264036230BC704724F480444D
:106430004D6944EA8514F2E70000014090F83D30D0
:10644000012B2FD1022380F83D300268D36843F03E
:106450000103D3600368154A934218D0B3F1804F0B
:1064600015D0A2F57C42934211D002F5806293428E
:106470000DD002F58062934209D002F59A32934220
:1064800005D01A6842F001021A60002070479A682D
:1064900002F00702062A07D01A6842F001021A60C9
:1064A0000020704701207047002070470000014025
:1064B0000268D36823F00103D3600368196A41F2CC
:1064C0001112114208D1196A40F24442114203D11B
:1064D0001A6822F001021A60012380F83D30002082
:1064E00070477047704770477047704770B50446F3
:1064F0000368DE681D6915F0020F10D016F0020F58
:106500000DD06FF002021A610123037703689B69C3
:1065100013F0030F5ED0FFF7E6FF0023237715F09B
:10652000040F12D016F0040F0FD023686FF004028E
:106530001A610223237723689B6913F4407F4FD0AD
:106540002046FFF7D0FF0023237715F0080F12D065
:1065500016F0080F0FD023686FF008021A610423A9
:1065600023772368DB6913F0030F40D02046FFF741
:10657000BAFF0023237715F0100F12D016F0100F7A
:106580000FD023686FF010021A6108232377236865
:10659000DB6913F4407F31D02046FFF7A4FF0023CE
:1065A000237715F0010F02D016F0010F2DD115F051
:1065B000800F02D016F0800F2FD115F0400F02D0BF
:1065C00016F0400F31D115F0200F02D016F0200F39
:1065D00033D170BDFFF786FF2046FFF785FF9CE7AC
:1065E0002046FFF77FFF2046FFF77EFFABE7204600
:1065F000FFF778FF2046FFF777FFBAE72046FFF75F
:1066000071FF2046FFF770FFC9E723686FF00102B2
:106610001A612046FBF790FBC9E723686FF0800200
:106620001A61204600F089FAC7E723686FF040023C
:106630001A612046FFF759FFC5E723686FF0200273
:106640001A61204600F078FAC3E7000003683F4A69
:1066500090424ED0B0F1804F5FD0A2F57C42904284
:106660003DD002F5806290423ED002F580629042B9
:1066700013D0374A904254D002F58062904250D0F5
:1066800002F5806290424CD023F080034A691343A4
:106690008A68C2620A6882624FE023F070034A6827
:1066A00013432A4A904228D0B0F1804F39D0A2F546
:1066B0007C42904235D002F58062904231D023F482
:1066C0004073CA68134323F080034A6913438A68FE
:1066D000C2620A6882621D4A90422ED119E023F0FC
:1066E00070034A6813431CE023F070034A681343A5
:1066F00017E023F070034A68134323F44073CA6819
:10670000134323F080034A6913438A68C2620A680C
:10671000826209690D4A11630FE023F070034A6831
:10672000134323F44073CA68134323F080034A6978
:1067300013438A68C2620A688262026842F00402F5
:106740000260012242610360704700BF0000014007
:106750000040014040B310B5044690F83D30F3B11D
:10676000022384F83D30214651F8040BFFF76EFFF9
:10677000012384F8463084F83E3084F83F3084F8B2
:10678000403084F8413084F8423084F8433084F853
:10679000443084F8453084F83D30002010BD80F846
:1067A0003C30FCF73BF8DBE70120704740B310B505
:1067B000044690F83D30F3B1022384F83D30214681
:1067C00051F8040BFFF742FF012384F8463084F8A8
:1067D0003E3084F83F3084F8403084F8413084F80B
:1067E000423084F8433084F8443084F8453084F8EB
:1067F0003D30002010BD80F83C30FFF772FEDBE733
:106800000120704770B4036A026A22F0100202622B
:106810004468826922F4E6420D6842EA052223F0C8
:1068200020038D6843EA05130C4DA84206D044604E
:1068300082614A688263036270BC704723F0800300
:10684000CD6843EA051323F0400324F440644D6906
:106850008E69354344EA8504E9E700BF0000014042
:1068600038B590F83C30012B66D004460D46012324
:1068700080F83C300C2A5AD8DFE802F00759595901
:106880001B5959593059595944000068FFF75CFDAC
:106890002268936943F0080393612268936923F0A7
:1068A000040393612268936929690B439361002073
:1068B0003EE00068FFF7A6FF2268936943F4006397
:1068C00093612268936923F48063936122689369DA
:1068D000296943EA01239361002029E00068FFF75A
:1068E0005DFD2268D36943F00803D3612268D36950
:1068F00023F00403D3612268D36929690B43D36170
:10690000002015E00068FFF775FD2268D36943F4A5
:106910000063D3612268D36923F48063D361226862
:10692000D369296943EA0123D361002000E00120F3
:10693000002384F83C3038BD0220FCE710B48468A2
:1069400024F47F4C0A4342EA032242EA0C028260AA
:106950005DF8044B704738B590F83C30012B00F0DF
:10696000AD800446012380F83C30022380F83D309E
:106970000268936823F47F4323F0770393600B68E6
:10698000602B60D037D8402B79D015D8202B07D07A
:1069900004D833F0100203D0012040E0302B09D19D
:1069A00021688A6822F07002134343F007038B606A
:1069B000002034E0012032E0502B1AD103684868EF
:1069C000CD68196A1A6A22F001021A629A6922F0E5
:1069D000F00242EA051221F00A0101439A611962AC
:1069E0002268936823F0700343F0570393600020FC
:1069F00015E0012013E0B3F5805F5BD0B3F5005FD5
:106A000014D0702B58D1CB684A6889680068FFF7AA
:106A100095FF2268936843F0770393600020012379
:106A200084F83D30002384F83C3038BDCB684A6898
:106A300089680068FFF782FF2268936843F4804307
:106A400093600020EBE703684868CD681A6A196A0A
:106A500021F010011962996921F4704141EA053170
:106A600022F0A00242EA001299611A622268936839
:106A700023F0700343F0670393600020CFE70368BF
:106A80004868CD68196A1A6A22F001021A629A6986
:106A900022F0F00242EA051221F00A0101439A6154
:106AA00019622268936823F0700343F047039360F0
:106AB0000020B4E70020B2E70120B0E70220B4E7ED
:106AC00090F83C20012A33D030B40346012280F8EC
:106AD0003C20022280F83D2004686268A06822F011
:106AE00070020D682A4362601A68124CA24212D0EA
:106AF000B2F1804F0FD0A4F57C44A2420BD004F534
:106B00008064A24207D004F58064A24203D004F559
:106B10009A34A24204D120F0800049680843906072
:106B2000012283F83D20002083F83C0030BC7047F0
:106B300002207047000001407047704710B50446BE
:106B4000006806F0F5F903460269426120681861A1
:106B50000022262100F014FB10BD08B50022C9B2A6
:106B600006F0CAF908BD08B509B202F0AAFA08BDD4
:106B700008B509B202F08EFA08BD38B505460068BE
:106B800006F0D6F9044600222721006900F0F8FA41
:106B900000222821606900F0F3FA606920B194F8BE
:106BA000283013F0020F10D10022626194F82830CF
:106BB00062F3000384F82830A2616021286805F0A0
:106BC00061FE206902F0EFFD38BD06F0ABFAEBE79D
:106BD00070B5044606F0ACF908B3054606695EB127
:106BE00000222521304600F0CBFA2B6923B1002288
:106BF0002621204600F0C4FA2C610023AB615CB171
:106C00001A462721204600F0BBFA2B6923B1002247
:106C10002821304600F0B4FA204602F0C4FD70BDD1
:106C200008B5034608B1186908BD1CF04BFC0346C3
:106C30000028F8D1F8E708B5034608B1586908BD3F
:106C40001CF040FC03460028F8D1F8E708B50346DD
:106C500008B1D86908BD1CF035FC03460028F8D1FE
:106C6000F8E708B5034608B1186A08BD1CF02AFC0D
:106C700003460028F8D1F8E738B50C46054620B1A0
:106C8000AC606B6A032B06D038BD1CF01BFC0546BC
:106C90000028F5D1F8E7EB68186806F086F90028B7
:106CA000F2D1EB68586806F080F90028ECD1EB6867
:106CB000986806F07AF90028E6D1EB68186807F0C2
:106CC000D3FCE1E708B5034608B1986808BD1CF09D
:106CD000F9FB0346F9E700002DE9F047A2B00546AD
:106CE0000F4690461E469DF8A8A006F021F9D0F860
:106CF00010904D4500F0A28004468069A84200F043
:106D00009D80A8B1484513D000211CF0B9FD002298
:106D10001146A06902F0ECF900226021A06905F09B
:106D2000B1FD23696361D4F818904846FFF750FF1E
:106D3000A561606920B194F8283013F0020F40D1AA
:106D4000A7F10A02D2B2042A8CBF0022012294F8D1
:106D5000283062F300036AF3410384F828300021ED
:106D600028461CF08DFD1CF0ADFBFFF759FF0021FC
:106D70001CF086FD00221146284602F0B9F91CF0ED
:106D8000A1FBFFF74DFF0022114602F0B1F90022EE
:106D90006021284605F076FD1CF094FBFFF740FFCC
:106DA0000022602105F06EFD58EA06030ED1284648
:106DB000FFF70EFFBAF1000F40D0484606F0B2F9D7
:106DC0003CE006F0AFF900236361B9E711A81CF0BD
:106DD0003DFD1195714B1393714B1493CDF8708059
:106DE00076421D9668461CF031FD23690093CDF86C
:106DF0002C800C960E2F16D8DFE817F00F0023001A
:106E00002D00380042004D005F00710083009500A6
:106E10009D00A500B000BA00C500624B129300238C
:106E200019931A931B9300222521484600F0A8F9D4
:106E300011A81CF05DFD68461CF05AFD22B0BDE8AB
:106E4000F087584B129320461CF042FB19901A9081
:106E500000231B93E7E7534B129320461CF038FBAB
:106E6000404219901A9000231B93DCE74E4B12937B
:106E700020461CF041FB19901A9000231B93D2E787
:106E8000494B129320461CF037FB404219901A9050
:106E900000231B93C7E7434E129620461CF018FBB5
:106EA00019901A9000251B95019620461CF010FBA6
:106EB0000895099540420A90B5E73A4E1296204649
:106EC0001CF006FB404219901A9000251B95019674
:106ED00020461CF0FDFA089509950A90A3E7324E6A
:106EE000129620461CF008FB19901A9000251B955D
:106EF000019620461CF000FB0895099540420A9037
:106F000091E7294E129620461CF0F6FA404219905D
:106F10001A9000251B95019620461CF0EDFA089565
:106F200009950A907FE7214B1293002319931A9336
:106F3000FF231B9377E71D4B0193FF2308930993CE
:106F400000230A936FE7174B019320461CF0C0FA09
:106F500000230893099340420A9064E7114B019380
:106F600020461CF0B5FA0023089309930A905AE7CB
:106F70000D4B019320461CF0BFFA002308930993A0
:106F800040420A904FE7084B019320461CF0B4FAA8
:106F90000023089309930A9045E700BF3D6B000862
:106FA0007B6B0008716B0008676B00085B6B000867
:106FB00008B5034630B1D3F854010028D4BF0020EF
:106FC000012008BD1CF07EFA03460028F3D1002002
:106FD000F7E7806858B1837E03F03F038B4205D901
:106FE00001EB4101C06800EB810070470020704751
:106FF00010B50C4640B1006848B103695BB9006840
:107000000028FAD1012012E04B681868F4E701204B
:107010000DE001200BE00369002BFAD00023E360B0
:10702000036921469847207EC04300F0010010BD4F
:1070300070B5044600F016FB68B1006883680BB1B8
:10704000217A9847237E13F0020640F08B8013F0DC
:10705000010F40F0888000216068FFF7BAFF034607
:1070600020B3002512E05A68E2601B68204698476A
:10707000237E13F0020678D113F0010F73D101358E
:1070800029466068FFF7A5FF034678B11A68002A11
:10709000F5D01A7A93F908100029F0DA802AE2D0A4
:1070A00022F08002217A8A42E9D1DCE721460020E1
:1070B000FFF79EFF0646002855D000216068FFF7C5
:1070C00088FF034620B3012E4DD1002512E05A68F7
:1070D000E2601B6820469847237E13F0020242D1EB
:1070E00013F0010F43D1013529466068FFF771FFA6
:1070F000034678B11A68002AF5D0197A93F9082066
:10710000002AF0DB0029E2D0227A8A42EBD1DEE7C6
:10711000012E28D1606843685BB3237E13F0040F0F
:1071200029D1237A233B012B0AD863685B6863600B
:107130002046FFF77DFF012814BF0026012612E03C
:107140004FF4804100F0F1FFA8B1237A113BDBB28C
:107150001B2BEAD8094A22FA03F313F0010FE4D0FB
:10716000012600E00126304670BD0126FBE71646E9
:10717000F9E70126F7E70126F5E700BFFF270F0B28
:10718000D8B110B588B0019002908DF80C10002194
:10719000049105929DF81C3003F0FA0361F341035A
:1071A0008DF81C30064C2368069301A82060FFF779
:1071B0003FFF069B236008B010BD0120704700BF51
:1071C0004CCE00200068704740687047007A00F09D
:1071D0007F00704700697047C0687047084B1B68A4
:1071E0003BB970471A7E42F001021A765B69002BA8
:1071F000F7D05A688242F5D01A688242F6D1F1E798
:107200004CCE00202DE9F04104460F4616461D469F
:1072100001F004FAA368987E421C62F30500987698
:10722000D4F8088098F81A0000F03F0000EB400006
:107230008100D8F80C001DF0ADFCC8F80C00A36864
:10724000DA6852B39B7E03F03F0303EB430302EB88
:10725000830242F80C7CA268937E03F03F03D2685D
:1072600003EB430302EB830303F8046CA268937EF1
:1072700003F03F03D26803EB430302EB830343F8BD
:10728000085CA268937E03F03F0303EB43039B007B
:107290000C3BD0681844BDE8F081FEE7037A013B5F
:1072A000DBB20F2B94BF006900207047037A143BB8
:1072B000DBB2052B94BF006900207047037A132BC3
:1072C00000D070470269B2F900308B42B8BF0B465C
:1072D0001380F6E7F8B5054600201CF06BF9D8B12D
:1072E000044600273E4604E020461CF063F90446AD
:1072F00060B1204600F0BCF9636DAB42F4D10228C6
:107300000FD02746042808BF2646EDE70EB13046C9
:10731000F8BD0FB13E46FAE700201CF04BF90646D7
:10732000F5E72646F3E700283ED02DE9F84F8A46D8
:1073300091460746037F13F0010F6CD1C4684FF0EC
:10734000010B0026D84684B3002E08BF26462146EE
:107350003846C8470446B04265D0002CF3D02068B8
:1073600000F0EFFE10F0800FEDD1256855B14146D9
:10737000284600F0DAFE48BB284605F0FDFD05462C
:107380000028F4D1FB68A34250D053B31D6838469F
:10739000FFF7A0FF02460F212846FFF7F1FE012864
:1073A0001BD04FF0000B38E0FEE73B7F13F0080FD7
:1073B00001D1002E34D1BBF1000F2ED03846D0477A
:1073C0000446002E3BD04FF0000BC6E701212846B3
:1073D00000F0ABFE0028D5D0B5E7FB68186802F0D6
:1073E000E2F9FC6024683846FFF774FF02460E217C
:1073F0002046FFF7C5FE012802D04FF0000B0CE03D
:10740000FB68186802F0CFF93B6993B1384698479A
:107410004FF0010B01E04FF0000B5846BDE8F88F2C
:107420004FF0000BF9E74FF0000BF6E74FF0000BC1
:10743000F3E74FF0010BF0E74FF0000BEDE700280A
:10744000FAD006464FF0000B89E7000008B520216E
:1074500001481DF074F908BD44D20020014B1868A2
:10746000704700BF50CE002060B110B50446064AF8
:107470000649FFF758FF63691BB110B90121204687
:10748000984710BDFEE700BFBD480208AD4802089E
:1074900060B110B50446064A0649FFF744FF636928
:1074A0001BB110B900212046984710BDFEE700BF70
:1074B000C5480208B548020888B138B50446037FBC
:1074C000C3F3C00543F00803037713F0040F07D19B
:1074D000FFF7CAFF237F65F3C303237738BDFEE7B9
:1074E000FFF7D6FFF6E770B5054600F02CFEA0B119
:1074F0000646C36813B11B68AB420FD030461DF07F
:10750000D5F9044648B12368AB4231D02146304614
:107510001DF0D4F904460028F5D170BD037F13F0A7
:10752000010F03D0037F23F00103037730461DF0E2
:10753000BDF9F36883420BD03046FFF7BDFFF36817
:10754000002BDBD01B68AB4204BF0023F360D5E700
:1075500030461DF0AFF9F3688342EDD11C68304628
:10756000FFF7B8FE02460F212046FFF709FEE6E7C7
:10757000214630461DF057F920461DF0EFFAAB6862
:10758000002BCAD000229A60C7E700283AD070B515
:107590000C4605460846FFF7A6FF28461DF086F96B
:1075A000014640B10B68A3421FD028461DF086F962
:1075B00001460028F6D1204600F0C5FD30B1A36891
:1075C0009B682BB1DB681B68A3420FD0A36883B113
:1075D000A3689D6028461DF007F9064668B104605F
:1075E00028461DF063F9864208D070BDFFF764FF9E
:1075F000ECE7204601F012F8EAE7FEE72846FFF73D
:107600005BFFF2E7704718B1C06808B100687047C7
:107610007047F8B170B50446037FC3F340038B4253
:1076200013D0037F61F341030377FFF7ECFF0546B7
:1076300058B1E3681E682046FFF74CFE02460E2153
:107640003046FFF79DFD012800D070BD284602F0AE
:10765000AAF8FAE7704718B1007FC0F340007047FE
:1076600000207047014B1868704700BF58CE0020BB
:1076700010B10368187870470020704738B50C4681
:1076800030B30346427942F002024271284A12683E
:10769000824206D01A681278013AD2B2012A04D97D
:1076A00038BD244A00211160F4E75CB15A6BA24254
:1076B00004BF00225A639A6AA24236D0DA6AA24212
:1076C000EED102E000225A639A620022DA62E7E712
:1076D00000201BF06FFF034618B3002507E05D6331
:1076E0009D62DD6218461BF065FF0346C8B15A79FA
:1076F00042F002025A711A681278013AD2B2012A93
:10770000F0D8002CEBD05A6BA24204BF00225A637F
:107710009A6AA24204BF00229A62DA6AA242E1D1C6
:10772000DFE7044B00221A60BAE700229A62C5E73D
:1077300058CE002054CE002010B50446437923F0E3
:10774000010343711BF050FFE0641BF04DFFA06488
:1077500010BD58B103681B7803F0FD03012B08D05E
:107760004FF6FF730B804FF0FF3307E000230B80D1
:1077700004E0B0F908300B80B0F90A304B80704754
:1077800060B103681B7803F0FD03012B01D00020DA
:10779000704790F8440000F00F00704700207047D9
:1077A00048B10268127802F0FD02012A01D00020DF
:1077B0007047006B7047704700230B804B8028B1E7
:1077C00003681B7803F0FD03012B00D07047B0F96C
:1077D00018300B80B0F91A304B80F7E718B14379B5
:1077E00043F0080343717047014B1868704700BFAE
:1077F00054CE002000B3024603291AD00C291DD113
:10780000B0F926301268517ED3B110B40020C1F116
:1078100064010C4C184400B201FB03F384FB03C267
:10782000DB17C3EB62131BB2002BF3D15DF8044BE3
:107830007047B0F92430E5E700207047002070471A
:10784000184670471F85EB512DE9F043A5B0064659
:10785000FFF7BCFC05463046FFF7B4FC0446122D8A
:1078600007D0152D5BD0182D00F0E68025B0BDE8BF
:10787000F0833046FFF7AEFC05460378022BF5D0C7
:1078800017220021204604F0B3FB10B102232B7015
:10789000ECE70B220021204604F0AAFB07B2692284
:1078A0000021204604F0A4FB06466A22002120465F
:1078B00004F09EFBB4F91620B4F918E0B4F91AC02C
:1078C000B3B2A18AC91AADF848107344ADF84C3070
:1078D00080B2121AADF84A206044ADF84E003A4624
:1078E00012A968681CF031FA10B901232B70BDE7AA
:1078F00021220021204604F07BFBC0B2FC2802D8E4
:1079000001232B70B2E760220021204604F070FBB7
:10791000C3B2FC2B94BF012300232B70A6E7304693
:10792000FFF7C4FC064604A809F08CF834220021B5
:10793000204604F05DFB28B19DF8333043F001038D
:107940008DF8333004AF3A460021204600F08AFF1C
:1079500069220021204604F04BFB05466A220021E3
:10796000204604F045FBB4F91620B4F918E0B4F948
:107970001AC0ABB2A18AC91AADF808107344ADF8A9
:107980000C3083B2D21AADF80A206344ADF80E3041
:107990000DF148083146404601F0AAFACF4B139347
:1079A00000251495169702AB15931F9542461A2190
:1079B0002046FFF7E5FB17222946204604F018FB76
:1079C00078B3BDF9103063B3DDF820802F460895F9
:1079D00002AA04A9304609F07FF818201DF0F2F839
:1079E00005463B46BDF9102004F1140108F0EAFDFC
:1079F00004F59071284608F0E5FBB8F1000F15D0AA
:107A000000238DF813308DF832308DF83A308DF830
:107A10004630CDF8208002AA04A9304609F05CF86F
:107A200004E002AA04A9304609F056F812AA1B2164
:107A30002046FFF7A5FB19E73046FFF737FC054660
:107A400002AA6946204603F0DDFC68461CF032F8C5
:107A500020B902A81CF02EF8002866D004A808F06F
:107A6000F1FF21224FF48031204604F0C1FAC0B268
:107A70008DF81300022800F2BB8031224FF48031D0
:107A8000204604F0B5FAC0B28DF83200022800F2A8
:107A9000B88045224FF48031204604F0A9FAC0B2E4
:107AA0008DF84600022800F2C4804FF48031204651
:107AB00005F030F9FC280ED89DF8133000FB03F3D5
:107AC0001B128DF8133000FB03F3C3F307238DF86B
:107AD00032308DF846309DF813309DF83220134334
:107AE0009DF84620134320D00B224FF480312046CE
:107AF00004F07EFAADF81000294612A801F0F8F95A
:107B0000764B13930223149304AB16934FF48033F4
:107B10001F9368461BF0CEFF002840F0AA8002A801
:107B20001BF0C8FF002840F0B78017220021204634
:107B300004F05EFA002840F0C38034220021204681
:107B400004F056FA00283FF491AE04AF384608F02E
:107B500079FF00268DF813608DF82A608DF83A6061
:107B60008DF846603A463146204600F07BFE692299
:107B70003146204604F03CFA80466A2231462046CF
:107B800004F036FAB4F91620B4F918E0B4F91AC0C2
:107B90001FFA88F3A18AC91AADF808107344ADF82A
:107BA0000C3080B2121AADF80A206044ADF80E0015
:107BB0000DF148082946404601F09AF9474B1393C6
:107BC0000123149316970DF10809CDF854901F96D0
:107BD00042461A212046FFF7D3FA4A46394628463C
:107BE00008F07AFF42461B212046FFF7C9FA3DE61E
:107BF00020224FF48031204604F0FAF9ADF8140049
:107C00003BE732224FF48031204604F0F1F900B214
:107C1000ADF83000002803DC00238DF8323038E75F
:107C200030224FF48031204604F0E2F9ADF82E0006
:107C30002FE740224FF48031204604F0D9F900B2FA
:107C4000ADF83E00002803DC00238DF846302CE719
:107C500043224FF48031204604F0CAF9ADF84400C5
:107C600044224FF48031204604F0C2F9ADF83C00C4
:107C70001BE7CDF854D012AE32461A212046FFF74A
:107C80007FFA6A4604A9284608F026FF32461B21DF
:107C90002046FFF775FA42E702AE159612AF3A4654
:107CA0001A212046FFF76CFA1596324604A9284699
:107CB00008F012FF3A461B212046FFF761FA34E72D
:107CC00004F5907008F0DAFA064600283FF435AF64
:107CD00008F0ECFA30461CF0D7FF2EE7B8B10408E4
:107CE0002DE9F0410C464F682FB3384602F054FF9F
:107CF0000646384602F0DDFE8046FD8A102200214D
:107D0000384604F075F92B18A3EB08039BB2E38205
:107D1000013B6383BD8A12220021384604F068F9D2
:107D20000544A81B80B2A082013820834BF676332D
:107D3000E361BDE8F08141F67603F9E72DE9F04F04
:107D40008DB0B0F82090894508D004460F460184D4
:107D50000A46494604F092FE824610B90DB0BDE8CD
:107D6000F08F4FF420701CF02DFF03904FF4207122
:107D70001DF049F9638C13F47C7F00F00B81002621
:107D8000B346FB430493CDF81C90CDF820A03D46AC
:107D900019E093F807E0BEF1000F0DD0D3F800C052
:107DA000614600233CF83320C2F30D00672845D01C
:107DB000013308317345F5D10136638CC3F30513E4
:107DC000B34240F212814FEAC609D4F80C8008EBA6
:107DD000C607786820F07F4004F086FF8246029054
:107DE000E3684B44586820F07F4004F07FFF059023
:107DF000049B13EA0A0FDFD1FB7913F0020FDBD1EA
:107E000058F836309A884FF6FF718A42C1D093F8FD
:107E100007C0BCF1000FCFD0BCF1010F37D9D3F8A8
:107E200000E00EEB8C02002332F8021BC1F30D00C0
:107E300067281FD001339C45F6D1BDE712F4004FEF
:107E4000BAD112F4804F11D1D1F80490D9F8003092
:107E50001B88002B7FD04FF0000A069709965E46DC
:107E60000A940B955546DDF814A045E01DF092FFED
:107E70008146EBE711F4004F9ED111F4804F02D1FF
:107E80005EF82390E2E71DF085FF8146DEE7C2F34E
:107E90000D01672990D112F4004F8DD112F4804F5B
:107EA00002D1D3F80090D1E767201DF073FF81461F
:107EB000CCE708F101081434B04523D065682846A2
:107EC00004F012FF0746284604F010FFD9F80030EE
:107ED000228933F80B309A42EBD18245E9D1029BDB
:107EE000BB42E6D85D4646450DD00235D9F8003094
:107EF0005B5B002B00F082802EB1039C4FF00008EA
:107F0000AB46DBE75D4606EB8604039A02EB84038F
:107F1000D9F80C0022F82400D9F810005880D9F8BC
:107F20000800D860D9F80000405B1881D9F8040037
:107F30001861069A5068C0F3170058600136023580
:107F4000D9F800305B5B002B38D01F2ED4D9B34654
:107F5000099E0A9C0B9D0136638CC3F30513B34243
:107F600031D9BBF11F0F7FF62EAFDDF81C90DDF885
:107F700020A02F46039D0026686804F0B7FE014646
:107F800000953B464A46204604F0B0FC01361435C5
:107F90005E45F1D103981CF077FEBAF1010F18D0BD
:107FA000BAF1030F19D0BAF1020F7FF4D7AE204611
:107FB00001F0F9FB204600F0AAFFCFE6B346099E88
:107FC0000A9C0B9DC7E7DDF81C90DDF820A02F462A
:107FD00010E0204601F0E7FBC0E64FF6FF724FF4D9
:107FE0007021204604F0CAF8B8E6DDF81C90DDF8F0
:107FF00020A02F46BBF1000FBCD1CBE7B346099EB2
:108000000A9C0B9DA7E7000008B5124B1B7803B133
:1080100008BD1CF077FD1EF0B7F91CF0C5F91BF088
:10802000FBFBFFF713FA06F03BFB03F0D3FF4FF423
:10803000B47109481CF083FB5C2108481CF07FFBED
:1080400005F0B4F909F07EFB11F056F9014B01225D
:108050001A70DDE760CE002074D2002068D20020C4
:1080600010B50146034800F011FB044600F0C1FBC7
:10807000204610BDB8B104082DE9F04184B0044693
:108080000D4601F077F8064615F0100F16D1E3699A
:1080900023EA0503E36115F0010F1ED1204601F02C
:1080A00069F8B04202D115F0C07F04D0204604F038
:1080B00063FF01F079F804B0BDE8F08102AF3A4601
:1080C0006946204603F09EF96946204601F047FBC9
:1080D0003946204601F043FBD9E7204601F063FB17
:1080E000204601F047F80028D8D0204604F044FF8D
:1080F00001F05AF8204601F057F8CFE708B5038C95
:1081000043EA010231EA030300D108BD1146FFF73B
:1081100015FEFAE708B5038C23EA0102194200D1E3
:1081200008BD1146FFF70AFEFAE7C36999430CBF81
:10813000012000207047C3691940081E18BF0120A4
:108140007047008C7047806800B180687047F0B558
:1081500085B00E460846FFF739F804463046FFF76B
:1081600033F80546631E292B2ED8DFE813F02A00CA
:108170002D0050002D002D002D002D002F00560148
:108180005A012D002D006400280172012D002D00E0
:10819000D301CB012D00D3012D002D00D3012D00E3
:1081A0002D002D002D002D002D002D002D002D0067
:1081B0009A012D00C2012D002D002D002D00760109
:1081C00054002021FFF79AFF05B0F0BD2021FFF7F2
:1081D000A1FF3046FFF762F8FFF7E2FA0028F3D17B
:1081E000EB6913F0080FEFD02B8C13F0010F09D1BE
:1081F00001212846FFF782FF00221C212846FEF7B6
:10820000BFFFE1E701212846FFF784FFF4E72021C3
:10821000FFF780FFD8E704F0C8FE06460028D3D059
:108220000024AB681B6853F8240000F0BDFF013444
:10823000A642F6D1C8E7C36913F0080F1BD103F4B7
:108240000163B3F5016FBFD100F0A9FA0028BBD1DB
:10825000284602F0A1FC0746284602F00FFD04461E
:108260003046FEF7B7FF0378113B032BACD8DFE8AD
:1082700003F0332046763046FEF7ACFF0278A2F1D9
:108280001103032B12D8DFE803F0020C020C0121CA
:108290002846FFF733FF00221C212846FEF770FF17
:1082A00092E701212846FFF735FFF4E70A2A8BD031
:1082B000F1E7284602F0F4FB0446284601F02EF8C8
:1082C00002460028B8BFC21C04EBA201002209B27A
:1082D000284602F0D5FE77E7284602F0E1FB044687
:1082E000284601F01BF802460028B8BFC21CA4EBC8
:1082F000A201002209B2284602F0C2FE64E7284625
:1083000002F0ADFB10F0030F16D0002F01DC002CA3
:1083100012DD284602F0BBFB0446284600F0F8FFB9
:1083200002460028B8BFC21C04EBA201002209B219
:10833000284602F091FE47E7284602F0B1FB0446CA
:10834000284600F0EBFF02460028B8BFC21C04EB31
:10835000A201002209B2284602F092FE34E7284624
:1083600002F07DFB10F0030F16D0002F01DC002C73
:1083700012DD284602F08BFB0446284600F0C8FFB9
:1083800002460028B8BFC21CA4EBA201002209B219
:10839000284602F061FE17E7284602F081FB0446FA
:1083A000284600F0BBFF02460028B8BFC21CA4EB61
:1083B000A201002209B2284602F062FE04E7C36966
:1083C00013F4806F17D12846FFF7BDFEFFF743F97E
:1083D0000446FFF747F990B1FFF74AF9022812D097
:1083E00004280CBF062102217CB141F00801284677
:1083F000FFF784FEE8E6012102F0DEFFE3E7304606
:10840000FEF74CFFE8E70621EEE72846FFF776FE89
:1084100008212846FFF77EFED6E64021FFF76EFED4
:10842000D2E64021FFF776FE284602F010FB022834
:108430007FF4CAAE02AC22466946284602F0E2FF4B
:108440006946284601F08BF92146284601F087F954
:10845000BAE60E21FFF75EFEB6E60922002103F020
:10846000C7FD04460A220021284603F0C1FD80B260
:1084700010B914F0FF0F02D0284600F095FE2846F0
:1084800004F093FD064600283FF49EAE0024AB683E
:108490001B6853F8240000F087FE0134A642F6D191
:1084A00092E60122002103F0A3FD044604220021EC
:1084B000284603F09DFD074609220021284603F0C7
:1084C00097FD06460A220021284603F091FD80B25E
:1084D00058B916F0FF0F08D124B242F2D1739C4272
:1084E00003D038B298427FF46FAE284600F05CFEAD
:1084F0006AE690F8223043F0020380F8223000F060
:1085000053FE61E6002100F089FC01463046FEF78B
:10851000D5FE59E63046FFF797F955E610B50C46FB
:108520000846FEF75BFE002003F05CFD144A0021C4
:10853000204603F0F7FF012003F054FD0021204600
:108540001BF09EF92046FFF7FEFD10B12046FEF716
:10855000CAFFA3689BB1186820B11CF0FFFAA3689A
:1085600000221A60A368D86820B11CF0F7FAA3684B
:108570000022DA60A0681CF0F1FA0023A36010BDAD
:10858000FFFF0F00F0B585B004460D4600F0F2FD88
:10859000064615F0010F17D1E3692B43E36120462E
:1085A00000F0E8FDB04202D115F0C07F07D02046B0
:1085B00004F0E2FC00F0F8FD204600F0F5FD15F0B7
:1085C000100F1BD105B0F0BD204601F0ECF8E369B7
:1085D0002B43E361238C13F0020FE0D02046FFF71A
:1085E000B2FD07460028DAD0FEF73EFF3846FFF717
:1085F0000AF80028D3D001F0D6F8D0E702AD2A4619
:108600006946204602F0FEFE6946204601F0A7F8C2
:108610002946204601F0A3F8D4E70000836803B19F
:10862000704710B504460C4A1368013313601C20D0
:108630001CF076FAA06068B11C211CF0E4FCA26872
:10864000537E43F00F035376A268137E43F0030377
:10865000137610BDFEE700BF5CCE002028B1006895
:10866000884214BF0020012070470020704738B5B1
:10867000044605682B6813B10360FFF7F8FF256017
:108680006B6813B121462846984738BDF8B50D46AA
:1086900007460024002849D00346384A986912EA60
:1086A000000440D11B68002BF8D13FE01AF00AFF0C
:1086B0000446E0B1C068F8B1616A013161628900C5
:1086C0001CF068FAE060636A03F18043013B40F804
:1086D00023600024B482F48220461AF0F9FE431E7F
:1086E000338320461AF008FF431E738343E030466D
:1086F0001CF034FA26463EE004201CF011FAE0603B
:10870000066001236362E4E72846FFF787FF1CE069
:1087100004201CF005FA2060AB681B681E60AB6883
:1087200001225A6027E09C69C4F30F1420461CF014
:10873000F7F90646F8B121461CF065FC3760756014
:10874000002DB3D0AB68002BDED0AC682368002BC3
:10875000DED0636801336360AC68616889002068BB
:108760001CF018FA2060AA68536803F18043013BAB
:10877000126842F823603046F8BD00BFF0FF0F00DA
:1087800010B50446006883680BB1214698472368FA
:108790001B681BB123602046FFF7F2FF10BD036882
:1087A00043B11A7E12F0030F06D11B68002BF8D1DB
:1087B0000020704700207047187E00F00300012859
:1087C00014BF002001207047036843B11A7E12F0E5
:1087D0000C0F06D11B68002BF8D100207047002039
:1087E0007047187E00F00C00042814BF0020012000
:1087F000704738B5044600F0D7FC002003F0F2FBC8
:10880000204605F031FF2046FFF731FF012003F03D
:10881000E9FB4FF6FF724FF47021204603F0AEFCE7
:10882000204600F017FEFEF719FE20B1054620464F
:10883000FFF7CAFF88B9204604F09EFB054658B1F1
:1088400022462221FEF79CFC224623212846FEF7E1
:1088500097FC204600F0A7FF38BD21462846FEF7CA
:1088600094FEE8E7F8B506460D46144604F052FAC1
:1088700007468DB1022809D80023E370A37684F857
:10888000223084F82A3084F83630F8BD6822294630
:10889000304603F0ADFBA0700B222946304603F0B2
:1088A000A7FB2080E378002B44D1322229463046B2
:1088B00003F09EFB00B2208420B194F82230002BFC
:1088C00040F0958035222946304603F091FB00B2F6
:1088D000E08420B194F82A30002B40F0AA80A37ED7
:1088E000002B40F0C38094F83630002B40F0038119
:1088F000FC2FCAD8E37807FB03F31B12E370A37EB7
:1089000007FB03F31B12A37694F8223007FB03F353
:108910001B1284F8223094F82A3007FB03F31B1251
:1089200084F82A3094F8363007FB03F31B1284F8DE
:108930003630AAE721222946304603F059FBC0B25F
:10894000E0700228B1D920222946304603F050FBBE
:1089500002462946304604F075F8A08026222946B2
:10896000304603F045FB014618B1437A13F0070F78
:1089700015D123222946304603F03AFBE37B60F30E
:108980000203E37313F0070F0ED127222946304666
:1089900003F02EFBE37B60F3C503E37385E70A2254
:1089A000A01D1CF0A3F980E720222946304603F0E1
:1089B0001FFB02462946304604F044F8E08022229C
:1089C0002946304603F014FB02462946304604F09F
:1089D00039F8608124222946304603F009FB2072D1
:1089E00025222946304603F003FB2073CDE73122D0
:1089F0002946304603F0FCFAC0B284F8220002286F
:108A00007FF660AF33222946304603F0F1FA94F83E
:108A1000233060F3450384F8233030222946304662
:108A200003F0E6FA02462946304604F00BF8E083EC
:108A300048E737222946304603F0DAFAC0B284F814
:108A40002A0002287FF64BAF38222946304603F031
:108A5000CFFA208536222946304603F0C9FA02466D
:108A60002946304603F0EEFFA08438E72822294645
:108A7000304603F0BDFA206100283FF434AF2922CC
:108A80002946304603F0B4FAC0B2A07602287FF639
:108A90002AAF206906F0C8F802281AD02A222946EF
:108AA000304603F0A5FA02462946304603F0CAFFD5
:108AB00020832B222946304603F09AFAE0762C22B6
:108AC0002946304603F094FA003818BF0120207779
:108AD00009E757222946304603F08AFA6061552299
:108AE0002946304603F084FA02462946304603F010
:108AF000A9FF2083F7E640222946304603F078FAA2
:108B000000B2E08500283FF4F3AE94F83630022B33
:108B10007FF6EEAE45222946304603F069FAC0B230
:108B200084F8360002287FF6E3AE4122294630461B
:108B300003F05EFA208642222946304603F058FAB6
:108B4000608643222946304603F052FAA08644222A
:108B50002946304603F04CFA02462946304603F0D7
:108B600071FFA085C4E670B506460D461446562230
:108B700003F03EFAC3B2A376022B00D870BD29469B
:108B8000304604F0C7F8022837D9FC2804D8A37E61
:108B900000FB03F31B12A376A37E022BEED9552212
:108BA0002946304603F024FA02462946304603F0AF
:108BB00049FFA08158222946304603F019FAA082C5
:108BC00059222946304603F013FA60825A22294678
:108BD000304603F00DFAA37F60F30203A3777DB95B
:108BE00057222946304603F003FA20605B222946CB
:108BF000304603F0FDF92077C0E70023A376BDE7F8
:108C000068222946304603F0F3F9A37F60F3C503D9
:108C1000A377E5E770B505460E461446462203F0F5
:108C2000E7F9C3B2E372022B00D870BD3146284683
:108C300004F070F8022836D9FC2804D8E37A00FB47
:108C400003F31B12E372E37A022BEED90023238095
:108C50004FF4807363802B8B0133AA8A9B1AC3F372
:108C6000C03202FA83F35B10A3806B8B0133EA8A74
:108C70009B1AC3F3C03202FA83F35B10E3804822ED
:108C80003146284603F0B4F9C0B2A07270B9002E84
:108C9000CBD068223146284603F0AAF9237B60F343
:108CA00003032373C1E70023E372BEE74722314683
:108CB000284603F09DF902463146284603F0C2FEDD
:108CC0002081E4E770B506460D4614464E2203F0B7
:108CD0008FF9C3B22372022B00D870BD29463046EB
:108CE00004F018F802283FD9FC2804D8237A00FBA6
:108CF00003F31B122372237A022BEED94922294651
:108D0000304603F075F900B260800028E5D04D22AE
:108D10002946304603F06CF902462946304603F0F6
:108D200091FE20804A222946304603F061F900B2C4
:108D3000A080E0B94C222946304603F059F90038AA
:108D400018BF0120637A60F3820360F3C303637288
:108D5000002DC2D068222946304603F049F9637AD3
:108D600060F301036372B8E700232372B5E74B2277
:108D70002946304603F03CF9E080DBE770B5064653
:108D80000D461446502203F033F900B2608000B95A
:108D900070BD53222946304603F02AF9C3B223732B
:108DA000022BF5D92946304603F0B4FF022832D908
:108DB000FC2804D8237B00FB03F31B122373237BC3
:108DC000022BE5D952222946304603F011F902461A
:108DD0002946304603F036FE20805422294630468C
:108DE00003F006F9A06051222946304603F000F94D
:108DF000003818BF0120637B60F382036373002D8A
:108E0000C6D068222946304603F0F2F8637B60F34F
:108E100001036373BCE700232373B9E7F8B5054684
:108E20000E46402203F0E4F804B2E4B9352231469C
:108E3000284603F0DDF807B2002F45D169223146FC
:108E4000284603F0D5F807B26A223146284603F0D7
:108E5000CFF800B2B842B8BF38460028C4BF0019E6
:108E600004B22046F8BD45223146284603F0C0F83A
:108E7000C0B2022801D80024D8E743223146284650
:108E800003F0B6F804EBD474013000EB6404A4B230
:108E900041223146284603F0ABF807B24222314660
:108EA000284603F0A5F803B2002BB8BF5B42002FA1
:108EB000B8BF7F429BB2BFB2BB422CBFE418E419DB
:108EC00024B224EAE474B1E737223146284603F09D
:108ED0008FF8C0B20228B1D938223146284603F0B3
:108EE00087F807FA80F0A042B8BF204604B2A5E791
:108EF00038B504460D4648211CF085F8256038BD7C
:108F0000836813B1B3F9160070470020704730B57D
:108F100083B00446FFF7F4FF05460023ADF80630A2
:108F20000DF1060213212046FEF72AF9BDF906309D
:108F3000AB420AD1A36863B1BDF80620DA82BDF95D
:108F40000630AB4211D103B030BD204600F02BFCFF
:108F5000F0E7BDF90630002BF1D02046FFF75EFBAD
:108F6000A368BDF80620DA82E9E7204600F01BFC82
:108F7000E9E7836813B1987E800970470020704745
:108F80002DE9F04383B004460F4690466E2200213F
:108F900003F02EF806460FFA80F96D2200212046D4
:108FA00003F026F805B2B9F1000F02D1B5F5807FC4
:108FB00037D06F220021204603F01AF8ADF80400E4
:108FC00070220021204603F013F803B2ADF80630FA
:108FD000BDF9042002F4C041B1F5005F24D003F4D0
:108FE000C042B2F5005F39D0A38ABDF80420134413
:108FF000ADF80430E38ABDF806201344ADF806301E
:10900000B8F1000F07D076420FFA86F94FF480339B
:1090100093FBF5F31DB201AB2A46494638461AF0D8
:10902000D9FF03B0BDE8F08322F4C042B2F5FA6F75
:10903000D5DCB2F57A7FC8BFC2F57A72218B0131D7
:10904000A08A091A09B201FB02F2114981FB02014F
:10905000D217C2EB6112ADF80420C0E723F4C0437D
:10906000B3F5FA6FC0DCB3F57A7FC8BFC3F57A7386
:10907000628B0132E18A521A12B202FB03F3044AF4
:1090800082FB0312DB17C3EB6213ADF80630ABE7CC
:109090001F85EB5130B583B005460C46002301AA6D
:1090A000072103F0CCFB012807D020B9002221467C
:1090B000284603F08CFE03B030BD019BA342F5D1DE
:1090C000F9E730B583B005460C46002301AA082114
:1090D00003F0B5FB012807D020B90022214628461D
:1090E00003F07CFE03B030BD019BA342F5D1F9E74C
:1090F00038B504461546FFF7CDFF29462046FFF751
:10910000E0FF38BD30B583B005460C46002301AA08
:10911000012103F094FB012807D020B90022214649
:10912000284603F031FE03B030BD019BA342F5D1C8
:10913000F9E730B583B005460C46002301AA0421A7
:1091400003F07DFB012807D020B9002221462846E4
:1091500003F02FFE03B030BD019BA342F5D1F9E728
:1091600038B504461546FFF7CDFF29462046FFF7E0
:10917000E0FF38BD38B505460A49FEF7DCFF10B1FF
:109180000024204638BD0446284603F0F5FE00289A
:10919000F7D00A22002102F02BFF84B2003C18BF56
:1091A0000124EEE70100060008B590F8222042F005
:1091B000010280F8222003F0B4FE90F8222042F051
:1091C000040280F8222003F0B3FE406808B11DF0CD
:1091D00006FA08BD10B50446002289B203F093FEDA
:1091E0002046FFF7E1FF10BD70B505460C460D4A5D
:1091F0001368013313600C4ED90030681BF0CAFCB1
:10920000306068B10346074A106800F10052013A25
:1092100043F83250044B1B6803EBC2035C6070BD23
:10922000FEE700BF64CE002028D2002070B50446BF
:1092300015461E46002203F0D8FD32462946204638
:10924000FFF756FF70BDB0F914300B80B0F916303F
:109250004B80B0F918308B80B0F91A30CB80704752
:109260002DE9F041044603F087FEC8B10646A48A02
:10927000B0F8148001F00BFC0746122200213046A2
:1092800002F0B6FE054632220021304602F0B0FE62
:109290000544641BA4EB0800384400B2BDE8F0812B
:1092A000B4F91400FAE72DE9F041044603F064FE36
:1092B000C8B10646E48AB0F8168001F0F1FB074613
:1092C00010220021304602F093FE05463222002192
:1092D000304602F08DFE0544641BA4EB08003844C0
:1092E00000B2BDE8F081B4F91600FAE710B5044603
:1092F000FFF7D9FF638B0133E28A9B1A184400B24F
:1093000010BD08B50822002102F072FE00B208BDAF
:10931000038B0133828A981A00B27047438B013362
:10932000C28A981A00B2704770B505461222002111
:1093300002F05EFE044613220021284602F058FE89
:10934000064632220021284602F052FE3444C4F17F
:109350000104A4EB40042B8B1C44AB8AE01A00B23E
:1093600070BD70B505461022002102F041FE044692
:1093700011220021284602F03BFE0646322200213F
:10938000284602F035FE3444C4F10104A4EB400445
:109390006B8B1C44EB8AE01A00B270BD38B50546F1
:1093A0000C463222002102F023FEB5F9143023804E
:1093B000B5F916306380B5F91830A380B5F91A30C5
:1093C000E380414209B20A4620461AF081FB12228C
:1093D0000021284602F00CFE238818442080132226
:1093E0000021284602F004FEA3881B1AA380102245
:1093F0000021284602F0FCFD638818446080112299
:109400000021284602F0F4FDE3881B1AE38038BDF2
:1094100000B583B00023ADF804304EF20103ADF87F
:10942000063001AA2C21FDF7ABFEBDF9040003B004
:1094300000BD00B583B04EF20103ADF80430002347
:10944000ADF8063001AA2C21FDF79AFEBDF9060001
:1094500003B000BD38B504460122002102F0C8FD6A
:1094600005B204220021204602F0C2FD42F2D1736F
:109470009D4202D000B2984204D12046FFF794FEEC
:10948000012038BD0020FCE72DE9F04F83B00646EF
:1094900089460091154601921F4603F086FD48B3A8
:1094A000804600241FFA89FA1FFA85F9A34602E0D4
:1094B0000134A0451ED0B3681B6853F8245037B15F
:1094C0004FF480212846FEF730FE0028F0D1AB8A09
:1094D0005344AB82EB8A4B44EB822B8B53442B835C
:1094E0006B8B4B446B835B46019A00992846FFF7D0
:1094F000CBFFDDE703B0BDE8F08F80B32DE9F0418D
:109500000F4614461D468046FFF733FD06469DB1C3
:109510001CB9022E0AD0BDE8F081404603F02CFDB4
:1095200001231A463946FFF7E8FFF2E701223946E0
:109530004046FFF725FDEEE702280AD0002CEAD0CE
:10954000404603F019FD002301223946FFF7D5FFFD
:10955000E1E7002239464046FFF712FDEEE770478B
:10956000F0B585B005460C4616461F46B1F9001009
:10957000ADF80010B4F902E0ADF802E0ADF8041067
:10958000B4F90610ADF80610B4F904C0ADF808C07F
:10959000ADF80AE0ADF80CC0ADF80E106946FFF763
:1095A000ACFF3B46324601A92846FFF7A6FF3B46E3
:1095B000324602A92846FFF7A0FF3B46324603A9E0
:1095C0002846FFF79AFFBDF90C30BDF90850BDF9E8
:1095D0000400BDF900101A46AB42A8BF2A468242D9
:1095E000A8BF02468A42A8BF0A462280AB42B8BF43
:1095F0002B468342B8BF03468B42B8BF0B46A380BD
:10960000BDF90E30BDF90A50BDF90600BDF90210D2
:109610001A46AB42A8BF2A468242A8BF02468A42E7
:10962000A8BF0A466280AB42B8BF2B468342B8BF90
:1096300003468B42B8BF0B46E38005221146204605
:109640001AF046FA05B0F0BD2DE9F04383B00446A8
:109650000E460121FEF769FD28B14FF0000948468A
:1096600003B0BDE8F0838146204603F05AFC05466E
:1096700003F05EFC0746FDF7D3FA85420ED038466C
:10968000FDF7D9FA854209D03846FDF7DFFA854261
:1096900004D03846FDF7E5FA8542E0D14FF40021C9
:1096A0002046FEF748FDE0B92046FFF729FCB4F953
:1096B0001620B4F91830B4F91A5080B2A18A091AE8
:1096C000ADF80010121AADF802200344ADF80430D2
:1096D0002844ADF806006A46314630461AF016FABC
:1096E00078B10023012231462046FFF739FF20469A
:1096F00003F042FC044678B301274FF400286D467E
:1097000006E08146ABE7204603F036FC044600B392
:1097100039462046FEF709FD0028A0D141462046E3
:10972000FEF709FD0028EED104F1140393E80300CD
:1097300085E8030000233A4629462046FFF710FF3C
:109740002A46314630461AF0E1F90028DBD181463D
:1097500085E74FF0010982E74FF001097FE730B557
:1097600083B005460C4603F0E3FBFDF721FC08B986
:1097700003B030BD2388ADF800306388ADF8023007
:10978000A388ADF80430E388ADF806306946284672
:10979000FFF75AFF0028EBD0284603F0C9FB6946C3
:1097A00004F0B0FBE4E710B582B00446FFF7A8FB75
:1097B000B4F91610B4F91820B4F91AC083B2A08A0B
:1097C000C01AADF80000C91AADF802101A44ADF87D
:1097D00004206344ADF8063069462046FFF7BFFF1A
:1097E00002B010BD2DE9F04784B004460E46154680
:1097F000476837B312220021384602F0F9FB814650
:1098000010220021384602F0F3FB80464FF48021FD
:109810002046FEF78AFC00283FD0B144BB8A994419
:109820000FFA89F6A844FB8A98440FFA88F8322286
:109830000021384602F0DCFB80B2064436B24044D8
:1098400005B2A38AF61A1FFA86F836B2E38AED1A31
:109850001FFA85F92DB258EA090367D02046FFF7B1
:10986000A2FFA38AADF80830E38AADF80A30238B53
:10987000ADF80C30638BADF80E303FB36946384617
:10988000FFF78CFD0022694602A81AF05EFA8246B4
:10989000F0B9384602F0E8F91AE0B7F9143003FAE3
:1098A00089F9384601F0F3F8A9EB0009B1440FFA41
:1098B00089F6B7F9163003FA88F8384601F0F0F85F
:1098C000A8EB0008A8440FFA88F8B0E74FF0000AA8
:1098D000A38A4344A382E38A4B44E382238B9844C4
:1098E000A4F81880638B9944A4F81A9000232A46A0
:1098F00031462046FFF7C8FDAFB122462221384647
:10990000FDF73EFC2046FFF74EFF0022694604F1BA
:1099100014001AF01AFABAF1000F00D130B138462B
:1099200002F0A2F902E02046FFF73DFF04B0BDE8D7
:10993000F08700002DE9F04F87B00446FFF71AFCCE
:1099400010B107B0BDE8F08F204603F015FB80464C
:1099500007220021204602F04BFB814607B2082275
:109960000021204602F044FB064605B2B8F1000F84
:1099700058D04046FFF7D8FC00904046FFF7F1FC76
:10998000019009F4C049B9F5005F51D006F4C04612
:10999000B6F5005F61D06B220021204602F028FB63
:1099A00006460FFA80FB6C220021204602F020FBC5
:1099B00003B2A18A0491228B013292B20592521A0B
:1099C00012B20392B4F816A0B4F81A9009F1010982
:1099D0001FFA89F9A9EB0A0212B2029206F4C046F4
:1099E000B6F5005F4ED000F4C040B0F5005F5FD028
:1099F0005F44BEB23FB21D441FFA85FB2DB209225F
:109A00000021204602F0F4FA10F0FF0065D0012892
:109A10006BD00238072879D8DFE800F06D7E929984
:109A2000AB86B9CC2A4639462046FFF7DBFE88E7ED
:109A300027F4C043B3F5FA6FA8DCB3F57A7FC8BF4B
:109A4000C3F57A73009A02FB03F3664A82FB0312A2
:109A5000DB17C3EB62131FB298E725F4C043B3F5DD
:109A6000FA6F98DCB3F57A7FC8BFC3F57A73019AB1
:109A700002FB03F35B4A82FB0312DB17C3EB6213A7
:109A80001DB288E72BF4C042B2F5FA6FABDCB2F539
:109A90007A7FC8BFC2F57A72039901FB02F251497D
:109AA00081FB0261D217C2EB61120FFA82FB9AE7C7
:109AB00023F4C042B2F5FA6F9ADCB2F57A7FC8BFE0
:109AC000C2F57A72029B03FB02F2464B83FB021340
:109AD000D217C2EB631213B28AE716220021404666
:109AE00002F086FAC0B2012816D02A46394620462E
:109AF000FFF778FE25E7009B03EBD373039A02EB95
:109B0000D2777F10C7EB630737443FB22A46394606
:109B10002046FFF767FE14E7049B059A9F1A009BF7
:109B20001F4437443FB2F1E7019B03EBD373029A22
:109B300002EBD2756D10C5EB63055D442DB2E5E710
:109B4000AAEB0905019B1D445D442DB2DEE7009B95
:109B500003EBD373039A02EBD2777F10C7EB630753
:109B600037443FB2AAEB0905019B1D445D442DB269
:109B7000CCE7049B059A9F1A009B1F4437443FB2D1
:109B8000AAEB0903019A13445B441DB2BEE7049B90
:109B9000059A9B1A009A134433441FB2019B03EBAE
:109BA000D373029A02EBD2756D10C5EB63055D4469
:109BB0002DB2ABE7009B03EBD372039B03EBD37394
:109BC0005B10C3EB62031E4437B2019B03EBD372FD
:109BD000029B03EBD3735B10C3EB62039B440FFA4E
:109BE0008BF593E71F85EB5110B582B00446FFF764
:109BF00087F9B4F91610B4F91820B4F91AC083B271
:109C0000A08AC01AADF80000C91AADF802101A44B3
:109C1000ADF804206344ADF8063069462046FFF7EE
:109C200013FD02B010BD38B505460C46FEF7F6FC34
:109C3000AB689C8238BD10B5B0F914E0A1F800E023
:109C4000B0F916204A80B0F918C0A1F804C0B0F9E4
:109C50001A30CB8084688CB1A48AAEEB040EA1F8D4
:109C600000E08468A48AA444A1F804C08468A48A9B
:109C7000121B4A808268928A1344CB8010BD000078
:109C800000B58446084601F4C041B1F5005F0BD031
:109C900002F4C041B1F5005F1AD06245A8BF624628
:109CA0009042B8BF104600BD20F4C041B1F5FA6F34
:109CB000EEDCB1F57A7FC8BFC1F57A7103FB01F123
:109CC0000D4880FB01E0C917C1EB601108B2DFE766
:109CD00022F4C041B1F5FA6FDFDCB1F57A7FC8BF7D
:109CE000C1F57A7101FB03F3034A82FB0312DB1710
:109CF000C3EB62131AB2D0E71F85EB5100B584465F
:109D0000084601F4C041B1F5005F0BD002F4C04138
:109D1000B1F5005F1AD06245A8BF62469042B8BF55
:109D2000104600BD20F4C041B1F5FA6FEEDCB1F58C
:109D30007A7FC8BFC1F57A7103FB01F10D4880FB42
:109D400001E0C917C1EB601108B2DFE722F4C0419E
:109D5000B1F5FA6FDFDCB1F57A7FC8BFC1F57A7172
:109D600001FB03F3034A82FB0312DB17C3EB62130D
:109D70001AB2D0E71F85EB512DE9F04F8BB090F868
:109D8000233003F00C030C2B00F02D83044603F06A
:109D9000F3F80646002800F02983204600F0FCFE78
:109DA000009094F8233013F0080F26D0258B01354E
:109DB000A38AED1A2DB24FF00008204600F079FE7C
:109DC000074694F8233013F0040F00F08181B4F8B3
:109DD0001A9009F10109E38AA9EB03090FFA89F93D
:109DE000B8F1000F40F06782238B0133A28A9B1ADF
:109DF0001BB29D4240F07482C1E201220021204644
:109E000002F0F6F805B242F2D178454514BF4FF0A2
:109E100000084FF0010800F4C040B0F5005F1AD010
:109E20003046FFF781FA814642F2D1739D4234D029
:109E300002220021204602F0DBF807B203220021B3
:109E4000204602F0D5F84B4602B239462846FFF7C5
:109E500017FF0546B1E725F4C0473046FFF764FA1F
:109E6000814642F2D1739D4217D0B7F5FA6FDFDC1D
:109E700096F8233013F0080F00F00781B7F57A7FCA
:109E8000C8BFC7F57A7707FB09F7B94B83FB0723F0
:109E9000FF17C7EB63173DB2CAE700221146204601
:109EA00001F0DAF832220021204602F0A1F805463E
:109EB00013220021204602F09BF8ADB2284487B25D
:109EC000029712220021204602F092F80544ADB21A
:109ED00001952046FFF79CFA7D1905442DB22046D6
:109EE00003F063F8824616220021204602F080F833
:109EF000C0B201280AD0BAF1000F99D0BDF90430E0
:109F00000493DFF874B20027039586E0BAF1000FDE
:109F10008ED0BDF908300493DFF85CB200270395BA
:109F20001CE009220021284602F062F8C3B2082B87
:109F30002FD840F2491222FA03F313F0010F28D070
:109F4000B4F91830B5F914209B1A01335B45B8BF3A
:109F50005B460FFA83FB0137BA4531D0A3681B6813
:109F600053F8275083492846FEF7E5F80028F2D138
:109F70002846FFF7FFF80028D3D0B4F91830B5F918
:109F800014209B1A01335B45B8BF5B460FFA83FB75
:109F9000E1E707220021284602F02AF800B2002853
:109FA000D9D12B8B0133AA8A9B1A9AB2049901FA50
:109FB00083F39B45CFDC029B1A440FFA82FBCAE76E
:109FC000039D6D4A93453FF433AF019B5B441BB245
:109FD00053E008220021284602F00AF800B2C8B96E
:109FE0002B8B0133AA8A9B1A9AB2049901FA83F344
:109FF0009B450FDC019B1A440FFA82FB0AE0B5F97E
:10A000001830B4F914209B1A01335B45B8BF5B4686
:10A010000FFA83FB0137BA4527D0A3681B6853F8B2
:10A02000275054492846FEF786F80028F2D12846E2
:10A03000FFF7A0F80028E2D109220021284601F00C
:10A04000D7FFC0B20728C4D89323C34013F0010F31
:10A05000BFD0B5F91830B4F914209B1A01335B4511
:10A06000B8BF5B460FFA83FBD4E7039D424A934592
:10A070003FF4DEAE029B5B441BB23F4A93423FF487
:10A08000D7AE9D42B8BF1D46D2E601220021304620
:10A0900001F0AEFF00B242F2D17398427FF4EEAE0F
:10A0A00032220021204601F0A3FF074612220021A0
:10A0B000204601F09DFFC519ADB2132200212046B4
:10A0C00001F096FF3FB207FA80F31D442DB2AFE6D0
:10A0D00004220021204601F08BFF0FFA80FB00F4E0
:10A0E000C040B0F5005F1FD03046FFF73AF9814617
:10A0F00042F2D1739B4541D005220021204601F058
:10A1000077FF0FFA80FA06220021204601F070FF47
:10A110004B4602B251465846FFF7F0FD8146B8F172
:10A12000000F40F0C880CCE02BF4C04A3046FFF767
:10A1300018F9814642F2D1739B451FD0BAF5FA6FE8
:10A14000DADC96F8233013F0040F00F01C81BAF526
:10A150007A7FC8BFCAF57A7A0AFB09FA044B83FBF7
:10A160000A234FEAEA7ACAEB631A0FFA8AFBC3E7BB
:10A170001F85EB510100040001E0FFFF00221146A2
:10A18000204600F07DFF32220021204601F030FF02
:10A19000804610220021204601F02AFF1FFA88F88D
:10A1A000404483B2039302B205921122002120465B
:10A1B00001F01EFF80441FFA88F202922046FFF74A
:10A1C00038F9039B029A134403441BB201932046BF
:10A1D00002F0EBFE824600285AD0DFF820B24FF0A2
:10A1E0000008049516E009220021284601F000FF2E
:10A1F000C0B2032829D8B5F91A30B4F916209B1A31
:10A2000001335B45B8BF5B460FFA83FB08F10108D9
:10A21000C24531D0A3681B6853F8285076492846B8
:10A22000FDF789FF0028F1D12846FEF7A3FF00289B
:10A23000D9D0B5F91A30B4F916209B1A01335B4511
:10A24000B8BF5B460FFA83FBE0E7082200212846EF
:10A2500001F0CEFE00B20028D8D16B8B0133EA8A20
:10A260009B1A9AB2059901FA83F39B45CEDC039BB6
:10A270001A440FFA82FBC9E7049D604A934507D050
:10A28000029B5B441BB2019A9A42B8BF1A460192E4
:10A2900005220021204601F0ABFE0FFA80F80622CD
:10A2A0000021204601F0A4FE4B4602B2414601982F
:10A2B000FFF724FD814600233A460099204600F02E
:10A2C000F3FE238B0133A28A9B1A1BB29D4207D156
:10A2D000638B0133E28A9B1A1BB24B4500F08980E5
:10A2E0002046FFF760FAA38AADF82030E38AADF884
:10A2F0002230238BADF82430638BADF8263006AFC7
:10A3000039463046FFF74AF80022394608A819F0C6
:10A310001CFD074600285DD0E38A013B4B44638364
:10A3200016220021204601F063FEC0B2012855D05C
:10A33000A38A013B2B44238308AA29212046FCF74A
:10A340001FFF224622213046FCF71AFF2046FFF766
:10A350002AFA94F8223043F0020384F822300022D3
:10A3600006A904F1140019F0F0FC07B910B1304649
:10A3700001F07AFC2046FEF7CAFD4FF00108404686
:10A380000BB0BDE8F08F04220021304601F030FE12
:10A3900000B242F2D17398427FF4D9AE322200214A
:10A3A000204601F025FE834610220021204601F0C0
:10A3B0001FFE00EB0B0A1FFA8AFA11220021204629
:10A3C00001F016FE0FFA8BFB0BFA80F39A440FFA9A
:10A3D0008AFB91E6304601F047FC9DE7238B013371
:10A3E0005B1BA382A8E74FF00008C8E74FF0000806
:10A3F000C5E74FF00008C2E70100040001E0FFFFDD
:10A4000070B5054602F0D1FD0646A0B10024AB6848
:10A410001B6853F82400FFF7F3FF0134A642F6D17E
:10A4200095F8223013F0010F24D195F8223013F063
:10A43000020F14D170BD95F8223013F0010FF4D043
:10A4400095F8223023F0010385F822302846FFF7E3
:10A4500093FC2846FFF76EFA002EE6D016E095F83A
:10A46000223023F0020385F822300021284601F033
:10A470001FFCDFE795F8223023F0010385F8223036
:10A480002846FFF779FC2846FFF754FA0A220021F4
:10A49000284601F0ADFD80B20028C6D0084B1B68ED
:10A4A0008342C2D300F100500138064B1B6803EB16
:10A4B000C00253F83030516828469847B5E700BFCE
:10A4C00064CE002028D20020104B1B7803B17047C7
:10A4D00010B50E4B01221A7002F023FD044690F8CD
:10A4E000223013F0040F0DD094F8223023F004032F
:10A4F00084F822302046FFF783FF94F8223013F0CF
:10A50000040FF1D1014B00221A7010BD61CE002062
:10A510002DE9F04F85B081460E4693460193FFF733
:10A52000D3FF002E50D0484602F026FD804632224E
:10A53000002101F05DFD074612220021404601F096
:10A5400057FDBFB207EB000A0FFA8AFA102200216A
:10A55000404601F04DFD07443FB232220021304613
:10A5600001F046FD044612220021304601F040FD74
:10A57000A4B22518ABB202932DB2102200213046AE
:10A5800001F036FD0444A3B2039324B2BBF1000FE3
:10A590001FD00BF1FF33142B58D8DFE813F0220043
:10A5A00085009B00A900B700DA00F5000B015A00F6
:10A5B0002F013801560168016F018B019B01A40135
:10A5C000C201D401DB01F701484602F0D5FC064682
:10A5D000A9E716220021304601F00AFDC0B2012889
:10A5E00078D016220021404601F002FDC0B20128B9
:10A5F00000F0DC81B6F914B0019B9B44B8F914302B
:10A60000ABEB030B404600F0C7FA5844A0EB0A003E
:10A6100005442DB2B6F91660BDF938301E44B8F9BC
:10A620001630F61A404600F044FA3044C01B044489
:10A63000A4B200220121484602F0D7FB22B22946EB
:10A640004846FEF755FD05B0BDE8F08F00242546CD
:10A65000C7E73046FEF768FEB9F818300133B9F89D
:10A6600014209B1AC3F3C03202FA83F3029AA2EBBE
:10A67000630300EBD07003EB60031DB23046FEF7BE
:10A6800070FEB9F81A300133B9F816209B1AC3F3DB
:10A69000C03202FA83F3039AA2EB630300EBD0709B
:10A6A00003EB60031CB29CE73046FEF73DFEB9F8B1
:10A6B00018300133B9F814209B1AC3F3C03202FAE0
:10A6C00083F3029AA2EB630300EBD07003EB600309
:10A6D0001DB286E73046FEF727FE029B5D1EB9F8E5
:10A6E00014301D44B9F81830ED1A05442DB278E73E
:10A6F0003046FEF736FE039B5C1EB9F816301C444C
:10A70000B9F81A30E41A044424B26AE73046FEF776
:10A710000BFEB9F818300133B9F814209B1AC3F3B3
:10A72000C03202FA83F3029AA2EB630300EBD0700B
:10A7300003EB60031DB23046FEF713FE039B5C1E65
:10A74000B9F816301C44B9F81A30E41A044424B29B
:10A7500047E73046FEF7E8FD029B5D1EB9F814306E
:10A760001D44B9F81830ED1A05442DB23046FEF7F5
:10A77000F8FD039B5C1EB9F816301C44B9F81A307A
:10A78000E41A044424B22CE73046FEF7EAFDB9F897
:10A790001A300133B9F816209B1AC3F3C03202FAFB
:10A7A00083F3039AA2EB630300EBD07003EB600327
:10A7B0001CB216E73046FEF7B7FD029B013BB9F825
:10A7C00014201344B9F818209B1A03441DB23046D4
:10A7D000FEF7C7FDB9F81A300133B9F816209B1AF5
:10A7E000C3F3C03202FA83F3039AA2EB630B00EBCC
:10A7F000D0700BEB600B0FFA8BF4F2E6B9F8164051
:10A80000013CB9F81A30E41A24B20025E9E6338B8A
:10A810000133B28A9B1AC3F3C03202FA83F2B9F849
:10A8200018300133B9F814105B1AC3F3C03101FAC0
:10A8300083F56D10C5EB62052DB2B9F81640013CE9
:10A84000B9F81A30E41A24B2CBE6B9F81450B9F8C2
:10A850001830ED1A338B1D44B38AED1A2DB2B9F8B6
:10A860001640013CB9F81A30E41A24B2B9E6748BE8
:10A870000134F38AE41A24B20025B2E6338B0133A3
:10A88000B28A9B1AC3F3C03202FA83F2B9F81830C5
:10A890000133B9F814105B1AC3F3C03101FA83F520
:10A8A0006D10C5EB62052DB2748B0134F38AE41A86
:10A8B00024B296E6B9F81450B9F81830ED1A338B73
:10A8C0001D44B38AED1A2DB2748B0134F38AE41A55
:10A8D00024B286E6B9F81450013DB9F81830ED1AE3
:10A8E0002DB200247DE6B9F81450013DB9F81830B6
:10A8F000ED1A2DB2738B0133F28A9B1AC3F3C03267
:10A9000002FA83F2B9F81A300133B9F816105B1A5B
:10A91000C3F3C03101FA83F46410C4EB620424B2BF
:10A920005FE6B9F81450013DB9F81830ED1A2DB2B0
:10A93000B9F81640B9F81A30E41A738B1C44F38A3C
:10A94000E41A24B24DE6358B0135B38AED1A2DB2E7
:10A95000002446E6358B0135B38AED1A2DB2738B90
:10A960000133F28A9B1AC3F3C03202FA83F2B9F8B8
:10A970001A300133B9F816105B1AC3F3C03101FA6B
:10A9800083F46410C4EB620424B22AE6358B0135EB
:10A99000B38AED1A2DB2B9F81640B9F81A30E41A94
:10A9A000738B1C44F38AE41A24B21AE6B6F914B085
:10A9B000019B9B44B8F91430ABEB030B404600F00D
:10A9C0005DF95844A0EB0A0005442DB222E608B513
:10A9D00000220A210068FCF7D3FB08BD38B5044605
:10A9E0000D46FDF71BFEA268137E03F00303AB4286
:10A9F00006D0137E65F3010313762046FEF7D3FEDF
:10AA000038BD38B505460C46FDF708FEAA68537EEA
:10AA100003F00F03A34203D0537E64F30303537682
:10AA200038BD38B505460C46FDF7F8FDAB681A7E13
:10AA300064F383021A7638BD38B505460C46FDF737
:10AA4000EDFDAB681A7E64F305121A7638BD836893
:10AA50001BB1187E00F00300704703207047836825
:10AA60001BB1587E00F00F0070470F2070478368BD
:10AA70001BB1187EC0F381007047002070478368C7
:10AA80001BB1187EC0F30110704700207047836827
:10AA900023B1188A404280B200B270470020FBE721
:10AAA000836823B1588A404280B200B270470020C8
:10AAB000FBE7836823B1588A404280B200B27047F6
:10AAC0000020FBE72DE9F843064602F06EFA002865
:10AAD00049D0804600242E4FDFF8B89002E00134C0
:10AAE000A0450FD0B3681B6853F824504946284648
:10AAF000FDF721FB0028F2D1B5F91A309F42B8BF0B
:10AB00001F46ECE710220021304601F071FA804622
:10AB100011220021304601F06BFA04463222002156
:10AB2000304601F065FA0546194B9F4204D02318C0
:10AB3000728B9B1A3B441FB23046FEF77AFC81466B
:10AB40003046FEF7EBFB44444C4404EB4504241A26
:10AB5000A4B23046FFF7A4FF201A00B2B842B8BF33
:10AB60003846BDE8F88310220021304601F040FA53
:10AB7000804611220021304601F03AFA0446322282
:10AB80000021304601F034FA0546014FD4E700BFFA
:10AB900001E0FFFF010004002DE9F04F83B00446FF
:10ABA0001622002101F024FAC0B2012808D0A368BF
:10ABB000002B5FD0188A404200B203B0BDE8F08F8E
:10ABC00013220021204601F013FA019012220021E5
:10ABD000204601F00DFA834632220021204601F082
:10ABE00007FA8246204602F0E0F9804600283BD072
:10ABF00041F6FF770025DFF8809002E00135A84597
:10AC00000FD0A3681B6853F8256049463046FDF70E
:10AC100092FA0028F2D1B6F914309F42A8BF1F461D
:10AC2000ECE741F6FF739F4221D00BEB0A06A38AA3
:10AC30001E44F61BB6B22046FEF7EAFB80462046CD
:10AC4000FEF766FB0746019D5D4405EB4A0545445A
:10AC5000ADB22046FFF71BFF0544E81B00B236B239
:10AC6000B042B8BF3046A8E74EF20106E3E74EF225
:10AC70000106E0E70020A0E7010004002DE9F84309
:10AC800005461622002101F0B3F9C0B2012805D112
:10AC9000AB68002B52D0B3F910004DE0284602F00B
:10ACA00084F9804600284BD000242F4FDFF8BC9059
:10ACB00002E00134A0450FD0AB681B6853F8246054
:10ACC00049463046FDF737FA0028F2D1B6F9183078
:10ACD0009F42B8BF1F46ECE713220021284601F02F
:10ACE00087F9804612220021284601F081F90446A6
:10ACF00032220021284601F07BF906461A4B9F427A
:10AD000005D008EB00032A8B9B1A3B441FB2284650
:10AD1000FEF77EFB81462846FEF7FAFA44444C448F
:10AD200004EB4604241AA4B22846FFF7B0FE201A0A
:10AD300000B2B842B8BF3846BDE8F8830020FBE750
:10AD400013220021284601F053F9804612220021E7
:10AD5000284601F04DF9044632220021284601F030
:10AD600047F90646004FD2E701E0FFFF010004006B
:10AD700038B505460C460D4918F0FEFD68B1836AEA
:10AD80005B421BB223800A49284618F0F5FD48B102
:10AD9000806A404200B2608038BD2846FFF777FEE7
:10ADA0000346EFE72846FFF77BFEF4E719AE0008FD
:10ADB00001AE000870B551EA020302D10125284610
:10ADC00070BD04460D461646FDF728FCA268138A9E
:10ADD0002B441382A268538A3344538201233246A0
:10ADE00029462046FEF750FB00220B212046FCF7A7
:10ADF000C7F905460128E2D12046FEF7D4FCDEE77C
:10AE000038B504460D46FFF74BFE421912B2002139
:10AE10002046FFF7CFFF38BD38B504460D46FFF793
:10AE200036FE4119002209B22046FFF7C3FF38BDA4
:10AE30002DE9F04192B0044615460E4600297AD11C
:10AE4000002A00F08980012B77D1204602F070F8AB
:10AE5000074601A818F0FAFC0194414B04933846C8
:10AE600018F04AFB2A46002140F35D0018F0A0FDCF
:10AE7000B0F5C87F28BF4FF4C870C82838BFC820B5
:10AE80000C902046FFF70CFE434209930A93281AC0
:10AE90000B90344B0293344B089301AA09212046AE
:10AEA000FCF76EF9012857D101A818F021FD53E0F5
:10AEB0002A4631462046FFF77DFF01284CD100226B
:10AEC0000A212046FCF75CF946E0204602F030F803
:10AED00007460DF10408404618F0B8FC0194204BD9
:10AEE0000493384618F0F4FA3246002140F35D002E
:10AEF00018F05EFDB0F5C87F28BF4FF4C870C828B1
:10AF000038BFC8200C902046FFF7C1FD434209938B
:10AF10000A93301A0B90154B0293134B0893424639
:10AF200009212046FCF72CF9012815D101A818F0B9
:10AF3000DFFC8DB193E7012BC7D00A49204618F0FA
:10AF40009FFC0A49204618F09BFC0022092120465C
:10AF5000FCF716F90128ABD012B0BDE8F08100BFB4
:10AF6000CFA9000801AE0008CF39020819AE0008C9
:10AF70002DE9F0471F4651EA020301D1BDE8F087F1
:10AF800006460C461546FFF79FFA3046FFF77FFD51
:10AF90001FFA80F9A4EB090424B2162200213046DE
:10AFA00001F026F8C0B201282FD0002C1BDD0024B0
:10AFB0003046FFF775FD1FFA80F8A5EB08052DB2A6
:10AFC000002D37DD002509EB040189B208EB0502ED
:10AFD00092B251EA0203D1D03B4612B209B23046D6
:10AFE000FFF726FFCAE7E3DA3046FFF7D5FD8046D4
:10AFF0003046FFF743FE08EB00031BB223EAE3737E
:10B000005A429442D4DA14B2D2E7002C10DBCFDDDE
:10B010003046FFF7C1FD80463046FFF72FFE8044E3
:10B020000FFA88F828EAE8784445A8BF4446BFE705
:10B030000024BDE7C7DA3046FFF73BFD82463046C5
:10B04000FFF740FD0AEB00031BB223EAE3735A4209
:10B050009542B8DA15B2B6E770B504460E46154605
:10B06000064918F00DFC2046FFF711FD811B2B4609
:10B07000002209B22046FFF77BFF70BD19AE000821
:10B0800070B504460E461546064918F0F9FB2046F1
:10B09000FFF706FD821B2B4612B200212046FFF768
:10B0A00067FF70BD01AE000870B5054616461C4628
:10B0B0001A46FFF7D1FF224631462846FFF7E0FF48
:10B0C00070BD00002DE9F04F8BB080460D46039116
:10B0D00017460293084601F04FFF04461021FDF782
:10B0E00024F8002800F060812046FFF7B8FC0190AA
:10B0F0002046FFF7C4FC0490002800F0CA8005F148
:10B10000140B32220021204600F072FF0546102267
:10B110000021204600F06CFFADB2284486B20596AF
:10B1200011220021204600F063FF284482B20692DB
:10B13000B7F80290A6EB0906E38A1E44BBF802307A
:10B14000F61A36B2BBF806300893618B0991914428
:10B150001FFA89F9A9EB010A9A440FFA8AFA2046E4
:10B16000FEF7DCF80790002EC0F29E80BAF1000FC7
:10B17000C0F291800026049B022B00F0A980032BD3
:10B1800000F0AE80012B07D1E68A059B33441E46B2
:10B19000BBF80230F61A36B22046FFF768FC82464A
:10B1A00010B1039B03F1140812220021204600F085
:10B1B0001FFF05EB00091FFA89F913220021204621
:10B1C00000F016FF05441FFA85FB3B88A9EB030539
:10B1D000A28A1544B8F80020AD1A2DB2B8F80400C0
:10B1E000218B5B449BB25A1A024412B2002DC0F26A
:10B1F0009E80002AC0F2908000252046FEF788F845
:10B20000BAF1020F00F0A180BAF1030F00F0A5809F
:10B21000BAF1010F05D1A58A4D44B8F80030ED1AF6
:10B220002DB26349204618F02BFB80466149204629
:10B2300018F026FBB8F1000F00D138B100220A2126
:10B240002046FBF79DFF012840F0AE80019B13F0E4
:10B25000010F04BF25EAE5752DB2019B13F0020F23
:10B2600004BF05EAE5752DB2019B13F0040F04BF7E
:10B2700026EAE67636B2019B13F0080F04BF06EA11
:10B28000E67636B2029B002B40F081807B8800225C
:10B2900082E0C34635E7002E16DD2046FFF709FCA5
:10B2A000B042B8BF002666E7BAF1000F0EDD099B79
:10B2B000A3EB0903089A9B1A1EB22046FFF702FC73
:10B2C000F04248BF002656E7002654E7002652E722
:10B2D000668B069BF61ABBF80630F61A36B25BE7A9
:10B2E000BBF80210069B05980344079AD31AC3F3D0
:10B2F000C03202FA83F2E38A03445B1A03EB62036F
:10B30000BBF806200132521AC2F3C03101FA82F2B0
:10B31000A3EB62031EB23FE7002D01DC00256CE7C2
:10B320002046FFF739FCA842B8BF002565E7002A90
:10B3300009DDC91A091A0DB22046FFF79FFCE84241
:10B3400048BF002559E7002557E7258BA5EB0B05DE
:10B35000B8F80430ED1A2DB263E7B8F80020A58ADA
:10B360004D44AD1AB8F8043001339B1AC3F3C03210
:10B3700002FA83F3A5EB6305D944A0EB0900C0F3FF
:10B38000C03303FA80F005EB60052DB249E73B8836
:10B390002B443B807B88324613447B80029B3246A1
:10B3A00029462046FFF744FD0BB0BDE8F08F00BFF3
:10B3B00001AE000819AE00082DE9F04182B0064642
:10B3C0000F46FFF781F80023ADF80430ADF80630E2
:10B3D000304601F0D1FD88B1044635460DF1040830
:10B3E00014363B46424629463046FFF76BFE25465B
:10B3F000204601F0C1FD04460028F2D102B0BDE8AC
:10B40000F08100002DE9F04F93B004468B461546BD
:10B410004FF0FF360096334600221146584618F08A
:10B4200038FB0096334600221146284618F031FBBF
:10B4300010212046FCF779FE28B106462046FFF78A
:10B4400006FB814610B913B0BDE8F08F002018F05C
:10B45000B1F80746B9F1020F0ED10028F3D03846F3
:10B46000FCF79EF9844200F0CC83384618F0A2F82D
:10B4700007460028F3D1E6E72046FFF71AFB82468D
:10B480002046FFF71FFB03902046FFF785FB049043
:10B490002046FFF7F3FB05902046FFF7E0FA10F097
:10B4A0000C0F00F09C83B9F1010F00F0A483B9F1F7
:10B4B000030F00F0F38010F0030FC4D0B9F1030FB5
:10B4C00000F010814FF00009B9F1000FBBD0002649
:10B4D00016224FF48031204600F08AFDC3B20D934E
:10B4E00010224FF48031204600F082FD0990112295
:10B4F0004FF48031204600F07BFD079012224FF47C
:10B500008031204600F074FD0C9013224FF48031FE
:10B51000204600F06DFD089001224FF48031204656
:10B5200000F066FD0B9007B22046FDF7F7FE80465F
:10B530002046FDF7EDFE0690B9F1000F14BF3B4623
:10B5400000230A93002E08BF002721224FF48031E8
:10B55000204600F04DFDC0B2012840F2C980B9F18B
:10B56000000F00F00D811FFA88F9039B4B445344F0
:10B570009AB20E921AB2002A00F00281B4F9163083
:10B580006B80B4F91A30EB800D9B012B00F0BB806F
:10B59000238B08995B1A9BB2AB800B99C1F1010117
:10B5A0000B442B80BDF924300F93BDF91C10109172
:10B5B0001197A8EB03035B1ADB1B08FB03F898FB4E
:10B5C000F2F80FFA88F8C246002017F0A9FF00EB46
:10B5D00080004000EF2800F3A08001239A4540F34B
:10B5E000AA80BDF82420BDF81CA0BFB20E9BA3EB1F
:10B5F000090318B2002840F3BA801FFA88F802EB5A
:10B600000A03A9EB0303DB1BA3EB08039BB2E18A4C
:10B61000114401EB030C1BB2039901FB03F393FBF1
:10B62000F0F3ACEB030108B2688008F1FF3818FAB8
:10B6300081F1E980B4F916100F9B0B449842C0F2D7
:10B640004381B4F91A20B5F90610119BD31A10984A
:10B650001B1A994240F39480A2EB0A02D71B3FB217
:10B66000EF80002017F05CFF00EB80004300EF2B21
:10B6700000F36A810123FF1AB5F902309F427FDA95
:10B68000EF88002017F04CFF00EB80004300EF2B09
:10B6900000F368810123FF1A6F8071E0BAF1000F97
:10B6A0000EDD10F0030F18BFB14600F09582049B29
:10B6B000002B3FF70DAF059B002B3FF709AF03E7CA
:10B6C000039B002BEDDCF6E63846FCF759F80C2816
:10B6D00014BF4FF000094FF0010918F0030F3FF4B9
:10B6E000F3AEB7E24FF00009E1E74FF00009EBE6F7
:10B6F00031224FF48031204600F07AFCC0B201289C
:10B700003FF62DAF9FE6A38A0C990B449BB22B808A
:10B710000B9901390B44AB8044E7002017F000FF80
:10B7200000EB800043005033B74A82FB0312DB1763
:10B73000C3EBA21352E7002017F0F2FE00EB8000EB
:10B740004300EF2B02DC4FF001084AE7002017F01E
:10B75000E7FE00EB800043005033AB4A82FB03124C
:10B760004FEAE378C8EBA2180FFA88F839E7E38AC2
:10B7700013446B80638BA3EB0A03013BDB1BEB8061
:10B78000002E3FF460AEBDF81860059BF318049AD4
:10B7900013441FFA83F81AB2002A3FF454AE618BA7
:10B7A000079BC91A89B2ABF806100B9BC3F10103C2
:10B7B0001944ABF80210B4F91430ABF80030B4F906
:10B7C0001830ABF80430BDF93090BDF920A0069BCD
:10B7D000A3EB0905A5EB0A050A996D1A03FB05F50C
:10B7E00095FBF2F52DB22F46002017F099FE00EBE5
:10B7F00080004000EF2800F3C48001239F4240F303
:10B80000CE80BDF83020BDF820300393BDF82870FD
:10B81000A8EB06080FFA88F8B8F1000F40F3D880BB
:10B82000ADB2039BD318F31ADB1B5B1B19B205984F
:10B8300000FB01F191FBF8F15B1A9BB20D99012914
:10B8400000F0E480A18A11440B4419B2ABF8001057
:10B85000013D15FA83F3ABF80430B4F91430994480
:10B860004945C0F26381B4F91820BBF904100A9B62
:10B87000D31AA3EB0A0399427FF7E5AD039BD41AD1
:10B88000E41B24B2ABF80440002017F049FE00EBA3
:10B8900080004300EF2B00F385810123E41ABBF9FC
:10B8A00000309C42BFF6CFADBBF80440002017F03B
:10B8B00037FE00EB80004300EF2B00F38181012372
:10B8C000E41AABF80040BEE50A440FFA82F8A5F886
:10B8D0000280002017F024FE00EB80004300EF2BD5
:10B8E00015DC01239844B5F9063098457FF7A9AED9
:10B8F000B5F80280002017F013FE00EB8000430033
:10B90000EF2B12DC01239844A5F8068099E600206D
:10B9100017F006FE00EB8000430050333A4A82FBEA
:10B920000312DB17C3EBA213DCE7002017F0F8FDCE
:10B9300000EB800043005033334A82FB0312DB17D5
:10B94000C3EBA2139BB2DEE7002017F0E9FD00EB8A
:10B950008000430050332C4A82FB0312DB17C3EBF9
:10B96000A21388E6002017F0DBFD00EB8000430007
:10B970005033254A82FB0312DB17C3EBA2139BB2A1
:10B9800089E6002017F0CCFD00EB80004300503327
:10B990001D4A82FB0312DB17C3EBA2132EE7002024
:10B9A00017F0BEFD00EB80004300EF2B01DC01250A
:10B9B00027E7002017F0B4FD00EB80004300503370
:10B9C000114A82FB0312DD17C5EBA2152DB218E751
:10B9D0000D9B012B0BD0A38A1344ABF80030238BB3
:10B9E000039A9B1A013BDB1BABF804302BE5531E7B
:10B9F000A28A13443B44ABF80030238B039A9B1A72
:10BA0000ABF804301FE500BF67666666A18A114483
:10BA100039440B4419B2ABF80010013D15FA83F319
:10BA2000ABF80430B4F9140000EB09030A9D2B4471
:10BA300099422BDBB4F91830BBF90420A3EB0A0AB6
:10BA400052457FF700AD039A9B1A1CB2ABF8044035
:10BA5000002017F065FD00EB80004300EF2B4EDC6B
:10BA60000123E41ABBF900309C42BFF6ECACBBF8F2
:10BA70000440002017F054FD0A2300FB03F3EF2BD2
:10BA800048DC0123E41AABF80040DCE415183D441F
:10BA90002DB2ABF80050002017F042FD00EB800003
:10BAA0004300EF2B14DC01231D44BBF904309D42FD
:10BAB000C0DDBBF80050002017F032FD0A2300FB68
:10BAC00003F3EF2B0FDC01231D44ABF80450B1E767
:10BAD000002017F025FD0A2202FB00F35033A022BC
:10BAE00093FBF2F3E0E7002017F01AFD0A2202FBB5
:10BAF00000F35033A02293FBF2F39BB2E4E7002063
:10BB000017F00EFD0A2202FB00F35033A02293FB34
:10BB1000F2F3A6E7002017F003FD0A2202FB00F370
:10BB20005033A02293FBF2F39BB2ABE71A4415B259
:10BB3000ABF80050002017F0F3FC00EB800043004E
:10BB4000EF2B15DC01231D44BBF904309D427FF728
:10BB50008AAEBBF80050002017F0E2FC00EB80003A
:10BB60004300EF2B12DC01231D44ABF804507AE6AE
:10BB7000002017F0D5FC00EB800043005033394A19
:10BB800082FB0312DB17C3EBA213DCE7002017F0E4
:10BB9000C7FC0A2202FB00F35033A02293FBF2F30E
:10BBA0009BB2E1E7002017F0BBFC00EB80004300F4
:10BBB00050332C4A82FB0312DB17C3EBA2136DE652
:10BBC000002017F0ADFC0A2202FB00F35033A02244
:10BBD00093FBF2F39BB273E6B146002678E410F0D3
:10BBE000030F3FF430ACB9F1010F08BF4FF000096B
:10BBF0003FF46EAC21E0B14610F0030618BF0126F9
:10BC000066E42046FEF755FF82462046FEF75AFFBF
:10BC100003902046FEF7C0FF04902046FFF72EF861
:10BC200005902046FEF71BFF804610F00C0F7FF4B6
:10BC30004BAD18F0030F3FF406ACB9F1030F08BF8A
:10BC40004FF000093FF433ADB9F1020F7FF44DAD71
:10BC50004FF000093846FBF793FD03287FF434AC1E
:10BC600036E400BF6766666630B585B0044602AD4F
:10BC70006A462946FFF7C6FB284617F01BFF18B98E
:10BC8000684617F017FF38B102A817F013FF28B95C
:10BC9000684617F00FFF30B905B030BD02A9204645
:10BCA000FDF75DFDF4E769462046FDF758FDF3E733
:10BCB000F8B504460D46FEF7E2FE20B12046FEF739
:10BCC000D6FEB0B1F8BD2046FEF7F3FE064620468C
:10BCD000FEF7F8FE031EF1DA002EEFDD5B429E4216
:10BCE000A8BF1E462B4632B200212046FFF7A0F81F
:10BCF000E4E72046FEF750FF07462046FEF7BEFF6A
:10BD0000064616220021204600F072F9C3B2012B2C
:10BD10000ED0002ED6DA002FD4DD7642BE42A8BF68
:10BD20003E462B46002231B22046FFF781F8C9E794
:10BD3000002FC7DA002EC5DD2B46002239462046EB
:10BD4000FFF776F8BEE700002DE9F84F0646894672
:10BD5000934698462B4818F0ADFD00284DD0054677
:10BD60000027DFF8A0A009E0AB885B4517D04FF6AD
:10BD7000FF739B4513D0002C40D02546A8453DD0ED
:10BD80002946504618F09EFD04462B68B342F2D176
:10BD9000AB684B45E8D0B9F5702FECD1E4E7738C74
:10BDA00013F47C7F18BF002716D10021284617F016
:10BDB00067FD2946134818F036FD284618F0CEFED8
:10BDC0000127D8E7A988105819F064FF0137738C50
:10BDD000C3F30513BB42E8D9F800F26802EBC703CE
:10BDE000D97911F0020FF1D0B9F5702FEAD05B6864
:10BDF000C3F317034B45E9D1E4E700273846BDE814
:10BE0000F88F00BF2CD200202DE9F843064601F040
:10BE1000CCF8C8B107460025A9464FF02A08B368F8
:10BE20001B6853F825402046FDF7BDFC4A464146B5
:10BE30002046FBF7A5F92046FDF7B5FC2046FFF7A5
:10BE4000E3FF0135AF42EAD1BDE8F8832DE9F041C7
:10BE500005460C46438CC3F3051E13F47C7F13D0B8
:10BE6000C368002203E00132083372450CD093F816
:10BE700007C01CF0010FF6D05968C1F3170CA44598
:10BE8000F1D11868BDE8F0810EF1010101F03F0128
:10BE90006B8C61F309136B8403F47C7303B9FEE7C5
:10BEA000C900E86818F076FEE860002837D06E8C8C
:10BEB000C6F30516013E0FD0EA68F100A1F10803B0
:10BEC0001344D87910F0030F06D10A4493E8030015
:10BED00082E80300013EEFD1F700E868082100EB9B
:10BEE000C60019F090F8D5F80C80082018F018FE5C
:10BEF00048F83600EB6853F8360019F076FEEB6828
:10BF00003B44DA7942F00102DA71EB683B445A684B
:10BF100064F317025A60EB6853F83600B2E7FEE7A5
:10BF200070B505460C46418CC1F30511B9B18E467A
:10BF3000C0680346002203E00132083372450FD087
:10BF400093F807C01CF0020FF6D05E68C6F3170C1A
:10BF5000A445F1D1964503D000EBC20070BD00218D
:10BF6000013101F03F016B8C61F309136B8403F421
:10BF70007C7303B9FEE7C900E86818F00BFEE860BF
:10BF800030B36A8CC2F30512013A08D0EB6803EBB8
:10BF9000C20313E9030083E80300013AF6D1082144
:10BFA000E86819F030F8EE68082018F0B9FD306044
:10BFB000EB68186819F019FEEA68D37943F00203B8
:10BFC000D371EB685A6864F317025A60E868C5E7F2
:10BFD000FEE7000008B51421014818F0B0FB08BDC9
:10BFE0002CD20020014B1870704700BF6000002069
:10BFF0002DE9F04F85B005460F46934610461AF0DE
:10C0000069F800F001030193002D3ED13FB9BBF167
:10C01000010F00F09880BBF1040F00F094805846A7
:10C0200019F0B8FE8AE0039888E001346B8CC3F302
:10C0300005139C4280F09C80EA6802EBC403D97926
:10C0400011F0020F3BD0002EEFD15B6803F47F03A9
:10C05000BB42EAD152F83400837918EA030FE4D0E6
:10C0600003AA594619F028FF0128DCD00228DCD1A8
:10C070000223019A002AC9D00BB9002F61D12846AA
:10C0800000F07AFF05460028C0D0584619F083FF1B
:10C09000012303FA00F6F6B22B8C00936FEA030932
:10C0A0001FFA89F995F82280C8F3C0086B8C13F445
:10C0B0007C7F5DD000244346B0461E46BCE7464622
:10C0C0006B8CC3F30513A34252D94FF0FF3A12E031
:10C0D000009B434507D0C24601346B8CC3F3051364
:10C0E0009C4208D329E0039828E001346B8CC3F309
:10C0F00005139C421ED2EB6803EBC40253F83400D4
:10C1000083791E42F1D05368C3F3170203F47F030F
:10C11000BB42EAD11FFA82F812EA090FE5D1D045F5
:10C12000DADD03AA594619F0C7FE0128D0D002284B
:10C13000DBD19DE7BAF1000F1ADB039805B0BDE82B
:10C14000F08F0027A1E72B6833B90020F6E7B3F999
:10C1500014207AB91B684BB1BBF1010FF7D0B3F9CA
:10C160001620002AF6D0B3F91600E7E70020E5E72D
:10C1700000237EE7B3F91400E0E700005C4B1B7876
:10C1800003B970472DE9F04706460D461446FDF702
:10C190000AFB05F47F05204619F09CFF00F0040718
:10C1A000204619F097FF00F00208204619F092FF90
:10C1B0008146204619F08EFF82465FB1B5F5702F9B
:10C1C00000D055BB00222A213046FAF7D9FF30466D
:10C1D000FCF7EAFFB5F5702F00D06DB94FF6FF738D
:10C1E0009C4200D02FB1304600F0C6FE08B1FCF7EB
:10C1F000DBFF1AF0100F25D14FF6FF739C426CD075
:10C20000B8F1000F62D13046FDF7CDFA19F0010FF9
:10C210006CD058EA070869D065E004220021304656
:10C22000FFF7E6FE00B242F2D1739842CAD0012273
:10C2300000213046FFF7DCFE00B242F2D173984293
:10C24000DAD1BFE76E2200213046FFF7D1FE00B2FF
:10C2500090BB6D2200213046FFF7CAFE00B2B0F558
:10C26000807F02D04FF0020A28E061220021304690
:10C27000FFF7BEFEC0B2FF2802D04FF0010A1DE05A
:10C28000682200213046FFF7B3FEC0B2B0F1000AC9
:10C2900018BF4FF0010AB3689BB90028ACD03046F4
:10C2A000FCF7BCF9B3689A7E6AF387129A76A3E723
:10C2B0003046FFF7A9FD19E04FF0020AB368002BE2
:10C2C000EDD09A7E6AF387129A7695E73046FCF7AE
:10C2D0001EFE3046FDF767FA98E73046FCF717FE7A
:10C2E0003046FDF760FAB5F5803FE1D1BDE8F08753
:10C2F00060000020F8B504460E464B8CC3F30511D0
:10C3000013F47C7F14D060B1F06803689C4218BFBE
:10C31000002306D001338B420AD050F83320A242CA
:10C32000F8D14FF6FF724FF470213046FFF726FF29
:10C33000304600F03AFE074650B10025B3681B684E
:10C3400053F825102046FFF7D5FF0135AF42F5D150
:10C35000F8BD0000104B1B7803B9704770B5064656
:10C36000002017F0F3F8054680B970BDEB6853F86C
:10C3700024103046FFF7BEFF01346B6AA342F5D8A4
:10C38000284617F0E3F805460028EED06B6A002433
:10C39000002BEBD1F4E700BF600000202DE9F04155
:10C3A00082B004460668738CC3F3051713F47C7FD0
:10C3B0004BD00846F368002503E001350833BD4241
:10C3C00043D09C46DA7912F0020FF6D05A68C2F3D5
:10C3D0001702A1688A42F0D1A18868297FD856291E
:10C3E0000ED9A1F15703112B79D8DFE803F0457876
:10C3F0007878787878787878784A7878787845187E
:10C40000362925D81F296AD9A1F1200292B2012329
:10C410009340414A1A4032BB13F4C01F5FD0FE283C
:10C42000D4BFE768276901AADCF8000019F044FDD1
:10C43000002863D0DDF80480F3683A46A18853F8F9
:10C44000350019F03FFE47455FD102B0BDE8F081ED
:10C45000A1F144039BB2112B41D8304A22FA03F3D5
:10C4600013F0010F3BD0002816DDFE2819DD238ACA
:10C47000002763F30F07D6E7FE28D4BFE7682769D4
:10C48000D1E7E76837B12369002BCCD07F28C8BF3C
:10C490001F46C8E72769C6E7A389002763F30F078C
:10C4A000C1E7A28952BA130413FA82F21C4F3A4030
:10C4B000238A5BBA4FEA034E1EFA83F33B409B1A72
:10C4C000C0B20430C00800FB03F302EB53133B403F
:10C4D00043EA13435BBA002763F30F07A3E708B9E6
:10C4E000E768A0E7FF2807D0E7682369DB1B00FBAC
:10C4F00003F307EB232796E7276994E7F3683A46A7
:10C50000A18853F8350019F0DDFDA288A1682068E4
:10C51000FFF734FE99E700BF050041000900020063
:10C520001FF8E0072DE9F84F04461FFA82F802F4DD
:10C530007F078A46B1B191F807B0BBF1000B18BF75
:10C540004FF0010BCBF1000B1FFA8BF5638C13F44A
:10C550007C7F75D0002216464FF6FF795346AA46D7
:10C560001D460DE04FF6FF75F0E7FDB151F80B30B9
:10C57000AB421BD00136638CC3F30513B3425CD9C5
:10C580004FEAC60BE16801EBC6004368C3F317032B
:10C59000C84503D01FFA83FCE045EBD1B7F5702FF7
:10C5A000E3D003F47F039F42DFD0E3E7C37913F0C6
:10C5B000020F2CD1E36803EB0B02D27912F0030FC8
:10C5C0002DD1618CC1F305114B1EB34211D90BF172
:10C5D000080B3246E36801325B4493E8030003E949
:10C5E0000300618CC1F305110BF1080B4B1E9A423D
:10C5F000F0D33F3101F03F01638C61F30913638491
:10C60000C900E06818F0C6FAE0600122B3E7002331
:10C610004FF6FF7239462046FFF796FBCAE753F8FC
:10C620000B0019F0E7FAE36853F80B0018F096FADC
:10C63000E368002243F80B20C3E7554602B10DB969
:10C64000BDE8F88F4FF6FF7239462046FFF796FD9A
:10C65000F6E700002DE9F04104682568A6882A481D
:10C6600018F024F9B0B10146274F04E0384618F01D
:10C6700025F9014670B18C42F8D00A6823689A42C5
:10C68000F4D18A68A3689A42F0D18A88A3889A4232
:10C69000ECD137E06B8CC3F3051113F47C7F31D000
:10C6A000EB6800270DE0D8F8042022F07F4254F810
:10C6B00037102846FFF736FF24E0013708338F4252
:10C6C00020D0DA7912F0020FF7D05A68C2F31702BD
:10C6D000A0688242F1D14FEAC70821460A4818F003
:10C6E000A2F8204618F03AFAEC68A044314654F813
:10C6F000370019F0CFFAEB6853F8370019F046FC11
:10C700000028D0D1BDE8F0812CD20020438C03F466
:10C710007C73B3F57C7F00D1FEE72DE9F041044640
:10C720000E46154600234FF6FF722946FFF70CFB15
:10C730002A4631462046FFF7F5FE628CC2F3051308
:10C7400012F47C7F15D0E2680027D17911F0030F35
:10C7500004D0013708329F42F7D11F46013303F05E
:10C760003F01638C61F30913638403F47C7313B991
:10C77000FEE70027F2E7C900E06818F00BFAE06076
:10C7800058B3B4F822C0CCF3051C0CF1FF3CBC45F7
:10C790000AD9E36803EBCC0313E9030083E8030041
:10C7A0000CF1FF3CBC45F4D84FEAC708E06808210B
:10C7B00000EBC70018F027FCE36843F83760E36834
:10C7C00043445A6865F317025A604FF6FF722946D0
:10C7D0002046FFF7D3FCBDE8F081FEE770B50468A2
:10C7E000A56805F47F05A28829462068FFF700FCAC
:10C7F000E060A6880023A3802346324629462068AD
:10C80000FFF7A2FAA680A1682068FFF789FBE2681B
:10C81000A188006819F056FC70BDF8B506460D46B3
:10C8200017461C461946FFF711FB3A46294619F0F0
:10C8300049FC2A4621463046FFF7A0FCF8BD38B532
:10C84000B0F822C0CCF305141CF47C7F18D0C0686B
:10C850004FF0000C04E00CF1010C0830A4450DD0A1
:10C8600090F807E01EF0010FF5D04568C5F3170EEC
:10C870009E45F0D1006819F01FFB00E0002038BD94
:10C880000020FCE7F8B51446438CC3F3051213F4FB
:10C890007C7F27D005460E46C06803464FF0000C4B
:10C8A00004E00CF1010C0833944518D093F807E02C
:10C8B0001EF0010FF5D05968C1F3170EA645F0D14F
:10C8C000624511D0314650F83C0019F0E3F90746B3
:10C8D00030B1324621462846FFF750FC00E00027E1
:10C8E0003846F8BD0027FBE70027F9E72DE9F047B8
:10C8F00092B004460E4690461F461A9D90F822308C
:10C9000043F0080380F8223002842A89FFF770FB85
:10C91000824627842A8931462046FFF769FB94F82E
:10C92000223023F0080384F82230824545D0814626
:10C93000A4F820802A8931462046FFF759FB80461B
:10C94000278431462046FFF7EBFA424629890068E2
:10C9500019F0B8FB2B890B2B32D0364817F0F7FEB5
:10C960000746002850D0C0F80C80C0F81090046032
:10C970002B898380866001AC204616F067FF019703
:10C980002D4B02932D4B03932D4B049300230993BE
:10C990000A93FF220B922A880C926A8852420D92C7
:10C9A000EA6808929DF8462063F300028DF846205D
:10C9B0002B690793204616F09BFF12B0BDE8F08765
:10C9C00047F6FF73984520D09945C6D12046FCF71D
:10C9D0009FFC00EBD07040F34F072046FCF79EFC15
:10C9E00000EBD07040F34F03BB42CCBF7B1C013344
:10C9F0001BB29946B1E707F101080FFA88F847F62C
:10CA0000FF729145A9D1EFE7FEE72046FCF780FCD5
:10CA100000EBD07040F34F072046FCF77FFC00EBA3
:10CA2000D07040F34F039F42E5DB03F101080FFA9A
:10CA300088F8E4E72CD200209DC30008DDC7000879
:10CA400055C60008F8B51446B0B10D460646622238
:10CA5000FFF7CEFA074678B103686BB16322294627
:10CA60003046FFF7C5FA10F0FF0205D03B682146BB
:10CA70003846984760F30F042046F8BD2DE9F0478B
:10CA800082B0438C13F47C7F00F02B810646002596
:10CA9000A9466FEA0108D74301AC15E04FF003093E
:10CAA000484602B0BDE8F08701AA6A21504619F055
:10CAB00003FA002800F0AC804FF002090135738CB6
:10CAC000C3F30513AB42EBD9F16801EBC503DA7987
:10CAD00012F0020FF2D19B8808EA03023B40B2FA3F
:10CAE00082F25209B3FA83F35B099A42E6D051F815
:10CAF00035A022461021504619F0DEF90028CDD18C
:10CB000022461121504619F0D7F90028C6D12246F5
:10CB10001221504619F0D0F90028BFD12246132126
:10CB2000504619F0C9F90028B8D1224615215046BF
:10CB300019F0C2F90028B1D122461421504619F04B
:10CB4000BBF90028AAD122460A21504619F0B4F9AF
:10CB50000028A3D122466B21504619F0ADF90028D8
:10CB60009CD122466C21504619F0A6F9002895D197
:10CB700022460121504619F09FF900288ED1224605
:10CB80000421504619F098F9002887D12246022145
:10CB9000504619F091F9002880D1224603215046D1
:10CBA00019F08AF900287FF479AF22460521504612
:10CBB00019F082F900287FF471AF22460621504611
:10CBC00019F07AF900287FF469AF224632215046E5
:10CBD00019F072F900287FF461AF22466E215046A9
:10CBE00019F06AF900287FF459AF22466D215046AA
:10CBF00019F062F900287FF451AF224669215046AE
:10CC000019F05AF900283FF44FAF4FF0020955E7E9
:10CC100001AA6E21504619F04FF910B14FF00209E8
:10CC20004CE701AA6D21504619F046F910B14FF0BA
:10CC3000020943E701AA3721504619F03DF910B126
:10CC40004FF002093AE701AA3821504619F034F9A9
:10CC500010B14FF0020931E701AA3521504619F011
:10CC60002BF910B14FF0020928E701AA40215046E4
:10CC700019F022F910B14FF002091FE701AA45216E
:10CC8000504619F019F910B14FF0020916E701AA40
:10CC90004121504619F010F910B14FF002090DE78B
:10CCA00001AA4221504619F007F910B14FF00209CC
:10CCB00004E701AA4321504619F0FEF810B14FF0E5
:10CCC0000209FBE601AA4921504619F0F5F828B9F6
:10CCD000B9F1010F38BF4FF00109EFE64FF002093B
:10CCE000ECE64FF00009DBE680B2704700F47F000D
:10CCF000704770B505460E465B22FFF779F9C4B25E
:10CD0000162231462846FFF773F92046012C38BF1A
:10CD1000012070BDF8B504460D466022FFF768F9A2
:10CD2000C3B2022B29D9FC2B9DBF1846C0EB0020B3
:10CD3000C0F30727FF27DDB1A4B1602600253246E6
:10CD400029462046FFF754F9C3B2022B18D9FC2B11
:10CD50009CBF7B43C3F30727204600F00DF9044630
:10CD60000028ECD1022F0DD9FD2F28BFFF2705E0A9
:10CD7000204600F001F90446DEE700273846F8BDFA
:10CD80000027FBE70027F9E708B513460A4601210B
:10CD9000FFF743FD08BD08B513460A460221FFF719
:10CDA0003CFD08BD08B513460A460321FFF735FDD3
:10CDB00008BD08B513460A460421FFF72EFD08BD3D
:10CDC00008B513460A460621FFF727FD08BD08B53A
:10CDD00013460A460721FFF720FD08BD08B5134694
:10CDE0000A460821FFF719FD08BD08B513460A4693
:10CDF0000921FFF712FD08BD08B513460A466E214A
:10CE0000FFF70BFD08BD08B513460A466F21FFF773
:10CE100004FD08BD08B513460A467021FFF7FDFC66
:10CE200008BD00B583B013464FF0000CADF800C04C
:10CE300062466CF31F4261F30F022021FFF7EDFC05
:10CE400003B000BD08B513460A462121FFF7E5FCF3
:10CE500008BD08B513460A462821FFF7DEFC08BDC9
:10CE600008B513460A464621FFF7D7FC08BD00B5B2
:10CE700083B013464FF0000CADF800C062466CF36F
:10CE80001F4261F30F025221FFF7C7FC03B000BD40
:10CE900008B513460A465321FFF7BFFC08BD00B58D
:10CEA00083B013464FF0000CADF800C062466CF33F
:10CEB0001F4261F30F025521FFF7AFFC03B000BD25
:10CEC00008B513460A465621FFF7A7FC08BD08B56A
:10CED00013460A465721FFF7A0FC08BD08B51346C4
:10CEE0000A465821FFF799FC08BD08B513460A46C3
:10CEF0005B21FFF792FC08BD08B513460A46602186
:10CF0000FFF78BFC08BD08B513460A460A21FFF758
:10CF100084FC08BD08B513460A461621FFF77DFCC0
:10CF200008BD00E0184610B14368002BFAD17047E5
:10CF3000F8B50546436813B1FFF7F3FF05460D4802
:10CF400017F0B4FC014690B10A4F4E6A4EB1CA6860
:10CF5000043A002352F8044FAC4208D00133B342E4
:10CF6000F8D1384617F0AAFC01460028EDD1084652
:10CF7000F8BD00BF74D2002008B140687047704708
:10CF8000806888B1002907DB0B4642689A420AD9BB
:10CF9000036853F821007047436819440B46002981
:10CFA000F3DA002070470020704783680BB158689F
:10CFB000704700207047F8B5A8B107464668A6B18B
:10CFC0003046FFF7F2FF05460024A54207D0214670
:10CFD0003046FFF7D5FF874203D00134F5E74FF025
:10CFE000FF342046F8BD0024FBE70024F9E7F8B53C
:10CFF000054600222121FAF7C3F8002866D095F8EB
:10D00000233043F0100385F8233000212846FFF732
:10D01000B7FF40B10024FFF7EAFF21462846FFF79B
:10D02000AFFF0028F7D12846FBF78DF80646002011
:10D0300016F0C0FA044608B300270FE02946204640
:10D04000FAF71CFB636BAB4208BF6763636DB342C7
:10D050000BD0204616F0AEFA044678B1A36AAB4274
:10D06000ECD0E36AAB42EDD1E8E7FAF7BDFB8542CD
:10D07000EFD129462046FAF701FBEAE72846FBF7FD
:10D080007FFB6C681CB32846FFF795FFA1684B68CF
:10D09000013B98420ED2421C92000B680130995815
:10D0A000134443F8041C6B6899684B68013B0432D5
:10D0B0009842F2D34B606B689C6861688900206875
:10D0C00017F068FD2060284617F048FDF8BD284697
:10D0D000FFF72EFF0446416A11B3C268043A0023E9
:10D0E00052F8040FA84204D001338B42F8D1013921
:10D0F0000FE0013999420CD9581C8000E2680133D5
:10D100001158024442F8041C616A013904308B4210
:10D11000F4D361628900E06817F03CFDE060D2E77B
:10D120000B46E9E770B50446FCF73DFB94B1656832
:10D1300085B12046FFF75BFF2846FEF795FD0022EC
:10D1400022212846FAF71CF8002224212846FAF763
:10D1500017F870BD2046FFF7EBFE05460028F8D013
:10D1600006692046FFF743FFA642F2D100232B6158
:10D17000EFE74368002B6CD02DE9F0410746884665
:10D1800000295DD0FCF70FFB4046FBF747FA7E68AD
:10D190003846FFF710FF0446451CAD0006E0B368B3
:10D1A0001B685A5943F82420013404353046FFF7F0
:10D1B000FCFE0138A042F2DCB2685368013B5360C8
:10D1C000B468616800293DD08900206817F0E2FC4E
:10D1D0002060D8F80820536801335360D8F808401D
:10D1E00061688900206817F0D5FC2060D8F8083005
:10D1F0001C684046FFF7D9FE00F18040013844F832
:10D200002070C7F804803046FEF72EFD3A462221F2
:10D210003046F9F7B5FF002224213046F9F7B0FF78
:10D220003A4622214046F9F7ABFF0022232140462F
:10D23000F9F7A6FF3846FBF7B7FF3846FCF7B3FA15
:10D24000BDE8F081206817F089FCB36800221A60FD
:10D25000BFE77047F8B506460D1E28DBFFF7ABFEAB
:10D26000044676B37768002D20DB3846FFF79DFE35
:10D27000A8421BDDA54219D025DA04F18043013B09
:10D280009B00BA681268D15842F82410013C043B54
:10D29000AC42F6D1BB681B6843F82560002222210E
:10D2A0003846F9F76DFF3846FCF77DFAF8BDB0B1A6
:10D2B0004068FFF77AFE05443046FFF77CFE0446DF
:10D2C000D0E73746D1E7631C9B00BA681268D15893
:10D2D00042F8241001340433AC42F6DBDAE70020D4
:10D2E000FFF763FE05443046FFF765FE0446374608
:10D2F000B9E710B582B0B0F808E00C887444ADF816
:10D300000040B0F80AC04C886444ADF802408C88F4
:10D31000A644ADF804E0C9888C44ADF806C0436962
:10D320006946984702B010BD70B582B006460C46FB
:10D330000022143116F009FD78B301212046FAF7D6
:10D34000F4FE68BB2046FBF714FE58BB00238DF8A3
:10D35000003001966A4612212046F9F711FF9DF828
:10D360000030022B20D02046FFF71FFE451E0AD5B5
:10D370009DF80030002B0CBF204600200EE0013D40
:10D38000B5F1FF3FF4D0A3681B6853F82510304671
:10D39000FFF7CAFF0028F2D000E0002002B070BD05
:10D3A0000020FBE70020F9E70020F7E770472DE9B0
:10D3B000F04387B006460D46D0F8088002AC2146FF
:10D3C0002846FBF740FF2846FBF79AFD0146024638
:10D3D000204616F07DFB2246414604A816F096FB37
:10D3E00030B94FF400212846FAF79FFE814690B1EC
:10D3F00004ABB360324614212846F9F7C1FE324629
:10D4000015212846F9F7BCFE324616212846F9F7C1
:10D41000B7FE4FF001094FF400212846FAF785FEC8
:10D42000F8B16B46D8F80000D8F8041003C3C6F86A
:10D4300008D02846FFF7B9FD074650B10024AB6875
:10D440001B6853F82410304600F026F80134A74238
:10D45000F5D1B9F1000F0DD1C6F8088007B0BDE8CD
:10D46000F08305F114024146684616F04FFB002890
:10D47000EFD0DCE704ABB360324617212846F9F75A
:10D480007FFE324618212846F9F77AFE32461921E6
:10D490002846F9F775FEDFE72DE9F04F91B0054614
:10D4A0000C4601212046FAF740FE10B111B0BDE84C
:10D4B000F08F0646602200212046FEF799FDC0B29B
:10D4C0000228F3D92046FBF754FD074620B9214630
:10D4D0002846FFF76CFFE9E7612200212046FEF7AE
:10D4E00087FD5FFA80F8B8F1010FDFD92046FBF71E
:10D4F00007FD81460DF1100A51462046FBF7A3FEB9
:10D500004A464946504616F0E3FA022F1DD0012F35
:10D51000CCD104AAA9680AA816F0F8FA0028C5D048
:10D5200002AB0AAA92E8030083E8030004F11402A4
:10D53000114601920022184616F007FC00283CD143
:10D5400047F002075FFA87FB4AE00DF12009DAE9AC
:10D55000000189E8030000231A4649462046FBF7EC
:10D56000FFFF4A46A96806A816F0D0FA00289DD009
:10D570000DF1280906AB93E8030089E803000123B5
:10D58000002249462046FBF7EBFF524649464846F3
:10D5900016F0BCFA002889D002ABD9E9000183E873
:10D5A000030004F11402114601920022184616F0FD
:10D5B000CCFB10B94FF0010B12E000238DF828309E
:10D5C00002AB0B930AAA12212046F9F7D9FD9DF868
:10D5D00028B0BBF1000B18BF4FF0010B012F71D029
:10D5E0005A4602A9284601F0A7FF074600283FF443
:10D5F0005DAF6F2200212046FEF7FAFC0FFA80FA99
:10D60000702200212046FEF7F3FC0FFA80F90AF49D
:10D61000C043B3F5005F57D009F4C043B3F5005FD2
:10D620006ED00AA801F0BBFA8DF833806E2200217B
:10D630002046FEF7DDFC03B2B3F5616F7CDDA0F59B
:10D64000616003B2ADF828306D2200212046FEF75C
:10D65000CFFCADF82A00682200212046FEF7C8FC66
:10D660009DF8343060F303038DF83430624B1B684F
:10D670001B681B7CC3F3C0039DF83C2063F30002CE
:10D680008DF83C201BF0020810D007F1080397E842
:10D69000030083E803007B897A8A1344013B1BB2B1
:10D6A000B7F906209342A8BF1346FB81BDF90E20AF
:10D6B000B7F90A309A42C0F29A800BF0010B00963B
:10D6C00046467DE05F463BE72AF4C043B3F5FA6F78
:10D6D000A2DCB3F57A7FCCBFC3F57A721A46238BEE
:10D6E0000133A18A5B1A1BB202FB03F3434A82FB9C
:10D6F00003124FEAE37ACAEB621A0FFA8AFA8BE74F
:10D7000029F4C043B3F5FA6F8BDCB3F57A7FCCBF55
:10D71000C3F57A721A46638B0133E18A5B1A1BB236
:10D7200002FB03F3354A82FB03124FEAE379C9EBAC
:10D7300062190FFA89F974E7002BBCBF00F561602C
:10D7400003B27FE707F1080800220199404616F06E
:10D75000FCFA00283BD17B893A8A1344013BFB81C8
:10D760000122B7F90630B7F90E109942C8BFFB8104
:10D770003946284601F010FF21462846FFF717FEDC
:10D780006A68A38A11885B1A5344ADF82C30E38A87
:10D7900052889B1A4B44ADF82E300AAA39462846C7
:10D7A00001F0FFFE1EB3FB89013319B279817A8A39
:10D7B000013A12FA83F3FB81BDF90E308B4216DB7E
:10D7C000002ED9D0BBF1000FBCD1009AC9E70023CD
:10D7D0008DF82030CDF8248008AA12212046F9F7D0
:10D7E000CFFC9DF82030002BB5D1009AB9E739461F
:10D7F000284601F0DBFE59E668CE00201F85EB517C
:10D800002DE9F84F8146884669B141464846FFF701
:10D8100043FE4046FFF7B0FB054658B14FF0170BEB
:10D820004FF0180A2FE01C4B1868F9F7F9F98046F9
:10D830000028EAD1BDE8F88F4846FFF72DFE0134F5
:10D84000A7420AD0AB681B6853F82410002EF3D10E
:10D85000414514BF00260126F1E74A4659462846AD
:10D86000F9F78EFC4A4651462846F9F789FC4A46A4
:10D8700019212846F9F784FC2846FFF77DFBA846C6
:10D8800005460028D6D02846FFF78FFB074600281C
:10D89000E3D000242646D5E768CE00202DE9F04FDE
:10D8A000ADB00546A14B186815F05EFE0446EB6866
:10D8B0000BB128469847236873B16368002B2FD0BB
:10D8C0009A4B1B681A68B2F90030B2F9022002FBC9
:10D8D00003F3E2689A4223D06E68944C2068F9F70B
:10D8E0009FF901463046FFF71FFD064623685C6935
:10D8F000002C00F09B8221466868FFF715FD044666
:10D90000002E40F09682B0B1884B1B6893F8282017
:10D9100012F0010F67D15969002940F0A282A6E2F6
:10D92000824E32682369002BD6D01068836A002BA0
:10D93000F8D09847F5E77D4F386815F0C9FD0446E3
:10D94000386815F0D9FD631E421E12B200921BB258
:10D95000002211461CA816F09CF82B6BB3B11EAC2C
:10D96000204603F06FF83B68DA6A229293F8292088
:10D970008DF892205B8DADF87C308DF87B202B6B81
:10D980001CAA2146284698470024BDE7674B1B6820
:10D99000D86AA8B11BA903F003FE0128F4D11EAC7C
:10D9A000204601F0FCF8614B1B6893F829208DF8A4
:10D9B0008320DB6A1CAA2146284601F04DF9E3E7E3
:10D9C0001EAC204603F03EF8584B1B685A8DADF84C
:10D9D0007C2093F829308DF87B306A6821462846F0
:10D9E00003F07AF8D0E71E692AE2504B1B681E69E3
:10D9F00040E20123C9F810304C4B19680B68DB6812
:10DA00009A6912F0010F07D09B6913F0020F03D03F
:10DA10000123C9F8143002E00023C9F81430D9F802
:10DA20001470D8F80000436953B1037C13F0300F31
:10DA300002D013F0040F1AD122686168FFF759FC75
:10DA4000D9F8003083B1D9F804206AB1D8F80010B1
:10DA5000097C11F0010F00D037B1D9F808108B42C2
:10DA600018BF1A46C9F808202DB0BDE8F08F6368CA
:10DA7000089324680B689A461B7C03F00602062A6A
:10DA8000DED003F03002202A52D013F0100FD7D08E
:10DA9000084615F069FD84460899B1F90420B1F9EA
:10DAA000000085B21395531C9BB214935B1B9DB26F
:10DAB00004951DB2B1F9023015939EB21096CB8831
:10DAC00001339B1B19B24FF4A053B3FBF5F38B4208
:10DAD000A8BF0B460F939AF8103003F03003102BB9
:10DAE00062D0089B5880DA800029A9DD05EBD57348
:10DAF0005B100D936B1C03EBD3735B101693049BAD
:10DB0000013B9AB20E92531C5B00119300260596BE
:10DB1000531C5B001293CDF85C80CDF86090199790
:10DB2000D146E346A84606910796FCE068CE002061
:10DB300008998B8801330A889B1ACE8801364A8857
:10DB4000B61A16FB03F6731E0DD004EB4600A11E99
:10DB500030F8022D31F8025F05800A801A46013B39
:10DB6000B21A9342F4D80898B0F90620BAF80230F5
:10DB7000013B41885B1AC380BAF80230013B9B1A13
:10DB80004380B0F90420BAF80030013B01885B1AE9
:10DB9000014683805046BAF80030013B9B1A0B8047
:10DBA0002246FFF7A6FB4BE7BAF802305A1E13983D
:10DBB000121A0898C280149A9B1A438094E799F825
:10DBC000103003F0300EB8F1010F5BDD0598CDF891
:10DBD0002C90CDF830B0DDF8589041E0039901EB7E
:10DBE000030A03FB0863B91808FB02C234F81AB031
:10DBF00034F8135024F81A5034F811A024F813A064
:10DC000034F8123024F8113024F812B0049B1B1A97
:10DC10001BB2013880B24B451CDA02B2BEF1300FA4
:10DC2000DCD1039901EB030A08FB02C13A4403FB70
:10DC3000086334F81AB034F8115024F81A5034F844
:10DC400012A024F811A034F8131024F8121024F8AC
:10DC500013B0DBE709994D1C28B20D9B98420DDAF1
:10DC600081B20E9B5E1A36B2844608FB00F508FBB3
:10DC700006F71846002309910395CEE7DDF82C90AE
:10DC8000DDF830B099F8103003F03003102B0FD0CE
:10DC9000B9F80030013B109A9B1A9BB208998B800F
:10DCA000139A01321344149A9B1A0B80454699E04B
:10DCB000089A159B1380109B013B04990B44938099
:10DCC00045468FE04FF4205016F07CFF07903DE072
:10DCD000109B059A13449BB2089A1380013B3B4466
:10DCE00093807FE00023CBF81430079B1A46002B6B
:10DCF00008BF224608994846FFF7FBFADBF81030C8
:10DD000033B1D9F82830002BF8D048469847F5E7CA
:10DD100008FB07F704EB4704059B2B441BB2059354
:10DD2000069A9A4275DD059A0A9206998B1A0F9FF8
:10DD30009F42A8BF1F463DB20123CBF8103012B955
:10DD400088457FF73CAF079B002BBBD099F81000AC
:10DD500000F0300008FB05F3A3EB050C002D2EDDD1
:10DD60001CFA87FAA6465E1ECDF80C90CDF824B0BA
:10DD70000B97079F0C94DDF84490DDF848B03028ED
:10DD80000CBFA6EB0C036346B8F1000F0DDD0EEBE4
:10DD90000904724632F8021B27F8131030280CBF12
:10DDA0005B195B1BA242F5D1DE440CF1010CD4459A
:10DDB000E5D1DDF80C90DDF824B00B9F0C9C99F8B0
:10DDC000103003F03003102B82D0B9F80030013B43
:10DDD000109A9B1A059A9B1A9BB2089A938001335A
:10DDE000DB1B13802F460A9B2B44069A9A423FF76F
:10DDF00079AFDBF8183013F0010F3FF473AFDBF8A5
:10DE0000183013F0020F3FF46DAF0123CBF814303C
:10DE10006BE7DDF85C80DDF86090199F079E002EAF
:10DE20003FF40EAE304616F02FFF09E600283FF40F
:10DE300082AD334B1B6893F8282012F0010F0ED0EF
:10DE400031462846FFF7DCFC2D4B1B685969A9B108
:10DE5000002C18BF21462846FFF7D2FC0EE0596976
:10DE600041B1002C18BF21462846FFF7C9FC002EFF
:10DE70003FF4BBAD31462846FFF7C2FC204C20687A
:10DE8000F8F7E4FE01462846FFF7BAFC2068F8F7E9
:10DE9000E8FE01462846FFF7B3FCD4F80080404670
:10DEA00015F062FB8146D8F80030DC6B636B0BB178
:10DEB00020469847D9F80030002B3FF49AADD9F8A6
:10DEC0000430002B3FF495AD0D4B1B681A68B2F976
:10DED0000030B2F9022002FB03F3D9F80C209A4279
:10DEE0003FF487AD064E3268D9F81030002B3FF46E
:10DEF00080AD1068836A002BF6D09847F3E700BF27
:10DF000068CE00202DE9F04184B00D46044600287B
:10DF100054D02046F9F74CF8002858D094F828300F
:10DF200013F0040F53D1002D4ED00023ADF808306C
:10DF3000ADF80A30204615F0CBFA0138ADF80C00E8
:10DF4000204615F0D9FA0138ADF80E0002AA29468C
:10DF5000684615F0DBFD002839D02068037C13F0FB
:10DF6000020F37D183690BB169469847B4F8503135
:10DF7000002B3FD004F130050026E84637463A46EC
:10DF80002946404615F0E1FE08BBB4F85031013691
:10DF90000835B2B29342F2D81F2B2BD90023A4F834
:10DFA0005031BDF808302386BDF80A306386BDF8CD
:10DFB0000C30A386BDF80E30E38629E015F082FA16
:10DFC00004460028A5D102E00023A4F8503104B093
:10DFD000BDE8F08104F1300304AA12E9030083E8EC
:10DFE00003000123A4F8503160680028EFD018F036
:10DFF000F6FAECE704EBC303BDF800201A86BDF87F
:10E0000002205A86BDF804209A86BDF80620DA86DA
:10E01000B4F850310133A4F8503160680028D6D0EC
:10E0200018F0DDFAD3E70000014B1868704700BF15
:10E0300068CE0020014B1860704700BF68CE0020FA
:10E040002DE9F04F95B0044615F0CEFA0990002363
:10E05000139334B3E268B14B1A60204618F0BAFA51
:10E06000AE4C23681869FCF72FFA2368586908B189
:10E07000FCF72AFAA94C2368D869FCF725FA23682B
:10E08000186AFCF721FA206803697BB1B0F85031B7
:10E09000002B63D04FF030080027A04E0DF12C0B61
:10E0A0004EE015F00FFA9D4B1860D9E70023A0F859
:10E0B0005031B9E2013430680835B0F850319C4233
:10E0C00036D2031993F83031002BF3D1A742F1D0A7
:10E0D0004119404415F018FE0028EBD031684A1968
:10E0E0004144584615F03DFD584615F0E3FC824684
:10E0F0003068404415F0DEFC81463068284415F055
:10E10000D9FC8144CA45D5D23368049A9A18BDF81F
:10E110002C101186BDF82E105186BDF83010918656
:10E12000BDF83210D1862344012283F83021C1E7A3
:10E130000137306808F10808B0F850319F420DD21D
:10E14000384490F83031002BF2D13068B0F85031BB
:10E1500023B130250024FB000493B2E703681A7C46
:10E1600012F0010F00F09C80DB685B68002B00F070
:10E17000978000F5AC7016F0B7FB002840F0908057
:10E18000664B18680368DB68D3F808A01E68B245C0
:10E1900008BF5E6815F09CF98146202200210BA87B
:10E1A00023F04DFC5D4B1868B0F85031002B54D073
:10E1B0004FF030080024594D0BAFCDF814A006964F
:10E1C0003AE02868594600F5AC7016F02CFB58462A
:10E1D00016F0C4FC3EB3B3462868314600F5AC7077
:10E1E00016F06CFB06462A6842445946384615F03C
:10E1F000FAFD0446B0F1FF3FECD00028E1DD4FF01E
:10E20000010A2868594600F5AC7016F0BFFA0246BC
:10E2100007EBCA03083B03CB1060516054450AF179
:10E22000010AEED1CDE7049C0134286808F1080802
:10E23000B0F850319C420DD2031993F83031002BC5
:10E24000F2D100F5AC7016F031FB06460028EBD099
:10E250000494C0E7DDF814A0069E00F5AC7016F03B
:10E2600025FB0446B0B12D4D4F462B681B68D86B7B
:10E27000029401970096D0F8388023463A465146DA
:10E28000C0472868214600F5AC7016F017FB04461D
:10E290000028EAD1214B186800F5AC7016F0F2FAAC
:10E2A0001F4B00221A601D4B1968B1F85031002B2A
:10E2B00000F0B4815A1E03F598730B4413F8010D56
:10E2C00048B3013AB2F1FF3FF8D100230793086841
:10E2D000436B03B19847114B1C682368DA68137EBF
:10E2E00023F0010313762368DA68137E23F0020318
:10E2F000137694F8283043F0040384F82830B4F8F7
:10E300005031002B00F03D814FF00009DFF80CB0D8
:10E310000DF12C0AAEE00792D9E700BF68CE0020CD
:10E320006CCE00202368DA68137E43F00103137675
:10E33000AAE0204615F0CCF80646DBF8000015F000
:10E34000DBF8731E421E12B200921BB2002211466D
:10E35000504615F09EFBC5F804A0DBF800301B68A2
:10E360001A7C12F0020F0AD0DA68137E43F002031F
:10E3700013760BABAB602846FFF790FA65E0DA68DE
:10E380009169137E61F34103137604EBC9033033C3
:10E39000AB602846FFF782FA57E0A54B186815F0E6
:10E3A000ABF8441E24B299E0DDF810C0BCF1000FB8
:10E3B000C8BF02F1010840F3C080CDF81080B6F963
:10E3C0003270059407EB0803013BA34200F3B880C9
:10E3D0001FFA88F2531E0693CDF8209091460BE069
:10E3E00027D02846FFF75AFA4F443FB2049BFB1848
:10E3F000013B059A934224DC338EADF82C30B38E6A
:10E40000ADF83030ADF82E70BFB2069BFB18ADF8FA
:10E410003230C5F804A0C5F808A0DBF800301A684F
:10E42000D26892682A60BDF93280A045D8DDADF887
:10E4300032401B68DA68137E43F002031376A0466D
:10E44000CFE7DDF8209044457DD14FEAC903303352
:10E45000DBF80000184415F02DFB764A13680344DE
:10E46000136009F10109DBF80040B4F85031994517
:10E4700080F2878004EB090393F83031002BF0D150
:10E48000079B4B453FF44EAF2368DA68137E23F0B9
:10E49000020313762368DD6BDB689B682B602368BF
:10E4A0001B7C13F0030F7FF444AF04EBC906B78E57
:10E4B0000137338EFF1A3BB20493B6F9367007F179
:10E4C0000108738EA8EB03080FFA88F8204615F0B0
:10E4D00013F88742BFF661AFB6F93640DBF800307B
:10E4E0001A68D368DB680499B3FBF1F39845A8BFB9
:10E4F00098469369002B3FF460AF0023ADF82C30B1
:10E50000ADF83030ADF82E300FFA88F70497013FA0
:10E510003FB2ADF83270DBF80030186883695146BD
:10E520009847BDF93220531CBDF82E105B1A1BB260
:10E530009845BFF639AF002FE8DC4FF000083CE704
:10E540004FF000087FE7338EADF82C30B38EADF876
:10E550003030ADF82E70ADF83240C5F804A0C5F8E3
:10E5600008A0DBF800301A68D26892682A601B683D
:10E57000DA68137E43F0020313762846FFF78EF91C
:10E5800063E794F8283023F0040384F82830284BFC
:10E590001868B0F85031002B40D003681A7C12F094
:10E5A000010F1ED0DB685B68DBB10024204D06E064
:10E5B00028680134B0F85021A3B29A4211D9031946
:10E5C00093F83031002BF3D100F5AC7016F00CF954
:10E5D00002462B68A11D03EBC10303CB1060516001
:10E5E000E6E7134C20684FF48071303016F00BFDD5
:10E5F0002068202100F5987016F005FD23680022A0
:10E60000A3F85021099814F0FDFF139023681868AF
:10E61000436A1BB11399074A1268984716F048FBE2
:10E6200014F006FD01F060FE15B0BDE8F08F00BFEC
:10E6300068CE00206CCE002038B504460D464068F8
:10E6400008B1FFF7F9FF236813B129462046984720
:10E6500038BD08B520B1FEF76BFCF8F733FB08BDF9
:10E6600014F030FFF9E7000038B50446FFF7F1FF7A
:10E6700048B10546044A00212046FDF753FF2146D4
:10E680002846FFF7D9FF38BDFFFF0F0008B5FFF799
:10E69000E0FF08B1008A08BD112015F027FEFAE757
:10E6A000704708B5436B03B1984708BD10B50446E1
:10E6B000102116F0A8FC01236380FF232373237825
:10E6C00003F0F80323F0F8032370637803F0E0030A
:10E6D00023F0E003637010BD70B582B0BDF8184040
:10E6E000BDF81C5091F80CC0BCF1020F08D9B1F96B
:10E6F00002602EB1AC4203D0019500944469A0475A
:10E7000002B070BD2DE9F04F85B0834600911546EB
:10E710001C46BDF838A0BDF93C609DF84020119F13
:10E7200003F5B4739A4542D00FFA85F9B4F5B47F76
:10E7300084BFA4F5B474A4B2BAF5B47F84BFAAF5BB
:10E74000B47A1FFA8AFAA5EB06080FFA88F8002AAD
:10E7500039D006EBD67676100136B6B26208BB49E0
:10E76000A1FB0232C2F347124FEA5A03A1FB031383
:10E77000C3F34713042A00F0AA81042B08BF032324
:10E78000934222D0002A40F01D81012B00F0E0804E
:10E790001FFA8BF2531B3B80BDF80030591B798068
:10E7A0002A44BA802B44FB8005B0BDE8F08F82B2CA
:10E7B000531B3B80BDF80030591B79802A44BA8036
:10E7C0002B44FB80F0E70026C8E7544500F2BE80EA
:10E7D000032BE9D8DFE803F002305E8C20B216F09C
:10E7E0008FF8BDF8005008FB00F0AB1B03EBE033E3
:10E7F0007B8004F15A0000B216F082F81FFA8BF405
:10E8000009FB00F0A31903EBE033BB800FFA8AF099
:10E8100016F076F809FB00F0354405EBE035FD8095
:10E820000AF15A0000B216F06BF808FB00F0A41BC6
:10E8300004EBE0343C80B7E720B216F061F8BDF895
:10E84000005009FB00F0AB1903EBE033FB8004F14F
:10E850005A0000B216F054F81FFA8BF408FB00F0CF
:10E86000A31903EBE033BB800FFA8AF016F048F8E7
:10E8700008FB00F0AD1B05EBE0357D800AF15A0086
:10E8800000B216F03DF809FB00F0A41B04EBE034E5
:10E890003C8089E704F15A0000B216F031F81FFA03
:10E8A0008BF509FB00F0AB1B03EBE0333B8020B2A0
:10E8B00016F026F8BDF8004008FB00F0A31903EBA2
:10E8C000E033FB800FFA8AF016F01AF809FB00F02B
:10E8D000A41B04EBE0347C800AF15A0000B216F06D
:10E8E0000FF808FB00F0354405EBE035BD805BE731
:10E8F00004F15A0000B216F003F81FFA8BF508FB7A
:10E9000000F0AB1B03EBE0333B8020B215F0F8FFC7
:10E91000BDF8004009FB00F0A31B03EBE0337B8054
:10E920000AF15A0000B215F0EBFF09FB00F0354484
:10E9300005EBE035BD800FFA8AF015F0E1FF08FB2A
:10E9400000F0344404EBE034FC802DE71A4619E76C
:10E950000AF15A0000B215F0D3FF1FFA8BFB09FB36
:10E9600000F0ABEB060303EBE0333B800FFA8AFACF
:10E97000504615F0C5FF019023B20293184615F0DA
:10E98000BFFF019B8342B4BF5046029815F0B8FF09
:10E99000BDF800A000FB08F0AAEB060303EBE03390
:10E9A0007B8004F15A0000B215F0AAFF09FB00F0C9
:10E9B0000BEB060303EBE033BB80AA44B244A7F899
:10E9C00006A0F1E6012A43D0022A7DD1032B7FF471
:10E9D000DFAE04F15A0000B215F092FF1FFA8BFB74
:10E9E00009FB00F0ABEB060303EBE0333B80BDF823
:10E9F000003000935D1BAD1B7D800AF15A0000B210
:10EA000015F07EFF09FB00F0B3440BEBE03BA7F8E9
:10EA100004B00FFA8AFA504615F072FF08FB00F5B1
:10EA200024B2204615F06CFF08FB00F08542CCBFF5
:10EA30005046204615F064FF08FB00F3C3F3CF33C4
:10EA4000009A32441344FB80AEE600BFB7600BB6B9
:10EA5000022B7FF49DAE1FFA8BFBABEB0505AD1BC4
:10EA60003D800FFA8AF015F04BFFBDF8005009FB0E
:10EA700000F0AB1B03EBE0337B8004F15A031BB2C5
:10EA80000093184615F03CFF01900AF15A0A0FFA5C
:10EA90008AFA504615F034FF019A8242CCBF0098A2
:10EAA000504615F02DFF00FB08F3B3440BEBE33B9E
:10EAB000A7F804B020B215F023FF09FB00F035449D
:10EAC00005EBE035FD806FE6032A05D060E6042BF8
:10EAD0003ED0032B3FF479AE002B7FF459AE0AF100
:10EAE0005A031BB20193184615F00AFF029004F175
:10EAF0005A031BB20393184615F002FF029A824292
:10EB0000B4BF0198039815F0FBFE1FFA8BFB00FBC6
:10EB100008F3ABEB060202EBE3333B8020B215F0C7
:10EB2000EFFEBDF8004009FB00F0A31B03EBE03350
:10EB30007B80AB44B344A7F804B00FFA8AF015F019
:10EB4000DFFE09FB00F0344404EBE034FC802BE6EC
:10EB500054457FF6CDAE03231A4613E6F0B599B0BF
:10EB600004460D4616460AAF384601F06BFFFF23F8
:10EB70008DF82C308DF82D302A463946204601F08C
:10EB8000ABFF02AF384600F0C9F9002300933346CB
:10EB90002A463946204600F0F3F919B0F0BD10B509
:10EBA0000446182116F02FFA237A03F0F80323F015
:10EBB000F8032372637A03F0E00323F0E003637247
:10EBC000FF23E3724FF480736380237D43F00103DE
:10EBD000237510BD04380A2807D8DFE800F01208B2
:10EBE000120A0C0E100A0C0E10000020704718209C
:10EBF00070470120704702207047042070470820AA
:10EC0000704710207047032818BF06280CBF01204A
:10EC1000002070470E289DBF47F6A47323FA00F02A
:10EC200000F001000020704740B10078A0F12003FF
:10EC3000DBB25F2B04D9C009400070470320704746
:10EC40000120704730B583B084691CB19DF818501D
:10EC50000095A04703B030BD2DE9F04F8FB00546B9
:10EC600016469BB10C461F46CB7A022B0BD9D0F827
:10EC70001C80B8F1000F0ED03B46C047012802D0DF
:10EC8000E37A022B07D80FB0BDE8F08F924A3146E5
:10EC9000FFF764FFF7E722692189384602F0C0F8E0
:10ECA0000746002800F00B8190F8149009F01F0926
:10ECB0004846FFF7A8FF002860D1C846B9F10E0FFB
:10ECC0000AD0B9F1140F5BD04846FFF7A3FF00F15B
:10ECD00004085FFA88F853E02368B3F1807F4FD0CF
:10ECE0000023BB613A6A002A4CD14FF00508324636
:10ECF000A96808A814F00AFF002800F0A480BDF855
:10ED000024300133BDF820209B1A1BB2029303EB81
:10ED1000430015F057FF0590AB680693BDF820300F
:10ED2000ADF82830BDF82230ADF82A30BDF82430D7
:10ED3000ADF82C30BDF82630ADF82E3001210AA8F0
:10ED400014F0B3FEBDF92020B6F900C0BDF922A031
:10ED5000B6F90210AAEB010BBDF92600824500F3BB
:10ED6000B4800DF12809A2EB0C0212B203920494B4
:10ED70004446DDF818800796059E83E04FF00608AC
:10ED80003A6A3AB131462846FFF7E8FE384602F0C3
:10ED9000B8FC78E7BB69002BA9D0B6F90000ADF844
:10EDA0002800B6F902E0ADF82AE0B6F90410ADF893
:10EDB0002C10B6F90620ADF82E202368B3F1807F21
:10EDC00015D10AAAA9680CA814F0A0FE002836D014
:10EDD000D5F808900CABAB60BB69CDF8008032462B
:10EDE00021462846FFF72EFFC5F80890CEE7A44637
:10EDF0003CF9043B0132A2EB0E020131091ACDF8B5
:10EE000004C06088009012B209B20AA801F08AFF1B
:10EE10003288BDF828301344ADF828307388BDF827
:10EE20002A101944ADF82A10BDF82C100A44ADF888
:10EE30002C20BDF82E201344ADF82E30C1E7384603
:10EE400002F05FFC1FE7384602F05BFC1BE70CABEF
:10EE5000AB60009433464A4604992846FFF7F2FE19
:10EE6000BDF82A300133ADF82A30BDF82E30013319
:10EE7000ADF82E300BF1010B0AF1010ABDF9263075
:10EE80009A4522DC4A4641460CA814F03FFE002871
:10EE9000F2D00096029B0FFA8BF20399384602F0EB
:10EEA0001FFC0128D3D0079E384602F02AFC0598A3
:10EEB00015F0EAFE384602F024FC069BAB60064AD9
:10EEC00031462846FFF74AFEDDE6069BAB60059813
:10EED00015F0DAFE5AE700BF7C54030803463038C9
:10EEE000C0B2092818D9602B84BF203BDBB2413B5C
:10EEF000052B0ED8DFE803F0030F0507090B0A20E6
:10EF000070470C2070470D2070470E2070470F206F
:10EF10007047002070470B207047000010B5044672
:10EF2000202116F070F8FF23A376237B03F0F8036B
:10EF300023F0F8032373637B03F0E00323F0E00383
:10EF400063730C4B23604FF6FF736360A360A37B76
:10EF500003F0F80323F0F803A373E37B03F0E0036B
:10EF600023F0E003E373052015F0C0F920820023AD
:10EF7000E37610BD8CDE040810B5046AA04710BD0E
:10EF80002DE9F04FB7B00B929C460693409E8B7EC6
:10EF9000022B14D981460C4696460968049171B13A
:10EFA000036A63B12EAD27460FCF0FC597E80F0058
:10EFB00085E80F00634613B19CF8003013B937B0F1
:10EFC000BDE8F08FD9F80820754671462CA814F0DA
:10EFD0009DFD0028F3D0237F0F93637F13F0020F72
:10EFE00023D1AB8801332A889B1A1BB2049AB2F949
:10EFF0000870B4F91220D5190C950B990A88ADF850
:10F00000AC20B1F90200B4F916201092B4F918102E
:10F01000421892B2ADF8AE20002E45D0002946D15C
:10F02000002813DB0022059228E0029341F6FF73CB
:10F030000193B4F912300093B4F9143022680699A0
:10F0400017A818F016F9BDF95C30CFE7B168091AB6
:10F050000029B8BF4942C5F50070B1EB400F05DD8E
:10F060004FF0FF3232600022059207E0316800293C
:10F0700020DB059171680A44ADF8AE201AB20D92FA
:10F08000637F0193002300931346B4F9142004997D
:10F090000698059D284417F0D7FE43194FF0000845
:10F0A000DFF890A41D460FE000220592E6E700225B
:10F0B0000592E3E700220592E0E705959BF8003012
:10F0C000002B3FF47CAF0546BDF9AE303B44D9F888
:10F0D0000820B2F90220934226DA069B03EB050BC7
:10F0E000637F0193CDF800800D9BB4F9142004993F
:10F0F000584617F0A9FE2844BDF8AE300C9A1344C8
:10F100001BB2ADF8AE30002ED7D05345D5DB3268F8
:10F11000002AD2DA35600B99B1F902209B1A73608C
:10F12000B1F90230B360C8E70A950F9B022B3BD0C0
:10F130000F9B032B53D06768D4F80880474502D84B
:10F140004346B8461F46A37F13F0030F19D028A8E3
:10F1500000F049FAA389ADF8A030049B93F90E3072
:10F16000002B08BF0123ADF8A230A37E8DF8A83094
:10F17000A37FC3F3C2039DF8A92063F301028DF8B6
:10F18000A92019A801F05EFC238AADF86830BDF90A
:10F19000AC3012934FF0000ACDF838A0CDF844A05F
:10F1A000DDF814E0BB462DE1637F0093B4F9143021
:10F1B000049A0598291A069D281818F00DF80B9A3C
:10F1C0009388013312889B1A1BB21B1A03EBD3736B
:10F1D000BDF8AC2002EB6303ADF8AC30ABE7637F66
:10F1E0000093B4F91430049A0A990598091A069DF7
:10F1F000281817F0F1FF0B9A9388013312889B1A95
:10F200001BB21B1ABDF8AC201344ADF8AC3092E72A
:10F210000023059382E0002305937FE03FB1012F97
:10F2200000F08281022F40F08C80002768E0279A4E
:10F2300011921F4664E0202A62D1279B119A9B1AE3
:10F24000072B03D0A3890E93022759E0079B981838
:10F25000431E053017AA13F8011F02F8011B834251
:10F26000F9D19DF85C00FFF739FE07469DF85D0077
:10F27000FFF734FE00EB07179DF85E00FFF72EFE48
:10F2800005469DF85F00FFF729FE00EB05159DF888
:10F290006000FFF723FE05909DF86100FFF71EFE5A
:10F2A000C5F34213139A63F30202C7F3C40713466C
:10F2B00067F3C7031A46059B00EB0313C3F3C403AC
:10F2C00063F30C221346C5F3850565F34F33ADF8A0
:10F2D0004C309BB20E93022712E0DDF838A032E0EA
:10F2E000ADF8C4A0159B2BAA2EA90898FFF744FEE1
:10F2F00035B1BDF8AC30A28A13441D44ADF8AC5012
:10F300002799494549D2B04582D0B34583D0884B2F
:10F310001B68099A114406989847059027AB16AACE
:10F3200015A9079817F042FF637F13F0010306D079
:10F33000159A232A3FF472AF012F3FF47CAF022FBE
:10F34000CBD0B4F80CA0169A1599049813F004FDCC
:10F350000546B045C4D0B345C2D0059B9845BFD83B
:10F360009B45BDD9BDF9AC30ADF85C30BDF9AE20E0
:10F37000ADF85E20013BA18A0B440344ADF8603038
:10F38000013A0C9B1A44ADF8622017AA19A90898F3
:10F3900001F0A2FBB4F80EA0A2E7DDF82090A37F55
:10F3A00013F0020F4DD1A37F13F0010F6DD1069B17
:10F3B0000A9E9D19637F0193002300930D9BB4F96E
:10F3C00014200499284617F03FFD06440B9B1B8828
:10F3D000ADF8AC300F9B022B77D00F9B032B00F0C6
:10F3E0008D80BDF8AE300C9A13441BB2ADF8AE3030
:10F3F000DDF828E0D9F80820B2F906209A42FFF695
:10F40000DEAD0A96069B03EB0E02079213F80E2060
:10F41000002A3FF4D4ADBDF8AC20109B1A44ADF8DF
:10F42000AC20002327930A9BB3EB0E0CB7D0002728
:10F4300039464FF6FF76CDF824E0CDF82090E1462E
:10F4400061E7129BADF85830BDF9A23003EBD372DF
:10F45000BDF8AE3003EB62032268B2F9082002EB7C
:10F46000D27203EB62031BB2ADF85A30BDF8AC2088
:10F47000ADF85C20ADF85E30ADF8A0A017AB16AAD1
:10F4800028A9484600F0C5F88DE7129BADF8583022
:10F490002268BDF8AE3011890B4452899B1A049A38
:10F4A00092F90D209B1A1BB2ADF85A30BDF8AC2072
:10F4B000ADF85C20ADF85E30ADF8A0A017AB16AA91
:10F4C00028A9484600F0A5F871E7637F0093B4F9D6
:10F4D0001430049A0146284617F07EFE0B9A938852
:10F4E000013312889B1A1BB2181A00EBD070BDF8BA
:10F4F000AC3003EB6003ADF8AC3072E7637F009390
:10F50000B4F91430049A0146284617F065FE0B9AA8
:10F510009388013312889B1A1BB21B1ABDF8AC20CA
:10F520001344ADF8AC305CE7B4F80CA000270AE750
:10F53000BC00002000FCFFFFF8B5C36B53B30446CA
:10F540000F461646C06C15F0EBFA0546E8B1E16CC3
:10F5500015F059FDFEF768FD23682B626368EB61C7
:10F56000A368AB6103681B7CC3F3801385F8243068
:10F570002B463868796803C3E36B32462946204638
:10F580009847044610B12046F8BDFEE7284615F01E
:10F59000E5FAF8E70024F6E708B5036C03B19847ED
:10F5A00008BD08B5436C03B1984708BD38B505469A
:10F5B0000C46FFF776F8236A2B60E3696B60A3695A
:10F5C000AB60FEF731FD036894F824101A7C61F3F8
:10F5D00086121A74AB6C13B1214628469847204610
:10F5E00015F0BCFA38BD10B504460A2115F00BFD24
:10F5F00001236380FF232372237803F0F80323F0B1
:10F60000F8032370637803F0E00323F0E0036370F2
:10F6100010BD10B5B1F9024024B10C7A022C01D909
:10F62000446AA04710BD2DE9F8438446089CA08A8F
:10F63000121A12B2608A091A09B2206A002845D14A
:10F6400094F8280010F0010016D0237C13F0020F6C
:10F6500000F00A8103F00303022B07D0032B40F0D4
:10F660000282002AD4BF00200120FDE0B2F1FF3F5A
:10F67000ACBF00200120F7E0207C10F0020240F037
:10F68000F48100F0030001280AD0CA1800F1EF81CC
:10F69000002900F3E980484283420CDC0220E3E0C9
:10F6A000002900F3E180D94200F1E38149428B4215
:10F6B00007DC1046D8E01146604415F0A4FC022097
:10F6C000D2E0604615F09FFC0220CDE094F828704F
:10F6D00017F0010000F0BB80E66901FB06F0801224
:10F6E000002E05DD904240F3D081C7F34000BBE01F
:10F6F000904280F2E281C7F34000B5E0C7F34000DA
:10F7000080F00100C0B2AFE0C7F3400080F001001C
:10F71000C0B2A9E0C3F1FF03626A03FB02F2121256
:10F72000C2F1FF0E701A19D4A84217DA47F3400746
:10F7300003FB02F287EA6223DB43DBB21CF8002002
:10F74000FC2B09D8022B0BD903FB02F202EB02239C
:10F7500002EBC312C2F3C7520CF80020431CA9E10C
:10F760000022F9E7002788F80070626AAEEB020E0B
:10F7700001330130AB424BDA626A96451ADD002B49
:10F78000F3DBAB42F1DA94F8287047F34007AEEBB5
:10F7900062027A40D2B280460778FC2AE3D8022A75
:10F7A000E0D902FB07F707EB072207EBC217C7F305
:10F7B000C757D8E7AB422BDA002B29DB94F8282077
:10F7C00042F34002E06982EAE072A06900FB0EF0B9
:10F7D00080120EFB00F082EA6022D2B20CEB03072B
:10F7E0001CF80300FC2A09D8022A0FD902FB00F0FA
:10F7F00000EB002200EBC210C0F3C750387094F841
:10F80000282012F0020F08D1013315E00020F5E79F
:10F8100094F8280010F002000CD0711AA94200F3ED
:10F820002A81002901DA02201EE0604615F0EBFB78
:10F83000022019E0013317D49D4201DA022013E0BF
:10F84000E91A0CEB030015F0DEFB02200CE0A569C1
:10F8500005FB02F29612002DCCBF06F1010EB64652
:10F86000714503DDC7F34000BDE8F88301EB030EEB
:10F87000764505DDC7F3400080F00100C0B2F3E734
:10F8800042F38D28C2F3870E2A444FEA022942F33D
:10F890008D22A8EB010690455FD0002D56DBCEF1FE
:10F8A000FF0EE26902FB0EF29212002EC0F2BB8044
:10F8B000B34219DD47F3400102FB0EFE81EA6E21DF
:10F8C000C943C9B20CEB06071CF80650FC290AD83C
:10F8D000022940F2A68001FB05F505EB052105EBA9
:10F8E000C115C5F3C7553D70771CC2F1FF02A16970
:10F8F00002FB01F18912BB4240F3978094F8285033
:10F9000045F3400501FB02F285EA6222D2B20CEB1C
:10F9100007051CF80710FC2A0AD8022A40F29B802F
:10F9200002FB01F101EB012201EBC211C1F3C7514E
:10F93000297094F8282012F0020F00F0D780B3420B
:10F9400092DB002E80F2898002208DE7BEF1000F4D
:10F9500040F0D780013E4FF0FF0E002E2BDBB3426C
:10F9600029DDC9F38725754447F3400787EA650514
:10F97000EDB20CEB060E1CF80670FC2D09D8022D1A
:10F9800017D905FB07F707EB072507EBC517C7F3E3
:10F99000C7578EF8007094F8284014F0020F00F05A
:10F9A0009A80511A8B427FF75FAF002912DA02204A
:10F9B0005AE70746EDE717F00207F2D101369E42FB
:10F9C000A8BF1E46002E58D0002ED8BF02207FF7B9
:10F9D0004BAF84E0604615F016FB022044E7054675
:10F9E000B1E00146D6E094F8282012F0020F06D1CB
:10F9F000701C834245DB00280DDA022034E7711EBB
:10FA00008B423CDB002901DC02202DE7604615F02B
:10FA1000FAFA022028E7191A604415F0F4FA0220D5
:10FA200022E705465FE7771C0FD594F8282012F0EF
:10FA3000020284D102369E42A8BF1E461EB3002E8B
:10FA4000D8BF02207FF710AF54E0C2F1FF0202FBE3
:10FA500005F189124FE701466AE73146604615F025
:10FA6000D2FA022000E70020FEE60120FCE6012099
:10FA7000FAE61046F8E60020F6E63846F4E60220FC
:10FA8000F2E60120F0E61046EEE61D460B4406FBCA
:10FA900003F3B2EBA32F3FF731AEA36902FB03F3ED
:10FAA00043F395031E1213F0FF037FF433AE731A72
:10FAB0004FF0FF0E0CEB03005EE61D460B4406FB09
:10FAC00003F3B2EBA32FFFF61FAEA36902FB0333D0
:10FAD00043F39503E6E701369E42A8BF1E46991BF5
:10FAE0000CEB060015F08FFA0220BDE602369E42AE
:10FAF000A8BF1E46991B0CEB060015F084FA0220E5
:10FB0000B2E6002EFFF66FAFE26952420EFB02F240
:10FB10009212B34218DD47F3400102FB0EFE81EA68
:10FB20006E21C9B20CEB06071CF80650FC290AD856
:10FB300002297FF654AF01FB05F505EB052105EB26
:10FB4000C115C5F3C7553D70751E3FF54CAFAB42AF
:10FB50007FF749AFC2F1FF02A169494202FB01F1FF
:10FB6000891202FB01F194F8282042F3400282EA54
:10FB70006122D243D2B21CF80510FC2A0AD8022A0C
:10FB80007FF62FAF02FB01F101EB012201EBC21165
:10FB9000C1F3C7510CF8051094F8282012F0020F99
:10FBA0003FF426AF711E2DE72DE9F04F83B080465C
:10FBB0000F46154699460C9CB4F90A30D61AB4F98A
:10FBC0000820891AB4F90C20B32A00F3FE80B4F996
:10FBD0000E00B32800F3AE80002A00F0B0800028A9
:10FBE00000F0A980824240F3A680AB4200F3E3809C
:10FBF000636D06FB03F34FEAA32CA36A06FB0333F2
:10FC00009E1292B2531E9BB2592B2AD826EAE67650
:10FC100080B2431E9BB2592B2AD826EAE676ACEB7B
:10FC2000060C06EB6C06761A4E45A8BF4E46002E13
:10FC300025DC4FF0010A26EAE67BD8441FFA8BF157
:10FC4000A9EB010339443C3400941BB22A4609B2A3
:10FC50004046FFF7E8FC064610B3B24518BF02263F
:10FC600064E05B3A93B2B22B98BF06EAE676CFE740
:10FC70005B3883B2B22B98BF06EAE676CFE704F191
:10FC80001003009333B22A4639464046FFF7CBFCB7
:10FC900082460028CFD13146404615F0B4F9CAE774
:10FCA000A9EB0B01404615F0AEF9D6E75B3A92B2EC
:10FCB000B22A98BF03EAE37380B2A0F20F1292B2A5
:10FCC000582A00F2A18023EAE373A3E004F13C0385
:10FCD000009333B22A4639464046FFF7A4FC8246D9
:10FCE000002840F0A4803146404615F08CF99EE093
:10FCF000A9EB0B01404615F086F9ACE0AB4200F3EE
:10FD0000AE800326B4F90E30B42B5CD0A3BBB4F99B
:10FD10000A00A842D4BF032001203EB1032E45D0E3
:10FD2000012E4CD101280CBF06460226304603B0F6
:10FD3000BDE8F08F1AB1AB4209DD032690E0AB427B
:10FD400000F395800126DDE7AB4240F3928004F199
:10FD5000100300934B462A4639464046FFF763FCA2
:10FD60000646B4F90E30B42BD0D1B4F90A00A8423B
:10FD7000CCBF03200120D0E7B32B05DCB4F90A3057
:10FD8000AB4205DD0320C8E7B4F90A30AB4218DD09
:10FD90003C3400944B462A4639464046FFF743FC24
:10FDA000002EC3D00028B9D10646BFE7033818BFDC
:10FDB00001204600BAE70126B8E70126B6E7022689
:10FDC000B4E70320A9E70120A7E7B42A96DDB4F938
:10FDD0000E00B428B8DD8242B6DDAB42EDDB636DC8
:10FDE00006FB03F34FEAA32CA36A06FB03339B1223
:10FDF00092B2A2F20F16B6B2582E3FF657AF002BB2
:10FE0000BFF65AAF80B200235B3880B2B22898BFE9
:10FE100003EAE373ACEB030603EB6606761A4E4582
:10FE2000A8BF4E46002E3FF751AF4FF0010A26EA19
:10FE3000E67BD8441FFA8BF1A9EB01033944103457
:10FE400000941BB22A4609B24046FFF7ECFB064677
:10FE500000283FF44DAFB24518BF022666E70126E1
:10FE6000B4F90E30B42B7FF451AF032055E70326CD
:10FE7000F6E7032646E72DE9F04F83B005460E4628
:10FE80001C460C9B987CB3F90A10B3F90E9010F045
:10FE9000010034D18A42C0F287814A4500F388814B
:10FEA000B3F910C0B3F908A0B3F90C700AEB0C0E4B
:10FEB000764505DB04EB060EA7EB0C08C64507DD0F
:10FEC00001EB0C0E72454EDBA9EB0C0E72454ADCC1
:10FED00060BBAAEB060A5445C0F26E81BAF1000F6E
:10FEE00014DABF1B0137002F40F36881BC4212DCDB
:10FEF000BAF1000F18D1BC4216D1012055E18A4257
:10FF0000C0F258814A45CBDD01204EE151462846DA
:10FF100015F079F8E5E7E11BE81915F074F8BAF186
:10FF2000000F01D1022040E102203EE1AAEB060AC7
:10FF30002AEAEA7A5445C0F24381B91BA1EB0A01CF
:10FF400001310AEB01039C4207DAA4EB0A0105EB3D
:10FF50000A0015F058F8022027E10029B8BF022056
:10FF6000C0F22381F3E7AAEB060E07F10108A8EB24
:10FF70000A081FFA88F889B292B2571ABEB23FB285
:10FF8000BC453CDD891A013961448AB2D3F814902A
:10FF9000D9F80C3012B2511C33F812A033F81160AA
:10FFA000A6EB0A06B7B236B2D9F8083033F8121009
:10FFB000D9F8042052441FFA8EFE1FFA8CFCA8EBDD
:10FFC0000C0373440B441FFA83F91BB20CF1FF3C82
:10FFD000E644AEEB010E0FFA8EFAB8B1002E40F3F4
:10FFE000C080013E32441846564605EB0A0E05EB2A
:10FFF000030C591C013F11FA87F701937FE061441C
:020000040801F1
:1000000001397218A2EB090292B2BFE7002E64DD3B
:1000100032441846514605EB0A0E05EB030C0AF173
:10002000FF39013FBFB2A9EB070901930FE0474633
:1000300022E0002720E04FF000088BF8008001301C
:1000400001390EF1FF3E0CF1010C49452AD012F89E
:10005000018D002812DB844210DDE3469CF800701D
:10006000FC2FE4D8022FE4D907FB08F707EB07239E
:1000700007EBC317C7F3C7578BF800700029DEDB07
:100080008C42DCDDF3469EF80070FC2FD5D8022FA1
:10009000D1D907FB08F707EB072807EBC817C7F309
:1000A000C758CAE7019B30461844A042A8BF204663
:1000B00020EAE07000B2211A284414F0A4FFAAEB51
:1000C00006010131A142A8BF214621EAE17109B22E
:1000D000284614F098FF022067E00020E4E78846F5
:1000E00026E04FF0000823E000218BF800100130DB
:1000F000013E0EF1FF3E0CF1010CB84230D012F877
:100100000119C943C9B2002814DB844212DDE34659
:100110009CF80080B8F1FC0FE1D8B8F1020FE0D9EB
:1001200008FB01F808EB082308EBC318C8F3C7580D
:100130008BF80080002EDADBB442D8DDF3469EF85F
:100140000080B8F1FC0FD0D8B8F1020FCCD908FB71
:1001500001F808EB082108EBC118C8F3C751C4E740
:10016000019B0AF1010AA245A8BFA2462AEAEA7A3F
:100170000FFA8AF09C4206DD834213DBA9EB0A09E1
:100180000FFA89F103E08442B8BF002104DA284461
:1001900014F039FF022008E09C42EFDCA4EB0A01D6
:1001A00009B2F4E70021F2E7002003B0BDE8F08FC8
:1001B0000020FAE70120F8E70020F6E70020F4E746
:1001C0000220F2E710B400230E4C5FFA83FC54F8CF
:1001D000332032B10133102BF7D10CF1010C5FFA4F
:1001E0008CFCBCF10F0F0AD8064B43F83C0003EB24
:1001F000CC0359600FFA8CF05DF8044B70474FF058
:10020000FF30F9E788D000202DE9F04782B09A4608
:10021000104B1C68DCB10746884691461E460025F7
:100220000094246853464A4641463846A047034650
:1002300048B1022808BF45F0010556F8084F002CC8
:10024000EED10135EBB2184602B0BDE8F0870025CB
:10025000F7E700BF88D000200346B0F1FF3F09D088
:10026000054A52F83000002142F8331002EBC30275
:10027000516070470020704788D00020F8B50646CE
:10028000094D0024274608E055F8047C20B2FFF70A
:10029000E3FF01340835102C03D02B68B342F8D1AA
:1002A000F2E73846F8BD00BF8CD0002010B50446F8
:1002B0000379022B02D0052B11D010BD4369002B0E
:1002C000FBD01A69002A03DB5A69013A5A61F4E744
:1002D000586814F043FC606914F040FCEDE7806856
:1002E00014F03CFCE9E70000F8B50A4C04F1700793
:1002F0001C2606E03146284614F085FE1C34BC421C
:1003000006D0254620680028F4D014F027FCF1E739
:10031000F8BD00BF08D1002020B170B5064600240A
:10032000164D0FE0154B1868003818BF01207047B4
:10033000B1F910200831304613F007FDD8B101346F
:10034000102C14D055F834100029F8D00B79022B5A
:100350000FD18B7C13F0010FEAD0B1F910200831D6
:10036000304613F0DFFD0028E9D1012000E0002035
:1003700070BD0120FCE70120FAE700BF88D0002013
:100380002DE9F8430446884615461F46BDF920600E
:100390009DF824902C2114F036FEB54247D0B5428A
:1003A00054DD27816681A4F80C80E581227C69F305
:1003B000010222746782A682A8EB0707AD1B87EAB9
:1003C000E771A1EBE77185EAE572A2EBE572914274
:1003D000D4BF0021012194F8282061F3000284F8A1
:1003E00028200021E161A1613E482060217112F0C6
:1003F000010F32D03FB14FF4801292FBF7F205FBB0
:1004000002F29212E2613DB14FF4801292FBF5F2DA
:1004100007FB02F39B12A361E2692262237C03F0D3
:100420000303032B33D8DFE803F02C394052B9F132
:10043000030F06D033462E461D463B464746984698
:10044000AFE7013D2DB2013E36B2A8E733462E4656
:100450001D463B4647469846A3E73DB14FF4801200
:1004600092FBF5F207FB02F29212A2613FB14FF448
:10047000801292FBF7F305FB03F39B12E361A26981
:10048000CBE794F8283023F0020384F82830931047
:10049000002AB8BF5B426362BDE8F88394F8283055
:1004A00043F0020384F82830F1E7002A08DD012137
:1004B00094F8283061F3410384F828309310EAE778
:1004C00094F8283023F0020384F82830DFE7002A6C
:1004D00001DD0021ECE794F8283043F0020384F8B2
:1004E0002830D4E727F600082DE9F04182B0804695
:1004F0000E4617461C46B42BC4BFA3F1B40424B265
:1005000004F15A0000B214F0FBF90546204614F03D
:10051000F7F906EB65139DF82020019207EB6010B8
:1005200000B200901BB23A4631464046FFF728FF22
:1005300002B0BDE8F0810000F0B583B004460E467D
:10054000174640F267129342A8BF134623EAE373AB
:10055000BDF920509542A8BF154625EAE5759D4294
:1005600028DA05F5B472D21A92B2A4F86820A381F1
:10057000E58126816781124A2260012222719AB2A6
:10058000B32A94BF0022012200923A46314604F178
:100590001000FFF7A9FFABB2B32B8CBF00230123E0
:1005A00000932B463A46314604F13C00FFF79CFF8E
:1005B00003B0F0BDEA1A002AB8BF524292B2D4E7A3
:1005C000A9FB00082DE9F04F8BB006461746B1F99C
:1005D0000040C88801304A88801A8A880132121B7C
:1005E00000B212B29042A8BF1046B7EB600FC4BF72
:1005F000421017B227EAE7753481B1F902207281FF
:10060000B1F90420B281B1F90620F2813582B27CC1
:1006100063F30002B274AD4B336002233371002FD9
:100620000EDDAB4B19460022B1F91800A8420CD0E0
:1006300001321C31042AF7D103F17001002424E0B7
:10064000002373610BB0BDE8F08FC2EBC201A04B79
:1006500003EB81035969013159611B690F2FCCBF2D
:1006600045F30F1401249A49C2EBC20001EB80004C
:100670002344B3F57A7FA8BF4FF47A7303617061A6
:10068000E0E71C461C338B420AD05A69002AF9D194
:10069000002CF6D0186922699042B8BF1C46F1E7D9
:1006A000002C41D06369013363610F2FCCBF45F348
:1006B0000F130123B3F57A7FA8BF4FF47A73236138
:1006C00074612583206808B114F048FA6E1C06EBAB
:1006D0004600400014F024FA206090B3606000EB04
:1006E00045030233E3604FEA850C0CF1040800EB8C
:1006F0000803A360012F25D0F00014F063FA00EB8B
:10070000080CAA0011B2C2F101031BB242F38D0220
:100710000292002206929142B8BF9646C0F20E8124
:1007200000220092964675E01C2014F0F9F9044668
:1007300030B11C2114F067FC4FF0FF332361BFE799
:10074000FEE7FEE7B4230370E26800231380E2684B
:1007500001215180A268138074E7033303EB420345
:100760001BB2013212B28A4200F3E8804FEAA10ABA
:1007700049F804AB01F0030A48F804AB0136042E33
:100780000AD0002BE9DDA2EB010A053303EB4A0393
:100790001BB2013909B2E4E7DDF808B0059FBB459B
:1007A0003ED0039FBB4559D020F81EB0BDF9009044
:1007B0002CF81E90069F666806F80E70D4F804A008
:1007C0001AF80E804FEA08180AF80E801FFA8EFEFB
:1007D0000EF101080FFA88F80BF1FF3620F81860C7
:1007E0002CF81890089E079F3E4406F10409099EC4
:1007F0004E44676807F80860D4F8049019F8086058
:10080000360109F808600EF1020E0FFA8EFE009E06
:10081000013600960DF108090DF118080026B0E721
:1008200020F81EB0009E2CF81E6066680196069F98
:10083000079E07EB0608089EB044099EB044019E3F
:1008400006F80E80D4F8048018F80E60360108F817
:100850000E600EF1010E0FFA8EFED8E7049EB3452E
:1008600038D020F81EB0BDF900802CF81E80069EFE
:10087000079F06EB0709666806F80E90D4F804A0F7
:100880001AF80E904FEA09190AF80E901FFA8EF91D
:1008900009F1010E0FFA8EFE0BF1FF3620F81E60F3
:1008A0002CF81E80099E089F3E440836676807F8AA
:1008B0000E60D4F8048018F80E60360108F80E6057
:1008C00009F1020E0FFA8EFEA1E700BF77FE0008C5
:1008D00008D1002020F81EB0BDF900802CF81E8041
:1008E000069E079F06EB0709089EB144666806F856
:1008F0000E90D4F804A01AF80E904FEA09190AF8DD
:100900000E901FFA8EFE0EF101090FFA89F90BF114
:10091000FF3620F819602CF81980099E0C3667689C
:1009200007F80960D4F8048018F80960360108F85F
:1009300009600EF1020E0FFA8EFE68E740F2D32333
:1009400003FB05F5AA1276460EF10043013B590060
:1009500030F91370B7EBA52F3BD0C5F30905B5F5FA
:10096000007F3BDC05FB05F5EB13023112B242526E
:100970002CF80120626893556268935D1B019355C2
:100980000EF1010E0FFA8EFEBEF1020619D43346A7
:100990001FFA8EF73E44F21A12B23CF9131020F8F7
:1009A000121030F913102CF812106168CD5C8D54C0
:1009B000013BB3F1FF3FEED10EEB0703013B0FFA12
:1009C00083FEE36800221A80F046964537DD96469E
:1009D00010E03CF913309A42BFD1D5E7C5F58065E8
:1009E00005FB05F5EB13C3F10F03BEE70EF1010E96
:1009F000904524DD0FFA8EF77E00E36823F8172078
:100A00005500A36830F8121023F817103CF9123083
:100A1000BB42EBD1A5F102098144654490450EDD4E
:100A2000A16839F9023F31F806A05345A8BF5346E3
:100A30008B53013235F9023FBB42EFD0D6E714F0B9
:100A400023F9FFE510B50446382114F0DCFAFF2342
:100A500023716371A371E371A37A03F0F80323F0A8
:100A6000F803A372E37A03F0E00323F0E003E372F8
:100A7000FF2323730222A273A27F02F0F80222F066
:100A8000F802A277E27F02F0E00222F0E002E277D1
:100A900094F82C2002F0F80222F0F80284F82C20BE
:100AA00094F82D2002F0E00222F0E00284F82D20DC
:100AB000084A6261E370A37684F82A3084F8223011
:100AC00084F8363094F823300F2262F3450384F81B
:100AD000233010BD8CDE040808B5D3880133B2F88A
:100AE00002C0A3EB0C031BB2002B0ADD9388013379
:100AF000B2F800C0A3EB0C031BB2002B01DD0369AD
:100B0000984708BDB8B110B586B08446C46A84B1B0
:100B10000D9805900C9804909DF82C0003900A986D
:100B20000290BDF924000190BDF9200000906046BC
:100B3000A04706B010BDFEE770B584B084468E466F
:100B400014468568037803F01F03053B092B66D81C
:100B5000DFE803F00565656565650F27405E03689E
:100B6000C3F38A2304FB031303EB43032B4498785A
:100B700056E001F00702C2F107020368C3F38A23BB
:100B80000733DB10C91004FB0353585C0123934067
:100B900018401041C0B2B0FA80F040094042C0B2E3
:100BA0003EE0204B009301F003025200C2F1060226
:100BB0000368C3F38A2303339B10891004FB035398
:100BC0005B5C032191400B40134110336B4413F8DD
:100BD000100C25E0144B0FCB04AE06E90F000EF00D
:100BE00001029200C2F10402DCF80030C3F38A2350
:100BF00001335B104FEA6E0104FB03535B5C0F2172
:100C000091400B40134110336B4413F8100C07E074
:100C10000368C3F38A2304FB0352505C00E0FF2007
:100C200004B070BD0055AAFFFC5303082DE9F04144
:100C300005460C4617461E46D0F80880017801F09C
:100C40001F010539092919D8DFE801F0051818181E
:100C500018181A324B64007800F01F00FDF7BAFF35
:100C6000C0F3C7002B68C3F38A2307FB03F3804458
:100C700000FB038800FB048808F8016CBDE8F081E4
:100C80000368C3F38A230733DB10E21007FB032258
:100C900004F00704C4F107040121A14018F8023050
:100CA00023EA0103F609A640334308F80230E5E7DA
:100CB0000368C3F38A2303339B10A21007FB0322AC
:100CC00004F003046400C4F106040321A14018F8F1
:100CD000023023EA0103B609A640334308F8023084
:100CE000CCE70368C3F38A2301335B10621007FB70
:100CF000032204F00104A400C4F104040F21A14064
:100D000018F8023023EA01033609A640334308F8F5
:100D10000230B3E70368C3F38A2302FB038808F8B1
:100D20000460ABE7F0B585B00446BDF828500B9FD2
:100D30001E4613B9B5F5807F6AD00023ADF80030A8
:100D4000ADF80230ADF80410ADF80630ADF808305B
:100D5000ADF80A20ADF80C10ADF80E203B462A463F
:100D60003146684613F036F93B462A46314601A81B
:100D700013F030F93B462A46314602A813F02AF90F
:100D80003B462A46314603A813F024F9BDF90C303E
:100D9000BDF90850BDF90400BDF900101A46AB4278
:100DA000A8BF2A468242A8BF02468A42A8BF0A4676
:100DB000023A2280AB42B8BF2B468342B8BF0346FB
:100DC0008B42B8BF0B460233A380BDF90E30BDF98C
:100DD0000A50BDF90600BDF902101A46AB42A8BF81
:100DE0002A468242A8BF02468A42A8BF0A46023A61
:100DF0006280AB42B8BF2B461A468342B8BF024658
:100E00008A42B8BF0A46023212B2E28005B0F0BD93
:100E10000380438001398180013A12B2F5E7000076
:100E2000F8B504460D46164612F0DEFB074633467B
:100E30002A462146104800F0E5FB30B10E4B002257
:100E40009A62DB695BB10C48F8BD0B4C2C21204643
:100E500014F0D9F84FF00043A3620020F4E73846BD
:100E600012F0D0FB034618B903480123C361EBE736
:100E70000148C361E8E700BFFCD1002070470000D3
:100E8000F0B585B00D4614460846FDF7CDFE064682
:100E9000E8B92B78C3F30403043BDBB2102B13D85F
:100EA0002B68C3F38A23226863F3942222606B8841
:100EB000C3F34A13628863F34F1262802A7823785F
:100EC00062F3040323700126304605B0F0BD01280B
:100ED00010D0022835D12368012666F394232360BD
:100EE000C3F30F4266F34F1262800B2262F30403D6
:100EF0002370E9E7284613F0F7FB1349EFF770F981
:100F000008B10026E0E70222294601A813F0ACFB55
:100F100030B123781C3303F01F03102BD4D9F0E732
:100F200001AF6B4604222146384613F064FA0546A9
:100F3000384613F041FA002DE3D1009B042BE0D199
:100F4000E7E70026C0E700BF8454030838B54D6AC0
:100F500085B10C460B7C012B0DD0E86808B113F06D
:100F6000FDFD286908B113F0F9FD284613F0F6FDE0
:100F70000023636238BD284613F01EFAEDE7000037
:100F80002DE9F04F85B006460C460D7C012D21D091
:100F9000002D40F0ED804B689B68002B00F0E28054
:100FA0000B7D03F01F031A1F102A00F2CE80DFE82A
:100FB00012F07900790079000B010B010B010B0194
:100FC000DD00DD00DD006F00CC00CC00CC00CC00EB
:100FD000CC006F00486813F087FBA249EFF700F9D7
:100FE00008B10025BEE00222616801A813F03CFBB5
:100FF0000028F6D1636ADBB1636A01AA03F10C0031
:1010000012F8011B03F8011B8342F9D1237D03F081
:101010001F00031F102B00F29880DFE803F043430A
:1010200043D6D6D6D6A3A3A3139696969696130028
:10103000142013F075FD606218B1142113F0E3FF62
:10104000DAE7FEE7237C1BB36369C3F38A23E28AF2
:10105000C2F34A1202FB03F3142814BF012503252F
:1010600003FB05F5284613F05BFD0646002872D009
:10107000676A00220421384613F08DFA00232A46BD
:101080003146384613F0B7F938B9A661012569E051
:1010900063689B68A361012564E0304613F05EFD40
:1010A00000255FE0237C002B57D163689B68A36118
:1010B000012557E0142013F033FD606218B11421AC
:1010C00013F0A1FF88E0FEE7FEE7FEE72146304689
:1010D000FFF73CFF002545E000220421384613F0CD
:1010E0005AFAB8F1000F3DD000240DF1040AA146D0
:1010F00004264B4632465146384613F07CF99DF89B
:101100000520D7F80CC00CEB44019DF806E04FEA2F
:10111000DE0E9DF80400C0084FEA521B1CF8143084
:101120006BF302036EF3C7030CF814304B7860F3D3
:101130000403920862F347134B709DF807203B6944
:101140001A550134A045D4D10CE021463046FFF7B2
:10115000FDFE002506E0002504E0012502E0012552
:1011600000E00125284605B0BDE8F08F0125F9E72C
:101170000B7D03F01F00031F102BE6D801A252F8CD
:1011800023F000BF63110108631101086311010816
:10119000CB110108CB110108CB110108CB110108BB
:1011A000631101086311010863110108451001086A
:1011B0004B1101084B1101084B1101084B1101089B
:1011C0004B110108451001081846FDF703FD0546BF
:1011D000636A002B3FF46EAF676A0220A84013F0E9
:1011E0009FFCF86000283FF46FAF4FF0010808FA49
:1011F00005F8404613F094FC386100283FF465AFD1
:10120000FB68002B3FF462AF257C012D3FF464AFF7
:1012100063689A68B8F1000FA1D000235078FD6888
:1012200005EB430692F802C04FEADC0C1478E408A0
:101230004FEA501E15F813106EF302016CF3C7014C
:1012400005F81310717864F30401800860F3471106
:101250007170D0783969C854013304329845DDD1B2
:1012600001257FE7845403082DE9F04F89B00D462E
:1012700014461E46BDF94870097D01F01E03042B7B
:101280000FD001F01F0106290BD0A1F10B03DBB237
:10129000032B3BD90739C9B2032940F2E680002469
:1012A00003E02B7C012B04D00024204609B0BDE8CC
:1012B000F08FD5F82490287D00F01F00FDF78AFC00
:1012C00080466969C1F38A2106FB014100FB01F1F7
:1012D000C91000220431484613F05DF9044608B1F4
:1012E0000024E2E7C8F3C70807FB08F800230493CB
:1012F00004AB42461399484613F07DF80028D4D138
:10130000049C444514BF00240124CEE74FF47F43DE
:10131000ADF80830A3F5AD03A3F5285303939F4B15
:101320000FCB0DF1200C0CE90F002A89002F0BDDEB
:101330004FEA122C139907EB47030B440A7081F80C
:1013400001C003318B42F9D1287D00F01F00FDF769
:1013500041FC80462B7D03F01F030B3B032B70D811
:10136000DFE803F0024857666B69C3F38A20073051
:10137000C010E31006FB0036E44304F007040DF14F
:101380000809D5F824B0019013F01CFC824600280F
:1013900069D02B7C002B59D16B6898683044002FA2
:1013A00023DD012606FA08F6013EB6B2139A07EBD2
:1013B0004707D119C8F108077FB2037823413340AA
:1013C000DBB295F814C00CF01F0CBCF10E0F18BF67
:1013D00019F803309370A4EB080464B2002CBCBF6E
:1013E0003C46013003329142E7D1504613F04CFCA9
:1013F00001245AE76B69C3F38A2003308010A310DD
:1014000006FB0036E44304F0030464000DF10C090C
:10141000B7E76B69C3F38A2001304010631006FB05
:101420000036E44304F00104A4000DF11009A8E71C
:101430006869C0F38A23184606FB03460024A146C8
:101440009FE7002426462046A1469AE70022311D48
:10145000584613F0A0F80023019A5146584612F05E
:10146000CAFF50469BE700241FE7287D00F01F00BD
:10147000FDF7B0FB80462B7D03F01F03073B032BDA
:1014800076D8DFE803F0024B5B6B6B69C3F38A200D
:101490000730C0104FEAE40A06FB00AA0AF1080A66
:1014A000E44304F007046E6A834613F08BFB814625
:1014B000002870D02B7C002B5FD16B689D68554451
:1014C000002F26DD4FF0010C0CFA08FC0CF1FF3C5C
:1014D0001FFA8CFC139A07EB4707D119C8F10807CC
:1014E0007FB22B78234103EA0C03DBB2F06830F8BB
:1014F00013001070000A50703069C35C9370A4EB45
:10150000080464B2002CBCBF3C46013503328A4259
:10151000E7D1484613F0B8FB0124C6E66B69C3F374
:101520008A20033080104FEAA40A06FB00AA0AF1C1
:10153000100AE44304F003046400B4E76B69C3F3E6
:101540008A20013040104FEA640A06FB00AA0AF123
:10155000400AE44304F00104A400A4E76869C0F36E
:101560008A23184606FB034404F5806A00249AE7A0
:101570004FF0000A5446504695E700220AF1040154
:10158000304613F008F800235A464946304612F018
:1015900032FF4D4694E7002487E600BF0C54030851
:1015A0002DE9F04106460F460421384613F02BFD85
:1015B00006B33046FDF738FB054608B9B368D3B12A
:1015C0000F4813F073F90446C0B10025DFF83080EE
:1015D00005E02146404613F071F9044658B12368EE
:1015E000002BF6D03A46314620469847054601285A
:1015F000EFD100E000252846BDE8F0810025FAE79C
:1016000038D200202DE9F04706460F4690461C468A
:10161000282113F0F8FC002F5ED03846FDF704FBBC
:101620000546B0B9BB68002B4FD0A6F80880002350
:101630003374F4607760294813F038F904460028C1
:101640003FD0002506F114084FF0040ADFF88C9013
:1016500018E0A6F808803074F4600128EAD1384612
:10166000EEF71EFE013013F05BFA706018B13946D8
:1016700020F075FADFE7FEE72146484613F01EF931
:101680000446F8B12368002BF6D06268002AF3D034
:10169000424639462046984705460128ECD1346039
:1016A0006368314620469847054601280DD05146CB
:1016B000404613F0A8FC00233362B3617362F36108
:1016C000DAE70025337C012B02D02846BDE8F087FD
:1016D000706813F043FAF8E70025F6E738D20020E7
:1016E00030B583B084460068846844B1069D019596
:1016F000009313460A466146A04703B030BD002060
:10170000FBE710B50446006830B1C3680BB1214651
:101710009847237C012B00D010BD606813F01EFA9F
:1017200000236360F8E7000010B5054813F00FF8D8
:1017300028B10446142113F066FC204610BDFEE7D4
:1017400038D2002008B51421074812F0F8FFFFF73F
:10175000EBFF40B1054A0260054A4260054A8260DB
:10176000054AC26008BDFEE738D20020810E01089C
:10177000810F0108691201084D0F010870472DE91A
:10178000F0479846BDF924A00A9BB8F90240B8F981
:10179000000004FB020501EB4505B3F90210B3F9A3
:1017A00000300AFB0133089E06EB4306B8F80470CC
:1017B00001373F1AB8F90630A34212DB3FB27F006F
:1017C0004FEA42094FEA4A0A3A463146284613F0A0
:1017D0008DFA4D445644013424B2B8F90610A142A2
:1017E000F2DABDE8F087000010B50C46582120461B
:1017F00013F009FC104B6361104B2361104B236302
:10180000104B2362104BA361104B6362104BA36219
:10181000104BE362104B6363104BA363104BE36305
:10182000104B2364104B6364104BA364104B63652F
:101830002C23E36410BD00BF091901083D620108B3
:10184000B55B010821450108713D010861490108A6
:1018500011510108E57201087D1701087F17010881
:1018600021430108254401087F440108154501086A
:101870001928010808B50846582113F0C4FB08BD13
:101880002DE9F84381461D465608D74307F0010766
:10189000A1EB5208C0F15A0000B213F031F808FB76
:1018A00000F4E411484613F02BF808FB00F2D211C3
:1018B000002C17DD7F3CC4F30F24BB1B23441BB259
:1018C000344424B22B80AC80002A14DD7F3AC2F36A
:1018D0000F22BB1B13441BB2324412B26B80EA804E
:1018E000BDE8F8837F34C4F30F24A31B1BB2F11BA4
:1018F0000C4424B2E6E77F32C2F30F22931B1BB2E3
:10190000F61B324412B2E9E72DE9F04FD3B01F467F
:10191000BDF87041BDF874510B7B022B40F2C680BC
:1019200081460E469046B1F902A0BAF1000F00F0D0
:10193000BD80AC4200F0BA80BA45C8BF0FFA87FA42
:1019400044A8FFF77FF8737BC3F301038DF81231CE
:10195000B368002B00F0AD8000228DF8132148936E
:10196000337B8DF82A31B8F80030D81B80B2ADF83F
:101970000801B8F80210CA1B92B2ADF80A2107F1AB
:10198000FF3C1FFA8CFC63449BB2ADF80C31614400
:1019900089B2ADF80E11B6F802C0604480B2ADF85D
:1019A0000001624492B2ADF80221A3EB0C039BB29A
:1019B000ADF80431A1EB0C0189B2ADF80611013389
:1019C0001B1A1BB2002B04DD0131891A09B2002950
:1019D00076DC0DF1D00B002347F6FF7242A9584682
:1019E000FEF7F0FD00215846FEF7ECFB039004F5EE
:1019F000B473AB4200F0928505F5B473A34200F0D6
:101A0000B485002306934FF0FF330493B4F5B47FFD
:101A100005D3A4F5B474A4B2B4F5B47FF9D2B5F586
:101A2000B47F05D3A5F5B475ADB2B5F5B47FF9D2E1
:101A300023B208932AB209920DF1640B0092B8F90F
:101A40000220B8F900105846FEF776FD00215846EE
:101A5000FEF7B8FB0590AC423ABF2B1BC3F5B4733D
:101A6000631BD9F808B03C2B01DD0A2F6FD842AABE
:101A700044A94846FFF730F819A8FEF717FC34A828
:101A8000FEF714FC069B002B40F056840598FEF7E9
:101A9000E3FB0398FEF7E0FB049BB3F1FF3F40F04C
:101AA0005084737B13F0040F40F0508453B0BDE8B2
:101AB000F08F337B8DF813313388ADF8143152E752
:101AC0000DF1E80B012347F6FF7240A95846FEF7D7
:101AD00079FD00215846FEF775FB04900DF1D00BFF
:101AE000002347F6FF7242A95846FEF76BFD00211E
:101AF0005846FEF767FB039004F5B473AB4200F061
:101B00001E8505F5B4739C421CD147F6FF73ADF8F2
:101B1000103142AA44A94846FEF7DEFF0398FEF7BB
:101B20009BFB049BB3F1FF3F0FD00498FEF794FB9F
:101B3000012434A8FEF7BAFB002CB7D03AA8FEF770
:101B4000B5FBB3E70123069360E70124F1E73BB25D
:101B50000B936308A84AA2FB0313C3F34F110A9126
:101B60006B08A2FB0323C3F34F1307930B434ED021
:101B7000592C00F29D80B8F80030ADF84C30B8F820
:101B800002300C93FB18ADF85230089812F0B8FEF2
:101B90000B99A1EB0A0300FB03F30C9A02EBE3336E
:101BA000ADF84E30B8F800300C9304F15A0000B292
:101BB00012F0A6FE0B9901FB00F30C9A02EBE33343
:101BC000ADF8503013A85A46014611F09FFF002887
:101BD00040F00881592D40F21181C9F808B00A9BE4
:101BE000012B77D0079B012B00F0F1810A9B079A0C
:101BF000934200F06D81592C00F28684079B023BD2
:101C00009BB2012B40F26781C9F808B0A3E0AC4257
:101C1000B1D2B8F802300D93089812F071FE0B9B08
:101C2000A3EB0A020C9202FB00F30D9901EBE333E4
:101C3000ADF84E30B8F800100D9104F15A0000B222
:101C400012F05EFE0B9B03FB00F30D9901EBE333F7
:101C5000ADF85030B8F802100D91099812F050FE0E
:101C60000B9B03FB00F30D9901EBE333ADF852300E
:101C7000B8F800300D9305F15A0000B212F040FEA2
:101C80000C9A02FB00F30D9A02EBE333ADF84C30F3
:101C900013A85A46014611F039FF0028B4D013ABFF
:101CA000C9F8083042AA44A94846FEF715FFABE739
:101CB000592D40F2A3800A9B079A934200F0DB80E3
:101CC0000A9B022B00F0F9800A9B032B00F0FB809B
:101CD000C9F808B0079B012B00F01D81B8F800304F
:101CE000DB1BADF84C30B8F902300C93ADF84E3038
:101CF000089812F005FE0B9901FB00F30C9A02EB19
:101D0000E333ADF85230B8F800300C9304F15A00C8
:101D100000B212F0F5FD0B99A1EB0A0300FB03F3EF
:101D20000C9A02EBE333ADF8503013A85A46014643
:101D300011F0ECFE002840F04181079B012B00F0E0
:101D40004681C9F808B00A9B022B00F08A83079BE2
:101D5000022B00F0D0810A9B079A934200F009827F
:101D6000592C40F22A820A9B012B00F02C82C9F8E0
:101D700008B0079B032B00F02F82B8F800300A93BD
:101D8000FB18ADF85030B8F80230013BADF85230D6
:101D900004F15A0000B212F0B3FD0B99A1EB0A0353
:101DA00000FB03F30A9A02EBE333ADF84C30B8F8CA
:101DB0000240089812F0A4FD0B9901FB00F304EB1C
:101DC000E334ADF84E4013A85A46014611F09EFE8A
:101DD000002840F04E82079B032B00F05382C9F885
:101DE00008B049E613ABC9F8083042AA44A94846EE
:101DF000FEF772FEEEE600BFB7600BB6B8F8003033
:101E00003B44ADF85030B8F902300C93ADF84E3089
:101E1000099812F075FD0B9901FB00F30C9A02EB87
:101E2000E333ADF85230B8F800300C9305F15A00A6
:101E300000B212F065FD0B99A1EB0A0300FB03F35E
:101E40000C9A02EBE333ADF84C3013A85A46014626
:101E500011F05CFE30B9C9F808B00A9B012B7FF481
:101E6000C1AE3BE713ABC9F8083042AA44A94846C3
:101E7000FEF732FEEFE7AC427FF622AFB8F9002062
:101E8000ADF84C20B8F90230ADF84E303A44ADF818
:101E900050203B44ADF8523013A85A46014611F089
:101EA00035FE00283FF499AE13ABC9F8083042AABA
:101EB00044A94846FEF710FE8FE6079B012BDDD0B4
:101EC000C9F808B092E6079B013B9BB2012BD5D91C
:101ED000AC427FF690AEB8F80020D31BADF84C3082
:101EE000B8F90230ADF84E30013AADF850203B441D
:101EF000ADF8523013A85A46014611F007FE0028EB
:101F00003FF41FAF13ABC9F8083042AA44A94846B2
:101F1000FEF7E2FD15E7AC42BFF4E0AEB8F80230E0
:101F20000C93089812F0ECFC0B9B03FB00F30C9A4B
:101F300002EBE333ADF85230B8F800200D9204F113
:101F40005A0000B212F0DCFC0B9BA3EB0A020C92CD
:101F500002FB00F30D9901EBE333ADF85030B8F814
:101F600002100D91099812F0CBFC0C9A02FB00F3C1
:101F70000D9901EBE333ADF84E30B8F800200C9228
:101F800005F15A0000B212F0BBFC0B9B03FB00F3FF
:101F90000C9A02EBE333ADF84C3013A85A460146D5
:101FA00011F0B4FD002800F0148113ABC9F808301B
:101FB00042AA44A94846FEF78FFD0AE113ABC9F8CF
:101FC000083042AA44A94846FEF786FDB5E6B8F8AF
:101FD0000030013BADF85030B8F802300C93FB18DC
:101FE000ADF85230099812F08BFC0B99A1EB0A0363
:101FF00000FB03F30C9A02EBE333ADF84E30B8F874
:1020000000300C9305F15A0000B212F079FC0B99E4
:1020100001FB00F30C9A02EBE333ADF84C3013A84C
:102020005A46014611F072FD30B9C9F808B00A9B52
:10203000022B7FF48CAE18E213ABC9F8083042AA29
:1020400044A94846FEF748FDEFE7AC4280F00D8218
:10205000B8F80030079304F15A0000B212F050FCB7
:102060000B9B03FB00F3079A02EBE333ADF84C3014
:10207000B8F80240089812F043FC0B9BA3EB0A024D
:10208000079202FB00F304EBE334ADF85240B8F8DA
:102090000240099812F034FC0B9B03FB00F304EBA5
:1020A000E334ADF84E40B8F8004005F15A0000B2F4
:1020B00012F026FC079A02FB00F304EBE334ADF8C0
:1020C000504013A85A46014611F020FD00283FF465
:1020D00086AE13ABC9F8083042AA44A94846FEF7B9
:1020E000FBFC7CE613ABC9F8083042AA44A9484679
:1020F000FEF7F2FCE9E1B8F800300C93DB1BADF819
:102100004C30B8F80230013BADF8523005F15A00BE
:1021100000B212F0F5FB0B99A1EB0A0300FB03F3ED
:102120000C9A02EBE333ADF85030B8F802300C9360
:10213000099812F0E5FB0B9901FB00F30C9A02EBF6
:10214000E333ADF84E3013A85A46014611F0DEFCD9
:1021500030B9C9F808B00A9B032B40F0C48108E6E7
:1021600013ABC9F8083042AA44A94846FEF7B4FCAC
:10217000EFE7AC427FF6F4ADB8F80020D31BADF822
:102180004C30B8F80230D91BADF84E10013AADF81A
:102190005020013BADF8523013A85A46014611F0C9
:1021A000B5FC002800F0958113ABC9F8083042AAAD
:1021B00044A94846FEF790FC8BE1079B032BDBD03C
:1021C000C9F808B08BE10923079AD34013F0010F37
:1021D000D2D1C9F808B082E1AC42BFF4CEADB8F8B4
:1021E00000300A9304F15A0000B212F089FB0B9BF5
:1021F000A3EB0A02079202FB00F30A9901EBE33317
:10220000ADF84C30B8F80240089812F079FB0B9BFF
:1022100003FB00F304EBE334ADF84E40B8F80040A4
:1022200005F15A0000B212F06BFB0B9B03FB00F3AD
:1022300004EBE334ADF85040B8F80240099812F0CE
:102240005FFB079A02FB00F304EBE334ADF8524066
:1022500013A85A46014611F059FC00283FF4BFADBF
:1022600013ABC9F8083042AA44A94846FEF734FC2B
:10227000B5E513ABC9F8083042AA44A94846FEF7B1
:102280002BFCA8E5B8F90040ADF84C40B8F8023096
:10229000DB1BADF84E3005F15A0000B212F030FBF6
:1022A0000B9D05FB00F304EBE334ADF85040B8F8A8
:1022B0000240099812F024FBA5EB0A0300FB03F38C
:1022C00004EBE334ADF8524013A85A46014611F02E
:1022D0001DFC00283FF483AD13ABC9F8083042AAB7
:1022E00044A94846FEF7F8FB79E5AC4240F200818C
:1022F000B8F90020ADF84C20B8F80230D91BADF881
:102300004E103A44ADF85020013BADF8523013A8BE
:102310005A46014611F0FAFB00283FF460AD13ABBA
:10232000C9F8083042AA44A94846FEF7D5FB56E54D
:10233000B32D3FF654ADDBE73AA8FDF7B7FFFFF743
:10234000A5BB1846FDF788FFFFF7ABBB3FB25FFAAE
:102350008AFA0FAC2346524639460898FFF790FA9E
:10236000B8F80030BDF83C201A44ADF83C20BDF868
:1023700040201344ADF84030B8F80230BDF83E209C
:102380001A44ADF83E20BDF842201344ADF8423067
:102390002246594611A811F0B9FB40BB0FAC2346A9
:1023A000524639460998FFF76BFAB8F80030BDF885
:1023B0003C201A44ADF83C20BDF840201344ADF851
:1023C0004030B8F80230BDF83E201A44ADF83E2047
:1023D000BDF842201344ADF842302246594611A8B8
:1023E00011F094FBF8B9C9F808B0FFF75FBB13AC64
:1023F000002347F6FF720FA92046FEF7E3F80021FD
:102400002046FDF7DFFE054611ABC9F8083042AAA9
:1024100044A94846FEF760FB2846FDF71DFF20460D
:10242000FDF744FFBAE713AC002347F6FF720FA98C
:102430002046FEF7C7F800212046FDF7C3FE0546FB
:1024400011ABC9F8083042AA44A94846FEF744FB3C
:102450002846FDF701FF2046FDF728FFC3E7C9F82E
:1024600008B0079B022B3FF4F0ADB8F800300C9396
:10247000013BADF85030B8F80230DB1BADF84E3000
:1024800004F15A0000B212F03BFA0B9901FB00F381
:102490000C9A02EBE333ADF84C30B8F802300C93F1
:1024A000089812F02DFA0B99A1EB0A0300FB03F335
:1024B0000C9A02EBE333ADF8523013A85A460146AA
:1024C00011F024FB00287FF40DAE079B022B3FF494
:1024D00012AEC9F808B00A9B032B3FF44AAC079B25
:1024E000032B3FF4CFAE0A9B079A93423FF4FDAE15
:1024F0000A9B022B3FF41CAF0A9B012B7FF46FACAD
:10250000592D3FF66CACF3E60A9B032BA7D1079B32
:10251000022B3FF4E0ACC9F808B01CE447F6FF73A7
:10252000ADF8103142AA44A94846FEF7D5FA0398FF
:10253000FDF792FE34A8FDF7B9FEFFF7B7BA47F6EC
:10254000FF73ADF8103142AA44A94846FEF7C4FA19
:102550000398FDF781FE049BB3F1FF3F7FF4E5AAEA
:1025600034A8FDF7A3FEFFF7E9BA47F6FF73ADF80D
:10257000103142AA44A94846FEF7AEFA0398FDF787
:102580006BFE0024FFF7D5BA30B501F00705C1F3A3
:10259000C40EC1F30424C1F34233022A44D9C0F368
:1025A000C40CF444BCF11F0F28BF4FF01F0C0CF0FB
:1025B0001F0E03EBC50300F0070503EBC503C0F3D3
:1025C00042352B443F2B28BF3F23C3F3C20503F002
:1025D0000703C0F3042CA444BCF11F0F28BF4FF025
:1025E0001F0C0CF01F0CFF2A29D065F302006EF3BC
:1025F000C7006CF30C2063F34F3049BA0B0413FA95
:1026000081F1144B194040BA040414FA80F01840C8
:10261000401A0432D20800FB02F201EB52101840BB
:1026200040EA104040BA30BD4FF0000065F30200B0
:102630006EF3C70064F30C2063F34F30F3E74FF001
:10264000000065F302006EF3C7006CF30C2063F327
:102650004F30E8E71FF8E00730B501F00704C1F399
:10266000C40EC1F3042CC1F34233022A3FD9C0F394
:10267000C405AEEB050E2EEAEE7E0EF01F0E03EB48
:10268000C40300F0070403EBC403C0F34234234443
:1026900023EAE373C3F3C20503F00703C0F3042482
:1026A000ACEB040C2CEAEC7C0CF01F0CFF2A29D0BC
:1026B00065F302006EF3C7006CF30C2063F34F3038
:1026C00049BA0B0413FA81F1144B194040BA0404BF
:1026D00014FA80F01840401A0432D20800FB02F2CB
:1026E00001EB5210184040EA104040BA30BD4FF0A4
:1026F000000064F302006EF3C7006CF30C2063F378
:102700004F30F3E74FF0000065F302006EF3C700AF
:102710006CF30C2063F34F30E8E700BF1FF8E007CD
:1027200070B501F00705C1F3C40EC1F30423C1F372
:10273000423C022A40D9C0F3C4040EFB04F4C4F3A3
:102740004414C0F3042E03FB0EFECEF3441EC0F36C
:1027500042330CEBC50500F0070C03EBCC0C05FB7A
:102760000CFC4FEA6C26CCF3422C03EBC60305FBB2
:1027700003F3C3F38213FF2A29D06CF3020064F33E
:10278000C7006EF30C2063F34F3049BA0B0413FA01
:1027900081F1144B194040BA040414FA80F0184037
:1027A000401A0432D20800FB02F201EB521018402A
:1027B00040EA104040BA70BD4FF0000065F30200DF
:1027C0006EF3C70063F30C206CF34F30F3E74FF068
:1027D00000006CF3020064F3C7006EF30C2063F397
:1027E0004F30E8E71FF8E0070B7E022B00D8704758
:1027F00030B583B005460C4682680968684611F01A
:1028000085F938B16B6B0BB1284698476B6D214643
:102810002846984703B030BD2DE9F04F93B00646E7
:102820000D46CB6805930BB10B7C83B12B7C012B40
:10283000059B08BF002305937368B3F90470B3F9CF
:102840000080B268296810A811F060F910B913B0BF
:10285000BDE8F08F0137A7EB08073FB2FBF7E4FBB9
:102860008046336804930268D369002B75D06B6887
:102870000793002B00F09D802B68B3F900109C8813
:102880000134641A24B2BDF94200B3F90230C01A0F
:10289000BDF940305B1A04FB0033079901EB430399
:1028A0000793059B002B00F09A80137C13F0080F10
:1028B00000F081806869B0F90010838801335B1AE9
:1028C0001BB20693BDF94220B0F90230D21ABDF90D
:1028D00040305B1A069901FB0233059A1A440592AF
:1028E00073685A8852421988494212B209B210A834
:1028F00011F0FDF8D8F80030DB69002B00F05A81A8
:102900006B68002B6ED095F818B0FBF78DFB8246F4
:10291000BDF8448008F10108BDF84030A8EB030879
:102920000FFA88F8BDF846C00CF1010CBDF8423032
:10293000ACEB030C0FFA8CFC059B002B00F0CF8056
:10294000BCF1000F83DD6200099200210798059712
:102950001F46CDF828C0894623E1137C13F0400FB1
:1029600011D17068BDF94210B0F90230C91ABDF931
:102970004030B0F900001B1A07FB0133049901EB4A
:102980004303049373E77068BDF94230B0F9021055
:102990005B1A07FB03F303EB4303BDF94010B0F9E7
:1029A0000000091A01EB41010B44049919440491F8
:1029B0005DE7002475E7686911F07CF8011E7FF778
:1029C00079AF059B013B194413F8012F802A4FF082
:1029D000FF3298BF00221A708B42F5D16AE70023BC
:1029E00006937DE795F818A0B5F808B0FBF71CFB37
:1029F0008146059BDBB1BDF844600136BDF840302F
:102A0000F61A36B2BDF8468008F10108BDF842302A
:102A1000A8EB03080FFA88F8B8F1000F7FF717AF9B
:102A200000210797059FCDF82080884651E0BDF929
:102A30004250BDF946309D423FF709AFDDF81080A6
:102A40003B4657462E469A46BDF94040BDF94430B4
:102A50009C4212DC35B20496D9F800000297ADF81A
:102A600004B00095C66923B252464146B0470134CE
:102A7000BDF944309C42EFDD049E0136BDF946307D
:102A80009E42E1DDE3E6D9F80000BDF84030234482
:102A900002FB0AF2120A0292ADF804B0BDF842201D
:102AA000424412B20092C7691BB2079A0499B84710
:102AB0000134A64204D015F8012F002AF8D0E2E72D
:102AC000059F069B1F4408F10108089B43453FF4FE
:102AD000BEAE002EF5DD7D1E00240597EBE7BCF1B0
:102AE000000F7FF7B4AE630006934FF0000907981C
:102AF000CDF81CC04B46B9465F469B4622E00546D2
:102B000000240590DAF80000BDF840302344029715
:102B100035F8022BADF80420BDF842205A4412B219
:102B20000092C6691BB24A460499B0470134A045D9
:102B3000E8D10598069B18440BF1010B079B5B45F8
:102B40003FF485AEB8F1000FD9DCF3E7DAF8000006
:102B5000BDF84030234402FB0BF2120A02922A888D
:102B6000ADF80420BDF842204A4412B20092C76971
:102B70001BB2059A0499B84701340235A04504D028
:102B800016F8012F002AF7D0E0E7079F0898069B68
:102B90001F44099B184409F101090A9B4B453FF466
:102BA00056AEB8F1000FF2DD7E1E054600240797F1
:102BB0000890E5E7687E002840F0CB846B6873B32B
:102BC00095F818C0BDF844300133BDF840209B1A79
:102BD0000FFA83FEBDF846300133BDF842209B1A40
:102BE0001BB20893059B002B00F09182BCF1FD0FF6
:102BF00000F2EB82089B002B7FF729AE4FEA4708D3
:102C00006300049901EB4E070022CF4EDDF81490CB
:102C10008B46DDF81CA01846734600F08DBC95F875
:102C200018802B890793BDF844300133BDF840204C
:102C30009B1A0FFA83FBBDF846300133BDF84220E2
:102C40009B1A1BB20893059B0BB3B8F1FC0F40F223
:102C5000F481ABF10409089B002B7FF7F8AD079BCB
:102C600003EB03420B92A7EB0B077A000A924FEAA1
:102C70004B020C924FF00008B3485BBA1A0412FAE8
:102C800083F303EA0005059B049CC446CBE1B8F13D
:102C9000FC0F11D9089E002E7FF7D9AD7F000024CC
:102CA000049D5A46BDF81C10284611F051FA3D44C7
:102CB0000134A642F5D1CAE508F10400C008079C1A
:102CC00063BA1A0412FA83F29F4B1A4000FB02F215
:102CD00003EA521343EA13435BBA03F0070CC3F34E
:102CE000C401C3F30422C3F34233C600F6B2C4F3F3
:102CF000C40808FB06F804F007004FEA543E0EEB48
:102D0000C00E0EFB06FEC4F3042909FB06F986F08B
:102D1000FF06089800287FF79AAD4FEA470A049803
:102D200000EB4B0700252846544605934BE094F8EA
:102D300000C04FEADC0306FB038303EB032203EB33
:102D4000C213C3F3C4510CF0070C6278530903EBB0
:102D5000CC0306FB03E303EB032C03EBCC13C3F31D
:102D6000826CC3F3C25302F01F0206FB029202EB15
:102D7000022B02EBCB12C2F3C45294F800B06CF3F6
:102D8000020B61F3C70B84F800B094F801B062F352
:102D9000040B63F3471B84F801B0BA4506D05446D0
:102DA000AB463AF8025B5D45C1D1E6E7DDF818B005
:102DB000079C0593049B2344049301302744089BFC
:102DC00083423FF444ADBBF1000FF3DDDDF810A00A
:102DD000CDF818B00794059BE1E7079B23800231EB
:102DE0000136714500F0DC803B460C4617F0030FBE
:102DF00000F0D88017F8012BFF2AEED00B885BBAC1
:102E00004FEA034818FA83F30340A5EB03080432A2
:102E1000D20802FB08F803EB5813034043EA1343BC
:102E20005BBA9BB2DAE711F0030F07D0079A21F8DB
:102E3000082C41F8067C21F8022C0DE041F8087CB2
:102E400041F8047C08E0079A2AE0079A44E0079AD0
:102E50005DE0079A24F8022C083108EB0302914543
:102E600074DB53F8042BB2F1FF3FDCD0002AF3D01F
:102E70009E4613F8044CFF2CE5D031F8082C52BACA
:102E8000160416FA82F20240AE1A0434E40804FB77
:102E900006F602EB5612024042EA124252BA92B2CF
:102EA0000C4621F8082C1EF8036CFF2ECDD031F80B
:102EB000062C52BA4FEA024A1AFA82F20240A5EBF5
:102EC000020A0436F60806FB0AFA02EB5A1202401E
:102ED00042EA124252BA92B224F8062C1EF8026C50
:102EE000FF2EB4D034F8042C52BA4FEA024A1AFA30
:102EF00082F20240A5EB020A0436F60806FB0AFA43
:102F000002EB5A12024042EA124252BA92B224F83A
:102F1000042C1EF8016CFF2E9BD034F8022C52BA00
:102F20004FEA024E1EFA82F20240A5EB020E043670
:102F3000F60806FB0EFE02EB5E12024042EA124267
:102F400052BA92B286E700BF1FF8E007049C059EC4
:102F5000099FABF10301ABF104039B1B23F00302B8
:102F6000B142D8BF002206F1040632444FEA930171
:102F70004FEAC101D8BF002104F108040C4423F03A
:102F80000303D8BF002304373B4493453FDD03F1DF
:102F9000FF389246ABEB020204EB4207264613E0F1
:102FA0003B460C46B14508DB04F10801A6EB0308DB
:102FB0000494059609930B9F53E73246E5E7079A79
:102FC00026F8022BBE4218D018F8011FFF29F6D0B0
:102FD000328852BA4FEA024E1EFA82F20240A5EB44
:102FE000020E0431C90801FB0EFE02EB5E12024024
:102FF00042EA124252BA92B2E2E70BF1FF32A2EB7E
:103000000A02023404EB42045B44A3EB0A030A9A6B
:103010001444069AA2EB0B0213440CF1010C089A1B
:1030200062453FF414ACBBF1000FF0DD21461F46B2
:103030000C9B04EB030E0026D6E6049CB4F800C0FB
:10304000089B002B7FF703AC4FEA470904EB4B05C5
:10305000634606464FF0000E804F079A52BA11049D
:1030600011FA82F202EA070ACDF81080DDF8148026
:10307000214642E0108860451BD0FF2E02D1079BFD
:1030800015E0049E13885BBA180410FA83F33B40E2
:10309000AAEB030006F1040C4FEADC0C0CFB00F079
:1030A00003EB50133B4043EA13435BBA9BB2B2F8C5
:1030B00000C0138020460232AA420FD018F8014FF8
:1030C000002CF8D08442D5D0FF2C00F0E283049B82
:1030D00003FB04F6360AD5E7049ED3E7DDF8148037
:1030E000D8444944069AA2EB0B0290440EF1010E1B
:1030F0004D44089A72453FF4AAABBBF1000FF0DDD6
:1031000008F1FF340A46CDF81480A046D6E7BCF19A
:10311000FC0F40D8089B002B7FF799AB7F00640021
:10312000079901EB4E0600220CF1040C4FEADC0C6F
:103130004A4DDDF810908A469B46BEF1000F22DD15
:10314000D046A9F10200CDF8109038F8021B30F8F3
:10315000023F5BBA4FEA034919FA83F32B4049BA9D
:103160004FEA014919FA81F12940C91A0CFB01F112
:1031700003EB51132B4043EA13435BBA0380B04582
:10318000E3D1DDF81090B944A244013226449345BE
:10319000D3D1FFF75CBB089B002B7FF758AB4FEAFE
:1031A0004E067F0064000025DDF81080DDF81C90DD
:1031B0009A4632464946404611F098FDB844A1442B
:1031C0000135AA45F5D1FFF742BBAEF1040B089BD0
:1031D000002B7FF73CAB7B000C9363000D93049EA8
:1031E00006EB4E080024DFF874A0CDF838B0AEF13D
:1031F00005030F93DDF81CC055E13B882B8001329D
:1032000002370235964500F04D830B4611F0030F4F
:1032100000F0008111F8016B002EF0D0FF2EECD0F1
:103220002B885BBA180410FA83F303EA0A03388880
:1032300040BA4FEA004919FA80F000EA0A00C01AC1
:103240000436F60806FB00F003EB501303EA0A030A
:1032500043EA13435BBA2B80D1E700BF1FF8E007B6
:1032600002880A8042884A8082888A80C288CA800E
:1032700008300831FA18934540F3AB8053F8042B1B
:10328000002AF5D0B2F1FF3FEAD01E4613F804CC75
:10329000BCF1000F21D0BCF1FF0F00F08E800A8836
:1032A00052BA140414FA82F202EA0A02048864BAD6
:1032B0004FEA044E1EFA84F404EA0A04A41A0CF13C
:1032C000040C4FEADC0C0CFB04F402EB541202EA8F
:1032D0000A0242EA124252BA0A8016F803CCBCF142
:1032E000000F20D0BCF1FF0F6AD04A8852BA1404F4
:1032F00014FA82F202EA0A02448864BA4FEA044EDF
:103300001EFA84F404EA0A04A41A0CF1040C4FEA2D
:10331000DC0C0CFB04F402EB541202EA0A0242EA4F
:10332000124252BA4A8016F802CCBCF1000F20D0EB
:10333000BCF1FF0F47D08A8852BA140414FA82F203
:1033400002EA0A02848864BA4FEA044E1EFA84F440
:1033500004EA0A04A41A0CF1040C4FEADC0C0CFB7E
:1033600004F402EB541202EA0A0242EA124252BA8E
:103370008A8016F8016C002E3FF47AAFFF2E25D01C
:10338000CA8852BA140414FA82F202EA0A02C48801
:1033900064BA4FEA044C1CFA84F404EA0A04A41A3E
:1033A0000436F60806FB04F402EB541202EA0A02A1
:1033B00042EA124252BACA805AE702880A808CE76F
:1033C00042884A80AFE782888A80D2E7C288CA8072
:1033D0004EE7049EDDF81CC0DDF824E00A9A0B9C41
:1033E0000E9B9A420F9BA3EB090323F00302A8BF95
:1033F000002209F104094A4423F00303A8BF002373
:1034000004352B44964540DD013B0CEB420706EBAF
:10341000420217E0049E9345F4DD1D4691460CEBF5
:10342000420006EB4201D71A0496CDF81CC0CDF835
:1034300024E00A920B9421E7398811800237023286
:10344000424522D013F8015F002DF7D0FF2DF3D0B5
:10345000118849BA080410FA81F101EA0A01388892
:1034600040BA4FEA004919FA80F000EA0A00401A0F
:103470000435ED0805FB00F001EB501101EA0A01EB
:1034800041EA114149BA1180D8E70C9B1E440D9ABC
:103490009444059A06990A44059201349844089B7D
:1034A000A3423FF4D4A9BEF1000FEEDD05996746B3
:1034B000354600220496A8E6FC299ABF01FB0CFAC7
:1034C0004FEA1A2AE246218849BA4FEA014919FA15
:1034D00081F13140B5F8009099FA99F94FEA094B1A
:1034E0001BFA89F909EA0609A9EB01090AF1040A9C
:1034F0004FEADA0A0AFB09F901EB5911314041EAB6
:10350000114149BA218002350234BC4204D01EF870
:10351000011F0029F7D0CFE7DDF81090DDF814B0D7
:10352000DDF81CA0C3448244069989440132474413
:10353000089991423FF48BA9002BF3DD09F1FF3E7E
:1035400055465C46CDF81090CDF814B0CDF81CA0CF
:10355000DDE76B68002B4DD0022800F0F8800328CF
:1035600000F0F88001287FF472A9A54B09932B7E07
:103570000893BDF844300133BDF840209B1A1BB2BC
:103580000B93BDF846300133BDF842209B1A0FFA69
:1035900083FA059B002B00F0E080049BB3F80080C9
:1035A000079B1B881846059B1B78FC2B9DBF089A20
:1035B00053431B0A089B9B461A4641460646099DF3
:1035C000A847BAF1000F7FF742A979004FEA4409F2
:1035D000049C0B9B04EB43070023DDF81CC0CDF8D3
:1035E00030A0CDF834909946059BDE463246BB4666
:1035F0002F463FE12B7E0793B5F808B0022834D060
:10360000032835D001287FF422A97D4B0993BDF80A
:1036100044300133BDF840209B1A1BB20893BDF81B
:1036200046300133BDF842209B1A1EB2059B13B3EE
:10363000049BB3F80080059B1B78FC2B079A9CBF6A
:1036400053431A0A41465846099CA047002E7FF76B
:10365000FEA87B000499089A01EB420A00228C46DE
:103660000996059E9146274667E0664B0993CEE78B
:10367000654B0993CBE7049D2C88DDF81C804246FE
:1036800029885846099B9847002E7FF7E0A87F00BD
:10369000089905EB41094FF0000AB446099E3946E6
:1036A0002F4619E025F8020C4D450AD0294623463D
:1036B00035F8024B9C42F5D0424609885846B0473F
:1036C000F0E7DDF814C03946049F0F440AF1010AFF
:1036D0008944D4453FF4BBA8089B002BF5DD3D464B
:1036E0000497CDF814C00F46E0E7FC2B079A9CBF67
:1036F00053431A0A21885846B847327821882080D7
:10370000023454450BD001352E462B78002BF7D0D0
:103710009342EAD1B4F800C08C45E6D1EFE7049EAD
:10372000C446059B88469C4406990E4409F101094C
:103730009A44099949453FF48AA808990029F2DD7D
:10374000751E6446049605934146E046DBE72D4B23
:1037500009930CE72C4B099309E7049B1E88079BF0
:103760001D88DDF82080424631462846099B98474F
:10377000BAF1000F7FF76BA8790008914FEA44096E
:10378000079B0B9903EB410B00249C46CDF81CA032
:10379000DDF810A0CE46DDF824902246444621E014
:1037A0007E88224631462846C84727F8020FD8456A
:1037B00008D02B4638F8025B9D42F1D17B88B3429A
:1037C000EED1F2E7DDF814C0DDF818E05246DDF87E
:1037D00010A0089B9A44F4440132F344079B93429F
:1037E0003FF435A80B9B002BF3DDE046AAF102075E
:1037F000CDF810A0CDF814C0CDF818E09246D8E767
:10380000892501085926010821270108B5F80080FB
:10381000224641464846B84728804A46A6460235D1
:1038200002365D4513D01AF8014F002CF7D0FC2C5E
:103830009DBF089B5C43240A089CB6F80090914504
:10384000E4D12B884345E1D17445DFD1E4E7049B03
:10385000059CDDF81CC00999DDF828900C440D9DED
:10386000AC44069D2B4409F101098B440C9D4D4548
:103870003EF4EDAF0B9D002DF0DD03F1FF3A254640
:10388000664604930594CDF81CC00991CDF82890A4
:10389000C9E7FF287FF4F5AB108860457FF41CACC6
:1038A000049E06E4049E93457FF7EFAD0B46B4E516
:1038B00010B4047A437A03F0070CC3F3C2031B0469
:1038C00043EA0C232343B4B1B0F800C083EA0C03ED
:1038D00090F802C00CF1010C012C04D984886340DB
:1038E000807900FB0CCC81EA5201594081EA0C003E
:1038F0005DF8044B70474FF0010CF4E74368C3F3E5
:103900001D030A68934238BF0B60002070470068AF
:103910000B68984214BF0020012070472DE9F8433E
:10392000194B1B6863B305460E469146174B1C683E
:10393000E4B1154FDFF85880636833F040431DD081
:1039400031462046A847012812D03B68D3B1B4F9CC
:103950000C305B00033323F0030310331C44D8F80E
:1039600000309C42E8D30020BDE8F8830020FBE74C
:10397000B9F1000FF8D0C9F80040F5E70020F3E7EF
:103980000020F1E70020EFE778CE002080D0002073
:1039900074CE0020F8B54368C3F31D030A68934250
:1039A00018BF002000D0F8BD0446B0F90C506D00DF
:1039B000033525F0030505F11007154A13681E1A93
:1039C000C5F1FF2505F57F05F0352B441360F61B87
:1039D00001D10120E7E73246C11911F087F90C4BFC
:1039E00019688C420DD0224693682B449360B2F93B
:1039F0000C305B00033323F0030310331A448A4274
:103A0000F2D13946A01911F0FEFA0120CBE700BF30
:103A100074CE002038B50446084D286811F09EF891
:103A2000204611F07DF82860054B186028B121462A
:103A300011F0E9FA034B1C6038BDFEE780D000208E
:103A400074CE002078CE0020837801FB03F3B2EB24
:103A5000232F17DD70B54FEA232C047A651E00EB87
:103A600085039B7801FB03F3B2EB232F0DDA012CC6
:103A70000AD9837901FB03F34FEA232EB2EB232FFC
:103A800006DDFEE700887047FBE730F8250070BDD3
:103A9000017801F00703467806F01F04C90801EB1E
:103AA0004115C1EBC50507356D11002165F31741BF
:103AB000DB0003EB561303EBC31503EB45030333A2
:103AC0009B1163F30F2104EB4413C4EBC3030733CF
:103AD0005B1163F3070141F07F41047904F00703B0
:103AE000467906F01F05E00800EB4014C0EBC40463
:103AF00007346411002064F31740DB0003EB561316
:103B000003EBC31403EB440303339B1163F30F2054
:103B100005EB4513C5EBC30307335B1163F30700E4
:103B200040F07F40A2EB0C031BB2C3EB0323AEEBD0
:103B30000C0E93FBFEF3DDB2DB43DBB2C0F30724D4
:103B4000C1F3072203FB02F205FB042202EB02246D
:103B500002EBC412C0F30746C1F3074403FB04F4AD
:103B600005FB064404EB042604EBC614C4F384648A
:103B7000C0B2C9B201FB03F305FB003303EB032121
:103B800003EBC113C3F38463110F4FF0000061F323
:103B9000020064F3C70063F30C20520E62F34F304F
:103BA00075E700002DE9F04F85B0437A13F0070F59
:103BB00000F0C380054688461646614B1B78002BF3
:103BC0006FD06B7A03F007034246022B14BF3146D5
:103BD00041462846FFF76CFE03900023029302AA99
:103BE00003A95848FFF79AFE012861D06B7A03F0C9
:103BF0000703022B14BF344644464645B8BF464629
:103C00007700033727F0030710374F4BD3F80090A6
:103C10004E4B1B68A9EB03033B444D4A1268934289
:103C200050D299F8073023F0800389F807304246D4
:103C300021462846FFF73CFEC9F80000D9F80430B9
:103C4000012262F31D03C9F80430C3F3076323F0B4
:103C5000400389F80730A9F80C60A9F80E4013F06A
:103C6000800F65D1384A136803F11001C9F80810B4
:103C70003B441360002C10DD002637B23A46214643
:103C80002846FFF7E1FED9F8083023F81700B9F904
:103C90000E40013633B29C42EFDC484605B0BDE829
:103CA000F08F0020FFF7B6FE254B01221A7088E73F
:103CB000DDF80890D9F804305A1C62F31D03C9F8E6
:103CC0000430EAE7974228D893421CD9DFF888B03D
:103CD0004FF0000A4FF0FF3301930DF104095246F3
:103CE00049465846FFF71AFE524649461948FFF71B
:103CF00015FE154B1B68154A12689B1A3B44144A63
:103D000012689342E6D8104BD3F8009099F8073028
:103D100023F0800389F8073089E7384610F000FF68
:103D2000814620B1C37943F08003C3717FE7FEE78A
:103D300009F11003C9F808309CE74FF00009ACE71F
:103D400070CE00200F39010874CE002080D00020F2
:103D500078CE002095390108FD38010808B590F9A2
:103D60000730002B00DB08BD10F0F8FEFBE7000079
:103D70002DE9F04FA9B008900C4607910C921193D1
:103D80009DF8C8300B938368B3F90020ADF89820F4
:103D9000B3F90220ADF89A20B3F90420ADF89C20C5
:103DA000B3F90630ADF89E3026A8FCF7B5FA064602
:103DB000109025680F951C211DA811F024F9E37AB5
:103DC0008DF88C30237BC3F303038DF88D3024AB47
:103DD0001D9316B9B5F1807F60D0089B9A68B2F93F
:103DE0000010ADF89010B2F90430ADF89430B2F98B
:103DF0000260ADF89260B2F90640ADF896400C9DB5
:103E0000AA882888121A92B21792013290B216909C
:103E100012B21392EA8801326888121A12B214920E
:103E200001335B1A0FFA83FAFAF7FEF80FF050FB32
:103E3000054624A80FF03EFE854223BF0134A41B93
:103E400024B2B5FBFAF40AFB04F515954FEA450BCD
:103E5000584610F0B7FE06460990284610F0B2FE0C
:103E60000A90209024AB22931E96BDF996300D93B4
:103E7000BDF99220A3B219461293531E0B44ADF81C
:103E800096300B9B042B5AD002238DF884300D9B67
:103E90009A4200F33B82099B9B4488E00B9B042BD6
:103EA00023D00B9B0E2B2ED00B9B142B95D1079B55
:103EB0009B7A002B91D10C98828801320388D21A08
:103EC000C388013341885B1A11991E9113FB02F3D9
:103ED00001EB430320931D90229002238DF8843040
:103EE0001DA90898FEF780FC16E2079B9B7A002B21
:103EF0007FF473AF119B1E930C9B1D931DA9089813
:103F0000FEF772FC08E2089CA2680C9D29461BA8DB
:103F10000FF0FCFD002800F0FF81119B20932295FB
:103F200000231E93079B1B89ADF87C3002238DF87C
:103F300084301D951DA92046FEF756FCECE1079B39
:103F40001B68B3F1807F0CBF012302239DE70A9B0E
:103F50000593099B04930B9B0393079B0293139B6D
:103F60000193149A0092119A1BA90898FCF7CAFDB4
:103F7000079B9E7A022E00F25781109B002B40F087
:103F80009E811DA90898FEF72FFCBDF896305A1C9B
:103F900012B2ADF8922012990B441BB20D998B42CC
:103FA000A8BF0B46ADF896308A4200F3AF81BDF84A
:103FB0009030ADF86C30ADF86E20BDF89430ADF8AF
:103FC0007030BDF89630ADF872300C9B5A88524272
:103FD0001988494212B209B21BA80FF088FD0F9B45
:103FE000B3F1807FB3D10B9B043B102BC0D801A24F
:103FF00052F823F039400108C9400108394001084E
:10400000713F0108713F0108713F0108713F0108CC
:10401000713F0108713F0108713F0108713F0108BC
:10402000713F0108713F0108713F0108713F0108AC
:10403000713F0108834101081BA80FF03BFD80463A
:1040400001460A9811F03AF8BDF96E40BDF96C309E
:10405000139A04FB0235119A02EB4505BDF8707006
:104060000137FF1A3FB27F00169B4FEA43090FFA50
:1040700089F9BDF97230A3420DDB099E3A46294603
:10408000304610F033FE4D443E44013424B2BDF9B5
:104090007230A342F2DA0B9B062B7FF469AFB8F1C2
:1040A000000F3FF465AF09998B1E0A9A03EB480095
:1040B0004EF20704002533F8021FA14208BF157015
:1040C00001329842F7D153E7BDF96E10BDF96C206B
:1040D000139B01FB032404EB4404119B1C44BDF817
:1040E000700092B2461CB61AB3B2121A1798024464
:1040F00002EB420212B2BDF8729009F10109A9EB7C
:1041000001090FFA89F936B2B9F1000F7FF730AF24
:10411000710003F1FF381FFA88F80A9B03EB0805CA
:10412000DDF824E09C46002708F1010808EB480868
:10413000CDF860A08A46CDF864B093461EE0E31C3B
:104140000CF1FF31AEF102000E9413F8012C01F8CE
:10415000012F13F8024C13F8032C02EB042220F871
:10416000022F0333A942F0D10E9C4444D644B444F8
:104170005C44013735443BB2994550DD002EDEDC0E
:10418000F4E7BDF96E20BDF96C30139901FB0234E0
:10419000119901EB44041699490009B2BDF87270F7
:1041A0000137BF1A3FB2BDF8708008F10108A8EBD3
:1041B00003080FFA88F8002F7FF7DAAE4FEA4809B4
:1041C000099E0025CDF838A08A464A462146304649
:1041D00010F08CFD4E44544401352BB29F42F4DC68
:1041E000DDF838A0BDF96E30BDF96C40139A02FBC2
:1041F0000344149B02FB03F304EB4304119B1C4494
:104200000A9E0025914642462146304610F06EFD3A
:1042100046444C4401352BB29F42F4DCA8E6DDF85D
:1042200060A0DDF864B0A3E61A461B7A4FEAD30813
:1042300008FB06F803F0070392F809C04FEA5C1E7A
:104240000EEBC30E0EFB06FE0CF01F0C0CFB06FC67
:10425000F643F6B2159B002B3FF48FAE099D2878EC
:10426000C40806FB048404EB042304EBC314C4F366
:10427000C45400F007016A78530903EBC10306FB3D
:1042800003E303EB032103EBC11302F01F0106FB61
:1042900001C101EB012701EBC711C1F3C4519F0E0E
:1042A00067F3020064F3C700287061F30402DB0DBA
:1042B00063F347126A7002355D45D0D15DE6BDF902
:1042C0009240BDF99630A342FFF65BAE0A9D0FE027
:1042D0005146284610F097FE4FF002038DF88430C7
:1042E0005544013424B2BDF99630A342FFF649AEDD
:1042F00053462246BDF990102846FBF785FF00285B
:10430000E6D0022808BF8DF88400E9E70A9810F08B
:10431000BBFC099810F0B8FC29B0BDE8F08F00BFD5
:1043200012F0010F7AD170B506460C46154612F010
:10433000020F42D08B6A4FF4C04262F31E038B62BD
:1043400008460FF0B7FB4200A36AC3F31E03B3EBAA
:10435000400F03D9A36A62F31E03A362A06A20F090
:10436000004010F0DDFB6061D8B104F1080394E86F
:10437000030083E803006388E381A36AC3F31E0399
:10438000A28901322189521A12B293FBF2F3244A14
:1043900082FB0312A2EBE37222825B086382204657
:1043A00070BDA36A4FF4406060F31E03A36210F077
:1043B000B7FB60610028D8D1F2E701F10803D1E929
:1043C000000183E8030020460FF074FB400020F05A
:1043D0000040A36A60F31E03A36210F0A1FB6061BA
:1043E000A16A21F0004110F00EFE05F0010594F8DD
:1043F0002B3065F3C71384F82B3060690028CFD0C9
:10440000306004F108037360B360F9F70DFE0368D0
:104410001A7C65F386121A742046C1E700207047A3
:1044200056555555F8B505460C461746F9F7FCFDA7
:10443000064617F0010F10D194F82B3023F08003BB
:1044400084F82B300268137C23F0400313746369F3
:104450002B6008346C60AC60F8BDA16A21F00041AB
:10446000606910F0D0FD94F82B3043F0800384F89D
:104470002B303268137C43F040031374E7E7F0B548
:1044800085B004460D461646036803939DF8043034
:1044900023F0E0038DF804304268938801331188DB
:1044A0005B1A019963F394210191D38801335288F7
:1044B0009B1ABDF8062063F34F12ADF8062095F95C
:1044C0002B30002BACBF042205229DF8043062F390
:1044D00004038DF804302B6A0360EB694360AB6919
:1044E0008360F9F7A1FD036895F824101A7C61F345
:1044F00086121A7401AF3B4605F108023146204688
:10450000FAF7AAFB2046FAF7CCF83846FCF7B6FCD7
:1045100005B0F0BD08B5486910F020FB08BD0000EB
:104520002DE9F04FA7B004460F4615461E4600235E
:10453000324622A938680EF0AFFB00284FD0BDF8F4
:104540009030002B55D0BDF88E20002A51D0B5F800
:1045500000B0BDF892108B441FFA8BF90FFA8BFB59
:10456000A1685A44B1F90000824242DBB1F904204B
:104570005A453EDB3868BDF894201A446D88AD1A60
:10458000028915444289AD1A1FFA85FA2DB22B44CF
:10459000B1F9022093422CDBB1F90630AB4228DBA3
:1045A000314622980EF072FB064610B3229B1B7B0D
:1045B00013F0030F1DD19DF8963003F00F03B87E62
:1045C000032B64D0013B072B13D8DFE813F047001F
:1045D0002C0112004F0012001200120057001F2E73
:1045E00007D94FF6FF039E4203D042F20C039E42CE
:1045F00002D127B0BDE8F08F2988BDF89230194468
:1046000089B26A88BDF894301A44BDF88E300B44E4
:1046100012ADBDF8900010FA82F000B200901BB20B
:1046200012B209B228460FF034FA14AE3046FCF745
:1046300009FA02238DF853308DF87A308DF88630E0
:104640008DF86A30BB89ADF86E300123ADF870305B
:1046500023692A46314620469847CAE74FF00108A9
:10466000022380220392B14A0D9217E04FF0040812
:104670001023F0220392AE4A0D920FE04FF008088B
:104680004FF48073FF220392AA4A0D9206E04FF086
:1046900004081023F0220392A54A0D92FC281ED88C
:1046A000A54A1278824200F0C6800D9A02F1FF3EC0
:1046B000A249013B02EB030C724612F8013FFF2BAB
:1046C0001ABF43431B0A034601F8013B6245F4D17C
:1046D000994B18709A4BC3F80080984B0D93BDF816
:1046E0008E300693BDF89020079208FB03F2A36872
:1046F000B3F900108B45B4BFA1EB0B01002104916D
:10470000B3F90410069858448842C6BFA1EB0B01C8
:10471000013106990591B3F902108D42B4BFA1EBA6
:10472000050B4FF0000BB3F9063007996918994251
:10473000C6BF5B1B0133079B0893049B0C9303FBD1
:1047400008F50BFB025506EBD50605F007051C2105
:1047500014A810F058FCBB89ADF85830BB7E8DF81A
:104760006830BB7FC3F3C2038DF86930F9F75CFC96
:104770000EF0AEFE079A069F07FB02F28242A8BF28
:1047800002460992104610F01DFA079017900499FE
:1047900009EB010290B212B2ADF8402009F1FF33EB
:1047A000059F3B441FB2ADF84470DA440FFA8AF11A
:1047B000ADF84210ADF84610C0F1010010FA83F3D5
:1047C00018B20E90ADF84820ADF84A10ADF84C7014
:1047D000089A12FA8AFAADF84EA012A8FBF79CFDCF
:1047E0000A9010AB14931993C8F10807069804991E
:1047F0004318059A9B1A08FB03F00B9008998B4508
:1048000080F28A804FF000090C9BA2EB030E079AFE
:1048100002EB0E030C93CA460F944C46DDF834901D
:10482000CDF834E045E04FF002080423C0220392A3
:10483000444A0D9232E7424A126842457FF435AF4E
:1048400046E70136039900250132944513D03378A9
:104850000B40A7EB050E23FA0EF313F0FF0F1ABF60
:1048600019F80330137082F800A0AF42E9D945442B
:1048700021FA08F1E8E70D9BC31806930A9B43BB96
:10488000059B049A9B1A069C2344099A9A4233D9A1
:10489000BDF8463001331BB2ADF846300B9B1D44CA
:1048A00006EBD50605F007050BF1010B089B5B45F0
:1048B00031D0039B23FA05F1049B059A934206DA53
:1048C0002046079B1A190C9B03EB040CBFE70694C8
:1048D000D4E7079B1C440E9BBDF94620BDF9401050
:1048E0002046FBF791FC8DF860000028C8D10E9996
:1048F000204610F088FBC3E702238DF8603014A92E
:104900000F98FDF771FFBDF8463001331BB2ADF8CB
:1049100042305446C0E70F9CBDF94630BDF94220F5
:104920009A4211D1079810F0AFF962E6E8B2040894
:10493000D4B20408D4B1040880CF00207CCE00207B
:104940007CCF0020E4B20408013BADF846300223DE
:104950008DF8603014A92046FDF746FFE2E700BF5E
:104960002DE9F04FC5B002921E460393B1F9023013
:10497000002B00F06B8383460C4610460A7A022A0D
:1049800040F26483B0F90010B6F90020914206D1DC
:10499000B0F90250B6F90200854200F0578303EBEC
:1049A000D373C3F34F039142D4BFC3EB0100C3EBF6
:1049B0000200ADF808019142ACBF58189818ADF844
:1049C0000C01039EB6F90210029DB5F90220914236
:1049D000D4BFC3EB0100C3EB0200ADF80A01914262
:1049E000ACBF5B189B18ADF80E3142A8DBF808206D
:1049F00001460FF08BF8002800F02883DBF8083020
:104A0000049342ABCBF80830B5F90250B6F9026016
:104A1000B54200F0DA80029BB3F90070039BB3F952
:104A20000080474500F09081B54205DA33462E46B6
:104A30001D464346B8461F46A7EB08030793A91B2C
:104A400009911A4683EAE373A3EBE273059381EAC3
:104A5000E17AAAEBE17AB4F902201946534540F312
:104A600017824FEA4A1393FBF1F3B64911F803900A
:104A700002FB09F909F13F094FEAE9130693C9F36B
:104A8000CF134745D4BFC3EB0702C3EB0802ADF811
:104A900028204745ACBFDA1903EB0802ADF82C20FB
:104AA000B542D4BFC3EB0502C3EB0602ADF82A2022
:104AB000B542ACBF5B199B19ADF82E300AA842AACB
:104AC00001460FF023F8002800F0B9824FEA2921AF
:104AD0000891069B03F0010303EB2929059B53452D
:104AE00040F3FF81079B002B40F3D781B2B28BB21A
:104AF000A9B29246D21A002001900591CB1A1BB29E
:104B000000933B4612B2414613A8FBF739FC1FFA4B
:104B100089F30AEB030201210191059901EB0309D5
:104B20000FFA89F300933B4612B241461EA8FBF7E9
:104B300027FC002113A8FBF745FB069000211EA8C7
:104B4000FBF740FB0890637A13F0100F00F0EC8144
:104B50004FF0FF370597BDF82C600136BDF82830BF
:104B6000F61A36B2F9F760FA0EF0B2FC0546814645
:104B70000AA80EF09FFF854200F20282484610F01C
:104B800021F88046BDF92E50BDF82A30ADF82E3000
:104B9000494610F093FA1C210CA810F034FA0AAB25
:104BA0000C932288ADF83820227A8DF84820CDF871
:104BB0003C801193BDF92AA02B46AA4500F31D8223
:104BC000002507971F460994FDE1B4F90220013A38
:104BD000039BB3F900300299B1F9001018468B42DB
:104BE000A8BF0846ADF8A4008B42B8BF0B46013BF6
:104BF000ADF8A830ADB202F0010303EB6203EB1A8B
:104C0000ADF8A63005EB6205ADF8AA5029A842AA76
:104C100001460EF07BFF002800F01182B4F9063047
:104C20002BB1B4F90460003E18BF012600E0002655
:104C300029AF3846FBF770FB46EA0005EDB21C21B0
:104C400034A810F0E0F934972388ADF8D830237AEF
:104C50008DF8E83035B3BDF9A430BDF8A850013562
:104C6000ED1A2DB2BDF9AA70BDF8A620ADF8AA20A4
:104C7000EEB1B4F90620B4F904100A4493FBF2F142
:104C800002FB11331BB2059328460FF09BFF8246AF
:104C9000379029AB3993BDF9A690B9454EDC4FF05A
:104CA000000834E034A95846FDF79EFDC7E1002313
:104CB0000593E9E7B4F9060003449A42BABF0AF83B
:104CC000018013464346013109B201331AB28D42C5
:104CD00007DDB4F904309342ECDB1944891A09B2B8
:104CE000F1E74FF002038DF8E03034A95846FDF7A4
:104CF0007BFDBDF8A6300133ADF8A630BDF8AA3073
:104D00000133ADF8AA3009F10109B94516DC29468D
:104D1000504610F0D3F92B460FFA89F2BDF9A410D2
:104D20005046FBF771FA8DF8E000002EDDD0002828
:104D3000DBD0002DD5DD059A4146CAE750460FF07D
:104D4000A3FF7CE1ECB20408B4F90230013BBFB22E
:104D500003F0010202EB6302BA1AADF8A42007EBDC
:104D60006307ADF8A8702B46B542A8BF3346ADF82F
:104D7000A630AE42B8BF2E46013EADF8AA6029A8C3
:104D800042AA01460EF0C2FE002800F05881B4F994
:104D90000630E3B1B4F90470003F18BF012729AE13
:104DA0003046FBF7B9FA47EA0005EDB21C2134A8FA
:104DB00010F029F934962388ADF8D830237A8DF88D
:104DC000E83035B934A95846FDF70EFD37E1002724
:104DD000E5E7BDF8A8600136BDF8A430F61A36B292
:104DE000BDF9AA80BDF8A630ADF8AA3030460FF064
:104DF000E9FE8146379029AB399367B1BDF9A630FA
:104E0000B4F90620B4F904100A4493FBF2F102FB52
:104E100011331DB200E00025BDF9A6A0D04517DA78
:104E200048460FF031FF0AE101352DB234A958464A
:104E3000FDF7DAFCBDF8A6300133ADF8A630BDF8B9
:104E4000AA300133ADF8AA300AF1010AD045E7DBF8
:104E50003146484610F032F933460FFA8AF2BDF96E
:104E6000A4104846FBF7D0F98DF8E000002FDDD004
:104E70000028D9D0B4F90420AA42B8BF00208DF888
:104E8000E000B4F9063013449D42A8BF0025CBE7EB
:104E9000059B5B0193FBFAF3E7E5B2B21FFA89F3D6
:104EA000A9B292461A440020019089460B441BB2D5
:104EB00000933B4612B2414613A8FBF761FABDF8D6
:104EC0002030AAEB030201210191A9EB03090FFA9B
:104ED00089F300933B4612B241461EA8FBF750FAF5
:104EE00027E61FFA88F21FFA89F11FFA87F901EB0A
:104EF0000903924611440022019200951BB23246EA
:104F000009B213A8FBF73CFABDF82020A9EB020375
:104F1000AAEB02010122019200951BB2324609B2AE
:104F20001EA8FBF72DFA04E6BDF824A0BDF81C90DE
:104F3000A8EB0A030322019209EB060212B20092C7
:104F40001BB23246414629A8FBF71AFAA7EB0A031F
:104F500034AE0222019209EB050212B200921BB29A
:104F60002A4639463046FBF70BFA002129A8FBF701
:104F700029F9059000213046FBF724F90746EAE5B8
:104F80000AA80EF097FD8146F8E53146204610F05C
:104F90003AF826E04FF002038DF840300CA958464D
:104FA000FDF722FCBDF82E3001331BB2ADF82A30DC
:104FB000ADF82E304946404610F080F800250AF141
:104FC000010ABA4517DC08EB050433460FFA8AF2EA
:104FD000BDF928102046FBF717F98DF8400000288E
:104FE000D3D0354473199945D4D9BDF82E30013347
:104FF000ADF82E30E3E7079F099CBDF92E30BDF9CF
:105000002A209A4225D140460FF03EFE13A8FBF716
:105010004DF91EA8FBF74AF9059BB3F1FF3F23D1D9
:10502000B7F1FF3F24D10698FBF716F90898FBF774
:1050300013F90598FBF710F93846FBF70DF9637A79
:1050400013F00C0F18D1049BCBF8083045B0BDE825
:10505000F08F013BADF82E3002238DF840300CA9C3
:105060005846FDF7C1FBCEE729A8FBF71FF9D7E7A4
:1050700034A8FBF71BF9D6E734A8FBF7E3FC238839
:10508000ADF8D43047F6FF73ADF8D030237A8DF801
:10509000D330B4F902305E10DB4303F00105637ACC
:1050A00013F0040F1BD1637A13F0080FCBD00399D0
:1050B0000B88B6B29A1BADF8A4204A88911BADF8B4
:1050C000A61033445B1BADF8A8301644761BADF830
:1050D000AA6029AA34A95846FBF7FEFCB3E7029858
:1050E0000288B3B2D11AADF8A4104188C81AADF83D
:1050F000A6001A44521BADF8A8200B445B1BADF868
:10510000AA3029AA34A95846FBF7E6FCCBE700BF32
:105110002DE9F04F8DB00591022B40F245810546F7
:1051200017461E46002A00F03F814FEA830840469A
:105130000FF048FD0446002800F036813B6803600C
:10514000701E0026334608E07A5844F826200136BF
:10515000B6B201339BB2834211DA990007EB83099F
:105160000A1D07EB020E37F923C0BA5E9445EBD156
:10517000B9F902C0BEF902209445E5D1E9E7A8F1EA
:10518000040807EB0801B7F9002037F908309A4204
:1051900000F0848057F8083044F826300136B6B263
:1051A000022E40F28380824B93E803000CAB03E9AC
:1051B0000300234604F102084246B24604EB86008F
:1051C00032F9021CBDF92870B942A8BF3946ADF8C2
:1051D0002810B3F90210BDF92A70B942A8BF3946A8
:1051E000ADF82A1032F9021CBDF92C70B942B8BFD3
:1051F0003946ADF82C10B3F90210BDF92E70B94242
:10520000B8BF3946ADF82E10043304329842D7D1D6
:10521000AA680AA908A80EF079FC00284AD0AB6851
:10522000069308ABAB60B4F902100123002738F9EC
:1052300023208A42BCBF1FB2114601339AB2964264
:10524000F5D82C2000FB0AF00FF0BCFC0490B84607
:10525000781E33D47B1CB3469E42D8BF002304EB98
:10526000800204EB870634F8271004EB8307768866
:105270005288921B34F823305B1A13FB02F302931B
:105280007B889B1B34F82020521A12FB03F30393F4
:10529000C146049B9E460027079531E0B7F90220DE
:1052A000B1F902309A427FF475AF79E720460FF0EA
:1052B000EBFC79E020460FF0E7FC75E0B3463044A4
:1052C0007B1CCCE708F10105AB45D8BF0025B9F13F
:1052D000010648BF5E4420E001230193009063462D
:1052E000F0467046FBF74CF804994046FAF76AFF1F
:1052F00043462C339E4621E00137B146574541D203
:10530000029B039A9342DDDBB8F1010548BF5D447F
:1053100009F10106B345D8BF002604EB8503B3F9B4
:10532000020004EB8803B3F90220904208DB05D0A9
:1053300034F925C034F928108C45CDD10137A84661
:1053400057451FD004EB8603B3F9020004EB890331
:10535000B3F902209042D1DBCED034F9263034F9B3
:1053600029108B42C8D000250195009075467046E3
:10537000FBF706F804992846FAF724FF2B462C334E
:105380009E46B9E7079D0AAA05992846FBF7A4FBA4
:10539000049E3046FAF772FF30460FF075FC204647
:1053A0000FF072FC069BAB600DB0BDE8F08F00BF44
:1053B0001C5403082DE9F04F87B005468B46049234
:1053C0004E1011F0010F06BF06F1FF33059305964D
:1053D000440020460FF0F6FB0190002D40F3B8800A
:1053E00006F10109059A9144C9EBC979049F07EBBD
:1053F00049096B1E00EB4301029106EB02084FF0D6
:10540000000AF31803931EE0114620F802398D427A
:10541000CCBF37F8112000229B1AA1EB0802002A0A
:10542000D4BF3A8839F8112013444A1EB142EBD157
:105430002246019938460FF059FC27440AF1010A27
:10544000A144AA4507D0BB1E33F815300BFB03F36C
:1054500003990298D9E74FF47F5CBCFBFBFC05FB8A
:1054600005F7049B023B002102E001318F420CD979
:1054700002331A88002AF8D0B2F57F5F0EBFA3F876
:1054800000C092FBFBF21A80EFE7002D5ADD6B1E85
:1054900005FB03F3049A114602EB43080598421CEE
:1054A000039200FB0552D31A5B000493019BE7189B
:1054B0006FEA0609A9EB000905FB09F94FF0000A9C
:1054C000F643361ACDF814B08B4659460BF1020B51
:1054D0000B88059A02FB03F3049A08EB0200DDF83F
:1054E00004C0039A8E46CDF808A0002BACBFC3F3CE
:1054F0008F1A4FF0000A2CF802AB06EB020ABAF141
:10550000000FD4BFBEF800A030F819A0A3EB0A0A20
:105510009542CCBF0388B8F800305344A6442044D9
:105520000132BC45E1D1DDF808A0019B33F8022B24
:105530000A802144BB42F9D10AF1010A08F10208AC
:10554000AA45C2D101980FF09FFB07B0BDE8F08FCC
:105550004FF47F5CBCFBFBFC05FB05F7002F80D103
:10556000F0E72DE9F04F9BB00090CB78022B40F292
:105570008B810E46B2F90040ADF86040B2F90200EE
:10558000ADF86200B2F90410ADF86410B2F906305B
:10559000ADF86630B6F92020012A1CDD96F82220ED
:1055A000FC2A18D9B6F90020AAB196F82320C2F334
:1055B000C0052C44ADF86040C2F380042044ADF82F
:1055C0006200C2F30010091AADF86410C2F3400281
:1055D0009B1AADF86630009B9A6818A916A80EF0C1
:1055E00095FA002800F05081F77B17F007070CBFF1
:1055F000B488F4887389A34208BF002718A8FAF773
:105600008BFE0FAA00230F93109311931293139301
:1056100014931593B3788DF85530ADF8444002904B
:1056200020B9B6F900300BB9002F63D096F803B05B
:10563000BBF1FD0F28BF4FF0FF0BBDF8649009F1DF
:105640000109BDF86030A9EB03090FFA89F9BDF82B
:1056500066A00AF1010ABDF86230AAEB030A0FFA4C
:105660008AFAD046CA45A8BFC8464FEA6808B6F9C4
:1056700000309845A8BF9846BDF95C30BDF9582068
:105680005C1CA41A24B2B8F1000F03DC02990029B3
:1056900000F02D8120460FF095FA05460023424682
:1056A00018A909A8FAF78EFF002109A8FAF78AFDC0
:1056B0000390BDF85830ADF81C30BDF85C30ADF843
:1056C0002030129507AB0F931493FF238DF85430BD
:1056D00052464946B01DFEF765FA019008B1022F07
:1056E00012D0029BDBB9B8F1000FC8BF4FF0000A1F
:1056F00063DC18E118AB0F93F3788DF85430114642
:105700000098FDF771F8BFE0BDF95820BDF9603091
:10571000D21A019B9B6803EB42031093E1E7BDF9AA
:105720005A90BDF95E30994500F3A1800DF13C0817
:10573000DDF800A00AE041465046FDF755F809F1B2
:105740000109BDF95E304B45C0F291800FFA89F630
:10575000ADF81E60ADF822602246594628460FF08B
:10576000EFFB23463246BDF958102846FAF74CFDA8
:10577000012808BF02208DF84C00012FDBD1BDF9B4
:105780006230A9EB0303019A926832F81330ADF846
:105790004430D0E7BDF96230F61A019B9B6833F8BC
:1057A0001630ADF8443037E00FA90098FDF71CF82B
:1057B0000AF1010AD04500F0B6801FFA8AF3BDF85D
:1057C00062601E4436B2BDF86690A9EB03090FFA79
:1057D00089F9BDF95A30B34203DDBDF95E304B455E
:1057E000E6DB2246594628460FF0AAFB23463246FE
:1057F000BDF91C102846FAF707FD012808BF022052
:105800008DF84C00BDF95A30B34209DCADF81E608A
:10581000ADF82260012FBDD00FA90098FCF7E4FF7E
:10582000BDF95E304B45C3DBADF81E90ADF822905C
:10583000012FB9D1BDF96230A9EB0309019B9B6827
:1058400033F81930ADF84430AEE7BDF86230334478
:10585000ADF81E30BDF866309B1BADF822308DF8D8
:1058600054B0002312930FA90098FCF7BDFF15B1A7
:1058700028460FF009FA039BB3F1FF3F30D1019B9B
:1058800013B11846FEF76AFA1BB0BDE8F08F5A460E
:10589000029928460FF054FB5B4632B2BDF958100E
:1058A0002846FAF7B1FC8DF84C0008E0414648461E
:1058B000FCF79AFF0136B245D9DB002CE7D133B2B1
:1058C000ADF81E30ADF82230012FEFD1BDF96230B6
:1058D000F31A019A926832F81330ADF84430E5E7D4
:1058E0001846FAF7B9FC09A8FAF7E0FCC7E7ADF8E3
:1058F0001C20ADF820300023129307AB0F931493B4
:10590000FF238DF8543052464946B01DFEF74AF940
:10591000019020B100254FF0FF330393DFE60546E9
:105920004FF0FF330393BDF86030ADF81430BDF88D
:105930006430ADF818301FFA88F6BDF86230334491
:10594000ADF81630BDF866309B1BADF81A3005A8CF
:10595000FAF7E2FC814610B9002F3FF476AF8DF8DC
:1059600054B001238DF84C30BDF966A0AAEB080AAB
:10597000BDF962604644B245FFF679AF0DF13C08CF
:10598000CDF808B0A3464C46DDF8009095E70B69CA
:10599000002B00F00E812DE9F04393B006460C4633
:1059A00015468B7E022B02D813B0BDE8F0838268C7
:1059B000294610A80EF0AAF80028F5D0D6F80890CD
:1059C00010ABB3602069F9F72FF9022808D005A9B8
:1059D0002069FBF7E5FD012850D0C6F80890E3E701
:1059E0000027029741F6FF73019300973B466269D7
:1059F000216905A811F03DFC2B88BDF91410AA8877
:105A00000132D21AC2F3C03000FA82F201EBD17037
:105A1000A3EB600303EB62039BB2ADF818300139CE
:105A20000B44ADF81C306B88BDF91610EA880132C2
:105A3000D21AC2F3C03000FA82F201EBD170A3EBAC
:105A4000600303EB62039BB2ADF81A3001390B44DB
:105A5000ADF81E3008AD2846F9F760FA636908937F
:105A6000238BADF82C30A37E8DF83A300097236954
:105A700006AA29463046F9F783FAAEE708A8F9F7EF
:105A80008EF89DF82C30A27862F303038DF82C3049
:105A9000238BADF82830E37E8DF82A30A37E8DF875
:105AA0002B30237F002B4DD0B5F90220ADF81A2002
:105AB000BDF81630C3F34A13013B1344ADF81E3052
:105AC000B5F90630934288DB0DF1180808AFB5F937
:105AD0000020ADF81820059BC3F38A23013B134433
:105AE000ADF81C30B5F90430934217DB2369424608
:105AF00039463046F9F7B0F8059AC2F38A22BDF864
:105B0000183013441BB2ADF81830BDF81C100A440D
:105B1000ADF81C20B5F904209A42E7DABDF816204A
:105B2000C2F34A12BDF81A3013441BB2ADF81A3052
:105B3000BDF81E100A44ADF81E20B5F906209A42A1
:105B4000C5DA4AE72A880599C1F38A27AB88013369
:105B50009B1AC3F3C03000FA83F3C1F3C921521A70
:105B600002EB630292B2ADF818206B88BDF816C044
:105B7000CCF34A10E9880131C91AC1F3C03505FADE
:105B800081F1CCF3891CA3EB0C0303EB61039BB203
:105B9000ADF81A30013F3A44ADF81C2001380344F7
:105BA000ADF81E30236906AA08A93046F9F754F863
:105BB00013E7704770B504460D461646FFF7D1FC53
:105BC000324629462046FFF7E2FE70BD2DE9F04F30
:105BD000AFB083468A4690461D46BDF9E0609DF809
:105BE000E8700846FAF798FB0290002875D155EA4C
:105BF000060372D11C2110A80FF005FA0EAB10930A
:105C0000BDF8E430ADF848308DF85870BAF902505C
:105C1000B8F90240BAF90690B8F906300093BAF91B
:105C20000070B8F900300193BAF90460B8F9043093
:105C30000293ADF83870ADF83C60ADF83A50631E91
:105C4000ADF83E30A54239DDB8F806300133ADF885
:105C50003A30BAF80630ADF83E30009B994532DA5A
:105C6000BAF80030ADF83830B8F80030013BADF884
:105C70003C30A542D4BFB8F90230BAF90230ADF8D1
:105C80003A30009B9945ACBFB8F90630BAF90630F6
:105C9000ADF83E30019B9F421ADDB8F80430013365
:105CA000ADF83830BAF80430ADF83C30029B9E4273
:105CB0001BDB10A95846FCF797FD16E010A95846C3
:105CC000FCF792FDC0E710A95846FCF78DFDC7E729
:105CD00010A95846FCF788FDDFE7DBF8082051469D
:105CE0002CA80DF013FF039010B92FB0BDE8F08F72
:105CF000BDF8B4400134BDF8B030E41A24B21C2120
:105D000025A80FF080F920460EF05CFF2890002DAA
:105D100000F382804FF0FF3307930DF164090123F4
:105D2000324641464846FAF74DFC00214846FAF70C
:105D300049FA069017AB25932A93BDF8E430ADF8E5
:105D40009C308DF8AC709DF8EC308DF8AD30B8F922
:105D50000260BAF902707B19B342B8BF33461BB276
:105D60000193B8F906200592BAF90690A9EB05034C
:105D70009342A8BF13460A931BB20093029B002BC9
:105D800058D1B8F900100891BAF9000009904219E9
:105D90008A42B8BF0A46944613B20B93B8F904304E
:105DA0000293BAF904200492531B029A9342A8BFAB
:105DB00013461AB20C928142C0F233810299049ABE
:105DC000914200F32E81BE42C0F20E810133A3EB5B
:105DD0000C031BB201228DF8A420059A4A45D8BFB6
:105DE000312BCCBF012300230D9373DCBAF80030B4
:105DF000ADF85C30B8F80030013BADF86030019B85
:105E0000ADF85E30009BADF8623025A95846FCF72E
:105E1000EBFC0D9B039312E10DF17C0900232A4654
:105E200051464846FAF7CEFB00214846FAF7CAF930
:105E3000079072E7BDF8B030ADF85C30BDF8B43013
:105E4000ADF86030BDF9B250BDF9B6309D422CDCE2
:105E50000DF1940ACDF808B0934620E0CB4502DD61
:105E6000009BAB4221DB0FFA85F8ADF85E80ADF800
:105E70006280214628980FF021F923464246BDF959
:105E8000B0102898FAF7C0F98DF8A400514602988E
:105E9000FCF7AAFC0135BDF9B630AB4205DBBE42CA
:105EA000DCDA019BAB42D9DDF4E719A8FAF7FEF979
:105EB0000698FAF7D1F9079CB4F1FF3F03D128986F
:105EC0000EF0E2FE11E71FA8FAF7F0F92046FAF704
:105ED000C3F9F4E70B9BADF85C300C9BADF8603078
:105EE000ADF85E70731EADF8623025A95846FCF718
:105EF0007BFC059B4B457DDD9CE0039B0D9375E78B
:105F0000B8F804300133ADF85C30BAF80430ADF8BD
:105F10006030019BADF85E30009BADF8623025A982
:105F20005846FCF761FC8FE0214628980FF0C6F830
:105F300023462A46BDF95C102898FAF765F98DF8D2
:105F4000A400BDF9B230AB4219DDBDF9B630B342A1
:105F50001EDA01374F4500F0E780BBB2BAF80250B5
:105F60001D442DB2BAF80660F61A36B2BDF9B23049
:105F7000AB42D9DDBDF9B630B342D5DAE9E7ADF8C9
:105F80005E50ADF8625041465846FCF72DFCDCE708
:105F9000ADF85E60ADF8626041465846FCF724FCFF
:105FA000D7E7BDF9B020ADF85C200B9B013BBDF9F4
:105FB000B4108B42A8BF0B46ADF86030C2F10102AD
:105FC00013440FFA83FABAF1000F40F31681089BCD
:105FD000099A934280F2BF80BE4280F2B580059B51
:105FE0004B4500F30A81DFE001238DF8A430059BC7
:105FF0004B4513DC0B9BADF85C300C9BADF860306F
:10600000B8F806300133ADF85E30BAF80630ADF8B6
:10601000623025A95846FCF7E7FB0BE0039B0D9384
:10602000E4E601238DF8A430BE42BFF653AF059BD2
:106030004B45DFDD089B099A9342BFF65EAF029B9A
:10604000049A93427FF75CAF039B002BA9D1BDF864
:10605000B030ADF85C30BDF8B430ADF86030B8F9B0
:106060000290BAF90230A9EB0309A945B8BFA946C5
:106070000FFA89F9B9F1000F56DD00270DF19408E8
:106080006BE7BDF9B240019B1E469C4206DBD0E0A7
:10609000BDF9B240019B1E469C421EDA25AF25B2D7
:1060A000ADF85E50ADF86250414628980FF006F802
:1060B00043462A46BDF95C102898FAF7A5F88DF8F2
:1060C000A40039465846FCF78FFB0134B442E6D1B0
:1060D000029B049A934200F3AC80009B0133BDF90C
:1060E000B620934220DC1D460A9E0136F61A25AFE3
:1060F000741924B2ADF85E40ADF86240414628986C
:106100000EF0DCFF43462246BDF95C102898FAF7F2
:106110007BF88DF8A40039465846FCF765FB01353D
:10612000BDF9B630AB42E3DA19A8FAF7BFF8069822
:10613000FAF792F81FA8FAF7B9F80798FAF78CF867
:1061400028980EF0A1FDD0E5BDF9B240019B1A469A
:106150009C4206DB43E7BDF9B240019B1A469C42D4
:1061600022DA0DF194080396164625B2ADF85E507A
:10617000ADF86250514628980EF0A0FF53462A46CB
:10618000BDF95C102898FAF73FF88DF8A400414655
:106190005846FCF729FB0134B442E6D1039E089B24
:1061A000099A9342FFF61BAF009B5A1CBDF9B6102B
:1061B0008A4222DC15460A9B03F10108A8EB02087B
:1061C00008EB050424B2ADF85E40ADF862405146DC
:1061D00028980EF073FF53462246BDF95C102898AC
:1061E000FAF712F88DF8A40025A95846FCF7FCFA36
:1061F0000135BDF9B630AB42E2DA0C9A0132BDF995
:10620000B0309A42B8BF1A46ADF85C20BDF9B43040
:10621000ADF8603001339B1A0FFA83F8B8F1000F24
:1062200082DD029B049A93427FF732AFBE42BFF6F3
:1062300028AF059B4B453FF777AF4EE72DE9F04F71
:10624000ABB0049089469246B1F92E30002B48D06D
:1062500091F836200592022A43D9012B00F0C18023
:10626000B9F83020BAF800601644B6B2B9F83480F4
:1062700002EB0804BAF804201444A4B2B9F832209E
:10628000BAF802701744BFB208EB0205BAF806204C
:106290001544ADB203EBD373C3F34F03A6EB08026F
:1062A000013AD21AADF84C205A1C92B2A118ADF89E
:1062B0005010A7EB08010139CB1AADF84E302A4433
:1062C000ADF85220059BFE2B28BFFF230593049BAE
:1062D0009A6813A915A80DF019FC0990002840F040
:1062E0008A8052464946049C2046FFF73AF95246B6
:1062F00049462046FFF74BFB99F82210022964D942
:10630000B9F92020002A60D099F8233013F03E0F0D
:106310005BD013F0010F58D1BAF80450BAF80060FE
:10632000BAF80600BAF802406B1C9B1B1BB2471C54
:106330003F1B3FB2BB42A8BF3B465B10B9F90070A0
:10634000BB42A8BF3B4699F823C0CCF344071CF0DE
:10635000080F11BF1FFA82FC02EB030CCCF1000CFA
:106360001FFA8CFC6644ADF88C6017F0080F11BF63
:1063700096B2D6187642B6B2AD1BADF8905017F073
:10638000020F11BF95B2D5186D42ADB22C44ADF8D5
:106390008E4017F0010F11BF94B2D4186442A4B21A
:1063A000001BADF8920099F8020003900291B9F831
:1063B0001E10ADF804109A1A12B222EAE27200928C
:1063C00023AA51460498FFF701FC99F82A40022CB1
:1063D00004D9B9F92630002B40F0DC862BB0BDE89B
:1063E000F08FB1F93420002A3FF73AAF0A6B002A48
:1063F0007FF436AF75E7BAF80030ADF85C30BAF824
:106400000230ADF85E30BAF80430ADF86030BAF85A
:106410000630ADF862304FF0FF32114617A80DF08C
:1064200057FBB9F90020BDF860300133BDF85C10AE
:106430005B1ABDF862100131BDF85E00091A1BB28B
:1064400009B28B42A8BF0B465B109342A8BF13460C
:106450000A9308F101039BB21C44A4B22B44DB1B3A
:1064600099B20691A71B3FB21BB29F42A8BF1F461D
:106470007F109742A8BF1746B9F92E3003EB070BE0
:106480000BFB0BF040000EF09DFB0790B9F92E803E
:1064900008EB070508EBD872C2F34F0208F00103BE
:1064A0000F9368F0010313443B449BB2ADF878307E
:1064B000013292B2ADF87620361B3344ADF8743019
:1064C00006998B18ADF87A3000233A461DA923A807
:1064D000FAF778F8B8F1010F00F0BB864FEA6803CD
:1064E00008930B9528460EF06DFB8046002D46DD87
:1064F0000B9B5A00079F002429B26E1E4644CDF81C
:1065000030B09B46CDF834909146CDF838A08A46FD
:10651000069608E0494638460EF075FD4F440134B2
:10652000A54240F3B286594640460EF0C7FD23AB64
:106530000093534622B200214046239EB0470028D4
:10654000E8D0089A104698F800309B0193FBF2F3CC
:106550003B80012DE2DD42463946069E944612F804
:10656000013F9CF800C09C450EBF0B889B0193FB2C
:10657000F0F34B800231B242F0D10696CEE70EF036
:1065800083FB23A8F9F792FE089B012B40F08C8631
:1065900000F059BE83420BD002331A88002AF9D08A
:1065A000FF2A0FBF1E80920192FBF1F21A80F1E7E1
:1065B000079A2046FEF7FEFE05FB05F5002D0BDDD4
:1065C00007998B1E4A1E01EB4505A81E33F8021FD2
:1065D00002F8011F9842F9D113A8F9F79DFE28B9D6
:1065E000B9F80230B3F57F4F00F0BB811DAC012339
:1065F0000A9A17A92046F9F7E5FF00212046F9F786
:10660000E1FD0D9000230993BDF850000130BDF865
:106610004C30C01A00B20EF0D5FA044606901C2188
:1066200023A80EF0F0FC19A9239128912694B9F81B
:106630002C30ADF8943099F836308DF8A43099F8B4
:1066400002308DF8A530BDF84C30BDF95040601CCB
:1066500080B2C21AC2F3C03505FA82F203EB6203BC
:106660001FB20897BDF94E50ABB2BDF852200132AF
:10667000D21AC2F3C03606FA82F203EB620296B275
:106680000C960FFA82F8ADF868401FFA8BF4ADF85B
:106690006650021B12B2BA42B8BF3A46ADF8642047
:1066A000013B23441BB24345A8BF4346ADF86A30C3
:1066B000049B9A681BA80DF029FA002840F0558128
:1066C000BDF95020ADF86820BDF95230ADF86A3000
:1066D0000132121B12B208998A42B8BF0A46ADF8BD
:1066E000642008F101020B9201331B1B1BB2934281
:1066F000B8BF1346ADF86630049B9A6819A91BA869
:106700000DF004FA002840F0AE81BDF84C3023446F
:10671000ADF86430BDF850301B1BADF86830BDF9E2
:106720004E30ADF86630013B23441BB24345A8BF51
:106730004346ADF86A30049B9A6819A91BA80DF06E
:10674000E5F9002840F00D8299F836308DF8A43034
:10675000BDF84C302344ADF86430BDF850301B1BFD
:10676000ADF86830BDF95230ADF86A3001331B1B0B
:106770001BB20B9A9342B8BF1346ADF86630049B28
:106780009A6819A91BA80DF0C1F9002840F06A8287
:1067900099F836308DF8A430BDF950305A1C121BD0
:1067A00012B2ADF86830BDF84E3023441BB2BDF8CC
:1067B0005210091B09B2984502DA0C9B01331BB237
:1067C000ADF866300B464145B8BF4346ADF86A3078
:1067D000089B9A42B8BF1A46ADF86420049B9A6899
:1067E00019A91BA80DF092F9002840F0B882BBF15E
:1067F000000F1DDD0BEBDB7676100BF1FF35079FED
:106800003D4400202B46BBF1010F0BDD7A1E12F830
:10681000011F93F800C082F800C003F80119E91ABB
:10682000B142F4DB5F44013000B25D448345E9DCF2
:10683000BDF94C30ADF864305A1E224412B2BDF896
:106840004E3023441BB2BDF85210091B09B29845C3
:1068500002DA0C9B01331BB2ADF866300B464145A2
:10686000B8BF4346ADF86A30089B5E1EB242A8BF6F
:106870003246ADF86820049B9A6819A91BA80DF050
:1068800045F9002840F0E082BDF94C20ADF86420C5
:10689000BDF94E30ADF86630013A224412B2B24230
:1068A000A8BF3246ADF86820013B23441BB24345E4
:1068B000A8BF4346ADF86A30049B9A6819A91BA883
:1068C0000DF024F9002840F02E83BDF94C30ADF8CE
:1068D0006430BDF95220ADF86A200132121B12B2A9
:1068E0000B998A42B8BF0A46ADF86620013B2344A3
:1068F0001BB2B342A8BF3346ADF86830049B9A6818
:1069000019A91BA80DF002F9002840F08683BDF8F4
:106910004C302344ADF86430BDF850301B1BADF84B
:106920006830BDF84E302344ADF86630BDF85230C3
:106930001B1BADF86A30069B2693049B9A6819A925
:106940001BA80DF0E3F8002840F0DE83099B002B24
:1069500000F0188407980EF097F906980EF094F955
:10696000BFE44FF0FF330D934EE60A9A17A91BA818
:106970000DF0EBF900287FF4A3AEBDF96C60BDF813
:10698000703001339B1B1BB20B93BDF96E300E931D
:10699000BDF94E300F93BDF95070099B7BBB099B2D
:1069A00018460B9B002B7FF78BAE069A2692BDF8FC
:1069B0006C30ADF86430BDF87030ADF8683002234B
:1069C0008DF89C30BDF96E50BDF97230AB42FFF6C8
:1069D00077AEA7EB0B030133F61A0E9B0F995B1AE8
:1069E0000BFB0366079B1E4423AFCDF838800F9442
:1069F0000446DDF81080CDF84090914613E00A9AE5
:106A000017A91BA80DF08EFA099B1846C9E7269610
:106A100039464046FBF7E8FE5E4401352DB2BDF92C
:106A20007230AB4219DBADF86650ADF86A50002CFD
:106A3000EDD15A46314648460EF058F90B9B2A468E
:106A4000BDF96C104846F9F7DFFB012812BF8DF83D
:106A50009C0002238DF89C30DAE7DDF838800F9C2B
:106A6000DDF840902CE60A9A17A91BA80DF06DF9E5
:106A700000287FF44AAEBDF96C60BDF87030013378
:106A80009B1B1BB20E93BDF96A300F93BDF9723098
:106A90001093BDF95070099B7BBB099B18460E9B58
:106AA000002B7FF732AE069A2692BDF86C30ADF817
:106AB0006430BDF87030ADF8683002238DF89C303A
:106AC000BDF97250BDF96E30AB423FF71EAEA7EB79
:106AD0000B030133F61A0F9B10995B1A0BFB03662D
:106AE000079B1E4423AFCDF83C8010940446DDF88C
:106AF0001080CDF84490914613E00A9A17A91BA87C
:106B00000DF010FA099B1846C9E72696394640460B
:106B1000FBF76AFE5E44013D2DB2BDF96E30AB421B
:106B200019DCADF86650ADF86A50002CEDD15A462C
:106B3000314648460EF0DAF80E9B2A46BDF96C1035
:106B40004846F9F761FB012812BF8DF89C0002232B
:106B50008DF89C30DAE7DDF83C80109CDDF844903D
:106B6000D3E50A9A17A91BA80DF0EFF800287FF4C7
:106B7000EBADBDF870300133BDF86C209B1A1BB231
:106B80000E93BDF96E70BDF96660099B3BB90E9B13
:106B9000002B7FF7D9AD099B1A46069B0BE00A9A9A
:106BA00017A91BA80DF0BEF90E9B002B7FF7CCADEB
:106BB000099B1A4600232693BDF86C30ADF864306B
:106BC000BDF87030ADF86830BDF96E50BDF9723067
:106BD000AB42FFF6B9ADBE1B079B0BFB063623AFDE
:106BE000CDF83C8010941446DDF81080CDF844A018
:106BF000DDF814A014E0BAF1FF0F33781EBF99F846
:106C0000362053431B0A8DF8A43039464046FBF723
:106C1000EBFD5E4401352DB2BDF97230AB421BDB9A
:106C2000ADF86650ADF86A50002CE4D10E9A317878
:106C300006980EF085F90E9B2A46BDF96C10069851
:106C4000F9F7E2FA012808BF02208DF89C003946C6
:106C50004046FBF7C9FDDCE7DDF83C80109CDDF821
:106C600044A071E50A9A17A91BA80DF06EF8002838
:106C70007FF48EADBDF870300133BDF86C209B1AE7
:106C80001FB2002F7FF784ADBDF96A60BDF9723085
:106C90000E93099B03BB069B2693BDF86C30ADF8A1
:106CA0006430BDF87030ADF86830BDF97250BDF990
:106CB0006E30AB423FF76CAD0E9BF61A079B0BFB99
:106CC0000636CDF838800F94099CDDF81080CDF899
:106CD00040A0DDF818A020E00A9A17A91BA80DF023
:106CE00021F90023D8E70A9A17A91BA80DF01AF971
:106CF000059BFF2B33781EBF99F8362053431B0AA0
:106D00008DF8A43023A94046FBF76EFD5E44013D9B
:106D10002DB2BDF96E30AB421BDCADF86650ADF85C
:106D20006A50002CDFD13A46317850460EF008F90F
:106D30003B462A46BDF96C105046F9F765FA012822
:106D400008BF02208DF89C0023A94046FBF74CFDAC
:106D5000DCE7DDF838800F9CDDF840A018E50A9AE2
:106D600017A91BA80CF0F1FF00287FF440ADBDF976
:106D70006C30BDF870200132D21A12B21546BDF93E
:106D80005020A2EB0B0201329B1A0BF1FF320BFBDE
:106D90000233079AD3180593099B1BBB099E069BD8
:106DA00026932A46002D7FF722ADBDF86C30ADF852
:106DB0006430BDF87030ADF8683002238DF89C3037
:106DC000BDF96E50BDF97230AB42FFF610AD23AF86
:106DD000CDF838B0CDF83C801094069C9046DDF894
:106DE00010B011E00A9A17A91BA80DF09BF8099E94
:106DF000059BD5E739465846FBF7F6FC01352DB221
:106E0000BDF97230AB4219DBADF86650ADF86A508F
:106E1000002EEFD14246059920460DF067FF43460C
:106E20002A46BDF96C102046F9F7EEF9012812BF89
:106E30008DF89C0002238DF89C30DBE7DDF838B03C
:106E4000DDF83C80109CD2E40A9A17A91BA80CF02C
:106E50007CFF00287FF418ADBDF96C30BDF87020C0
:106E60000132D21A12B215460BF1FF32BDF964108D
:106E70005B1A0BFB0233079AD3180593099B0BBBD4
:106E8000099F069B26932A46002D7FF7FDACBDF88F
:106E90006C30ADF86430BDF87030ADF86830022366
:106EA0008DF89C30BDF96E50BDF97230AB42FFF6E3
:106EB000EBACCDF820B00C94069C0E961646DDF88F
:106EC00010B011E00A9A17A91BA80DF02BF8099F22
:106ED000059BD7E723A95846FBF786FC01352DB261
:106EE000BDF97230AB4219DBADF86650ADF86A50AF
:106EF000002FEFD13246059920460DF0F7FE3346BC
:106F00002A46BDF96C102046F9F77EF9012812BF18
:106F10008DF89C0002238DF89C30DBE7DDF820B073
:106F20000C9C0E9EB0E40A9A17A91BA80CF00DFF4A
:106F300000287FF4CAACBDF96C70BDF87030013325
:106F4000DB1B1BB20593BDF96E80BDF9663008935B
:106F5000BDF964300C93099B63BB099B1946069AE3
:106F60002692059B002B7FF7B0ACBDF86C30ADF8D6
:106F70006430BDF87030ADF8683002238DF89C3075
:106F8000BDF96E50BDF97230AB42FFF69EAC089B66
:106F9000A8EB03080C9BFF1A0BFB0877079B1F4409
:106FA0000DF18C0808940C960C46049ECDF8389090
:106FB000914625E00A9A17A91BA80CF0B3FF099B7C
:106FC0001946CCE75A46394648460DF08FFE059BD8
:106FD0002A46BDF96C104846F9F716F9012812BF88
:106FE0008DF89C0002238DF89C3041463046FBF71B
:106FF000FBFB5F4401352DB2BDF97230AB4207DBBC
:10700000ADF86650ADF86A50002CDBD02697ECE75F
:10701000089C0C9EDDF8389057E40A9A17A91BA823
:107020000CF093FE00287FF472ACBDF96C60BDF8E3
:10703000703001339B1B1BB20593BDF96A70BDF91B
:1070400072300893BDF964300B93099B53BBDDF894
:107050002480069A2692059B002B7FF758ACBDF83A
:107060006C30ADF86430BDF87030ADF86830022394
:107070008DF89C30BDF97250BDF96E30AB423FF7D0
:1070800046AC089BFF1A0B9BF61A0BFB0766079B87
:107090001E4423AF08944446DDF81080CDF82C90B0
:1070A000914625E00A9A17A91BA80CF03BFFDDF8D2
:1070B0002480CEE75A46314648460DF017FE059B20
:1070C0002A46BDF96C104846F9F79EF8012812BF10
:1070D0008DF89C0002238DF89C3039464046FBF722
:1070E00083FB5E44013D2DB2BDF96E30AB4207DC3F
:1070F000ADF86650ADF86A50002CDBD02696ECE770
:10710000089CDDF82C9002E40A9A17A91BA80CF041
:107110001CFE00287FF41AACBDF97030BDF96C205C
:107120005E1CB61A36B2002E7FF710ACADF86420A4
:10713000ADF86830BDF96E40BDF97230A342FFF67C
:1071400005AC23AD069FDDF81080ADF86640ADF8C4
:107150006A40314638460DF0B1FF33462246BDF94C
:107160006C103846F9F750F88DF89C0029464046D7
:10717000FBF73AFB013424B2BDF97230A342E4DAE2
:10718000FFF7E4BB1DA8F9F791F80D98F9F764F83B
:10719000FFF7E0BBBAF90260BAF90420BAF90600B9
:1071A000B9F82810013989B2BAF80050A5EB010CE2
:1071B0001FFA8CFCADF874C0B6B2771ABFB2ADF846
:1071C00076700A4492B2ADF87820084480B2ADF8E7
:1071D0007A009BB2ACEB030CADF88CC002EB030C55
:1071E000ADF890C0FF1AADF88E70C718ADF8927068
:1071F000C5F101050D442A4412B2C6F1010631441D
:10720000084400B28242A8BF02465210B9F90010E9
:107210008A42A8BF0A46134499F8021003910294C7
:10722000B9F82410ADF8041000921BB21DAA23A9CE
:107230000498FEF7CBFCFFF7D1B840460DF024FDD3
:1072400023A8F9F733F805FB05F5002D7FF7C4A94E
:107250000CE00B9528460DF0B5FC8046002DECDDCA
:1072600001230893FFF744B905FB05F5079B9A1E18
:10727000591E03EB4505A81E32F8023F9B0901F891
:10728000013F9042F8D1FFF7A7B9DDF830B0DDF843
:107290003490DDF838A040460DF0F6FC23A8F9F74D
:1072A00005F8089B012BDFD02CB2079F3A46089EB9
:1072B00031462046FEF77EF80F9B33441946012BDA
:1072C0007FF77AA94FF47F5696FBF3F60B9800FBF5
:1072D00000F000283FF46CA9BB1E03EB4000FFF751
:1072E0005BB900002DE9F04FA3B0009108929A46D7
:1072F000BDF9B0300593BDF9B4400F949DF8BC5072
:1073000006952E9DB5F9004011946B884FF480329C
:1073100092FBF3FBB5F904300993B5F906501095CB
:107320006542B44F87FB0523ED17C5EBA30505F1B7
:1073300001086FF0090605FB06F6361B28B20DF0B2
:10734000DFFA81460FFA88F00DF0DAFA044605F10B
:107350005A0000B20DF0D4FA054608F15A0000B206
:107360000DF0CEFAC6F10A0206FB04F402FB094452
:1073700087FB0413E417C4EBA30461110C9106FB13
:1073800000F302FB053387FB0327DB17C3EBA703DF
:107390005E111996099B1E020A96109D2D020B95EF
:1073A00000988388013302889B1A9AB21DB2C38861
:1073B000013341885B1A1BB21293002B40F38C837C
:1073C00029466D001395013A319D6B1C13FA82F921
:1073D00000250195059B0F9C04FB03F3089A02EB23
:1073E00043031C93CDF81CB0CDF808908146D346DA
:1073F0008A46BFE209021202B9F904301B021446A0
:10740000D7E2199E03FB06F10C9F02FB07F0091A55
:107410000A9C04EBA10102FB06F403FB07430B9A51
:1074200002EBA302B9F90450099BED1A05FB06F320
:107430001B1A0A9800EBA30305FB07440B9800EB0B
:10744000A404B6E200242646C1E2BAF1000F40F3DC
:107450007F8233463199309E00252846AC460393FF
:10746000DDF808E08EE0BAF1000F40F37182334698
:107470003199309E00252846DDF808C009E04FF01C
:1074800000020A701844013102362544614500F0BB
:107490005F8208EB20221212F1D45A45EFDA009FE6
:1074A00007EB252E5FEA2E2EE9D4059FBE45E6DACE
:1074B0000F9F0EFB072202EB4202089F039207EB8D
:1074C000020E9EF801200492039ABA5C049F02EB1C
:1074D000072232809EF802200A70D3E7F6F7A4FD57
:1074E00003681D8F514631980DF0E8FDBAF1000F89
:1074F00040F32E8233463199309E00273846BE46EF
:10750000CDF810A00395CDF83490DDF80890DDF8A3
:1075100018A00AE081F800E0BAF1060F1CD0184468
:1075200001310236274449451DD008EB20221212B2
:10753000F0D45A45EEDA009D05EB272C5FEA2C2C9F
:10754000E8D4059DAC45E5DA0F9D0CFB0522089DAE
:1075500035F812203280DFE73288039DAA4208BF47
:1075600081F800E0DBE7DDF810A0DDF83490EFE112
:1075700081F800C0039B184401310236254471454F
:1075800000F0E68108EB20221212F1D45A45EFDA1E
:10759000009F07EB25273F12EAD4059B9F42E7DABD
:1075A0000F9B03FB0722089B33F8127037801C9B4C
:1075B0009A5C0A70DEE7069B043B102B00F2C88140
:1075C000DFE813F011003D001A00C601C601C60134
:1075D000C601C601C601C601C601C601C601C60173
:1075E000C601C601360000231D93022215921E9388
:1075F0000BE000BF67666666F6F716FD03681B8F33
:107600001D930223159301231E93BAF1000F40F33B
:107610009F810396DDF8C4E0309E049400273D4628
:10762000BC460BF1FF331A93CDF86C90C1461FE0B6
:1076300000231D930223159301231E93E5E70023E6
:107640001D930323159301231E93DEE74FF00003E0
:107650008EF800300CF1010C039B1D440EF1010E5D
:107660000236049B1F440FFA8CF39A4540F36E8157
:1076700009EB25221312E9D45B45E7DA009901EB07
:1076800027200112E2D4059CA142DFDA5FFA82F8DA
:10769000C4B212F0800F65D1C8F17F084FEA4802EA
:1076A00016924FF0FF320E9210F0800F62D1C4F1AB
:1076B0007F04620017924FF0FF3214920F9A02FB80
:1076C00001F218929A18159800FB02F208981044DB
:1076D0000D900E9813EB000800F1AE81C34540F306
:1076E000E980149C0C191F9400F1E4800598A042D5
:1076F00040F3E080159C0E9800FB04F80D9941447E
:10770000209114990F9800FB01F104FB01F41494EB
:107710000D99081921901E98002800F08380069882
:1077200005282DD00698142855D0069B062B67D027
:10773000FF238EF800300D994B780898825C02EB9D
:1077400003239BB2219A54780846149A8A5C02EB70
:10775000042292B22099497810F8080000EB012029
:1077600084B269E0A8F180084FEA4802169201222B
:107770000E9299E7803C62001792012214929DE7D5
:107780008B781893219B9978209B9B780E9318985F
:10779000884208D0179B03FB01F1C3F5807300FBFF
:1077A0000313C3F3072118980E9CA04209D0169B1F
:1077B00003FB04F4C3F5807300FB0344C4F3072305
:1077C0000E930E9B0B44C3F347038EF80030002B3F
:1077D0003FF440AFAFE705980F9C04FB00F0089C16
:1077E00004EB400018991944445C18940E9C04441E
:1077F000615C0E910F9C1F9901FB0400C15CC6E700
:10780000089B9B5A1D998B4208D00D98149BC35A14
:107810008B4203D030F808308B4289D100238EF898
:10782000003017E7089B9B5A0D9A32F808401499CC
:10783000525AFF218EF800109A4237D05BBA1904D1
:1078400011FA83F3A648034052BA110411FA82F2E6
:107850000240D21A17990431C90801FB02F203EB66
:107860005212024061BA0C0414FA81F10140C91AA3
:10787000169C0434E40804FB01F103EB51130340AC
:1078800042EA1242110411FA82F2024043EA13431F
:10789000190411FA83F303409B1AC3F35A031344E8
:1078A000034043EA13435BBA3380D3E6A342C5D116
:1078B0003380CFE60D984078089CA25C02EB002252
:1078C00092B232800698062819D014281ED00528B6
:1078D00021D10D9A927803B31A98834226D049BBDE
:1078E000149B002B02DB059B012B27D1179BC3F1B7
:1078F000FF0302FB03F31B128EF80030AAE61D986B
:10790000821A18BF4FF0FF32D2B2E4E71C9A1A4431
:107910001898125CDFE7FF22DDE7B8F1000FC0F234
:107920009E800BF1FF309842D9D198E00E9B002B3E
:10793000D5DD94E0059B013B994203D000238EF8EE
:10794000003087E6149B002BF8DDCFE7DDF86C9064
:10795000309B139A13443093319B53443193019BD2
:1079600001330193029A524402921BB2129A93423B
:1079700080F2B280B9F90010B9F90220019B1A44D3
:10798000119B002B74D1079BB3F5807F3FF432AD80
:10799000099D491B0A9E079800FB0161109BD21AA2
:1079A0000B9B00FB0234B9F904305B1B00FB036343
:1079B0002246BAF1010F7FF745AD0AF1FF305B1A9D
:1079C0001B0293FBF0F6A41A240294FBF0F401F1DD
:1079D000800802F1800300932E9B1B7D13F0010FA2
:1079E0007FF4E9AD069B043B102BB1D801A252F8FD
:1079F00023F000BFDD74010867740108DD7401081D
:107A0000517901085179010851790108517901082A
:107A1000517901085179010851790108517901081A
:107A2000517901085179010851790108517901080A
:107A3000517901084B7401080D984078089CA25CAC
:107A400002EB002292B23280069806283FF457AF2C
:107A500014283FF45BAF05283FF43BAFFF22169B91
:107A6000C3F1FF0302FB03F31B128EF80030F1E5B4
:107A7000099BCB1A1099521A0799B1F5807F3FF4F0
:107A8000C0AC199F03FB07F10C9D02FB05F0091A1E
:107A9000079E06FB01F10A9C04EBA12102FB07F4FF
:107AA00003FB054306FB03F30B9A02EBA322B9F990
:107AB0000450099BED1A05FB07F31B1A06FB03F3A1
:107AC0000A9F07EBA3230C9805FB004406FB04F474
:107AD0000B9800EBA4246CE723B0BDE8F08F00BF47
:107AE0001FF8E007838801330288981A00B27047B4
:107AF000C38801334288981A00B2704710B4019CC1
:107B0000012B07DD0138042844D8DFE800F0150810
:107B100037261D00A0F1030CBCF1020FF2D80023A0
:107B200002980380891A01EBD171238803EB61036A
:107B300023805DF8044B70470023029803808A1A63
:107B40002388D1182180F4E7891A09B2013B1BB2BE
:107B500091FBF3F1029B1980EBE78A1A11B291FBBA
:107B6000F3F3029A128813441BB2029A138003EBB8
:107B7000D373228802EB63032380DAE7891A09B200
:107B800001331BB291FBF3F1029B19802388194446
:107B90002180CEE70023029A1380CAE749B1136817
:107BA000013B1360002B0FDB8268126852F8230040
:107BB0007047136801331360826851688B4205DA9D
:107BC000126852F823007047002070470020704769
:107BD0002DE9F04F89B082460F4691460493BDF9D6
:107BE00048300193139E01220021F4F701FA044664
:107BF000042200215046F4F7FBF9FB7813F0020F42
:107C000015D013F0010F09D024B242F2D1739C4277
:107C100009D0854B0593854B009310E000B242F2EA
:107C2000D173984207D1FB7823F00203FB70FB78F5
:107C300013F0010FEDD17D4B05937B4B0093002397
:107C40007380B38033613380B360F360CDF81C90F0
:107C500049465046F5F794F9054610B34FF400082D
:107C6000DFF8D0B114E059462846F0F764FA78B34B
:107C7000FB7813F0040F0CBF01234FF0FF33E11822
:107C8000079100290DDB5046F5F77AF9054640B11A
:107C9000079C4C45E7D041462846F0F746FA0028B5
:107CA000E1D0B6F90430002B02DD019A9B1AB380B3
:107CB000336913B9B6F904300493049B73801DB182
:107CC000079B4B4500F09680079809B0BDE8F08F00
:107CD000574B1A8800212846F4F78AF9029010F0D1
:107CE000FF0F64D0306901303061B388019A1344CA
:107CF000B380337D13F0010F6CD000EB8000800067
:107D00000CF060FF0390002850D0F16851B1336946
:107D100003EB83039A00143A03980CF0E7FFF06832
:107D20000CF0B2FF336903EB8303039A02EB830386
:107D300043F8145CFB7813F0010F14BF02220522F4
:107D400000212846F4F754F900B2336903EB8303AA
:107D5000039A02EB830323F8100CFB7813F0010F56
:107D600014BF0322062200212846F4F741F900B28D
:107D7000336903EB8303039901EB830323F80E0CB0
:107D8000336903EB830301EB83029DF8083042F86B
:107D9000083C336903EB830301EB830313F8042CE2
:107DA00022F0010203F8042CF16013E0FEE72846FC
:107DB000059B9847FB7813F0020F06D0B6F9043004
:107DC0000344049A93423FF76CAFB388019A13447B
:107DD0000344B3802846009B9847B6F90030984288
:107DE00003DD2846009B984703463380B368013380
:107DF000B3603DE7DAF808301B6853F82940F9789A
:107E000007AAC1F380015046FFF7C8FE002C3FF4DB
:107E10005BAF2046009B984730802046059B9847E3
:107E200070800123B3604FE7119300081D93000891
:107E300082CF0020010006002DE9F04FA7B00646D2
:107E4000B94B1A880021F4F7D3F8C0F3000282F08E
:107E500001029DF8973062F30003C0F3850262F3DC
:107E60004103C0F3C40060F382038DF89730AF4B39
:107E70001A8800213046F4F7BBF85FFA80F8AC4B63
:107E80001A8800213046F4F7B3F85FFA80FBA94B5B
:107E90001A8800213046F4F7ABF85FFA80FA8DF8C3
:107EA00096A0162200213046F4F7A2F8C3B2079339
:107EB0009DF8975015F0010952D115220021304646
:107EC000F4F796F803B20F93142200213046F4F72A
:107ED0008FF803B208933046F1F743FA0990322243
:107EE00000213046F4F784F80446F78A1022002176
:107EF0003046F4F77DF8A4B223181F44BFB23046D1
:107F0000F2F7CEFD3F1AADF89270B78A1222002127
:107F10003046F4F76DF804443C44A4B23046F2F71E
:107F2000B6FD241AADF89040B9F1000F40F072830D
:107F3000012200213046F4F75BF804B214940422C5
:107F400000213046F4F754F803B2139342F2D17390
:107F50009C4221D0079B012B37D024AB0B9370E3BD
:107F6000142200213046F4F743F803B20F93152290
:107F700000213046F4F73CF803B208933046F1F79D
:107F8000D3F90990ABE796F8233013F0040F0BD028
:107F90000DF192030B9354E396F8233013F0080F7E
:107FA000D8D124AB0B9302E00DF192030B93079B06
:107FB000012B03D00024ADF88E4044E0B9F1000F4E
:107FC00008D00024ADF88E403DE0BAF1000F07D193
:107FD00024AB0B930023ADF88E304FF0010A37E34A
:107FE000BAF1010F05D00023ADF88E3024AB0B930E
:107FF0002EE30023ADF88E3015F0040F40F085809D
:108000009A4624AB0B93544688E000252C4607E0A3
:108010008846DDF808A0834615B10F9BE41A24B208
:108020009DF8973013F0010F68D03046F1F799F9B9
:1080300001460DF18E0301930B9B00932BB2224658
:108040005046FFF75BFD9DF8975015F0040F60D088
:10805000B3685B68013B9A46079B012B5BD0B36812
:108060005B68534540F391824546D946574606968C
:10807000002FC0F289829DF8883043F001038DF80B
:1080800088308DF894508DF895904FF00003ADF83E
:108090007430ADF876300023209321931DAB01930B
:1080A000089B0093099B3A4625A90698FFF790FD87
:1080B0000A909DF894509DF89590BDF974301093F6
:1080C000BDF97640DDF880B0219E079B012B39D0A9
:1080D000BDF990300C93BDF992300D931A979DF82D
:1080E000973013F0010F40F07182134B1593134B2F
:1080F0000E9300231293124B11936FE23046F1F767
:1081000013F9014695E700249DE724AB0B93002467
:108110009EE700239FE715F0010FA0D10B9A13886B
:10812000234413809BE700BF8ACF002088CF002024
:1081300086CF002084CF0020AB3A0208F17A0108F4
:10814000E57A01089DF8973013F0010F40F037826F
:108150000B9A138810995B1A1380BDF990300C9319
:10816000BDF992300D931A97BFE722899B1A1BB273
:108170001434444507D0227C12F0010FF5D1E26897
:108180000A4411B2F4E75C460027BC460295CDF8DC
:108190000CE00490CDF814B010E0FEE7207C40F035
:1081A000010020740127AEF808204D1B29B29A1A4D
:1081B00013B20CF1010C1434B44519D0A646227C3C
:1081C00012F0010FF5D10029E7D0A58993FBF1F05A
:1081D00010FB05F000B2B4F906208242A8BF0246A7
:1081E000B4F904B05A45B8BF5A469042D6D1DAE73E
:1081F000029DDDF80CE00498DDF814B027B11EB143
:108200005C4673460021B6E74F46814616220021A0
:108210000698F3F7EDFEC3B203930023ADF8643084
:10822000ADF866300DF16603019319AB0093BDF90B
:108230007C30524609992846FFF760FC129A12B129
:10824000039B012B11D039460698F4F799FE04469A
:10825000002800F06A8106EB8603059316951796B1
:10826000CDF80890DDF84880C2E00698F1F75CF898
:10827000BDF864300344ADF86430E4E79DF897102E
:108280001AAAC1F380010698FFF788FC0446ACE007
:10829000179B002B44D05946002305985BF82320F8
:1082A000A24205D0143105339842F7D1002601E0EF
:1082B000B1F90860B8F1000F34D094F8233043F0DE
:1082C000080323F0040384F8233004F1140528463E
:1082D0000E9B9847B04200F0A9802046F1F763FA60
:1082E000A38AADF86C30E38AADF86E30238BADF81D
:1082F0007030638BADF8723031462846159B984735
:108300001BAA29212046EEF73BFF2046F4F734FE56
:1083100022462221EEF734FF2046F1F744FA85E0A9
:108320000026C7E794F8233043F0040323F0080342
:1083300084F82330C9E704F11400119B9847109B7F
:108340001F1A3FB284E0002782E004F114000E9B64
:108350009847BDF864301B1AADF864307FE02AF40A
:10836000C043B3F5FA6F00F39780B3F57A7FC8BFC7
:10837000C3F57A73049A03FB02F213469F4A82FB09
:108380000312DB17C3EB62130FFA83FA84E029F4BC
:10839000C043B3F5FA6F00F38580B3F57A7FC8BFA9
:1083A000C3F57A7303FB00F0944B83FB0023C017E3
:1083B000C0EB63130FFA83F974E004F114000E9B11
:1083C0009847089BC318BDF966201344BDF8642084
:1083D00013441BB2ADF864309DF897101AAAC1F38C
:1083E00080010698FFF7DAFB0446002C00F0BC8001
:1083F0001A9B0A9A9A4200F0958081492046EFF72D
:108400009AFE00287FF43AAF7E4B1A88002120465E
:10841000F3F7EEFD10F0FF0F7FF43AAF94F823303E
:1084200003F0F70323F0040384F82330029B012BAD
:1084300081D0022B87D104F11400119B9847109B27
:108440005F1C27F001073F1A07EBD77747F34F0769
:10845000B8F1000F03D0039B012B3FF476AF6B22E2
:1084600000212046F3F7C4FD06460FFA80FA6C227D
:1084700000212046F3F7BCFD05460FFA80F920469F
:10848000F0F746FF04902046F0F748FF06F4C04698
:10849000B6F5005F3FF463AF05F4C045B5F5005F86
:1084A0003FF475AFA38A0C9AD31A53449BB2E28A65
:1084B0000D998A1A4A4492B2B8F1000F79D0BDF8EA
:1084C00064100B449EB21DB23A4497B2ABB23B4328
:1084D00017D02046F1F767F9A38A3344A382238B90
:1084E00033442383E38A3B44E382638B3B446383CB
:1084F0002046F1F758F900233AB229462046F0F712
:10850000C3FFB8F1000F3FF458AF039B012B7FF47A
:1085100054AFBDF86430BDF866209B1A089A9B1AC8
:108520001BB257E7169DDDF80890BBF1000F02D093
:1085300058460CF0A9FB079B012B19D0BDF88E30D3
:10854000109A1A4413460F9A13440B9A1288134434
:108550001BB20B9A1380069B9B685B680A9FBB4209
:108560003FF786AD069E10E0169DDDF80890DCE72B
:10857000129B002BE2D1BDF88E200F9B1A440B9B5F
:108580001B889B1A1BB2E4E7069E42F2D173149A31
:108590009A420AD0139A9A4207D000222B213046E1
:1085A000EEF7EEFD27B0BDE8F08F3046F1F7E4FBC3
:1085B000F3E73B449EB21DB2BDF9647084E7BDF998
:1085C00090300C93BDF992300D931A970E4B159382
:1085D0000E4B0E93012312930D4B1193BDF878A00F
:1085E000A4EB0A0A0FFA8AFA06EB86080BEB880856
:1085F000D6464846A246B94601E600BF1F85EB5164
:108600000100060082CF0020A13A0208E57A0108A5
:10861000F17A0108012200213046F3F7E9FC03B2A8
:108620001493042200213046F3F7E2FC03B21A4609
:10863000139342F2D1739A423FF4A5AC0DF1920329
:108640000B930023ADF88E30BAF1000F3FF45BAD11
:1086500015F0040F1DBFB3685B6803F1FF330023FF
:108660001A46B16849688B42BFF6CFAC00252C464C
:108670000DF194091DAF4146CDF808A0DDF83C800E
:10868000DDF820A05846DDF824B0002AFFF6C0AC83
:108690009DF8883023F001038DF888308DF8941010
:1086A0008DF895000197CDF800A05B46494630460D
:1086B000FFF78EFA02469DF894109DF89500BDF8DC
:1086C0007430434423441CB20135B3685B68934261
:1086D000DBDC8846DDF808A083469DE408B5002170
:1086E0000F48F0F781FD0F4B188000200DF096FA2F
:1086F0000D4B188004200DF091FA0C4B18800420CB
:108700000DF08CFA0A4B188004200DF087FA094B03
:10871000188004200DF082FA074B188008BD00BFB6
:10872000397E01088CCF00208ACF002088CF00201E
:1087300086CF002084CF002082CF002008B51346CA
:108740000A4602490988F4F768F808BD8ACF002074
:1087500010B504460022FFF7F1FF0022024B1988F2
:108760002046F4F7D0FB10BD8CCF002008B513468F
:108770000A4602490988F4F750F808BD88CF00205E
:1087800008B513460A4602490988F4F746F808BDB9
:1087900086CF002008B513460A4602490988F4F737
:1087A0003CF808BD84CF002070B5044616461D462F
:1087B0000022FFF7DBFF002231462046FFF7E0FFF3
:1087C000002229462046FFF7E5FF0022024B1988C8
:1087D0002046F4F798FB70BD8CCF002008B51346F7
:1087E0000A4602490988F4F718F808BD82CF00202C
:1087F00010B504460022FFF7F1FF2046F4F7BCFB5A
:10880000F0F7D2FC10BD00002DE9F0418446069D32
:10881000079E089C9DF8247079B300222280012DC8
:108820000FD02146B01EA4F1020808EB4508B1F9AB
:1088300000E030F8022F1A44724421F8022F41451B
:10884000F5D105F10043013B34F8130036F813303D
:1088500018442388C01A00B26FB1023C023E0022C5
:1088600034F8023F36F8021F0B44ACEB03032380BD
:1088700001329542F4D8BDE8F081111FC9B2022936
:1088800002D8012D24D00023002D5FD0A6F1020EC6
:108890000EEB450800213EF8020F1844014488B24F
:1088A00009B2C645F7D199B2062AB8D80FF2040E1C
:1088B0005EF822F0D7880108DF880108F3880108F4
:1088C0001F8801083789010819890108FF880108F4
:1088D00000230122DAE700222280A0E70020421ACA
:1088E00012B2ACEB020202EBD2725210228096E777
:1088F000002001EB0C02121A228090E700200023D6
:10890000238001EB0C031B1A1BB26A1E12B293FBED
:10891000F2F31BB283E7002001EB0C02121A12B231
:108920002BB292FBF3F213B2C2F3C0321A445210CC
:10893000228074E7002001EB0C031B1A1BB26A1C97
:1089400012B293FBF2F31BB2238068E799B2062AB6
:108950003FF667AF01A050F822F000BFD7880108AA
:10896000DD880108F188010823880108358901089C
:1089700017890108FD8801082DE9F04F95B083465D
:10898000B74B1A880021F3F733FB0446B54B1A881E
:1089900000215846F3F72CFB002C00F02A84002815
:1089A00000F0278400215846F4F7EAFA68B3AD4B8B
:1089B0001A8800215846F3F71BFB0646B0F9002041
:1089C00041F6FF739A4225D00246002341F6FF701C
:1089D000013332F9021F8142FAD1580012930CF090
:1089E000F1F80E90129840000CF0ECF81090129CE8
:1089F000002C74D0B11E4FF0000A9B4FDFF8788234
:108A000004910596564689463FE01C210DA80CF0BE
:108A1000FAFAF5E100200346E0E701345846F4F79E
:108A2000C4FA844225D221465846F4F7A9FA824670
:108A30003946EFF780FB0028EFD1B8F8002000217D
:108A40005046F3F7D5FAC0B20128E6D1874B1A8811
:108A500000215046F3F7CCFAC0B2B042DDD1504607
:108A6000F0F75CFCA842D8DB5046F0F757FC05460F
:108A7000D3E7002D109AAEBF22F81650002122F83D
:108A800016100136129CA64208D239F9021F41F68F
:108A90009A729142F5D10024754DBFE70499059E65
:108AA000002C38D000252C462A4641F69A770DE056
:108AB000BB4207BF109B33F81230109820F81230D9
:108AC0001D442DB20132129B9A4209D231F9023F64
:108AD000BB42EDDDA3F5FC531B3B1C44F2E7002534
:108AE000142200215846F3F783FA07465846F0F758
:108AF00038FC129A531E13FB07F3C01A401B00B236
:108B000020EAE0704AB3023E00224FF0FF351146E2
:108B100041F69A7705E00025E2E70131129B994280
:108B200010D236F9023FBB42F7DDA3F5FC531B3BE5
:108B30001AB202FB00F3B3FBF4F3109D25F81130D9
:108B40000D46EAE7002D08DBA31A00FB03F3B3FB95
:108B5000F4F3C01A109B23F81500414B1A8800212A
:108B60005846F3F745FA06465846F0F7DDFB04464B
:108B7000B6F9002041F6FF739A4222D03246002314
:108B800041F6FF70013332F9021F8142FAD15800D9
:108B900011930CF017F80D90119840000CF012F89A
:108BA0000F90119D002D00F08280B11E4FF0000A41
:108BB0002D4FDFF8C88004910594894654460696E7
:108BC0003AE000200346E3E701355846F4F7EDF9B3
:108BD000854225D229465846F4F7D2F982463946CD
:108BE000EFF7A9FA0028EFD1B8F80020002150468D
:108BF000F3F7FEF9C0B20128E6D11E4B1A88002116
:108C00005046F3F7F5F9C0B2A042DDD15046F0F777
:108C10007FFBB042D8DB5046F0F77AFB0646D3E73D
:108C2000002E0F9AAEBF22F81460002122F8141013
:108C30000134119DAC4208D239F9021F41F69A72F3
:108C40009142F5D100250A4EBFE70499059C069E86
:108C5000002D44D000273D463A4641F69A7C1DE05F
:108C6000A0CF00209CCF00200100060092CF002062
:108C700001E0FFFF98CF002090CF002096CF00208A
:108C8000634507BF0F9B33F812300F9820F812305E
:108C90001F443FB20132119B9A4209D231F9023F7F
:108CA0006345EDDDA3F5FC531B3B1D44F2E70027B4
:108CB000152200215846F3F79BF9119A531E13FB16
:108CC00000F3E01AC01B00B220EAE0704AB3023E93
:108CD00000224FF0FF34114641F69A7705E0002755
:108CE000E6E70131119B994210D236F9023FBB42AF
:108CF000F7DDA3F5FC531B3B1AB202FB00F3B3FBF9
:108D0000F5F30F9C24F811300C46EAE7002C08DB41
:108D1000AB1A00FB03F3B3FBF5F3C01A0F9B23F868
:108D20001400152200215846F3F762F907B2142205
:108D300000215846F3F75CF906B216220021584686
:108D4000F3F756F9C2B2012A14BF4FF000084FF0F2
:108D50000108012200215846F3F74AF905B204221E
:108D600000215846F3F744F904B242F2D1739D4210
:108D700003BF9BF82390C9F3C00989F001094FF0A4
:108D800000095846F0F7D0FA0546384B1A880021FA
:108D90005846F3F72DF9CDF80C800D9B02930F9BED
:108DA0000193119B00933B46C2B249462846FFF708
:108DB0002BFDADF84C0042F2D1739C4203BF9BF8EF
:108DC0002350C5F3800585F0010500255846F0F7CE
:108DD000C8FA0446264B1A8800215846F3F708F9CA
:108DE000002303930E9B0293109B0193129B00930D
:108DF0003346C2B229462046FFF706FDADF84E00C5
:108E00000C210AA80CF0FFF8322200215846F3F793
:108E1000EFF80546122200215846F3F7E9F8ADB203
:108E20002C18A4B2102200215846F3F7E1F80544AB
:108E3000ADB2BBF814301C44A4B25846F1F727FE7B
:108E4000241AADF83040BBF816301D44ADB2584678
:108E5000F1F726FE2D1AADF83250DBF808305A68CB
:108E6000002A00F0A3810027BAE000BF9ECF0020B7
:108E70009ACF0020B9F1000F00F0C281B9F1020FC2
:108E800040F01281258B0135A38AED1A2DB2668B35
:108E90000136E38AF61A36B20D9B33F91890049A1C
:108EA00094F8233062F3C30384F82330069A022A2D
:108EB00000F03781BDF91430032A00F01E81012A29
:108EC00000F023810E9B33F91A30059394F8233078
:108ED000049A62F3820384F823302046F0F718FAEC
:108EE000A84200F02E81A38AADF82030E38AADF8C5
:108EF0002230238BADF82430638BADF8263020462A
:108F0000F0F751FC04F1140329461D4618460AF0F7
:108F1000C7FD314628460AF0C8FD2046F0F743FC5D
:108F200008AA29212046EEF72BF92046F4F724F869
:108F300022462221EEF724F96B2200212046F3F786
:108F400057F806460FFA80F86C2200212046F3F706
:108F50004FF805460FFA80FA2046F0F7D9F9049049
:108F60002046F0F7DBF906F4C046B6F5005F00F0E6
:108F7000EF8005F4C045B5F5005F00F00181BDF854
:108F80003050A38AED1A4D444544ADB2BDF832606D
:108F9000E38AF61A059B1E445644B6B255EA060308
:108FA00017D02046F0F7FFFBA38A2B44A382238B24
:108FB0002B442383E38A3344E382638B3344638308
:108FC0002046F0F7F0FB002332B229B22046F0F73A
:108FD0005BFA0137DBF808305A68BA4240F2E680A3
:108FE0001B6853F8274093492046EFF7A4F80490F4
:108FF0000028EED1904B1A8800212046F2F7F8FFA6
:1090000005468E4B1A8800212046F2F7F1FF10F03A
:10901000FF06DED015F0FF05DBD0894B1A88002152
:109020002046F2F7E5FF5FFA80F8864B1A880021A8
:109030002046F2F7DDFF5FFA80FA834B1A880021A1
:109040002046F2F7D5FF5FFA80F9804B1A8800219D
:109050002046F2F7CDFFC3B206930D9945446FF059
:10906000004215440F9B33F8153031F815000344C6
:1090700031F818105B1A9BB207930E9956441644A8
:10908000109B33F8163031F81620134431F81A20AB
:109090009B1A9BB20593162200212046F2F7A8FFE7
:1090A000C0B201283FF4E6AE258B0135A38AED1A44
:1090B0002DB2668B0136E38AF61A36B2B9F1020F89
:1090C00000F0A880BDF91C30B9F1030F0FD0B9F141
:1090D000010F7FF4E1AE5B1B03EBD3730D9A32F803
:1090E000189009EB63090FFA89F9049AD8E60D9AEA
:1090F00032F918901D460122D2E60E9A32F91A2052
:1091000005921E4601230493E0E69B1B03EBD373F9
:109110000E9A32F81A8008EB63080FFA88F3059369
:10912000D4E60E9B33F81A80059B43441FFA83F85C
:109130002046F0F7F3F8A8EB00080FFA88F3059340
:10914000C4E62046F0F7EAF8B0427FF4CCAEF3E68E
:1091500028F4C043B3F5FA6F3FF70BAFB3F57A7F4E
:10916000C8BFC3F57A73049A03FB02F21346384A68
:1091700082FB0312DB17C3EB62130FFA83F8F8E6E6
:109180002AF4C043B3F5FA6F3FF7F9AEB3F57A7F2F
:10919000C8BFC3F57A7303FB00F02D4B83FB00239C
:1091A000C017C0EB63100FFA80FAE8E60D980BF0D9
:1091B0006BFD0E980BF068FD0F980BF065FD109895
:1091C0000BF062FD012200215846F2F711FF04B2B4
:1091D000042200215846F2F70BFF00B242F2D1738D
:1091E0009C4209D0984207D000222B215846EDF727
:1091F000C7FF15B0BDE8F08F5846F0F7BDFDF3E7A7
:10920000258B0135A38AED1A2DB2668B0136E38AD0
:10921000F61A36B20D9B33F81890079B4B441FFA91
:1092200083F92046F0F774F8A9EB00090FFA89F9E1
:10923000049A35E60100060096CF002090CF00206A
:1092400098CF002092CF002094CF00208ECF002016
:109250001F85EB5108B500211B48EFF7C5FF1B4BDD
:10926000188004200CF0DAFC194B188004200CF054
:10927000D5FC184B188004200CF0D0FC164B18803D
:1092800004200CF0CBFC154B188004200CF0C6FC1D
:10929000134B188004200CF0C1FC124B18800420E2
:1092A0000CF0BCFC104B188004200CF0B7FC0F4BEA
:1092B000188004200CF0B2FC0D4B188004200CF038
:1092C000ADFC0C4B188008BD79890108A2CF0020A5
:1092D000A0CF00209CCF00209ECF00209ACF00205E
:1092E00090CF002092CF002096CF002098CF002072
:1092F00094CF00208ECF002008B5FFF7EFF9FFF7DD
:10930000A9FF08BD70B50C460846F3F735FE78B1E5
:10931000B1492046EFF7A2F9002800F097802046D7
:10932000F3F72AFE0546AD49EFF798F9A0B170BDF5
:10933000AB4D002229682046F3F7E8F929684FF47D
:10934000803208312046F3F7E1F92968A54A103147
:109350002046F3F7DBF9EAE72846F3F70DFE9F49CD
:10936000EFF77CF968BB2046F3F725FE38B92046B5
:10937000F3F702FE9C49EFF771F9002836D1204639
:10938000F3F719FE01283FD02046F3F7F5FD974982
:10939000EFF764F90028CAD1914D296800221831ED
:1093A0002046F3F7B3F929684FF48032083120469C
:1093B000F3F7ACF929688B4A10312046F3F7A6F988
:1093C000B5E7874D2968002280312046F3F79EF9E2
:1093D00029684FF4803208312046F3F797F929685D
:1093E000804A10312046F3F791F9A0E77C4D2968B7
:1093F000002248312046F3F789F9296800227031AC
:109400002046F3F783F992E72046F3F7B5FD764956
:10941000EFF724F90028B7D0714D002229682046C3
:10942000F3F774F92968002280312046F3F76EF9CA
:1094300029684FF4803208312046F3F767F929682C
:10944000684A10312046F3F761F970E76849204611
:10945000EFF704F9002856D0614D29680022203129
:109460002046F3F753F92968002228312046F3F704
:109470004DF929680022D0312046F3F747F92968D1
:10948000202258312046F3F741F929682022D831AB
:109490002046F3F73BF929680422A0312046F3F770
:1094A00035F929682022C8312046F3F72FF92968B9
:1094B000012238312046F3F729F9296880226031EA
:1094C0002046F3F723F92046F3F756FD4949EFF715
:1094D000C5F840B92046F3F74FFD4749EFF7BEF80E
:1094E00000283FF424AF3E4D2968002201F5E871C1
:1094F0002046F3F70BF92968202201F5F071204688
:10950000F3F704F913E73D492046EFF7A7F840B118
:10951000334B1968002201F5A8712046F3F7F6F8DD
:1095200005E737492046EFF799F8002800F01C813D
:109530002046F3F721FD3349EFF790F800286DD16D
:109540002046F3F719FD2549EFF788F8002840F089
:1095500099802046F3F710FD2449EFF77FF80028A3
:1095600040F0CD801E4D2968002218312046F3F7C7
:10957000CDF829680422A0312046F3F7C7F82968FE
:109580000822A8312046F3F7C1F829684FF4A02239
:1095900020312046F3F7BAF829681B4A603120468B
:1095A000F3F7B4F82968194A58312046F3F7AEF8B2
:1095B0002968174A28312046F3F7A8F82968154A80
:1095C000A0312046F3F7A2F82968134AA8312046B3
:1095D000F3F79CF8ABE600BFB8B104088CB90408F7
:1095E00014D0002040000100E0B9040844B304088E
:1095F000D834050804B8040820B80408B8350508AC
:10960000F434050838B9040880000500200005007E
:10961000010005000400050008000500BB4D296895
:10962000002201F5FC712046F3F770F8296800224A
:1096300088312046F3F76AF829684FF4A0222031D8
:109640002046F3F763F82968B14A58312046F3F70A
:109650005DF82968AF4A60312046F3F757F829686A
:10966000AD4A28312046F3F751F82968AB4A30312A
:109670002046F3F74BF82968A94A40312046F3F712
:1096800045F854E6A14D2968002250312046F3F7F1
:109690003DF829680422A0312046F3F737F82968FD
:1096A000042201F50C712046F3F730F82968984A36
:1096B00058312046F3F72AF8974E29683246303160
:1096C0002046F3F723F82968324601F50E7120464B
:1096D000F3F71CF8033629683246A0312046F3F729
:1096E00015F829688E4AA8312046F3F70FF8296843
:1096F000324601F50C712046F3F708F817E6834D62
:109700002968002201F5C0712046F2F7FFFF2968A1
:109710000422A0312046F2F7F9FF29680822A83177
:109720002046F2F7F3FF29684FF4A02201F5C47137
:109730002046F2F7EBFF2968754A58312046F2F7C8
:10974000E5FF2968734A60312046F2F7DFFF296898
:10975000724AA0312046F2F7D9FF2968704AA83131
:109760002046F2F7D3FFE2E56E492046EEF776FF9A
:1097700038B3664D2968002230312046F2F7C6FF23
:1097800029680022B0312046F2F7C0FF2968042280
:10979000A0312046F2F7BAFF29680822A8312046F6
:1097A000F2F7B4FF29684FF4003228312046F2F76F
:1097B000ADFF29684FF40032B0312046F2F7A6FF22
:1097C000B5E559492046EEF749FF002842D04F4DF4
:1097D0002968002230312046F2F798FF29680022DC
:1097E000B0312046F2F792FF29680422A0312046CA
:1097F000F2F78CFF29680822A8312046F2F786FF8D
:1098000029684FF4003228312046F2F77FFF29689B
:109810004FF40032B0312046F2F778FF29684FF458
:109820004032F0312046F2F771FF404E296832464F
:10983000C8312046F2F76AFF29684FF44032D03130
:109840002046F2F763FF29683246D8312046F2F706
:109850005DFF6CE536492046EEF700FF00286BD02F
:109860002A4D2968002218312046F2F74FFF296857
:10987000002268312046F2F749FF29680022B831FA
:109880002046F2F743FF29680422A0312046F2F770
:109890003DFF29680822A8312046F2F737FF2968E2
:1098A0004FF4803208312046F2F730FF2968214A10
:1098B00010312046F2F72AFF29684FF4A0225031D8
:1098C0002046F2F723FF29684FF4A02201F5AC717E
:1098D0002046F2F71BFF29684FF4A0228031204672
:1098E000F2F714FF29680A4A58312046F2F70EFFB2
:1098F00029680A4A28312046F2F708FF2968084AF1
:1099000038312046F2F702FF11E500BF14D00020E5
:10991000200005008000050001000500040005008E
:1099200008000500BC3405080C36050820000300BB
:109930004436050840000100B0492046EEF78EFE8F
:10994000002843D0AE4D2968002288312046F2F726
:10995000DDFE29680422A0312046F2F7D7FE2968EF
:10996000A84A60312046F2F7D1FE29684FF4003250
:1099700001F59C712046F2F7C9FEA34E29683246D4
:1099800028312046F2F7C2FE2968324601F5A0715F
:109990002046F2F7BBFE1F36296832465831204672
:1099A000F2F7B4FE29683246C8312046F2F7AEFE1F
:1099B00029683246D8312046F2F7A8FE29684FF4CC
:1099C0000032D0312046F2F7A1FEB0E48F492046A4
:1099D000EEF744FE00285CD0894D2968002248310A
:1099E0002046F2F793FE29680022B0312046F2F7B4
:1099F0008DFE29680022E8312046F2F787FE2968AB
:109A0000802260312046F2F781FE29680422A031CD
:109A10002046F2F77BFE7C4E2968324628312046EC
:109A2000F2F774FE29684FF40032B0312046F2F7A5
:109A30006DFE2968734A60312046F2F767FE296897
:109A40004FF44032F0312046F2F760FE29684FF4BF
:109A5000403250312046F2F759FE29684FF4403227
:109A600001F5A4712046F2F751FE2968684A603179
:109A70002046F2F74BFE29683246D8312046F2F7ED
:109A800045FE29684FF40032D8312046F2F73EFEF9
:109A90004DE460492046EEF7E1FD002841D0584DE5
:109AA0002968002218312046F2F730FE296800228A
:109AB00078312046F2F72AFE2968002201F59471D8
:109AC0002046F2F723FE29684FF480320831204601
:109AD000F2F71CFE2968504A10312046F2F716FEB4
:109AE00029684FF4A02201F588712046F2F70EFE96
:109AF00029684FF4003201F58C712046F2F706FE1A
:109B000029684FF4C02201F590712046F2F7FEFD5E
:109B100029684FF4E02201F588712046F2F7F6FD3E
:109B200005E43E492046EEF799FD68B3344D2968B7
:109B3000002218312046F2F7E9FD29680022E031C1
:109B40002046F2F7E3FD2968002290312046F2F723
:109B5000DDFD2968002298312046F2F7D7FD2968FB
:109B60000422A0312046F2F7D1FD29680822A8314D
:109B70002046F2F7CBFD29684FF480222831204699
:109B8000F2F7C4FDFFF7D3BB25492046EEF766FD8B
:109B9000002847D01A4D2968002218312046F2F7D4
:109BA000B5FD2968002278312046F2F7AFFD29681B
:109BB0000022D0312046F2F7A9FD29682022D831B1
:109BC0002046F2F7A3FD2968202258312046F2F7FB
:109BD0009DFD29680422A0312046F2F797FD2968EF
:109BE0000822A8312046F2F791FD29684FF400328F
:109BF000D8312046F2F78AFDFFF799BB2C350508CE
:109C000014D0002080000200010002002836050860
:109C100080000300C8B3040840000100F0350508C7
:109C200064350508B9492046EEF718FD00283BD0F9
:109C3000B74D2968002218312046F2F767FD2968E0
:109C40000022C0312046F2F761FD296800229031E0
:109C50002046F2F75BFD2968002201F59871204645
:109C6000F2F754FD29684FF4803208312046F2F7AC
:109C70004DFD2968A74A10312046F2F747FD2968B3
:109C80004FF4802250312046F2F740FD2968A24A65
:109C900028312046F2F73AFD2968A04A583120467B
:109CA000F2F734FDFFF743BB9D492046EEF7D6FCA3
:109CB00000B3974D2968002201F580712046F2F724
:109CC00025FD29684FF4003201F580712046F2F736
:109CD0001DFD29684FF4003201F584712046F2F72A
:109CE00015FD29684FF44032F0312046F2F70EFDA1
:109CF000FFF71DBB8B492046EEF7B0FCC8B1844D81
:109D00002968002201F580712046F2F7FFFC2968DE
:109D10004FF4003201F580712046F2F7F7FC296814
:109D20004FF4003201F584712046F2F7EFFCFFF7A3
:109D3000FEBA7D492046EEF791FCB0B1744D29681A
:109D4000002218312046F2F7E1FC29680022B031E8
:109D50002046F2F7DBFC29684FF4003201F5B471BC
:109D60002046F2F7D3FCFFF7E2BA70492046EEF73F
:109D700075FC00283CD0664D296800221831204629
:109D8000F2F7C4FC2968002278312046F2F7BEFCC5
:109D90002968802260312046F2F7B8FC2968042245
:109DA000A0312046F2F7B2FC29680822A8312046EB
:109DB000F2F7ACFC29684FF4803208312046F2F704
:109DC000A5FC2968534A10312046F2F79FFC296808
:109DD000574A01F5B8712046F2F798FC29684FF40C
:109DE000002201F5BC712046F2F790FCFFF79FBA04
:109DF00050492046EEF732FC70B1454D29680022EB
:109E000018312046F2F782FC29680022683120468A
:109E1000F2F77CFCFFF78BBA47492046EEF71EFCB1
:109E200048B13B4B1968002201F5C8712046F2F792
:109E30006DFCFFF77CBA41492046EEF70FFC48B1B4
:109E4000334B1968002201F5C8712046F2F75EFC19
:109E5000FFF76DBA3A492046EEF700FC00287DD0A6
:109E600000222B4B19682046F2F750FC354B1B782B
:109E7000012B274B19680CBF783170310022204626
:109E8000F2F744FC224D29680422A0312046F2F763
:109E90003DFC29680822A8312046F2F737FC2968E2
:109EA0004FF4A02220312046F2F730FC2968264AE0
:109EB00060312046F2F72AFC29684FF4A022503185
:109EC0002046F2F723FC29684FF4A02201F5027125
:109ED0002046F2F71BFC29681C4A58312046F2F74D
:109EE00015FC29681A4A48312046F2F70FFC296808
:109EF000184A30312046F2F709FC2968164A4031E9
:109F00002046F2F703FCFFF712BA00BF48350508F8
:109F100014D00020400001000100040020000400D3
:109F2000A034050870B9040800B9040860360508B3
:109F30000200070044B3040890B30408ACB304085B
:109F400078B70408EECF002080000500200005004F
:109F5000010005000400050008000500BA4920467C
:109F6000EEF77CFBA0B9B9492046EEF777FB60B36A
:109F7000B74D2968002248312046F2F7C7FB29680F
:109F8000002201F508712046F2F7C0FBFFF7CFB9B8
:109F9000AF4D2968002218312046F2F7B7FB296837
:109FA000002201F504712046F2F7B0FB29684FF456
:109FB000803208312046F2F7A9FB2968A54A103102
:109FC0002046F2F7A3FBFFF7B2B9A3492046EEF70C
:109FD00045FB48B39E4D2968002250312046F2F7D8
:109FE00095FB2968002201F506712046F2F78EFBE9
:109FF0002968042228312046F2F788FB29680422C8
:10A0000001F508712046F2F781FB2968202201F54D
:10A0100008712046F2F77AFB296820225831204641
:10A02000F2F774FBFFF783B98C492046EEF716FB75
:10A0300078B1874D2968002218312046F2F766FB77
:10A040002968002201F5D0712046F2F75FFBFFF787
:10A050006EB983492046EEF701FBB0B17C4D29680B
:10A06000002201F5D8712046F2F750FB29684FF421
:10A07000803208312046F2F749FB2968754A1031D1
:10A080002046F2F743FBFFF752B976492046EEF738
:10A09000E5FAB0B16E4D2968002201F5DC71204669
:10A0A000F2F734FB29684FF4803208312046F2F78A
:10A0B0002DFB2968674A10312046F2F727FBFFF78E
:10A0C00036B969492046EEF7C9FA10B3604D2968E0
:10A0D000002201F5D4712046F2F718FB29682022EE
:10A0E00001F5F0712046F2F711FB29682122303189
:10A0F0002046F2F70BFB2968012230312046F2F7A7
:10A1000005FB2968042228312046F2F7FFFAFFF701
:10A110000EB956492046EEF7A1FA20B95449204617
:10A12000EEF79CFA48B14A4B1968002201F5E47138
:10A130002046F2F7EBFAFFF7FAB84E492046EEF761
:10A140008DFAB0B1424D2968002201F5E071204638
:10A15000F2F7DCFA29684FF4803208312046F2F732
:10A16000D5FA29683B4A10312046F2F7CFFAFFF7BB
:10A17000DEB841492046EEF771FA48B1344B196810
:10A18000002201F5EC712046F2F7C0FAFFF7CFB8D4
:10A190003A492046EEF762FA48B12D4B1968002281
:10A1A00001F5F4712046F2F7B1FAFFF7C0B834496F
:10A1B0002046EEF753FA78B1254D29680022183170
:10A1C0002046F2F7A3FA2968002201F5F87120462B
:10A1D000F2F79CFAFFF7ABB82A492046EEF73EFAB1
:10A1E00048B11B4B1968002201F500712046F2F7B7
:10A1F0008DFAFFF79CB824492046EEF72FFA002885
:10A2000044D0134D2968002218312046F2F77EFA17
:10A210002968002278312046F2F778FA296804226A
:10A22000A0312046F2F772FA29680822A8312046A8
:10A23000F2F76CFA29684FF4E02228312046F2F751
:10A2400065FAFFF774B800BFE8B70408B0B70408B0
:10A2500014D0002040000100CCB70408E4B8040882
:10A2600058B804083CB80408ACB8040804B804089A
:10A2700020B80408C8B8040890B8040874B80408E2
:10A2800038B904081CB9040854B9040841492046E7
:10A29000EEF7E4F9A0B1404D002229682046F2F71C
:10A2A00035FA29684FF4803208312046F2F72EFA49
:10A2B00029683A4A10312046F2F728FAFFF737B8F2
:10A2C00037492046EEF7CAF978B1334D29684FF483
:10A2D000803208312046F2F719FA29682F4A1031E6
:10A2E0002046F2F713FAFFF722B82E492046EEF780
:10A2F000B5F968B1284D002229682046F2F706FA20
:10A300002968002268312046F2F700FAFFF70FB8FB
:10A3100025492046EEF7A2F940B11F4B19680022EB
:10A32000C0312046F2F7F2F9FFF701B81F49204685
:10A33000EEF794F9E8B1184D2968002201F5CC71C7
:10A340002046F2F7E3F92968002280312046F2F72F
:10A35000DDF929684FF4403250312046F2F7D6F942
:10A3600029684FF4403280312046F2F7CFF9FEF7EA
:10A37000DEBF0F492046EEF771F900283EF4D7AF53
:10A38000054B1968002201F510712046F2F7BEF95D
:10A39000FEF7CDBFC4B9040814D00020400001006E
:10A3A000A8B904088CB90408E0B90408E4B30408A7
:10A3B00094B7040808B50846114609F003FF08BD24
:10A3C00008B5044B1B7813B10BF014FC08BD0BF05F
:10A3D0000CFCFBE7DCCF002038B50C4615461E4BC5
:10A3E0001B6A13F0010F1BD00221122009F0B8FFE5
:10A3F00064BA230413FA84F4184B1C4040BA0204D4
:10A4000012FA80F01840001B0435ED0805FB00F03F
:10A4100004EB50141C4044EA144460BA80B238BDC6
:10A420000221122009F076FF64BA230413FA84F49F
:10A430000A4B1C4040BA020412FA80F01840001B7C
:10A440000435ED0805FB00F004EB50141C4044EA11
:10A45000144460BA80B2E2E7F0CF00201FF8E007B2
:10A460002DE9F04782B00546884617461C460A9EED
:10A47000BF4B1B68002B01F0938509F023F809F00E
:10A4800027F8B0F5A07F01F398850322B94B1A7025
:10A49000B948C560A0F81080478246618661C661F0
:10A4A000B64B03600462002C01F09285B44B4AF273
:10A4B00010321A800521122009F02CFFB14B1880B0
:10A4C000AD4B1B6A13F0010F01F09685AE4B44F2C1
:10A4D00029621A80AD4B48F229621A80AC4C206880
:10A4E000D030FFF76DFF2068D830FFF769FFDFF845
:10A4F000A8A2DFF8A892DFF8A882002601964623DA
:10A50000009350235246494640460BF02DFCA14F84
:10A510000196009650235246494638460BF024FCDB
:10A5200020684146D0300BF029FF20683946D830EA
:10A530000BF024FF20680830FFF742FF8E4B1B6AA8
:10A5400013F0010F01F064850221122009F008FFC9
:10A5500001468F4C206808300BF028FE206847F633
:10A56000FF7108300BF0ECFE26680836824BDC6881
:10A57000204608F0D5FFC0EBC000EF2801F34E8560
:10A580000124214630460BF0F9FD214630460BF000
:10A59000FBFD214630460BF0E5FD214630460BF031
:10A5A000E7FD7B4B1C680834734BDE68304608F0CF
:10A5B000B7FF00EB8000EF2801F340850121204622
:10A5C0000BF0ACFD724C2068662108300BF0F9FDF1
:10A5D0002068704908300BF0D1FE20681030FFF77A
:10A5E000EFFE2068FF2110300BF0EBFD2068FFF735
:10A5F000E7FEFF2120680BF0E4FD614B198820681D
:10A600000BF0D4FD5F4B198820680BF07CFE2468AA
:10A61000584B1B78012B01F02185022B01F03B8563
:10A62000554BDE68304608F07BFF00EB80004000B1
:10A63000EF2801F34D85012120460BF0ABFD544B73
:10A640001C684C4B1B78012B01F05285022B01F04A
:10A650006C85494BDE68304608F062FF00EB8000F5
:10A660004000EF2801F37E85012120460BF098FD84
:10A67000474C20681830FFF7A3FE246818343D4B80
:10A680001B78012B01F07E853B4BDE68304608F0DD
:10A6900047FFC000EF2801F3A785012120460BF0FA
:10A6A0004FFE3B4C2068FF2118300BF08AFD2068DC
:10A6B000354B198818300BF079FD2068334B198819
:10A6C00018300BF095FD246818342B4BDE683046AB
:10A6D00008F026FF4000EF2801F394850121204671
:10A6E0000BF097FD2A4C2068012118300BF09DFDDE
:10A6F0002068244B198818300BF005FE26681836A0
:10A700001C4B1B78012B01F08B85022B01F0A585DA
:10A71000194BDC68204608F003FF0001EF2801F325
:10A72000B9850124214630460BF028FD21463046EC
:10A730000BF02AFD214630460BF014FD2146304631
:10A740000BF016FD124B1C6818340A4B1B78012BBA
:10A7500001F0AE85022B01F0C885074BDE6830465C
:10A7600008F0DEFE00EB80004000EF281AE000BF9A
:10A7700084D00020EECF0020F0CF00200593010808
:10A78000ECCF0020E8CF0020E4CF0020E0CF002075
:10A7900014D00020B4CF0020ED37020810B3040815
:10A7A000C8CF002001F3BE85012120460BF0F2FC4A
:10A7B000C04B1C681834C04B1B78012B01F0C285BC
:10A7C000022B01F0DC85BD4BDE68304608F0A8FEA8
:10A7D00000EB80004000EF2801F3EE8501212046C8
:10A7E0000BF0DEFCB34E34681834122009F07EFD05
:10A7F000014620460BF065FD34681834AF4BDE6827
:10A80000304608F08DFEEF2801F3E6850121204651
:10A810000BF051FDA74C2068A030FFF7D1FDA74EEB
:10A820002068318AA0300BF00CFD2468A034F66853
:10A83000304608F075FE00EB4000EF2801F3D985A3
:10A84000012120460BF0F7FC9A4B1C68A0349B4B6F
:10A85000DE68304608F064FE00EB4000EF2801F3AC
:10A86000D885012120460BF0FDFC924C20687F2109
:10A87000A0300BF0F1FC2068A830FFF7A1FD8F4E4F
:10A880002068718AA8300BF0DCFC2468A834F668D4
:10A89000304608F045FE00EB4000EF2801F3C98583
:10A8A000012120460BF0C7FC824C20687F21A83094
:10A8B0000BF0D2FC20682030FFF782FD24682034A2
:10A8C0007D4B1B78012B01F0C485022B01F0DA854A
:10A8D0007A4BDE68304608F023FEC000EF2801F313
:10A8E000EE85012120460BF02BFD724C2068FF21E4
:10A8F00020300BF066FC2068714B198820300BF07B
:10A9000055FC6E4B1B6A13F0010F01F0EB85694C8F
:10A9100020686C4B198820300BF0F5FC2668203637
:10A92000654B1B78012B01F03D86022B01F0578609
:10A93000624BDC68204608F0F3FD0001EF2801F3CC
:10A940006B860124214630460BF018FC2146304628
:10A950000BF01AFC574B1E682036574B1B78012B07
:10A9600001F06886022B01F08286544BDC68204699
:10A9700008F0D6FD00EB80004000EF2801F394863C
:10A980000124214630460BF0EDFB214630460BF00A
:10A99000EFFB484B1C682034484BDE68304608F01B
:10A9A000BFFD00EB8000EF2801F38E8601212046D9
:10A9B0000BF0F6FB3F4B1C682034404BDE68304602
:10A9C00008F0AEFD00EB8000EF2801F38D86012139
:10A9D00020460BF0DFFB3C4F3C4B3B603C4E3D4B7D
:10A9E0003360344C20685830FFF7EAFC2068394661
:10A9F00058300BF0B1FC2068232158300BF0B2FC2A
:10AA000020686030FFF7DCFC2068314660300BF0D6
:10AA1000A3FC20687F2160300BF0A4FC2068C030CC
:10AA2000FFF7CEFC20680121C0300BF08FFC2068BE
:10AA30000121C0300BF0F9FB20688030FFF7C0FC2B
:10AA4000266880361C4B1B78012B01F05D86022B9B
:10AA500001F07786194BDC68204608F061FD0001A3
:10AA6000EF2801F38B860124214630460BF086FB4C
:10AA7000214630460BF088FB214630460BF072FB36
:10AA8000214630460BF074FB0A4B1C6880340A4B9D
:10AA90001B78012B01F08086022B01F09A86074B70
:10AAA000DE68304608F03CFD0001EF2801F3AE8679
:10AAB000012111E014D00020EECF0020F0CF0020C3
:10AAC000E0CF0020E8CF0020ACCF0020B5A30108E4
:10AAD000A4CF0020D9A3010820460BF05BFBC64B96
:10AAE0001C688034C54B1B78012B01F09D86022B1E
:10AAF00001F0BE86C24BDE68304608F011FD000151
:10AB0000EF2801F3D286012120460BF049FBBA4C15
:10AB100020687830FFF754FC26687836B74B1B78EE
:10AB2000012B01F0D086022B01F0EA86B44BDC68E1
:10AB3000204608F0F5FC00EB80004000EF2801F310
:10AB4000FC860124214630460BF018FB2146304696
:10AB50000BF01AFB214630460BF004FB2146304631
:10AB60000BF006FBA44B1E687836A44B1B78012B18
:10AB700001F0F386022B01F00D87A14BDC68204623
:10AB800008F0CEFC00EB80004000EF2801F31F87A7
:10AB90000124214630460BF0FDFA214630460BF0E9
:10ABA000FFFA954C20688830FFF70AFC2468883447
:10ABB000934BDE68304608F0B3FC00EB80004000A9
:10ABC000EF2801F31487012120460BF0E3FA8A4BAA
:10ABD0001C6888348A4BDE68304608F0A1FC00EB24
:10ABE00080004000EF2801F31287012120460BF07E
:10ABF000D7FA814C20689030FFF7E2FB246890344C
:10AC00007F4BDE68304608F08BFC00EB8000800054
:10AC1000EF2801F30C87012120460BF085FB764CD1
:10AC200020689830FFF7CCFB2068022198300BF0A9
:10AC300081FB20686830FFF7C3FB26686836002177
:10AC400030460BF09BFA002130460BF09DFA0021B4
:10AC500030460BF087FA002130460BF089FA206865
:10AC6000002168300BF096FA2068002168300BF064
:10AC700097FA20687030FFF7A3FB266870365F4BA9
:10AC80001B78012B01F0E386022B01F0F9865C4B67
:10AC9000DC68204608F044FC4000EF2801F30D87F3
:10ACA0000124214630460BF069FA214630460BF06C
:10ACB0006BFA214630460BF055FA214630460BF030
:10ACC00057FA4D4B1C6870344C4B1B78012B01F02C
:10ACD0000287022B01F01887494BDE68304608F0E6
:10ACE0001FFC4000EF2801F32C87012120460BF0C8
:10ACF00051FA414B1C687034404B1B78012B01F01A
:10AD00002E87022B01F044873D4BDE68304608F069
:10AD100007FC4000EF2801F35D87012120460BF07E
:10AD20003FFA354C20682830FFF74AFB344E206844
:10AD3000318A28300BF03AFA20684FF0FF31283082
:10AD40000BF0E1FA2068FF2128300BF03AFA206876
:10AD50003030FFF735FB2068318A30300BF026FAAF
:10AD60002068318A30300BF0CEFA20683321303041
:10AD70000BF027FA20683830FFF722FB2068718A31
:10AD800038300BF013FA20684FF0FF3138300BF0F9
:10AD9000BAFA2068FF2138300BF013FA20684030EF
:10ADA000FFF70EFB2068718A40300BF0FFF9206836
:10ADB000718A40300BF0A7FA2068332140300BF045
:10ADC00000FA20684830FFF7FBFA20680D4B19881D
:10ADD00048300BF0EBF92068FF2148300BF0F1F917
:10ADE000094F2068398848300BF08DFA20685030C0
:10ADF000FFF7E6FA0AE000BF14D00020EECF0020F3
:10AE0000F0CF0020E0CF0020E8CF00202068CD4B1D
:10AE1000198850300BF0CAF92068FF2150300BF030
:10AE2000D0F92068398850300BF06DFA2068B030C6
:10AE3000FFF7C6FA206847F6FF71B0300BF080FAD2
:10AE40002068B830FFF7BCFA20680021B8300BF05A
:10AE500077FA2068C830FFF7B3FA2468C834F66878
:10AE6000304608F05DFB00EB4000EF2801F3C086A0
:10AE7000012120460BF06AF9B34B1C68C834B34B70
:10AE8000DE68304608F04CFB00EB4000EF2801F391
:10AE9000BF86012120460BF05FF9AB4C2068F030F3
:10AEA000FFF78EFAA94F2068398AF0300BF07EF94F
:10AEB0002068FF21F0300BF084F92668F036FC683A
:10AEC000204608F02DFB00EB40004000EF2801F386
:10AED000AF860124214630460BF050F9214630461A
:10AEE0000BF052F9214630460BF03CF92146304632
:10AEF0000BF03EF9944C206847F6FF71F0300BF0F0
:10AF00001FFA2068E030FFF75BFA2068C821E030C4
:10AF10000BF02EFA2068E830FFF752FA206878210B
:10AF2000E8300BF025FA206800F58070FFF748FA4A
:10AF30002068874B198800F580700BF0D9F92468D8
:10AF400004F58074814BDE68304608F0E9FAC0EB06
:10AF50000010EF2801F37C86012120460BF0BCF99C
:10AF6000794C2068012100F580700BF0BBF9206856
:10AF700000F58470FFF724FA744F2068398A00F5D1
:10AF800084700BF0B5F9206800F59870FFF718FA97
:10AF900020684FF4827100F598700BF0D1F82068AA
:10AFA00000F59C70FFF70CFA266806F59C76FC68A5
:10AFB000204608F0B5FA00EB4000EF2801F3588670
:10AFC0000124214630460BF0D9F8214630460BF0DB
:10AFD000DBF8214630460BF0C5F8214630460BF031
:10AFE000C7F8594B1C6804F59C74584BDE68304612
:10AFF00008F096FA4000EF2801F34A860121204626
:10B000000BF007F9504C2068504B198A00F59C70E2
:10B010000BF0EEF820684B4B198800F59C700BF094
:10B02000C5F82068FF2100F59C700BF0CAF8246871
:10B0300004F59C74474B1B78012B01F03786434B7A
:10B04000DE68304608F06CFAC000EF2801F34D8648
:10B05000012101EBD171491020460BF071F93A4CF6
:10B06000206800F5A070FFF7ABF920683A4900F5B9
:10B07000A0700BF0B7F820684FF0FF3100F5A0701A
:10B080000BF041F9314F2068796900F5A0700BF0A1
:10B0900045F9206800F5A470FFF792F9266806F5D7
:10B0A000A476FC68204608F03BFA8000EF2801F304
:10B0B0002A860124644224B2214630460BF05EF811
:10B0C000214630460BF060F8214630460BF04AF836
:10B0D000214630460BF04CF81B4C20684FF0FF31F6
:10B0E00000F5A4700BF062F8206800F5A870FFF777
:10B0F00067F92068012100F5A8700BF0DCF82068E2
:10B10000164B198800F5A8700BF0DBF8206800F5E5
:10B110009470FFF755F92068002100F594700BF04A
:10B1200084F8246804F59474084BDE68304608F00F
:10B13000F7F900EB80004000EF2801F3F2850121D0
:10B140000EE000BFE4CF002014D00020F0CF00209C
:10B15000E0CF0020EECF002088540308E8CF002085
:10B1600020460BF01DF8C84C2068C84B198800F524
:10B1700094700BF0A6F8206800F58870FFF720F9AE
:10B18000246804F58874C24BDE68304608F0C8F9BC
:10B1900000EB4000EF2801F3D485012120460BF09D
:10B1A0008AF8B94B1C6804F58874B94BDE683046E0
:10B1B00008F0B6F900EB4000EF2801F3D285012139
:10B1C00020460BF0BDF8B04B1E6806F58876B04BF4
:10B1D000DC68204608F0A4F9C000EF2801F3D1850F
:10B1E0000124214630460AF099FF214630460AF0F4
:10B1F000A1FFA54B1C6804F58874A54BDE6830469A
:10B2000008F08EF94000EF2801F3C985012120469E
:10B210000AF0C6FF9C4C206800F58C70FFF7D0F850
:10B22000206847F6FF7100F58C700BF089F82668EE
:10B2300006F58C76964BDC68204608F071F9C00064
:10B24000EF2801F3BA850124214630460AF066FF53
:10B25000214630460AF06EFF8D4E8B4C2068318AB5
:10B2600000F58C700AF0A2FF2068FF2100F58C70B9
:10B270000AF0A7FF206800F59070FFF7A1F8246896
:10B2800004F59074F668304608F04AF9EF2801F3A7
:10B29000A285012120460BF00EF87B4C20687D4BE7
:10B2A000198800F590700BF00CF8266806F590767A
:10B2B000774BDC68204608F033F94000EF2801F3B3
:10B2C00097850124214630460AF058FF2146304632
:10B2D0000AF05AFF214630460AF044FF2146304624
:10B2E0000AF046FF684C266806F59076122008F0B2
:10B2F000FDFF014630460BF006F8206800F5D070DF
:10B30000FFF75EF8266806F5D076002130460AF091
:10B3100035FF002130460AF037FF002130460AF0A1
:10B3200021FF002130460AF023FF266806F5D0767B
:10B33000002130460AF02EFF002130460AF030FF8F
:10B340002068002100F5D0700AF0FAFF2068012182
:10B3500000F5D0700AF0FAFF2068002100F5D070E7
:10B360000AF05DFF206800F5EC70FFF729F824680B
:10B3700004F5EC74484B1B78012B01F04785444BD6
:10B38000DE68304608F0CCF8C000EF2801F35B859A
:10B39000012120460AF0D4FF3B4C2068012100F532
:10B3A000EC700AF0D3FF2068FF2100F5EC700AF082
:10B3B00008FF2068394B198800F5EC700AF0F6FE9A
:10B3C0002068344B198800F5EC700AF09CFF206867
:10B3D00000F5D470FEF7F4FF266806F5D4762E4B00
:10B3E0001B78012B01F03D85022B01F05785284B7E
:10B3F000DC68204608F094F800EB80004000EF285D
:10B4000001F369850124214630460AF0B7FE214642
:10B4100030460AF0B9FE1C4B1E6806F5D4761E4B6A
:10B420001B78012B01F06785022B01F08585184BF5
:10B43000DC68204608F074F800EB80004000EF283C
:10B4400001F397850124214630460AF08BFE214600
:10B4500030460AF08DFE0C4B1E6806F5D4760E4B76
:10B460001B78012B01F09585022B01F0AF85084B6D
:10B47000DC68204608F054F800EB80004000EF281C
:10B4800001F3C18501240BE014D00020E0CF00209F
:10B49000F0CF0020E8CF0020EECF0020E4CF002046
:10B4A000214630460AF076FE214630460AF078FE04
:10B4B000CA4B1C6804F5D474C94BDE68304608F0EA
:10B4C0002FF8EF2801F3AF85012120460AF0A1FEF5
:10B4D000C24C2068192100F5D4700AF094FE20684F
:10B4E000C04B198800F5D4700AF082FE2068002154
:10B4F00000F5D4700AF093FE206800F5D870FEF7CE
:10B500005FFF266806F5D876002130460AF036FE41
:10B51000002130460AF038FE002130460AF022FEB3
:10B52000002130460AF024FE266806F5D876002170
:10B5300030460AF02FFE002130460AF031FE246822
:10B5400004F5D874A64BDE68304607F0E9FFEF2813
:10B5500001F37685012120460AF05BFE9F4C2068AE
:10B56000192100F5D8700AF04EFE20689D4B19880D
:10B5700000F5D8700AF03CFE2068082100F5D8706C
:10B580000AF04DFE206800F5DC70FEF719FF266812
:10B5900006F5DC76002130460AF0F0FD0021304649
:10B5A0000AF0F2FD002130460AF0DCFD00213046B1
:10B5B0000AF0DEFD266806F5DC76002130460AF04A
:10B5C000E9FD002130460AF0EBFD206800F5E4704B
:10B5D000FEF7F6FE266806F5E476834B1B78012B12
:10B5E00001F03B85022B01F055857D4BDC68204640
:10B5F00007F096FF00EB80004000EF2801F367851D
:10B600000124214630460AF0B9FD214630460AF0B1
:10B61000BBFD724B1E6806F5E476734B1B78012B5D
:10B6200001F06585022B01F07B856D4BDC682046BF
:10B6300007F076FF4000EF2801F38F8501242146B3
:10B6400030460AF08FFD214630460AF091FD634BEB
:10B650001E6806F5E476644B1B78012B01F08B85A0
:10B66000022B01F0A5855E4BDC68204607F058FFF1
:10B6700000EB80004000EF2801F3B785012421464C
:10B6800030460AF087FD214630460AF089FD534CCA
:10B69000206800F5E870FEF793FE266806F5E87668
:10B6A000514B1B78012B01F0B085022B01F0C685B0
:10B6B0004B4BDC68204607F033FF4000EF2801F3D6
:10B6C000DF850124214630460AF058FD21463046E8
:10B6D0000AF05AFD414B1E6806F5E876424B1B788E
:10B6E000012B01F0DB85022B01F0F1853C4BDC687E
:10B6F000204607F015FF4000EF2801F305860124DE
:10B70000214630460AF02EFD214630460AF030FD33
:10B71000324C2068002100F5E8700AF0C6FD206870
:10B72000002100F5E8700AF04CFD20682D4B1988C7
:10B7300000F5E8700AF0E7FD206800F5E070FEF71C
:10B740003FFE266806F5E076002130460AF016FD39
:10B75000002130460AF018FD266806F5E076002143
:10B7600030460AF017FD002130460AF019FD206826
:10B7700000F5F070FEF724FE2068332100F5F0702C
:10B780000AF01FFD266806F5F076122008F0AEFDDF
:10B79000014630460AF00AFD206800F5F470FEF715
:10B7A0000FFE2068002100F5F4700AF00AFD2668FB
:10B7B00006F5F4760C4B1B78012B01F0B385022BB8
:10B7C00001F0C985064BDC68204607F0A9FE400061
:10B7D000EF2801F3DD85012408E000BF14D000202C
:10B7E000F0CF0020E8CF0020EECF002021463046E9
:10B7F0000AF0B8FC214630460AF0BAFCC74C206873
:10B8000000F5B070FEF7DCFD246804F5B074C44B9D
:10B81000DE68304607F084FE00EB8000EF2801F37D
:10B82000C585012120460AF046FDBC4C2068BD4B71
:10B83000198800F5B0700AF044FD266806F5B07668
:10B84000B74BDC68204607F06BFE00EB8000800001
:10B85000EF2801F3BB850124214630460AF05EFC47
:10B86000214630460AF066FCAC4B1C6804F5B07407
:10B87000AB4BDE68304607F053FEC0EB0010EF28FC
:10B8800001F3B485012120460AF078FCA34C20681E
:10B8900000F5B470FEF794FD206847F6FF7100F5DF
:10B8A000B4700AF04DFD20689E4B198800F5B47005
:10B8B0000AF07CFC2068FF2100F5B4700AF081FCDE
:10B8C000266806F5B476964BDC68204607F028FE1D
:10B8D000C0EB0010EF2801F3998501242146304682
:10B8E0000AF01CFC214630460AF024FC8B4C2068F0
:10B8F00000F5AC70FEF764FD246804F5AC74884B69
:10B90000DE68304607F00CFEEF2801F38F85012139
:10B9100020460AF07EFC814C2068834B198800F594
:10B92000AC700AF065FC2068032100F5AC700AF0E9
:10B9300076FC206800F5B870FEF742FD2068794B70
:10B94000198800F5B8700AF053FC246804F5B8743F
:10B95000734BDE68304607F0E3FD4000EF2801F34B
:10B960007285012120460AF054FC6C4B1C6804F5DA
:10B97000B8746B4BDE68304607F0D2FDEF2801F358
:10B9800070850121494209B220460AF0F7FB634C59
:10B990002068042100F5B8700AF041FC20684FF4DB
:10B9A000C87100F5B8700AF0E3FC206800F5BC70BF
:10B9B000FEF706FD246804F5BC74594B1B6A13F0AE
:10B9C000010F01F05B850221122008F0C9FC01463D
:10B9D00020460AF098FC514C206800F5C070FEF734
:10B9E000EFFC266806F5C076504B1B78012B01F062
:10B9F0004C85022B01F06685494BDC68204607F038
:10BA00008FFD00EB80004000EF2801F378850124D2
:10BA1000214630460AF0B2FB214630460AF0B4FB1C
:10BA2000214630460AF09EFB214630460AF0A0FB34
:10BA30003A4B1E6806F5C0763C4B1B78012B01F093
:10BA40006E85022B01F08A85354BDC68204607F0B5
:10BA500067FD00EB80004000EF2801F39E85012484
:10BA600004EBD4746410214630460AF093FB21465F
:10BA700030460AF095FB294C206800F5C470FEF7AB
:10BA80009FFC246804F5C474254BDE68304607F03B
:10BA900047FDEF2801F39185012120460AF0B9FB0B
:10BAA0001E4C2068204B198800F5C4700AF0A0FBDA
:10BAB00020681F4B198800F5C4700AF077FB2068D6
:10BAC000332100F5C4700AF07CFB206800F5C870D3
:10BAD000FEF776FC266806F5C876144B1B78012B1A
:10BAE00001F07C85022B01F096850D4BDC68204629
:10BAF00007F016FD00EB80004000EF2801F3A88559
:10BB00000124214630460AF039FB214630460AF02E
:10BB10003BFB024B1C6804F5C8740BE014D00020FA
:10BB2000F0CF0020E8CF0020E0CF0020EECF0020B3
:10BB3000E4CF0020C24B1B78012B01F09985022B2A
:10BB400001F0B385BF4BDE68304607F0E9FC00EB3F
:10BB500080004000EF2801F3C585012120460AF04E
:10BB600001FBB94B1C6804F5C874B54B1B78012B5D
:10BB700001F0C885022B01F0DE85B24BDE6830464D
:10BB800007F0CEFC4000EF2801F3F28501212046AA
:10BB90000AF0EEFAAC4B1E6806F5C876A84B1B7887
:10BBA000012B01F0F385022B01F00D86A54BDC681B
:10BBB000204607F0B5FC00EB80004000EF2801F3C1
:10BBC0001F860124214630460AF0E4FA2146304619
:10BBD0000AF0E6FA9C4C206800F5CC70FEF7F0FB0A
:10BBE000246804F5CC74974BDE68304607F098FC67
:10BBF00000EB80004000EF2801F31286012120466F
:10BC00000AF06AFB904C206800F5FC70FEF7D8FB48
:10BC1000266806F5FC768B4BDC68204607F080FC36
:10BC20008000EF2801F30C860124214630460AF0FB
:10BC3000A5FA214630460AF0A7FA214630460AF016
:10BC400091FA214630460AF093FA7F4C206800F5BD
:10BC5000F870FEF7B5FB206842F2640100F5F87059
:10BC60000AF062FA206800F50070FEF7A9FB26686A
:10BC700006F50076122008F039FB014630460AF03E
:10BC800095FA20687F2100F500700AF09AFA206882
:10BC900000F50270FEF794FB2068002100F50270A9
:10BCA0000AF0E6FA246804F50274654B1B78032B4E
:10BCB00001F0D485012B01F0EC85624BDE68304643
:10BCC00007F02EFCC000EF2801F30086012120467A
:10BCD0000AF036FB5C4C206800F50E70FEF770FB36
:10BCE000584E2068318A00F50E700AF081FA2468F7
:10BCF00004F50E74F668304607F012FC4000EF2899
:10BD000001F3F2850121490009B220460AF081FAC7
:10BD10004D4C2068012100F50E700AF080FA206871
:10BD200000F50C70FEF74CFB246804F50C74454BD1
:10BD3000DE68304607F0F4FB4000EF2801F3E285AF
:10BD40000121494209B220460AF08CFA3E4C206893
:10BD500000F50470FEF734FB266806F50476384BD0
:10BD60001B78012B01F0E085022B01F0FA85354BA1
:10BD7000DC68204607F0D4FB0001EF2801F30E86B3
:10BD80000124214630460AF0F9F9214630460AF0EE
:10BD9000FBF92D4C266806F50476002130460AF0A2
:10BDA000E1F9002130460AF0E3F9266806F5047649
:10BDB000002130460AF0EEF9002130460AF0F0F991
:10BDC0002068012100F504700AF0C0FA206800F52F
:10BDD0000670FEF7F5FA246804F50674194BDE6860
:10BDE000304607F09DFBEF2801F3E6850121204650
:10BDF0000AF00FFA144C2068144B198800F50670ED
:10BE00000AF0F6F92068012100F506700AF007FA39
:10BE1000266806F506760A4B1B78012B01F0D985BA
:10BE2000022B01F0F385074BDC68204607F078FB16
:10BE300000EB80004000EF2801F30586012407E0B5
:10BE4000EECF0020F0CF002014D00020E0CF002063
:10BE5000214630460AF092F9214630460AF094F91C
:10BE6000214630460AF07EF9214630460AF080F934
:10BE7000CB4B1C6804F50674CA4B1B78012B01F0F0
:10BE8000F285022B01F00C86C74BDE68304607F0C6
:10BE900047FB00EB80004000EF2801F31E860121E4
:10BEA00020460AF07DF9BE4C206800F50870FEF7C8
:10BEB00087FA246804F50874BA4B1B78012B01F04B
:10BEC0001C86022B01F03686B74BDE68304607F041
:10BED00027FB0001EF2801F34A86012120460AF0E2
:10BEE00035F9AF4C206800F51070FEF769FA20684C
:10BEF000FF2100F510700AF064F920684FF0FF315F
:10BF000000F510700AF052F9266806F51076122036
:10BF100008F0ECF9014630460AF059F9206847F676
:10BF2000FF7100F510700AF00BFA246804F5107424
:10BF30009D4BDE68304607F0F3FAC0EB0010EF28A7
:10BF400001F32386012120460AF092F9944C2068DF
:10BF50004FF0FF3100F510700AF09CF9246804F5E9
:10BF60001074914BDE68304607F0DAFA00EB80007F
:10BF7000EF2801F31A86012120460AF085F92DB138
:10BF80002846EAF79FFE884B834202D10020F0F753
:10BF9000E1F9864B01221A70834802B0BDE8F087B0
:10BFA000824B00221A704FF4127008F0B9FD804BDA
:10BFB00018607B4B1860FEF760BA07F083FA07F051
:10BFC00087FAB0F5347FB4BF02220122FEF75EBAD1
:10BFD0000421122008F09EF9764B1880724B1B6AE0
:10BFE00013F0010F7EF466AA0421122008F0B8F9BC
:10BFF000714B1880FEF764BA704BFF221A705A70AA
:10C000000221122008F086F96D4B1880FEF766BAFF
:10C01000122008F06BF90146FEF79BBA204607F0A4
:10C020007FFAC0EBC00000F15004664B83FB042391
:10C03000E417C4EBA31424B2FEF7A3BA304607F00A
:10C040006FFA00EB800000F150015E4B83FB01238F
:10C05000C917C1EBA31109B2FEF7B1BA524BDE68A2
:10C06000304607F05DFAC0EBC0004000EF2802DC6C
:10C070000121FEF7E1BA304607F052FAC0EBC000EA
:10C08000410050314F4B83FB0123C917C1EBA31172
:10C0900009B2FEF7D1BA444BDE68304607F040FAE9
:10C0A00000EB40008000EF2802DC0121FEF7C4BA5B
:10C0B000304607F035FA00EB400081005031414B2B
:10C0C00083FB0123C917C1EBA31109B2FEF7B4BA70
:10C0D000304607F025FA00EB800041005031394B23
:10C0E00083FB0123C917C1EBA31109B2FEF7A4BA60
:10C0F0002D4BDE68304607F013FAC0EBC00040005D
:10C10000EF2802DC0121FEF7B0BA304607F008FA4A
:10C11000C0EBC000410050312A4B83FB0123C917FB
:10C12000C1EBA31109B2FEF7A0BA1F4BDE6830467F
:10C1300007F0F6F900EB40008000EF2802DC012157
:10C14000FEF793BA304607F0EBF900EB40008100B0
:10C1500050311C4B83FB0123C917C1EBA31109B25A
:10C16000FEF783BA304607F0DBF900EB80004100B0
:10C170005031144B83FB0123C917C1EBA31109B242
:10C18000FEF773BA084BDE68304607F0C9F900EBDA
:10C1900040008000EF2817DC0121FEF77FBA00BFC6
:10C1A00014D00020EECF0020F0CF0020DCCF002004
:10C1B00084D00020ECCF0020E8CF0020E4CF002086
:10C1C000E0CF002067666666304607F0A9F900EB0D
:10C1D000400081005031C14B83FB0123C917C1EBE3
:10C1E000A31109B2FEF75ABA304607F099F9C10017
:10C1F0005031BA4B83FB0123C917C1EBA31109B21C
:10C20000FEF74CBA304607F08BF941005031B34B82
:10C2100083FB0123C917C1EBA31109B2FEF75FBA73
:10C22000AF4BDC68204607F07BF900EB4000C00014
:10C23000EF2802DC0124FEF775BA204607F070F9FA
:10C2400000EB4000C4005034A44B83FB0423E417EC
:10C25000C4EBA31424B2FEF765BAA14BDC682046F8
:10C2600007F05EF900EB80008000EF2802DC01247B
:10C27000FEF758BA204607F053F900EB800084001F
:10C280005034964B83FB0423E417C4EBA31424B26D
:10C29000FEF748BA204607F043F9040150348F4BAB
:10C2A00083FB0423E417C4EBA31424B2FEF73ABAC9
:10C2B0008B4BDE68304607F033F9C0EBC00040001E
:10C2C000EF2802DC0121FEF770BA304607F028F9AA
:10C2D000C0EBC00041005031804B83FB0123C917E4
:10C2E000C1EBA31109B2FEF760BA7D4BDE683046A0
:10C2F00007F016F900EB40008000EF2802DC012176
:10C30000FEF753BA304607F00BF900EB400081000E
:10C310005031724B83FB0123C917C1EBA31109B242
:10C32000FEF743BA304607F0FBF800EB800041000F
:10C3300050316A4B83FB0123C917C1EBA31109B22A
:10C34000FEF733BA664BDE68304607F0E9F8C0EB1B
:10C35000C0004000EF2802DC0121FEF740BA304661
:10C3600007F0DEF8C0EBC000410050315B4B83FBAF
:10C370000123C917C1EBA31109B2FEF730BA584B1C
:10C38000DE68304607F0CCF800EB40008000EF2874
:10C3900002DC0121FEF723BA304607F0C1F800EBBA
:10C3A0004000810050314D4B83FB0123C917C1EB85
:10C3B000A31109B2FEF713BA304607F0B1F800EB4B
:10C3C000800041005031454B83FB0123C917C1EB6D
:10C3D000A31109B2FEF703BA304607F0A1F85030B6
:10C3E0003E4B83FB0023C117C1EBA31109B2FEF73B
:10C3F0000EBA304607F094F800EB400000F150010F
:10C40000364B83FB0123C917C1EBA31109B2FEF719
:10C4100018BA304607F084F800EB400000F15001F4
:10C420002E4B83FB0123C917C1EBA31109B2FEF701
:10C4300019BA304607F074F800EB400000F15001E3
:10C44000264B83FB0123C917C1EBA31109B2FEF7E9
:10C4500028BA234BDE68304607F062F80001EF2867
:10C4600002DC0121FEF73EBA304607F059F801011F
:10C4700050311A4B83FB0123C917C1EBA31109B239
:10C48000FEF730BA164BDE68304607F049F800EB8D
:10C4900040008000EF2802DC0121FEF723BA30467D
:10C4A00007F03EF800EB4000810050310B4B83FB5E
:10C4B0000123C917C1EBA31109B2FEF713BA304625
:10C4C00007F02EF8C1005031044B83FB0123C9173C
:10C4D000C1EBA31109B2FEF705BA00BF6766666635
:10C4E000F0CF0020264624682034122007F0FEFEFC
:10C4F0000146204609F0CEFE34682034002007F0C3
:10C500000FF800EB4000EF281CDC0121204609F069
:10C51000AFFECC4C20687F21203009F0C6FE266893
:10C520002036C94BDF68002006F0FAFF3B2818DCF4
:10C530000124384606F0F4FF04FB00F0EF2823DC6A
:10C5400001241BE0002006F0EBFF00EB400000F1AF
:10C550005001BE4B83FB0123C917C1EBA31109B2E4
:10C56000D4E7002006F0DCFF1430B84B83FB002337
:10C57000C417C4EB231424B2002CDAD12146304670
:10C5800009F07CFEFEF7C3B9384606F0C9FF04FB8C
:10C5900000F35033AD4A82FB0312DB17C3EBA21347
:10C5A0001CB2EBE7A84BDC68204606F0B9FF00EBB5
:10C5B0004000C000EF2802DC0124FEF7C3B920468A
:10C5C00006F0AEFF00EB4000C40050349F4B83FBED
:10C5D0000423E417C4EBA31424B2FEF7B3B99A4BB7
:10C5E000DC68204606F09CFF00EB80008000EF280E
:10C5F00002DC0124FEF7A6B9204606F091FF00EB0D
:10C60000800084005034914B83FB0423E417C4EB77
:10C61000A31424B2FEF796B9204606F081FF040168
:10C6200050348A4B83FB0423E417C4EBA31424B2D5
:10C63000FEF788B9844BDC68204606F071FFC0EB3A
:10C64000C0004000EF2802DC0124FEF79AB9204622
:10C6500006F066FFC0EBC000440050347B4B83FB08
:10C660000423E417C4EBA31424B2FEF78AB9764B73
:10C67000DC68204606F054FF00EB40008000EF2805
:10C6800002DC0124FEF77DB9204606F049FF00EBED
:10C690004000840050346D4B83FB0423E417C4EB4B
:10C6A000A31424B2FEF76DB9204606F039FF00EB63
:10C6B000800044005034654B83FB0423E417C4EB33
:10C6C000A31424B2FEF75DB9304606F029FF00EB53
:10C6D000800000F150015D4B83FB0123C917C1EBC2
:10C6E000A31109B2FEF763B9304606F019FF00EB5B
:10C6F000800000F15001554B83FB0123C917C1EBAA
:10C70000A31109B2FEF764B94F4BDC68204606F06E
:10C7100007FF00EB4000C000EF2802DC0124FEF719
:10C72000A3B9204606F0FCFE00EB4000C4005034E4
:10C73000464B83FB0423E417C4EBA31424B2FEF797
:10C7400093B9414BDC68204606F0EAFE00EB80001E
:10C750008000EF2802DC0124FEF786B9204606F0AF
:10C76000DFFE00EB800084005034384B83FB042351
:10C77000E417C4EBA31424B2FEF776B9204606F002
:10C78000CFFE04015034314B83FB0423E417C4EB88
:10C79000A31424B2FEF768B92B4BDE68304606F0CE
:10C7A000BFFE00EB4000C000EF2802DC0121FEF7D5
:10C7B00093B9304606F0B4FE00EB4000C1005031A2
:10C7C000224B83FB0123C917C1EBA31109B2FEF76A
:10C7D00083B91D4BDE68304606F0A2FE00EB8000F8
:10C7E0008000EF2802DC0121FEF776B9304606F022
:10C7F00097FE00EB800081005031144B83FB012336
:10C80000C917C1EBA31109B2FEF766B9304606F0AD
:10C8100087FE010150310D4B83FB0123C917C1EB8A
:10C82000A31109B2FEF758B9074BDE68304606F08F
:10C8300077FE00EB4000C000EF2809DC0121FEF785
:10C8400063B900BF14D00020F0CF00206766666691
:10C85000304606F065FE00EB4000C1005031D34B7E
:10C8600083FB0123C917C1EBA31109B2FEF74CB931
:10C87000CF4BDE68304606F053FE00EB80008000B0
:10C88000EF2802DC0121FEF73FB9304606F048FEF2
:10C8900000EB800081005031C44B83FB0123C9179A
:10C8A000C1EBA31109B2FEF72FB9304606F038FEEE
:10C8B00001015031BD4B83FB0123C917C1EBA3110B
:10C8C00009B2FEF721B9BA4BDC68204606F028FE13
:10C8D000C0EBC0004000EF2802DC0124FEF732B9B3
:10C8E000204606F01DFEC0EBC00044005034AF4BA4
:10C8F00083FB0423E417C4EBA31424B2FEF722B98C
:10C90000AB4BDC68204606F00BFE00EB40008000DD
:10C91000EF2802DC0124FEF715B9204606F000FEE0
:10C9200000EB400084005034A04B83FB0423E41749
:10C93000C4EBA31424B2FEF705B9204606F0F0FDBF
:10C9400000EB800044005034984B83FB0423E41731
:10C95000C4EBA31424B2FEF7F5B8954BDC6820466F
:10C9600006F0DEFDC0EBC0004000EF2802DC012431
:10C97000FEF70FB9204606F0D3FDC0EBC00044001F
:10C9800050348A4B83FB0423E417C4EBA31424B272
:10C99000FEF7FFB8864BDC68204606F0C1FD00EBD1
:10C9A00040008000EF2802DC0124FEF7F2B82046A8
:10C9B00006F0B6FD00EB4000840050347B4B83FB57
:10C9C0000423E417C4EBA31424B2FEF7E2B8204614
:10C9D00006F0A6FD00EB800044005034734B83FB4F
:10C9E0000423E417C4EBA31424B2FEF7D2B83046F4
:10C9F00006F096FD00EB8000410050316B4B83FB4D
:10CA00000123C917C1EBA31109B2FEF7DDB8304607
:10CA100006F086FD00EB800041005031634B83FB44
:10CA20000123C917C1EBA31109B2FEF7DFB83046E5
:10CA300006F076FD00EB8000810050315B4B83FBFC
:10CA40000123C917C1EBA31109B2FEF7E5B8584B92
:10CA5000DC68204606F064FDC000EF2802DC0124FB
:10CA6000FEF71FB9204606F05BFDC00050304F4B6B
:10CA700083FB0023C417C4EBA31424B2FEF711B93F
:10CA80004B4BDC68204606F04BFD00EB40004000BD
:10CA9000EF2802DC0124FEF704B9204606F040FD31
:10CAA00000EB400044005034404B83FB0423E41768
:10CAB000C4EBA31424B2FEF7F4B8204606F030FD10
:10CAC00044005034394B83FB0423E417C4EBA31414
:10CAD00024B2FEF7E6B8364BDE68304606F020FD9D
:10CAE000C000EF2802DC0121FEF700B9304606F055
:10CAF00017FDC10050312D4B83FB0123C917C1EB3A
:10CB0000A31109B2FEF7F2B8294BDE68304606F0F1
:10CB100007FD00EB40004000EF2802DC0121FEF79A
:10CB2000E5B8304606F0FCFC00EB40004100503117
:10CB30001E4B83FB0123C917C1EBA31109B2FEF7FA
:10CB4000D5B8304606F0ECFC41005031174B83FB62
:10CB50000123C917C1EBA31109B2FEF7C7B8144BE3
:10CB6000DE68304606F0DCFCC000EF2802DC012164
:10CB7000FEF7D4B8304606F0D3FCC10050310B4B61
:10CB800083FB0123C917C1EBA31109B2FEF7C6B895
:10CB9000074BDE68304606F0C3FC00EB4000400067
:10CBA000EF2807DC0121FEF7B9B800BF67666666AB
:10CBB000F0CF0020304606F0B3FC00EB400041000F
:10CBC0005031D34B83FB0123C917C1EBA31109B229
:10CBD000FEF7A4B8304606F0A3FC41005031CC4B20
:10CBE00083FB0123C917C1EBA31109B2FEF796B865
:10CBF000304606F095FC00EB400000F15001C44BBC
:10CC000083FB0123C917C1EBA31109B2FEF731B9A8
:10CC1000304606F085FC00EB400000F15001BC4BB3
:10CC200083FB0123C917C1EBA31109B2FEF732B987
:10CC3000204606F075FC00EB400044005034B44B35
:10CC400083FB0423E417C4EBA31424B2FEF742B918
:10CC5000304606F065FCC0EB001000F15001AC4B13
:10CC600083FB0123C917C1EBA31109B2FEF775B904
:10CC7000204606F055FC00EB400000F15004A44BA8
:10CC800083FB0423E417C4EBA31424B2FEF799B981
:10CC9000304606F045FC410050319D4B83FB01239B
:10CCA000C917C1EBA31109B2FEF7A9B9994BDE6808
:10CCB000304606F035FC00EB40008000EF2805DC34
:10CCC000012101EBD1714910FEF7C6B9304606F0DB
:10CCD00027FC00EB4000810050318D4B83FB01238A
:10CCE000C917C1EBA31109B2EBE7304606F018FCF7
:10CCF000C1005031864B83FB0123C917C1EBA3113F
:10CD000009B2FEF7A6B9204606F00AFC84005034AA
:10CD10007F4B83FB0423E417C4EBA31424B2FEF778
:10CD2000C9B9304606F0FCFB00EB800041005031F1
:10CD3000774B83FB0123C917C1EBA31109B2FEF79F
:10CD40000FBA304606F0ECFB00EB400000F150015A
:10CD50006F4B83FB0123C917C1EBA31109B2FEF787
:10CD60001DBA304606F0DCFB00EB400000F150013C
:10CD7000674B83FB0123C917C1EBA31109B2FEF76F
:10CD80001FBA204606F0CCFBC4005034604B83FB36
:10CD90000423E417C4EBA31424B2FEF722BA3046EE
:10CDA00006F0BEFB41005031594B83FB0123C917EC
:10CDB000C1EBA31109B2FEF72ABA204606F0B0FB78
:10CDC000C4005034524B83FB0423E417C4EBA31478
:10CDD00024B2FEF739BA304606F0A2FB50304C4B75
:10CDE00083FB0023C117C1EBA31109B2FEF752BAAE
:10CDF000204606F095FB44005034454B83FB04234A
:10CE0000E417C4EBA31424B2FEF75CBA414BDE680E
:10CE1000304606F085FB00EB40008000EF2802DC86
:10CE20000121FEF7B6BA304606F07AFB00EB40006F
:10CE300081005031364B83FB0123C917C1EBA3118D
:10CE400009B2FEF7A6BA304606F06AFBC1005031BF
:10CE50002F4B83FB0123C917C1EBA31109B2FEF7C6
:10CE600098BA2C4BDC68204606F05AFBC0EBC00099
:10CE70004000EF2802DC0124FEF7C5BA204606F088
:10CE80004FFBC0EBC00044005034214B83FB042314
:10CE9000E417C4EBA31424B2FEF7B5BA1D4BDC684B
:10CEA000204606F03DFB00EB40008000EF2802DC4E
:10CEB0000124FEF7A8BA204606F032FB00EB400042
:10CEC00084005034124B83FB0423E417C4EBA314F7
:10CED00024B2FEF798BA204606F022FB00EB800051
:10CEE000440050340A4B83FB0423E417C4EBA3141F
:10CEF00024B2FEF788BA074BDC68204606F010FB28
:10CF0000C0EBC0004000EF2806DC0124FEF79BBA0E
:10CF100067666666F0CF0020204606F001FBC0EB96
:10CF2000C00044005034D44B83FB0423E417C4EB0B
:10CF3000A31424B2FEF787BAD04BDC68204606F073
:10CF4000EFFA00EB40008000EF2802DC0124FEF73E
:10CF50007ABA204606F0E4FA00EB40008400503430
:10CF6000C54B83FB0423E417C4EBA31424B2FEF7E0
:10CF70006ABA204606F0D4FA00EB80004400503430
:10CF8000BD4B83FB0423E417C4EBA31424B2FEF7C8
:10CF90005ABABA4BDC68204606F0C2FAC0EBC000B1
:10CFA0004000EF2802DC0124FEF77ABA204606F0A2
:10CFB000B7FAC0EBC00044005034AF4B83FB0423EE
:10CFC000E417C4EBA31424B2FEF76ABAAB4BDC68D7
:10CFD000204606F0A5FA00EB40008000EF2802DCB6
:10CFE0000124FEF75DBA204606F09AFA00EB4000F5
:10CFF00084005034A04B83FB0423E417C4EBA31438
:10D0000024B2FEF74DBA204606F08AFA00EB800003
:10D0100044005034984B83FB0423E417C4EBA3145F
:10D0200024B2FEF73DBA304606F07AFA5030924B01
:10D0300083FB0023C117C1EBA31109B2FEF745BA68
:10D04000304606F06DFA50308B4B83FB0023C1173E
:10D05000C1EBA31109B2FEF77EBA884BDC6820460B
:10D0600006F05EFAC0EBC0004000EF2802DC0124AD
:10D07000FEF7C7BA204606F053FAC0EBC0004400E2
:10D0800050347D4B83FB0423E417C4EBA31424B278
:10D09000FEF7B7BA794BDC68204606F041FA00EBA0
:10D0A00040008000EF2802DC0124FEF7AABA2046E7
:10D0B00006F036FA00EB4000840050346E4B83FBE0
:10D0C0000423E417C4EBA31424B2FEF79ABA204653
:10D0D00006F026FA00EB800044005034664B83FBD8
:10D0E0000423E417C4EBA31424B2FEF78ABA634BFB
:10D0F000DC68204606F014FAC000EF2802DC0124A8
:10D10000FEF79DBA204606F00BFAC00050305A4B8D
:10D1100083FB0023C417C4EBA31424B2FEF78FBA19
:10D12000564BDC68204606F0FBF900EB400040005F
:10D13000EF2802DC0124FEF782BA204606F0F0F95F
:10D1400000EB4000440050344B4B83FB0423E417B6
:10D15000C4EBA31424B2FEF772BA204606F0E0F93D
:10D1600044005034444B83FB0423E417C4EBA31462
:10D1700024B2FEF764BA414BDC68204606F0D0F9D1
:10D18000C0EBC0004000EF2802DC0124FEF777BAB4
:10D19000204606F0C5F9C0EBC00044005034364BC1
:10D1A00083FB0423E417C4EBA31424B2FEF767BA8D
:10D1B000324BDC68204606F0B3F900EB40008000FB
:10D1C000EF2802DC0124FEF75ABA204606F0A8F93F
:10D1D00000EB400084005034274B83FB0423E4170A
:10D1E000C4EBA31424B2FEF74ABA204606F098F91D
:10D1F00000EB8000440050341F4B83FB0423E417F2
:10D20000C4EBA31424B2FEF73ABA1C4BDC682046E8
:10D2100006F086F9C000EF2802DC0124FEF752BABE
:10D22000204606F07DF9C0005030134B83FB0023ED
:10D23000C417C4EBA31424B2FEF744BA0F4BDC6846
:10D24000204606F06DF900EB40004000EF2802DCBC
:10D250000124FEF737BA204606F062F900EB4000E1
:10D2600044005034044B83FB0423E417C4EBA314A1
:10D2700024B2FEF727BA00BF67666666F0CF0020CB
:10D28000204606F04DF944005034D24B83FB042372
:10D29000E417C4EBA31424B2FEF714BACE4BDC6837
:10D2A000204606F03DF9C000EF2802DC0124FEF71D
:10D2B00027BA204606F034F9C0005030C54B83FB36
:10D2C0000023C417C4EBA31424B2FEF719BAC24B4F
:10D2D000DC68204606F024F900EB40004000EF280F
:10D2E00002DC0124FEF70CBA204606F019F900EB27
:10D2F000400044005034B74B83FB0423E417C4EBD5
:10D30000A31424B2FEF7FCB9204606F009F9440044
:10D310005034B04B83FB0423E417C4EBA31424B2B2
:10D32000FEF7EEB9AC4BDC68204606F0F9F8C00019
:10D33000EF2802DC0124FEF759BA204606F0F0F887
:10D34000C0005030A34B83FB0023C417C4EBA314CD
:10D3500024B2FEF74BBAA04BDC68204606F0E0F89A
:10D3600000EB40004000EF2802DC0124FEF73EBA4B
:10D37000204606F0D5F800EB400044005034954BB1
:10D3800083FB0423E417C4EBA31424B2FEF72EBAE4
:10D39000204606F0C5F8440050348E4B83FB04232E
:10D3A000E417C4EBA31424B2FEF720BA304606F00B
:10D3B000B7F800EB800000F15001864B83FB01239E
:10D3C000C917C1EBA31109B2FEF72CBA204606F02B
:10D3D000A7F800EB8000840050347E4B83FB0423CD
:10D3E000E417C4EBA31424B2FEF736BA304606F0B5
:10D3F00097F8C0EB001000F15001764B83FB01233E
:10D40000C917C1EBA31109B2FEF73DBA204606F0D9
:10D4100087F8C0EB001000F150046E4B83FB04232F
:10D42000E417C4EBA31424B2FEF758BA304606F052
:10D4300077F85030674B83FB0023C117C1EBA31172
:10D4400009B2FEF765BA304606F06AF8410050317D
:10D45000604B83FB0123C917C1EBA31109B2FEF78F
:10D4600081BA304606F05CF850305A4B83FB0023FB
:10D47000C117C1EBA31109B2FEF784BA0121122032
:10D4800006F048FF0146FEF7A3BA534BDC6820467E
:10D4900006F046F8C0EBC0004000EF2802DC012493
:10D4A000FEF7B6BA204606F03BF8C0EBC0004400D9
:10D4B0005034484B83FB0423E417C4EBA31424B279
:10D4C000FEF7A6BA444BDC68204606F029F800EBCC
:10D4D00040008000EF2802DC0124FEF799BA2046C4
:10D4E00006F01EF800EB400084005034394B83FBFB
:10D4F0000423E417C4EBA31424B2FEF789BA204630
:10D5000006F00EF800EB800044005034314B83FBF2
:10D510000423E417C4EBA31424B2FEF779BA2E4B0C
:10D52000DC68204605F0FCFFC0EBC0004000EF289F
:10D5300005DC012404EBD4746410FEF794BA204691
:10D5400005F0EEFFC0EBC00044005034214B83FBDC
:10D550000423E417C4EBA31424B2EBE71E4BDC68EE
:10D56000204605F0DDFF00EB40008000EF2805DCE1
:10D57000012404EBD4746410FEF775BA204605F05C
:10D58000CFFF00EB400084005034124B83FB042398
:10D59000E417C4EBA31424B2EBE7204605F0C0FF68
:10D5A00000EB8000440050340A4B83FB0423E41753
:10D5B000C4EBA31424B2FEF753BA304605F0B0FF13
:10D5C0005030044B83FB0023C117C1EBA31109B2F8
:10D5D000FEF763BA67666666F0CF0020D04BDC6862
:10D5E000204605F09DFFC0EBC0004000EF2802DCA4
:10D5F0000124FEF786BA204605F092FFC0EBC0007A
:10D6000044005034C74B83FB0423E417C4EBA3143A
:10D6100024B2FEF776BAC24BDC68204605F080FFE4
:10D6200000EB40008000EF2802DC0124FEF769BA1D
:10D63000204605F075FF00EB400084005034B94BE4
:10D6400083FB0423E417C4EBA31424B2FEF759BAF6
:10D65000204605F065FF00EB800044005034B14BDC
:10D6600083FB0423E417C4EBA31424B2FEF749BAE6
:10D67000AB4BDE68304605F053FFC0EBC000400006
:10D68000EF2802DC0121FEF769BA304605F048FFB9
:10D69000C0EBC00041005031A24B83FB0123C917EE
:10D6A000C1EBA31109B2FEF759BA9D4BDE683046B3
:10D6B00005F036FF00EB40008000EF2802DC01217E
:10D6C000FEF74CBA304605F02BFF00EB400081001E
:10D6D0005031944B83FB0123C917C1EBA31109B24D
:10D6E000FEF73CBA304605F01BFF00EB800041001E
:10D6F00050318C4B83FB0123C917C1EBA31109B235
:10D70000FEF72CBA864BDE68304605F009FFC000F4
:10D71000EF2802DC0121FEF73ABA304605F000FF9F
:10D72000C10050317F4B83FB0123C917C1EBA3110B
:10D7300009B2FEF72CBA7A4BDE68304605F0F0FEEF
:10D7400000EB40004000EF2802DC0121FEF71FBA89
:10D75000304605F0E5FE00EB400041005031714BD2
:10D7600083FB0123C917C1EBA31109B2FEF70FBA5E
:10D77000304605F0D5FE410050316A4B83FB012352
:10D78000C917C1EBA31109B2FEF701BA644BDC68FB
:10D79000204605F0C5FEC0EBC0004000EF2802DCCB
:10D7A0000124FEF70FBA204605F0BAFEC0EBC00018
:10D7B000440050345B4B83FB0423E417C4EBA314F5
:10D7C00024B2FEF7FFB9564BDC68204605F0A8FEF0
:10D7D00000EB40008000EF2802DC0124FEF7F2B9E4
:10D7E000204605F09DFE00EB4000840050344D4B78
:10D7F00083FB0423E417C4EBA31424B2FEF7E2B9BD
:10D80000204605F08DFE00EB800044005034454B6F
:10D8100083FB0423E417C4EBA31424B2FEF7D2B9AC
:10D82000304605F07DFE00EB8000410050313D4B5D
:10D8300083FB0123C917C1EBA31109B2FEF7DFB9BE
:10D84000204605F06DFE84005034364B83FB0423E4
:10D85000E417C4EBA31424B2FEF7E7B9304BDE683B
:10D86000304605F05DFEC000EF2805DC012101EB2C
:10D87000D1714910FEF72BBA304605F051FEC100B8
:10D880005031284B83FB0123C917C1EBA31109B207
:10D89000EDE7234BDE68304605F042FE00EB40002A
:10D8A0008000EF2802DC0121FEF711BA304605F0B6
:10D8B00037FE00EB4000810050311A4B83FB0123FF
:10D8C000C917C1EBA31109B2FEF701BA304605F042
:10D8D00027FEC1005031134B83FB0123C917C1EB55
:10D8E000A31109B2FEF7F3B9304605F019FE410065
:10D8F00050310C4B83FB0123C917C1EBA31109B2B3
:10D90000FEF701BA304605F00BFE41005031054BE1
:10D9100083FB0123C917C1EBA31109B2FEF711BAAA
:10D92000F0CF002067666666A84BDC68204605F0ED
:10D93000F7FD00EB4000C000EF2802DC0124FEF7F9
:10D9400020BA204605F0ECFD00EB4000C400503446
:10D950009F4B83FB0423E417C4EBA31424B2FEF70C
:10D9600010BA9A4BDC68204605F0DAFD00EB800027
:10D970008000EF2802DC0124FEF703BA204605F000
:10D98000CFFD00EB800084005034914B83FB0423D7
:10D99000E417C4EBA31424B2FEF7F3B9204605F054
:10D9A000BFFD040150348A4B83FB0423E417C4EB0E
:10D9B000A31424B2FEF7E5B9304605F0B1FD5030AE
:10D9C000834B83FB0023C117C1EBA31109B2FEF700
:10D9D0000EBA7E4BDC68204605F0A2FDC0EBC0000D
:10D9E0004000EF2802DC0124FEF732BA204605F0A1
:10D9F00097FDC0EBC00044005034754B83FB0423FB
:10DA0000E417C4EBA31424B2FEF722BA6F4BDC6810
:10DA1000204605F085FD00EB40008000EF2802DC89
:10DA20000124FEF715BA204605F07AFD00EB400010
:10DA300084005034664B83FB0423E417C4EBA31427
:10DA400024B2FEF705BA204605F06AFD00EB80001F
:10DA5000440050345E4B83FB0423E417C4EBA3144F
:10DA600024B2FEF7F5B9594BDE68304605F058FD93
:10DA7000C0EBC0004000EF2802DC0121FEF710BA25
:10DA8000304605F04DFDC0EBC00041005031504B19
:10DA900083FB0123C917C1EBA31109B2FEF700BA3A
:10DAA0004A4BDE68304605F03BFD00EB400080004D
:10DAB000EF2802DC0121FEF7F3B9304605F030FD16
:10DAC00000EB400081005031414B83FB0123C9171B
:10DAD000C1EBA31109B2FEF7E3B9304605F020FD12
:10DAE00000EB800041005031394B83FB0123C91703
:10DAF000C1EBA31109B2FEF7D3B9344BDE6830464F
:10DB000005F00EFD00EB4000C000EF2802DC012113
:10DB1000FEF7E4B9304605F003FD00EB4000C1001C
:10DB200050312B4B83FB0123C917C1EBA31109B261
:10DB3000FEF7D4B9254BDE68304605F0F1FC00EB6A
:10DB400080008000EF2802DC0121FEF7C7B93046D3
:10DB500005F0E6FC00EB8000810050311C4B83FB9C
:10DB60000123C917C1EBA31109B2FEF7B7B93046BB
:10DB700005F0D6FC01015031154B83FB0123C91779
:10DB8000C1EBA31109B2FEF7A9B9304605F0C8FCF4
:10DB9000C0EB001000F150010D4B83FB0123C917AE
:10DBA000C1EBA31109B2FEF7CEB9304605F0B8FCBF
:10DBB00000EB800000F15001054B83FB0123C917E6
:10DBC000C1EBA31109B2FEF7D7B900BFF0CF002017
:10DBD00067666666034B1B68002B034808BF184640
:10DBE000704700BF84D00020F0CF0020024B18689F
:10DBF000003818BF0120704784D000204B1E18D475
:10DC00000B2BC4BF0130A1F10D03012B15D0194915
:10DC100081FB03211944DA17C2EBA102C2EBC20255
:10DC20009B1A03F0010048BF4042C0F11F00C0B280
:10DC30007047013801F10B03E7E710F0030F13D130
:10DC40000D4AA2FB00125209642101FB120262B9C3
:10DC5000094BA3FB0023DB094FF4C87202FB13003E
:10DC6000B0FA80F35B0900E0002303F11C00C0B2AE
:10DC7000704700BF932449921F85EB51022994BF3E
:10DC800001230023A0EB030303EB020000EB93004E
:10DC90000F4AA2FB032300EBD310A0EB531094BF59
:10DCA0000C2300231944C1EB41113E39094BA3FB5E
:10DCB000013100EBD100084BA3FB0023C21A03EB98
:10DCC00052039B08C3EBC303C01AC0B2704700BF26
:10DCD0001F85EB51ABAAAAAA2549922470B5044628
:10DCE000E9F770FA05462046E9F774FA436BB3F595
:10DCF000A02F00D070BD0446816B062922D802698E
:10DD00000023D370026982F822304FF40042218F41
:10DD100028460BF0C9FC40BB4FF48042218F2846B7
:10DD20000BF0C2FC0028E5D02369FF2283F82220F3
:10DD300026692846F0F7AAFCF0832269138C013388
:10DD40001384D7E7402289B228460BF0ADFC0028A7
:10DD5000DBD022690023D370226982F82230666901
:10DD6000122006F0C3FAB081CFE723696622DA7089
:10DD700026692846F0F78AFCB08028460BF05CFC48
:10DD8000A36B9842C8D12369B222DA70C4E770B598
:10DD900004464FF44041406A0BF0E6FB012294F93F
:10DDA0002E10A08DFFF76AFF0646236B0BB3A38EE0
:10DDB000FBB1002504E00135A28EABB29A4218D91E
:10DDC000236B03EB850133F82520A38D9A42F2D112
:10DDD00091F9022094F92E309A42ECD191F9031076
:10DDE000B31D19444FF4004289B2606A0BF0CEFBB8
:10DDF000E1E7E36AA26A534033F07F4300D070BD8D
:10DE000094F92B300633F1184FF4804289B2606ADE
:10DE10000BF0BCFBF3E700002DE9F04F83B00446A4
:10DE20000F46818553B2009380F82E30012380F88D
:10DE30002F304021406A0BF097FB002540263246E8
:10DE4000A9B2606A0BF0A2FB0135072DF7D1BBB276
:10DE50001D460193009E31461846FFF7CFFE074648
:10DE6000012231462846FFF709FF80460744B842A1
:10DE700016D200F1460604EB86060546C0F1010BFA
:10DE8000DFF800A14FF004090BEB0503DBB25246AB
:10DE90004946304607F084FE01350436BD42F3D3CF
:10DEA000009B591E0198FFF7A9FEC8F10103184411
:10DEB0005FFA80FBB8F1000F18D004F58C760025CE
:10DEC0004FF0040A4FF040090BEB0503DBB22D4A7B
:10DED0005146304607F064FEE91D4A4689B2606A41
:10DEE0000BF054FB01350436A845EDD1292F1BD882
:10DEF00007F1460504EB850504F5E07B0126DFF814
:10DF000084A04FF004090637334652464946284656
:10DF100007F046FEB919402289B2606A0BF036FB61
:10DF2000043501365D45EFD12046FFF730FF606ACA
:10DF30000BF082FB4FF6FF7398420AD12046EBF7B5
:10DF400032FC2046EFF731F80646C0B100251C2709
:10DF500009E008F1070189B2606A0BF0C9FAEDE740
:10DF60000135AE420BD029462046EFF709F8636A27
:10DF70008342F5D022463946E9F702F9F0E703B0CB
:10DF8000BDE8F08F8C540308F8B50D4640F2E472FA
:10DF90000A85012381F82A3081F82B308A8581F89F
:10DFA0002E3081F82F3000240C638C86A82105F5D3
:10DFB0008C7007F028F805F13802234620462A4ED7
:10DFC0004FF0780C294F0EE0062915D900F14604D0
:10DFD00005F824C005EB840414600130C0B201339D
:10DFE0000432382B0ED013F0FF0105D05C1C14F066
:10DFF000070FE9D11760F2E756F8231042F8041B27
:10E000000133F0E71A4BC5F8143128460BF0DCF861
:10E01000686205F138010BF0E3F84FF40871686AA3
:10E020000BF0F8FA00231A221249686AE9F7EAF8B5
:10E0300042F26401686AEBF765F801212846FAF7B5
:10E0400087FB0121686AFAF7D3FB95F92E20A98D89
:10E050002846FFF7E1FE2846FFF799FE4FF480417E
:10E06000686AEAF78FFAF8BD28B3040890540308E9
:10E0700078540308DDDC01082C307047F8B50C46F5
:10E0800000212046EFF7E6F800212046FAF760FB72
:10E090000023022219462046FAF786FB20460AF0A2
:10E0A00029FD054600222849EEF7D3FE42F264011D
:10E0B0002846EBF73EF82846ECF706FA2846EBF739
:10E0C0002DF9064601462846EBF71CF81F4F0023A2
:10E0D000072239462846E9F795F804212846E9F74A
:10E0E000CBFF20460DF0FEFC054603210EF092FA10
:10E0F000002202212846EEF7F8FE01212846FAF711
:10E1000077FB20460AF0F6FC054600221049EEF7A0
:10E11000A0FE324631462846EBF722F800230722BC
:10E1200039462846E9F76EF804212846E9F7A4FFA6
:10E1300000231C2207492046E9F764F800221C212D
:10E140002046E9F71DF8F8BDB054030891E1010835
:10E15000B454030859E1010838B5E9F733F8054626
:10E16000EEF70AFFFFF788FF044601212846EEF785
:10E1700007FF94F90230013B034A52F8233022880A
:10E1800002490EF004FA38BD60B30408B85403081D
:10E190002DE9F041E9F716F88046EEF7EDFE054669
:10E1A000EEF7EAFE0746FFF767FF068890F90240A0
:10E1B00000212846EEF7E4FE804516D00C2C1DD039
:10E1C000013464B2224631463846FFF725FE01216C
:10E1D0002846EEF7D5FE013C0A4B53F82430324670
:10E1E00009490EF0D4F9BDE8F081012C02D0013CC0
:10E1F00064B2E7E7013EB6B20C24E3E70136B6B2FB
:10E200000124DFE760B30408B854030870B50C4676
:10E210000846EEF7B1FE064600212046EFF71AF851
:10E2200000212046FAF794FA20460CF077F90546CB
:10E2300014490CF07FF933461C2213492846E8F7AD
:10E24000E1FF01212846FAF7D3FA20460CF066F9DF
:10E2500005460E490CF06EF933461C220C4928463F
:10E26000E8F7D0FF01212846FAF7C2FA00231C2262
:10E2700008492046E8F7C6FF00221C212046E8F79F
:10E280007FFF70BD2C55030831E301089457030844
:10E2900003E3010899E2010870B5E8F793FF05462A
:10E2A000EEF76AFEFFF7E8FE044600212846EEF787
:10E2B00067FE06460CF0FCF90378303B41783039B4
:10E2C000642202FB01F14FF47A7202FB031183789E
:10E2D000303B03EB830301EB4301C378303B19442C
:10E2E0002388C91A89B230460CF0CCF9012128469E
:10E2F000EEF746FE94F90210013989B20CF0C2F92A
:10E3000070BD38B50546E8F75DFF04462846E8F7D6
:10E3100063FF054620460CF0D3F904462846FFF774
:10E32000ABFE621C52B201882846FFF775FD38BD6E
:10E33000F8B50446E8F746FF07462046E8F74CFFE5
:10E34000044638460CF0BCF906462046FFF794FE1A
:10E3500090F9025038460CF0ABF90378303B417825
:10E360003039642202FB01F14FF47A7202FB03118F
:10E370008378303B03EB830301EB4301C378303BED
:10E380001944891B2A4689B22046FFF745FDF8BD8E
:10E39000B0F882308B4200D870472DE9F04F83B03F
:10E3A00004460D46EAF7C0FFB4F8843000FB03F3DF
:10E3B00043F30F262046ECF7EFFB074694F888302E
:10E3C00013F0080F0BD003F00703012B0BD0022B27
:10E3D0006AD02046EBF7E7F903B0BDE8F08F20469E
:10E3E000EBF7E1F9F8E7322200212046EDF700FED5
:10E3F0008046122200212046EDF7FAFD4044A38A10
:10E400001844C71BBFB249224FF4A0212046EDF7A4
:10E41000EFFD804601224FF400312046EDF7E8FD84
:10E42000B4F91620B4F91A3080441FFA88F8A2EB28
:10E430000802ADF802204344ADF80630B4F882304B
:10E44000013B9D421ADB002DC6D0013D06FB05F5C0
:10E45000B4F88220013A95FBF2F3A7EB08010B44D4
:10E46000ADF80030731993FBF2F347443B44ADF829
:10E47000043069462046EBF772F9ADE706FB05F27A
:10E4800092FBF3F1A7EB08000144ADF80010324411
:10E4900092FBF3F307EB08021344ADF8043069462E
:10E4A0002046EBF75CF9CEE7152200212046EDF778
:10E4B0009FFD00B2B4F8843000FB03F34FEA232839
:10E4C00006EB2326B4F8823096FBF3F632220021C5
:10E4D0002046EDF78DFD1FFA86F916FB05F6B6B25C
:10E4E000B4F9143003FA80FB122200212046EDF724
:10E4F0007FFD0FFA80FA69462046EAF7A4FEDA4467
:10E50000AAEB070A5644B6B2B144ADF80490A6EBA4
:10E510000806ADF8006069462046EBF720F95BE796
:10E5200070B50D468B6A0BB301F124060CE0406810
:10E5300006F014FB10E02146304606F074F9204640
:10E5400006F00CFBAB6A8BB1304606F0AFF904461F
:10E55000037B13F0040FEAD0237B13F0020FEAD100
:10E5600020680028E7D006F0F9FAE4E705F1240076
:10E5700006F088F96B6B7BB105F13006304606F08A
:10E5800095F904460146304606F04DF9204606F05E
:10E59000E5FA6B6B002BF1D105F1300006F072F952
:10E5A00070BD10B50C46102104F1240006F0C7F828
:10E5B000102104F1300006F0C2F80022A4F86C200B
:10E5C000A4F87420A4F86E20A4F876206423A4F89C
:10E5D0007030A4F87830A4F87230A4F87A300323AD
:10E5E000A4F87E300523A4F880300A23A4F88230F2
:10E5F00047F6FF73A4F87C3094F88830012161F36A
:10E60000020362F3C30384F888304FF48073A4F8E4
:10E610008430A4F8863010BD39B190F8883013F0FA
:10E62000080F0CBF488900207047FEE788B12DE92C
:10E63000F04F89B00E4615461C46074651B1B0F85A
:10E640008230934207D800232380638009B0BDE85D
:10E65000F08FFEE7FEE7EAF767FEB7F8843000FBCD
:10E6600003F343F30F283846EAF77BFEB7F88690AA
:10E6700000FB09F94FEA292A49F30F2997F8883056
:10E6800003F00703012B4CD0032B53D0022B64D093
:10E69000322200213846EDF7ABFC0FFA80F8122247
:10E6A00000213846EDF7A4FC08FA80F322881344D1
:10E6B00023803846ECF770FA23881B1A23803146F2
:10E6C0003846FFF7A9FF327BC2F3001207EB420284
:10E6D000B2F96C100544B7F8823095FBF3F003FBF8
:10E6E0001055736833F915305B1A09FB03F3B2F95F
:10E6F0007020521A93FBF2F3AAEB030AA4F802A0CB
:10E70000102200213846EDF773FC08FA80F3628886
:10E71000134463803846ECF7CCF963881B1A1BB2AC
:10E7200093E705FB08F3B7F88220013A93FBF2F375
:10E730002380ADE7337BC3F3C00307EB4303B3F997
:10E740007820B3F97410336833F91500CDF80080E0
:10E75000002306F0B9F920809AE707F124039B46CD
:10E76000184606F0B2F8059015224FF4A02138465D
:10E77000EDF73EFC02B2B7F8843002FB03F31A1245
:10E780000692152200213846EDF732FC02B2B7F8A6
:10E79000843002FB03F31B1219460793B7F882205B
:10E7A000531E01FB138393FBF2F31AB20392CDF8CD
:10E7B00008B0584606F07EF8014678B14FF0000BDD
:10E7C0000494029C8E420CD00BF1010B204606F003
:10E7D00079F801460028F5D1049C03E04FF0000BC6
:10E7E00000E0049C0598431E039A069901FB13233D
:10E7F000B3FBF0F3C3F3C03202FA83F2079B434446
:10E8000005FB03F3B7F8821093FBF1F303EB62030C
:10E81000039A0BFB02F2B2FBF0F21344238037E7BA
:10E8200004290CD8DFE801F00307050B09003C3090
:10E830007047483070475430704760307047002050
:10E84000704700002DE9F04FB3B0054608910692DD
:10E850001146FFF7E5FF064690F90930002B01DB72
:10E8600003685BB13489C4F30E04012C06D9013C62
:10E87000F388C3F30E0303FB04F414B933B0BDE80B
:10E88000F08F069B1F1E18BF012732220021284649
:10E89000EDF7AEFB8146102200212846EDF7A8FBDC
:10E8A00080462846EAF75DFDB5F8863000FB03F3A5
:10E8B00043F30F220592C844EB8A98441FFA88F864
:10E8C0002846ECF7F6F8A8EB00081FFA88F20B923E
:10E8D000069B002B55D112224FF4C0212846EDF79C
:10E8E00087FB03B20A93B5F914300793B6F900B069
:10E8F000B6F902800DF1B40A5046F0F774FE5246A4
:10E900004FF4C0212846EAF7DDF90DF19409484695
:10E91000F0F704FB4A464FF4C0212846EAF723F9F2
:10E92000089913A8EAF7E4FA8D4B1493062315937C
:10E93000069A21924FF4C0232093CDF864A0CDF81D
:10E940006090BDF81C3003F1FF390133002A18BF75
:10E9500099461FFA89F30FFA89F9A3EB08080FFA11
:10E9600088F20992A3EB0B030FFA83FB4FF0000828
:10E970000DF14C0A05EB4707CDF81CB0DDF82CB0C3
:10E980009DE013224FF4C0212846EDF731FB03B27E
:10E990000A93B5F918300793B6F900B0B6F90280BA
:10E9A000069B012BA6D1CBF1000B0FFA8BFBC8F114
:10E9B00000080FFA88F89DE7079BADF8C03031AB2F
:10E9C0001C9330AB1D93B7F96C30B7F970200092EF
:10E9D00022460021A4EB080006F076F8239096F971
:10E9E0000920002A80F2988003465E4A10210FA871
:10E9F00007F0D6F825AB18930FAB1E9310231F9387
:10EA000052461A212846E8F7BBFB0023029341F641
:10EA1000FF730193BDF9A6300093BDF9A830259A84
:10EA20001E990CA808F025FCBDF8C230BDF93220B3
:10EA300002EBD272C2F34F02991A09B2ADF8361046
:10EA400013441BB2ADF83A30069A02BBBDF8C020A1
:10EA5000BDF828C0BDF83000101AA0EB0C00ADF8CE
:10EA60003400A2EB0C0212B2ADF83820B5F9162032
:10EA70009A425ADCB5F91A308B4256DB00230093D8
:10EA80001E9B0DAA25A90898F0F77AFA4DE0BDF86B
:10EA9000C000BDF8282000EB020CADF834C0BDF872
:10EAA00030C06044024412B2DEE752461B212846C1
:10EAB000E8F766FB08F101084445FFF4DFAEBDF955
:10EAC000B630059AD31A08FB03F3B3FBF4F35B44A7
:10EAD0001BB2ADF8C630ADF8C230ADF8C490F388C3
:10EAE000C3F30E03B8FBF3F203FB1283002B3FF4D6
:10EAF00063AF099BADF8C03031AB1C9330AB1D93B5
:10EB0000B7F96C30B7F97020009222460021A4EBCF
:10EB1000080005F0D9FF2390002318931E931F933C
:10EB200052461A212846E8F72BFBBDF9B63003EB15
:10EB3000D3735910BDF9C62002EB6303B5F9162053
:10EB40009342B2DBBDF9C2305B1AB5F91A20934289
:10EB5000ABDC30AB31AA2DA90898F0F75AFDA4E739
:10EB6000C8B30408B85703082DE9F04FB1B0044604
:10EB7000059191461146FFF753FE0689C6F30E062E
:10EB8000012E0DD9074690F90930002B01DB0368EF
:10EB900033B1013EFB88C3F30E0303FB06F616B93F
:10EBA00031B0BDE8F08F122200212046EDF720FAA7
:10EBB0000990322200212046EDF71AFA08902046EB
:10EBC000EAF7B2FB0546B4F884A00DF19808404678
:10EBD000F0F7A4F942464FF4C0212046E9F7C3FFFD
:10EBE000B4F914802046EBF7D7FF0790B9F1020F74
:10EBF00051D097F90930002B75DB00230693E38A87
:10EC0000013B0FFA83FB0AFB05F31D1243F30F23AD
:10EC10000493099B089A13449A46C244079BAAEBA3
:10EC2000030A1FFA8AFA0DF18C084046F0F7DBFC64
:10EC300042464FF4C0212046EAF744F80023ADF8DD
:10EC40009230ADF89030059911A8EAF751F9A84B28
:10EC500012930623139302231F934FF4C0231E9392
:10EC600026AB1693CDF85C80B9F1020818BF4FF0BF
:10EC7000010894F8883003F00703022B3CD00FFA08
:10EC80008AFAADF8BEB0002504EB480307930DF1F6
:10EC9000440BA0468FE097F90930002B1ADB0023C4
:10ECA0000693638B01330FFA83FB059B9A68B2F9D5
:10ECB00006305B45FFF674AF269BB3F90830069922
:10ECC00059440B44B7F900100B44B2F902209342A7
:10ECD00099DA65E711224FF4C0212046EDF788F953
:10ECE00003B20693DDE710224FF4C0212046EDF772
:10ECF0007FF903B2069382E7152200212046EDF743
:10ED000077F900B2B4F8841000FB01F1049B03EB27
:10ED10002122B4F8823092FBF3F213B2A3EB212349
:10ED200003EBD3730AEB630A0FFA8AFA05EB21258A
:10ED3000AD1A2BB20493A4E7B7F90210521A12B21B
:10ED4000ADF8BA202FAA1A922EAA1B9298F8882002
:10ED500002F00702032A58D0B5FBF3F321931CB944
:10ED600097F90920002A5DDB002316931C931D935D
:10ED70005A461A214046E8F703FABDF98E3003EBF4
:10ED8000D3735910BDF9BC2002EB6303B8F914200A
:10ED9000934207DBBDF9B8305B1AB8F918209342EB
:10EDA00040F39E805A461B214046E8F7E9F90135B9
:10EDB000AE42FFF4F5AEFB88C3F30E03B5FBF3F4EC
:10EDC00003FB1454BDF98E2004998A1A05FB02F244
:10EDD000B2FBF6F2524412B2ADF8BC20ADF8B82046
:10EDE000B9F1020F06D0BDF8BE20002CA4D1B7F9AE
:10EDF0000010A3E7BDF8BE2024B9B7F900100A44FB
:10EE000012B29DE7B7F90210F9E7079AB2F9743028
:10EE1000B2F97820009232460021284605F054FECF
:10EE200003469BE70DAC334A1021204606F0B8FE9E
:10EE300026AB16931C9410231D935A461A21404664
:10EE4000E8F79EF90023029341F6FF730193BDF9A1
:10EE5000AA300093BDF9AC30269A1C990AA808F094
:10EE600008FABDF8B830BDF9282002EBD272C2F31F
:10EE70004F02991A09B2ADF82C1013441BB2ADF829
:10EE80003030B9F1020F1ED0BDF8BA200698121A20
:10EE900092B2ADF83220BDF82A00121AADF82E2039
:10EEA000B8F914209A423FF768AFB8F918308B428E
:10EEB000FFF663AF002300931C9B0BAA26A90598BD
:10EEC000F0F75EF859E7BDF8BA200698024492B20E
:10EED000ADF82E20BDF82A000244ADF83220DFE75D
:10EEE0002EAB2FAA23A90598F0F793FB5AE700BF92
:10EEF000C8B30408B85703082DE9F04FD1B00D4648
:10EF0000CF48E8F775F8012802D051B0BDE8F08F7E
:10EF10002846E8F75BF904462846E8F753F98146A6
:10EF2000631E2B2BF1D801A252F823F0DDEF01086C
:10EF30000BEF01080BEF01080BEF01080BEF0108C5
:10EF40000BEF01080BEF01089BF001080BEF010824
:10EF50000BEF01080BEF01080BEF01080BEF0108A5
:10EF60000BEF01080BEF01080BEF01080BEF010895
:10EF70000BEF0108B3F001080BEF01080BF10108DA
:10EF80000BEF01080BEF01080BEF01080BEF010875
:10EF90000BEF01080BEF01080BEF01080BEF010865
:10EFA0000BEF01080BEF01080BEF01080BEF010855
:10EFB0000BEF01080BEF01080BEF01080BEF010845
:10EFC0000BEF01080BEF01080BEF0108ADF0010892
:10EFD0000BEF01080BEF0108DDF00108E8F742FB39
:10EFE0003EA9E8F7B6FBBDF8F840B9F81430E41ACA
:10EFF000A4B2ADF8F8404846EBF7CEFD06464846C9
:10F00000EAF792F90546B9F88470122200214846C1
:10F01000ECF7EEFF231A33441BB2002B3BDB07FB5C
:10F0200005F444F30F249C421EDB99F8882002F07B
:10F030000702012A1CD0022A26D00024B9F97C300C
:10F04000A3423FF462AFA1B24846FFF7A1F9B9F875
:10F050007C104846FFF79CF9A9F87C4000221C214F
:10F060004846E8F78DF850E7B9F88240013CE5E7FB
:10F07000B9F88210013904EBD47242F34F0203FB5A
:10F08000012393FBF4F4D9E7B9F8822002FB03F3E0
:10F0900093FBF4F4D2E70024D0E7B0F87C10FFF73C
:10F0A00077F947F6FF73A9F87C302EE7EAF7D2F933
:10F0B0002BE7B0F96410B0F958309942B8BF19463F
:10F0C000B0F94C309942B8BF1946B0F94030994276
:10F0D000B8BF19462846E8F7F1F816E72846E8F7DA
:10F0E00079F804464846EAF71FF9B9F8843000FB7E
:10F0F00003F31B1223804846EAF733F9B9F8863048
:10F1000000FB03F31B126380FFE62846E8F7CEF806
:10F11000824609F1140304938268194622A804F078
:10F12000F5FC002840F08E80002251464846FFF74B
:10F1300089FB012251464846FFF784FB02225146D3
:10F140004846FFF711FD042251464846FFF70CFDE3
:10F1500009F124030393184605F0C6FB60B999F83A
:10F16000883003F00703012B00F0C081022B00F070
:10F17000E483032B00F03C8509F13007384605F0A5
:10F18000B3FB039000287FF4C0AE049ADAF80810AD
:10F1900018A804F0BBFC079000283FF4B6AEDAF8DC
:10F1A000085018ABCAF808301CAC2046F0F71BFA20
:10F1B00022464FF4E0214846E9F784FD22A8F1F702
:10F1C00041FC9DF878308DF88B3047F6FF73ADF831
:10F1D000883001224FF4E0214846ECF709FFC0F3E4
:10F1E000C03303FA80F04310059301224FF4E0216D
:10F1F0004846ECF7FDFEC0F3C03303FA80F043103D
:10F20000069351463EA8E9F773FE1FAB449330AB1B
:10F2100042934FF4E0234B93094B3F9305234093D4
:10F22000384605F047FB0446002800F08F870DF1B3
:10F23000700B0DF17C080497089500F038BF00BFF3
:10F24000C8B30408DAF80830059322ABCAF80830CE
:10F25000322200214846ECF7CBFE04461222002160
:10F260004846ECF7C5FE0790A3B206931022002192
:10F270004846ECF7BDFE83464846EAF755F8099044
:10F28000B9F884200A924846EAF76BF80646B9F8BE
:10F29000868030AD2846F0F7A6F92A460021484678
:10F2A000E9F710FD3EAF51463846E9F721FE00244C
:10F2B0004B948D4B3F93409444954FF0FF334C93C8
:10F2C000479448943A461A214846E7F759FF3122B5
:10F2D00021464846ECF78CFEC5B23222214648460C
:10F2E000ECF786FE02B20B92332221464846ECF739
:10F2F0007FFE04460C904846EBF74EFC08904846CB
:10F30000EBF7D7FBB9F87E70002F69D0069B5B4402
:10F31000B9F8162013441B1A9BB20393B9F81430A2
:10F32000ADF87030B9F81830ADF87C300FFA87FBC3
:10F33000022D20D90B9A002A40F3838014F0020F8B
:10F340000FD100240C9B13F0010F15D011220021C6
:10F350004846ECF74DFE00B270B9013F0FFA87FB4B
:10F360000AE0102200214846ECF742FE04B2B4FA4B
:10F3700084F46409E6E70024A34531DD08FB06F8C0
:10F3800048F30F281CAF0D9504FB08F3B9F87E2055
:10F39000013A93FBF2F3039A13441BB2ADF87230B7
:10F3A000ADF87E30504B3F930123409347971FAEFB
:10F3B00048964C943EAD2A461A214846E7F7E0FEAF
:10F3C00033463A4630A95046F0F723F92A461B2126
:10F3D0004846E7F7D5FE013424B25C45D4DB0D9DE9
:10F3E000B9F88070002F6DD0069B079A1344B9F8C6
:10F3F00014201344089A9B1A9BB20393B9F8163051
:10F40000ADF87230B9F81A30ADF87E300FFA87FBDC
:10F41000022D22D90B9B002B63DD0C9B13F0040FF4
:10F4200011D100240C9B13F0080F17D013220021D8
:10F430004846ECF7DDFD00B280B9013F0FFA87FBCB
:10F440000CE0002498E7122200214846ECF7D0FD9A
:10F4500004B2B4FA84F46409E4E70024A34531DD7E
:10F46000099B0A9A02FB03F848F30F281CAF04FB20
:10F4700008F3B9F88020013A93FBF2F3039A13449E
:10F480001BB2ADF87030ADF87C30174B3F930223C0
:10F49000409347971FAE48964C943EAD2A461A219A
:10F4A0004846E7F76DFE33463A4630A95046F0F736
:10F4B000B0F82A461B214846E7F762FE013424B221
:10F4C0005C45D4DB4FF0FF334C93002347934893C4
:10F4D0003EAA1B214846E7F753FE059BCAF80830B1
:10F4E00022E60024BAE700BFC8B30408DAF808200F
:10F4F000DDF810B059461AA804F008FB00283FF4C4
:10F500003BAEDAF8083006931AABCAF80830B9F8FF
:10F510008230012B7FF630AE322200214846ECF7D4
:10F5200067FD0446122200214846ECF761FD079072
:10F53000102200214846ECF75BFD09904846E9F7A8
:10F54000F3FE0890B9F884504846E9F70AFF0646EA
:10F55000B9F88670B9F914804846EBF71DFB0B909B
:10F56000B9F916300D934846EBF7A3FA0F90DAF885
:10F57000082059461CA804F0C9FA00283FF4FCAD45
:10F580000DF1880B5846F0F72EF85A464FF4A0219B
:10F590004846E9F797FB0DF1C00B5846F1F752FAD0
:10F5A0005A464FF400314846E9F75CF901224FF41E
:10F5B00000314846ECF71CFDC0F3C03303FA80F07D
:10F5C0004210059204224FF400314846ECF710FD3A
:10F5D000C0F3C03303FA80F040101290BDF98A30B6
:10F5E00003EBD371059A8242A8BF0246B2EB610FCA
:10F5F00005DD9DF8912042F010028DF89120012B3D
:10F600002FD0B9F882300E93089B05FB03F343F328
:10F610000F230893039805F04DF98346002800F066
:10F62000888107FB06F242F30F230A93079B13FA24
:10F6300084F343440B995B1A99B20C911EB2099B57
:10F6400013FA84F30D990B440F995B1A9BB203EBE9
:10F6500022239BB20B93CDF840A01596DDF814A0A1
:10F660000EE19DF8913043F010038DF89130C8E71A
:10F67000013212B20F92CAE080B2139A831AADF827
:10F680007C301044ADF880001FFA8CFC149AACEB6F
:10F690000203ADF87E309444ADF882C06B1E4C93EB
:10F6A000099A5400DBF8043033F9123047F6FF7240
:10F6B000934214BF17AB00234793DBF8043033F9B0
:10F6C000173047F6FF72934214BF18AB00234893DC
:10F6D0001FAB4193DBF804301B5F4E933EAA1A2107
:10F6E0004846E7F74DFDDBF804301A5F47F6FF7137
:10F6F0008A4204D033F917208A4240F0A080BAF140
:10F70000000F09D0129B3BB1DBF804301A5F47F6BB
:10F71000FF739A4240F09A803EAA1B214846E7F7C1
:10F720002FFDB9F882200135089B98440136ABB211
:10F730009A4240F291800997ABB20793BDF96000FD
:10F74000ADF85C00BDF962C0ADF85EC0069BB3F9D0
:10F75000043053440133984200F38380531E98FBD6
:10F76000F3F30C990B4499B20D911BB2ADF86030D4
:10F7700096FBF2F702FB17673FB2DBF804E09BF859
:10F780000C10C1F3001109EB41010591B1F96C4076
:10F790003EF91720121B0A9901FB02F20599B1F9F3
:10F7A0007010091B92FBF1F40B990C1B24B2ADF8FD
:10F7B0006240069AB2F90020A2EB0A02013A934293
:10F7C000AFDB079A002AACD00E9A08998A42FFF65E
:10F7D00053AF099A3EF9122047F6FF7C6245A0D04C
:10F7E0003EF9171061459CD00F9AA242B8BF22463D
:10F7F0000F921199A142A8BF21461191984290D031
:10F800000D994B1E1BB211998A423FF431AFADF8EE
:10F810006030ADF85C30119BADF85E300F9BADF8F9
:10F82000623018AB17AA22A91098EFF7F2FEBDF8C4
:10F8300060300133ADF860300F94119471E718AB6C
:10F8400017AA22A91098EFF7E4FE58E71FAA30A9DB
:10F850001098F1F741F95FE7079B01339BB20793DB
:10F8600009970E9B08998B4203DA079B934200F09D
:10F8700076845946039805F025F88346002856D02B
:10F880009BF80C3013F0010FF3D1BBF80830ADF842
:10F890008830BBF80830ADF8C43059464846FEF70A
:10F8A000BBFE03B218460993159AADF85C20ADF87B
:10F8B00060201E469BF80C20C2F3001209EB4202A6
:10F8C000B2F96C10DBF8043033F910305B1A0A9887
:10F8D00000FB03F3B2F97020521A93FBF2F30B9A78
:10F8E000D31AADF8623010993EA8E9F701FBBF4B7F
:10F8F0003F93032340934FF4A0234B9322AB4493B5
:10F9000030AB4293CDF83CB1BDF962300F93B9F8FA
:10F910008220002A00F01E8411934FF00008454613
:10F920001FFA8AF31393BDF84830149304E7DDF807
:10F9300040A0069BCAF808301EE4DAF808200499B3
:10F940001FA804F0E3F800283FF416ACDAF80870BA
:10F950001FABCAF80830122200214846ECF748FBDA
:10F960008046102200214846ECF742FB07904846AB
:10F97000E9F7DAFCB9F8843000FB03F343F30F2511
:10F980004846E9F7EEFCB9F8863000FB03F31A129B
:10F99000059243F30F230693039804F096FF044661
:10F9A000152200214846ECF723FB02B2B9F8821079
:10F9B000B9F8843002FB03F31B124A1E02FB1353F7
:10F9C00093FBF1F30FFA83FB15224FF4A021484675
:10F9D000ECF70EFB02B2B9F8843002FB03F31B1202
:10F9E0001A460D93631E02FB13B3B3FBF4F31BB271
:10F9F000012BB8BF01231E46322200214846ECF7F6
:10FA0000F7FA04464846EBF7C7F8A4B2A044A8EBBF
:10FA100000081FFA88F84846EBF74BF8079B1C4490
:10FA2000241AA3B2079330AC2046F1F70BF8224614
:10FA30004FF4A0214846E8F715FF9DF8CF3023F09A
:10FA400007038DF8CF30FF238DF8C330B9F81A3093
:10FA5000BDF8C0201344ADF88E3051463EA8E9F7FA
:10FA600047FA4FF4A0234B93604B3F9304234093FA
:10FA7000B9F88230002B00F0B480A5EB0B020B929A
:10FA80000022114615461FFA86FC0CF1FF32039E38
:10FA9000CDF820A08A460F97CDF83080CDF838C039
:10FAA00093467CE022AF41970DF1C008CDF8088164
:10FAB0004F94626832F913304E933EAA1A21484699
:10FAC000E7F75EFB3A4641460898F1F705F83EAA8B
:10FAD0001B214846E7F754FBA84600E0A84621460C
:10FAE000304604F0EFFE044600284DD0237B13F08F
:10FAF000010FF4D121464846FEF78EFDADF888800F
:10FB00001FFA88F505EB0B031BB2ADF88C3055449A
:10FB10002DB2BDF97C209A42E0DCBDF9803043452E
:10FB200058DB2389ADF8C430039B03FA80F0B9F8A1
:10FB3000823090FBF3F203FB12031BB26068227B5E
:10FB4000C2F3001209EB4202B2F96CC030F9137033
:10FB5000A7EB0C07069901FB07FEB9F81610079FE3
:10FB60003944059F3944B2F97020A2EB0C029EFB88
:10FB7000F2F28A1AADF88A2030F9131047F6FF72B4
:10FB800091428FD1A846AAE7DDF824A00A9DB9F8D2
:10FB9000823001350B9A9244AAB293421ED9039542
:10FBA00003F1FF389AFBF8F8B9F814300C9A1344B3
:10FBB00098440FFA88F84C95304604F07BFE0446D2
:10FBC0000028E4D00E9B0D9A9F18CDF824A00A952A
:10FBD000BA468BE7DDF824A00A9DD8E7DDF820A01F
:10FBE0000F9FCAF80870FFF7C7BA00BFC8B3040870
:10FBF000DAF8082004991CA803F088FF00283FF4D5
:10FC0000BBAADAF808300D931CABCAF808303222D0
:10FC100000214846ECF7ECF9044612220021484640
:10FC2000ECF7E6F90646102200214846ECF7E0F929
:10FC300005464846E9F778FBB9F8843000FB03F342
:10FC400043F30F2305934846E9F78BFBB9F8863059
:10FC500000FB03F31F1243F30F230693A4B2A21970
:10FC6000B9F8143013449EB24846EAF795FF331AA8
:10FC70009AB207921EB22C44B9F816301C44A4B2B2
:10FC80004846EAF716FF241AA5B222AC2046EFF741
:10FC9000AAFC22464FF4A0214846E9F713F830ACFD
:10FCA0002046F0F7CFFE22464FF400314846E8F7F1
:10FCB000D9FD01224FF400314846ECF799F9C0F321
:10FCC000C03303FA80F04410089404224FF400314A
:10FCD0004846ECF78DF9C0F3C03303FA80F04010CA
:10FCE0000990BDF98A3003EBD37122468442A8BF44
:10FCF0000246B2EB610F05DD9DF8912042F0100243
:10FD00008DF89120012B0ED0039C204604F0D2FDEB
:10FD1000002800F05B81EB190393CDF828A0A246E0
:10FD20000446B346DBE09DF8913043F010038DF8B4
:10FD30009130E9E7237BC3F3C00309EB4303B3F935
:10FD40007820B3F97410236833F91500059B0093EC
:10FD5000002304F0B9FE079B0344ADF86830237B11
:10FD6000C3F3001309EB4303B3F97020B3F96C102C
:10FD7000636833F91500069B0093002304F0A4FE8A
:10FD8000039B1B1A1BB2CAE03EAA1B214846E7F799
:10FD9000F7F9B9F882307A1C013691B2994280F0B5
:10FDA00090801746BDF86820ADF86020BDF86A2045
:10FDB000ADF86220AA4696FBF3F503FB15652DB25C
:10FDC0004FEA450B636833F915004045E1D0237BCA
:10FDD000C3F3001309EB4303B3F97020B3F96C10BC
:10FDE000069B0093002304F06FFE039B181AADF8E6
:10FDF0006A00237BC3F3C00309EB4303B3F9782004
:10FE0000B3F97410236833F91500059B00930023A0
:10FE100004F05AFE079B1844ADF86800BBB2002BF3
:10FE2000B7D0BDF86030BDF82020991AADF87C102D
:10FE30001344ADF88030BDF86230BDF82420991A23
:10FE4000ADF87E101344ADF882307B1E4C9363688E
:10FE500033F91A30434514BF18AB00234793636846
:10FE600033F90B30434514BF1AAB002348931FAB43
:10FE70004193636833F91A304E933EAA1A214846DB
:10FE8000E7F77EF9636833F91A2042453FF47CAF07
:10FE900033F90B3043453FF477AF1AAB18AA22A9C8
:10FEA0000A98EFF7B6FB089B002B3FF46DAF099B58
:10FEB000002B3FF469AF1FAA30A90A98F0F70CFE97
:10FEC00062E7DDF82CA0DDF830B092B2934244D066
:10FED0002146504604F0F6FC0446002874D0237BEB
:10FEE00013F0010FF4D12389ADF888302389ADF8E0
:10FEF000C43021464846FEF78FFB05B2ADF860B02E
:10FF0000ADF868B02E46636833F915300A2B7FF4DC
:10FF100011AF4EF20103ADF86830A3F58033ADF8B0
:10FF20006A300A993EA8E8F7E3FF4FF4A0234B9309
:10FF3000A94B3F930323409322AB449330AB4293AE
:10FF40004F94B9F882303BB1002747F6FF78CDF8DF
:10FF50002CA0CDF830B025E71A46636833F91510A8
:10FF600047F6FF739942B3D0BDF86830BDF8201052
:10FF7000581AADF87C000B44ADF88030BDF86A30FB
:10FF8000BDF82410581AADF87E000B44ADF882304D
:10FF9000013A4C920023479348931FAE4196636801
:10FFA00033F915304E933EAD2A461A214846E7F7FD
:10FFB000E7F8324630A90A98F0F78EFD2A461B2151
:10FFC0004846E7F7DDF883E7DDF828A00D9BCAF87F
:10FFD0000830FFF7D1B8B4F9042047F6FF739A420E
:10FFE0005ED01AAB92B2A1684846FEF71FFBBDF97E
:10FFF0006860BDF96A5077E0039F00224192227B3E
:020000040802F0
:1000000012F0030F23D012F0010F08BF3346ADF8F2
:100010005830ADF85A5012F0020F14BFB9F9183029
:100020003346ADF85C30ADF85E503EAA1A21484622
:10003000E7F7A6F817AB16AA41465046EFF7E9FADC
:10004000002F76D13EAA1B214846E7F799F8237B7B
:1000500013F00C0F24D0ADF8586013F0040F14BF48
:10006000B9F916202A46ADF85A20ADF85C6013F0B5
:10007000080F18BFB9F91A50ADF85E503EAA1A2100
:100080004846E7F77DF817AB16AA41465046EFF70A
:10009000C0FA002F53D13EAA1B214846E7F770F85B
:1000A0002146049804F00EFC044600284DD00A2294
:1000B0005946404604F01AFE382222A930A804F01E
:1000C00015FEE388ADF87C30E388ADF8C43016AB9C
:1000D000479317AB4893637B13F0010F3FF47BAF5B
:1000E000B4F90060B4F90250B9F914301E44B1B249
:1000F00036B2B9F816201544AAB22DB205980028D8
:100100003FF47AAF069F8FB180B20F1AADF86870D6
:100110000144ADF86C10BDF81810501AADF86A0023
:100120000A44ADF86E20079F1AAA67E7039F0022D2
:1001300064E71AAA30A95046F0F7CEFC82E71AAA63
:1001400030A95046F0F7C8FCA5E7089DCAF808504A
:10015000FEF7DBBE0E9B08998B42BFF68AABDBF83D
:100160000430099C33F9141047F6FF7399423FF4A9
:1001700080ABBDF860301FFA8AF1581AADF87C00E8
:100180000B44ADF88030BDF86230BDF84810581A05
:10019000ADF87E000B44ADF88230013A4C9200235A
:1001A000479348931FAD4195DBF8043033F9143081
:1001B0004E933EAC22461A214846E6F7E1FF2A4616
:1001C00030A91098F0F788FC22461B214846E6F734
:1001D000D7FFFFF74EBB00BFC8B3040870B5049C3F
:1001E000059D01B38C46010A10F4007F2AD09E467B
:1001F00011F0040608BF2346002E08BF744611F014
:10020000010F28D11A7011466FEA0C03DBB202FB12
:1002100003F31B0A237010F0FF000CD04042C0B261
:1002200000FB0CF024E02A7022701A7027E01E46B2
:100230002B463546E3E74FEA0C2019E029462546D0
:100240000C46DFE711F0040FF1D111F0010FF5D0EA
:10025000294625460C462A7011466FEA0C05EDB278
:1002600005FB02F2120A2270C0B200FB0CF01D4620
:100270006FEA1020C0B201FB00F0000A287070BDC8
:100280002DE9F84307460D46502200212846EBF79A
:10029000AFFEC0F3C03303FA80F0C0F34F04122264
:1002A0004FF440312846EBF7A3FE814613224FF46A
:1002B00040312846EBF79CFE064610224FF44031B1
:1002C0002846EBF795FE804611224FF44031284630
:1002D000EBF78EFEAA8A2B8D1A4492B2EB8A698DB7
:1002E0000B449BB204EB0901511A398026449E1B32
:1002F0007E80A0444244BA8004442344FB803846B4
:10030000BDE8F883F0B583B0044601466846FFF7C0
:10031000B7FF69462046E9F722FA2046E8F7F8FFDA
:100320000546502200212046EBF762FE06B2AE1BC6
:1003300006EBD67646F34F0694F83C3003F0030301
:10034000012B24D0022B2DD0A78C38B204F0D8FA80
:1003500006FB00F0C013208507F15A0000B204F03C
:10036000CFFA05EBD575C5F34F05238D2B442385B7
:1003700006FB00F005EBE035658521466846FFF792
:100380007FFF69462046E9F7EAF903B0F0BD94F82B
:1003900026704FF4B47303FB07F7084B83FB073752
:1003A0007F09D2E794F827704FF4B47303FB07F783
:1003B000024B83FB07377F09C7E700BF1F85EB515F
:1003C00010B50C4600238B84642281F8262081F826
:1003D000272091F83C2002F0FC0263F3820281F8AE
:1003E0003C200B634B6391F82C300A4A127862F37D
:1003F000000381F82C304FF480312046E8F7C2F832
:100400004FF440712046E7F737FE2046FFF77AFFAA
:1004100010BD00BF1CD0002010B582B00446019171
:1004200089B2B1F5B47F09D9CB08174AA2FB0323DF
:100430009B084FF4B47202FB131399B29DF8063077
:10044000642B28BF64238DF806309DF80730642B99
:1004500028BF64238DF80730A38C8B4204D1E28C33
:10046000BDF806309A420CD0ADF80410019B6362CF
:100470002046FFF747FF2046E9F795F9012002B033
:1004800010BD0020FBE700BF176CC11608B590F83F
:10049000272090F82610808C03F0A8FE08BD0000ED
:1004A0002DE9F04FA7B00F46BC48E6F7A1FD0128A3
:1004B00002D027B0BDE8F08F3846E6F787FE044645
:1004C0003846E6F77FFE0546631E292BF1D801A2C8
:1004D00052F823F021070208A9070208B304020812
:1004E000B3040208B3040208B3040208B304020808
:1004F000B3040208B3040208B3040208B3040208F8
:10050000B304020821060208B3040208B304020877
:10051000B304020881090208350D02087D050208AE
:10052000B30402089B090208B3040208B3040208DA
:10053000B3040208B3040208B3040208B3040208B7
:10054000B3040208B3040208B3040208B3040208A7
:10055000B3040208B3040208B3040208B304020897
:10056000B3040208B3040208B3040208B304020887
:10057000B3040208E10502081B06020812224FF428
:100580004031EBF735FD0FFA80F813224FF440317C
:100590002846EBF72DFD04B210224FF440312846D7
:1005A000EBF726FD06B211224FF440312846EBF757
:1005B0001FFD05B23846E6F70DFE23464445B8BF99
:1005C0004346B342B8BF3346AB42B8BF2B460233B3
:1005D0001BB2B0F900209342B8BF1346038068E70E
:1005E0003846E6F7F7FD04462846E8F791FEA3886B
:1005F000013322889B1A1BB2984203D02846FFF78A
:1006000081FE56E72846E8F789FEE38801336288D1
:100610009B1A1BB29842F1D14BE7FFF773FE48E7F4
:100620003846E6F7D7FD0368113B032B3FF641AF91
:10063000DFE803F0024102416B6A189395F83C3001
:1006400003F00303012B1CD0022B27D063B9AB8C22
:100650000133534A82FB03121A4412124FF4B4714D
:1006600001FB1233ADF8603018992846FFF7D4FE2D
:1006700000283FF41EAF00221C212846E6F780FD2B
:1006800017E795F826300133464A82FB03125211D0
:10069000642101FB12338DF86230E5E795F82730CD
:1006A0000133404A82FB03125211642101FB1233D1
:1006B0008DF86330D8E76B6A189395F83C3003F0F7
:1006C0000303012B18D0022B20D02BB9AB8C83B1A4
:1006D000013B9BB2ADF8603018992846FFF79CFEAD
:1006E00000283FF4E6AE00221C212846E6F748FD2C
:1006F000DFE64FF4B473EDE795F8263023B1013B04
:10070000DBB28DF86230E7E76423FAE795F827302B
:1007100023B1013BDBB28DF86330DDE76423FAE7F8
:1007200002F062FF6863E6F79DFF05F13801E7F725
:1007300010F8E6F797FF0446286B02F063FF236882
:100740009B8B984214D26B6A189395F83C3003F057
:100750000303012B10D0022B12D00BB9ADF860307F
:100760002046E7F73BF818992846FFF755FE58B999
:1007700002F03AFF28639CE664238DF86230EFE7CD
:1007800064238DF86330EBE700221C212846E6F74E
:10079000F7FC01287FF48DAEEAE700BFE4B304085C
:1007A000B7600BB61F85EB51E6F75CFF06460028E5
:1007B0003FF47FAEE6F75CFF042802D0022840F049
:1007C0009580AC8A2846E8F7A3FD00EBD07004EBD7
:1007D0006004ADF84840EC8A2846E8F79FFD00EB3E
:1007E000D07004EB6004ADF84A4033681A7EBDF95E
:1007F0004830B5F938105B1A002BB8BF5B42934202
:1008000009DCBDF94A30B5F93A105B1A002BB8BFC4
:100810005B429A4208DA02F0E7FE6863BDF84830AE
:100820002B87BDF84A306B87BDF84830AA8A9B1ADF
:10083000ADF84830BDF84A30EA8A9B1AADF84A3024
:100840002846E8F765FD0446502200212846EBF7CC
:10085000CFFBC4F34E03BDF84820D21A12B2ADF854
:100860004820BDF84A10C91A09B2ADF84A101B1A3F
:100870009CB21BB2412B09DDC0F3C03303FA80F3F5
:10088000A4EB630423B2412BB8BF412301FB01F168
:1008900002FB021703FB03F4686B02F0B3FEA742EE
:1008A00029DA33689B8B8342BFF403AE95F83C3062
:1008B00013F0040F7FF4FDAD194603F00303013379
:1008C000C64A82FB030202EB42029B1A0A4663F30A
:1008D000010285F83C202846FFF714FD2846E8F77A
:1008E00062FFE6F7BFFEE6F779FFE2E512A93046C0
:1008F000E6F72FFF79E7BDF94A10BDF9480004F08B
:1009000065F8C208B649A1FB021292084FF4B4710F
:1009100001FB120399B21BB26A6A189295F83C2047
:1009200002F00302012A11D0022A1CD00AB9ADF844
:10093000601018992846FFF76FFD00283FF4B9AD05
:1009400000221C212846E6F71BFCB2E5642202FBCC
:1009500003F3A44A82FB03121A44DB17C3EB2223DE
:100960008DF86230E5E7642202FB03F39D4A82FBC7
:1009700003121A44DB17C3EB22238DF86330D8E748
:100980003846E6F727FC044647F6FF72016805F192
:10099000140003F007F920718BE53846E6F712FCE6
:1009A00080463846E6F782FC05904046E8F7B0FC02
:1009B00082464046E8F7B2FC0AEBDA7A4AF34F0A7D
:1009C000B8F814B0D3441FFA8BFB00EBD070B8F822
:1009D000163003EB60039BB203930FAC2046EEF797
:1009E00002FE224600214046E8F76CF94FF41D73E1
:1009F00003FB0AF37C4A82FB0312DB17C3EB2233AF
:100A00000233ADF83E30502200214046EBF7F0FAB9
:100A1000044603B2069312AD002347F6FF7208F1B5
:100A200014012846EFF7CEFD00212846EFF7CAFB58
:100A30000546B8F91620B8F91810B8F91A30A4B25A
:100A4000B8F814002044ADF82C00091BADF83010A4
:100A50002244ADF82E201B1BADF8323018AC012318
:100A600047F6FF720BA92046EFF7ACFD00212046A8
:100A7000EFF7A8FBBDF93E3004930026DFF87C9128
:100A800007950890099767E000EBC000400080B22E
:100A90000DAB01930DF12B0300930DF12A03534A83
:100AA000127853490978FFF799FB9DF82B209DF8A0
:100AB0002A00C0089DF83410C90855099DF83C303B
:100AC00065F3020360F3C7038DF83C309DF83D30B9
:100AD00061F30403920862F347138DF83D30250A51
:100AE000049B0AEB030744F30F24204603F008FF9E
:100AF00007FB00F00BEBE030ADF834005A352DB2B7
:100B0000284603F0FDFE07FB00F0039A02EBE030FD
:100B1000ADF836000699AAEB0107049BFF1A2046A0
:100B200003F0EEFE07FB00F00BEBE030ADF8380011
:100B3000284603F0E5FE07FB00F0039A02EBE030E5
:100B4000ADF83A000EAB0DAA0FA90598EEF761FDBE
:100B50000136562E00F0B280B0B200EB40039BB2DB
:100B60004FF4876406FB04F400228DF82A208DF8E8
:100B70002B208DF834201F4A12889A421CBFFF2276
:100B800089F800201B4A138098F83C30C3F3010217
:100B900003F00303012B33D0022B60D099F800102F
:100BA00099423FF471AF98F8263003EB430303EB0F
:100BB0000313114981FB0353DB100D4D2B7098F883
:100BC000273003EB430303EB031381FB0313DB1019
:100BD00006490B7089F8002056E700BF5655555559
:100BE000176CC116B7600BB653A45C7B1AD00020FB
:100BF0001BD000206200002067666666610000204E
:100C000099F80030012B19D0B8F8243003EB4303D6
:100C10009B014D4AA2FB03239B084C4A138098F882
:100C2000273003EB430303EB0313494A82FB0323FF
:100C3000DB10484A1370012389F8003006EB4601A7
:100C40000DAB01930DF12B0300930DF12A03414AE3
:100C50001278C9B23D480088FFF7C0FA25E799F835
:100C60000030022B19D0B8F8243003EB43039B016A
:100C7000354AA2FB03239B08344A138098F8263098
:100C800003EB430303EB0313314A82FB0323DB1023
:100C9000314A1370022389F8003006EB46020DAB8F
:100CA00001930DF12B0300930DF12A03D2B22A49CF
:100CB000097826480088FFF791FAF6E6079D089C18
:100CC000099F12A8EFF7F2FA18AE3046EFF7EEFAE6
:100CD0002846EFF7C1FA2046EFF7BEFA3846E6F7A6
:100CE00071FA04463846E6F7E1FA05463046EFF772
:100CF000A9FE32464FF440312046E7F7B3FD47F6F0
:100D0000FF73ADF8603094F82C3013F0010F0BD165
:100D100012AE21463046FFF7B3FA324618A92846EC
:100D2000EFF7DAFEFFF7C5BB2046FFF7AFFBADF8E4
:100D30006400EDE73846E6F74DFA0378022B1CBF56
:100D400001230370FFF7B5BB176CC11618D0002044
:100D5000676666661AD000201BD0002038B50446AE
:100D600090F83D3013F0010F07D090F83C20164B5F
:100D700053F8221008F0B0FB38BD008E400003F09D
:100D8000CFFE0546228E94F83C1052000E4B53F8CD
:100D9000211003F0ABFF238E73B1A5F1020C0022EA
:100DA0003CF8023F23F48063ACF800300132B4F821
:100DB00030E093B29E45F3D82946204608F08CFBDC
:100DC000284603F0CBFED7E76400002010B50446A8
:100DD00090F83C20044B53F8221008F001FA20460A
:100DE000FFF7BCFF10BD00BF8800002038B50C46DF
:100DF00004212046E7F740F90025A56384F83C501C
:100E000094F83D3065F3000384F83D302B462A46C4
:100E100005212046E8F70AFA2B461C2206492046FF
:100E2000E6F7F0F92A4629462046ECF773F8204603
:100E3000FFF7CCFF38BD00BF3D0E020870B5E6F7E6
:100E4000C1F9044608F0F8FB4FF6FF73984239D019
:100E5000204608F0F1FB0146204608F0EFFB05466E
:100E600080B36D49DFF7BCF908B36C492846DFF75A
:100E7000B7F940B36A492846DFF7B2F978B3694950
:100E80002846DFF7ADF920B167492846DFF7A8F912
:100E900088BB002220212046E6F772F9012811D1F3
:100EA000A06B78B100222021E6F76AF90AE000235E
:100EB00084F83C305D4B1968204608F091F92046D3
:100EC000FFF74CFF70BD012384F83C30574B596845
:100ED000204608F085F92046FFF740FFF2E702239D
:100EE00084F83C30514B9968204608F079F9204647
:100EF000FFF734FFE6E74E492846DFF771F9D8B12E
:100F0000A66B002EDED04B492846DFF769F920B1E9
:100F100049492846DFF764F9E8B90A2130460EF05E
:100F2000F9FDA06B0EF03DFD0028CBD000221F2163
:100F3000A06BE6F725F9C5E700221F212046E6F75A
:100F40001FF90128BED1A06B0028BBD000221F21B1
:100F5000E6F716F9B6E739492846DFF741F948B30D
:100F600037492846DFF73CF940B336492846DFF7D2
:100F700037F938B334492846DFF732F9002845D12C
:100F800030460EF089FC0546A06B0EF079FC037824
:100F90002D2B1BD02B2B29D00021A06B0EF068FB32
:100FA0002D21A06B0EF0B6FDA9B20131A06B0EF0A1
:100FB0005FFB87E730460EF003FF83E730460EF015
:100FC000F9FE7FE730460EF02BFE7BE70121A06B98
:100FD0000EF04EFBA06B0EF023FE2B21A06B0EF04B
:100FE00099FDA9B2A06B0EF043FB6BE70121A06B4A
:100FF0000EF03EFBA06B0EF013FE2D21A06B0EF049
:1010000089FDA9B2A06B0EF033FB5BE729463046A1
:101010000EF0E8FC56E700BFBC570308C0570308B2
:10102000C4570308C8570308CC570308880000209A
:1010300088540308D0570308D8570308B05403084E
:10104000B4540308DC570308E057030810B50C46F6
:101050000846EDF71BFBA084FF2384F8263010BD63
:101060002DE9F04FA3B00C460846E6F7AFF8A0F123
:101070001503DBB2012B0DD921460548E5F7B8FF72
:10108000012802D12046E6F79DF823B0BDE8F08F95
:1010900094B7040806462046E6F794F80546152E50
:1010A000F3D102AE3046EFF7CDFC324600212846A0
:1010B000E7F7D8FBBDF80C3003F00707C3F30421B2
:1010C000C3F34230C3F3C40303EB4312C3EBC203C5
:1010D000DA1D5211002362F3174300EBC70202EB43
:1010E000C21002EB40020332921162F30F2301EBB4
:1010F0004112C1EBC2010731491161F3070343F00B
:101100007F43AA8C52BA110411FA82F2F94F3A4085
:10111000C3F3074101EB4101C3F3072001EB800159
:1011200051FA83FECEF3C70E0EF1040E4FEADE0E27
:1011300002FB0EFE07EA5E1EBDF80E3003F0070844
:10114000C3F3042CC3F34230C3F3C40303EB4311D2
:10115000C3EBC103D91D4911002361F3174300EB11
:10116000C80000EBC01100EB41000330801160F3B8
:101170000F230CEB4C11CCEBC10C0CF1070C4FEA1C
:101180006C1C6CF3070343F07F43C3F3074101EB8F
:101190004101C3F3072001EB800151FA83FCCCF33A
:1011A000C70C0CF1040C4FEADC0C02FB0CFC07EA48
:1011B0005C1CBDF8123003F00709C3F30428C3F325
:1011C0004230C3F3C40303EB4311C3EBC103D91D86
:1011D0004911002361F3174300EBC90000EBC01174
:1011E00000EB41000330801160F30F2308EB48113E
:1011F000C8EBC10808F107084FEA681868F307034D
:1012000043F07F43C3F3074101EB4101C3F30720E0
:1012100001EB800151FA83F1C1F3C7010431C90820
:1012200002FB01F107EA5111BDF8343003F0070960
:10123000C3F30428C3F34230C3F3C40303EB431ADC
:10124000C3EBCA0303F1070A4FEA6A1A00236AF3E1
:10125000174300EBC90000EBC01900EB4900033055
:10126000801160F30F2308EB4810C8EBC00808F1A9
:1012700007084FEA681868F3070343F07F43C3F396
:10128000074000EB4000C3F3072800EB880050FA4A
:1012900083F3C3F3C7030433DB0802FB03F307EA5A
:1012A000531343EA13435ABAADF83420BDF826204D
:1012B00002F00709C2F30428C2F34230C2F3C402A9
:1012C00002EB421AC2EBCA0202F1070A4FEA6A1A9B
:1012D00000226AF3174200EBC90000EBC01900EBD3
:1012E00049000330801160F30F2208EB4810C8EB6F
:1012F000C00808F107084FEA681868F3070242F0CF
:101300007F42B5F8248098FA98F84FEA084010FA1E
:1013100088F808EA0708C2F3074000EB4000C2F370
:10132000072900EB890050FA82F2C2F3C7020432A7
:10133000D20808FB02F207EA52120192BDF82C0013
:1013400000F0070AC0F30429C0F34232C0F3C4001E
:1013500000EB401BC0EBCB0B0BF1070B4FEA6B1BF9
:1013600000206BF3174002EBCA0A0AEBCA1B0AEB18
:101370004B0A0AF1030A4FEAAA1A6AF30F2009EB93
:10138000491AC9EBCA0909F107094FEA691969F352
:10139000070040F07F40C0F3074909EB4909C0F35B
:1013A000072A09EB8A0959FA80F0C0F3C700043014
:1013B000C00808FB00F007EA501095F8268008F1F5
:1013C00004084FEAD8084EEA1E4E4FEA0E4919FAB1
:1013D0008EFE0EEA070E08FB0EFE07EA5E1E4EEAC0
:1013E0001E4E9EFA9EFEADF80CE04CEA1C4C4FEAF5
:1013F0000C4E1EFA8CFC0CEA070C08FB0CFC07EAEE
:101400005C1C4CEA1C4C9CFA9CFCADF80EC041EAFA
:1014100011414FEA014C1CFA81F1394008FB01F1FE
:1014200007EA511141EA114149BAADF81210019A87
:1014300042EA1242110411FA82F23A4008FB02F227
:1014400007EA521242EA124252BAADF826201A04B2
:1014500012FA83F33B4008FB03F307EA531343EA12
:1014600013435BBAADF8343095F8263040EA1040AB
:10147000020412FA80F038401A1DD20802FB00F074
:1014800007EA501747EA17477FBAADF82C70503B70
:10149000BDF9362002FB03F3174A82FB0301DB1779
:1014A000C3EBA113ADF8363095F82630503BBDF9AB
:1014B0003C1001FB03F382FB0312DB17C3EBA21307
:1014C000ADF83C302046E5F7F1FE044610AF01468A
:1014D0003846E7F70DFD05F11408CDF84C80074BB1
:1014E00011930023129314961D933A461A2128460D
:1014F00006E000BF1FF8E00791739F5D94B70408F2
:10150000E5F73EFE424631462046EFF7E5FA3A4619
:101510001B212846E5F734FEB7E500BF08B501F109
:10152000540003F0AFF908BD10B50C460121204668
:10153000F7F70EF902212046E6F79EFD10BD10B523
:101540000C4600212046F7F703F902231A46002132
:101550002046F7F729F902212046E6F78DFD10BD58
:1015600070B50C46484B19882046E7F733FE00213A
:101570002046F7F7EDF894F86230002584F86050C3
:1015800084F8615003F0F10365F3000384F86230DE
:10159000042104F1540003F0D2F82046E6F760FD80
:1015A00060620121E6F7EEFFE5636564A564E5642A
:1015B000256421463548E7F769F80646E7F719F943
:1015C00042F264013046E7F7B4FD01213046F7F7F7
:1015D0000FF901213046F7F7BBF84FF48041304650
:1015E000E6F7D0FF02213046E6F746FDA662314617
:1015F0002748E7F74BF80646E7F7FBF842F2D172C7
:1016000042F264013046E7F7ABFD29463046F7F772
:101610009FF802231A4629463046F7F7C5F80221FB
:101620003046E6F729FD4FF480413046E6F7AAFF41
:101630002663304607F05EFA064623460722154920
:10164000E5F7E0FD4FF480413046E6F79BFF294681
:101650003046F7F77DF86663304609F08BFD0E499A
:1016600009F094FD206B0AF03DFA06460121E6F7E9
:1016700089FFA663E562256523461C2207492046AB
:10168000E5F7C0FD70BD00BF8CCF00203CB804085A
:1016900020B80408E3180208B054030861170208D0
:1016A000486A30B110B50C4603F058FA0023636263
:1016B00010BD704710B50C460846EBF75DFC416A5B
:1016C0002046EBF756FD01212046F7F741F80223AB
:1016D0001A4600212046F7F767F84FF4804120466C
:1016E000E6F750FF10BD10B50446006B10B3E36A77
:1016F00003B394F86230C3F34103012B1BD0022BD8
:1017000021D033B90021EBF7A5FD0121E06AF7F7FD
:101710006FF8206BE8F730FBE06AE8F72DFB206BF1
:10172000E8F7D2FE206BE7F71CFEA0B90121206B81
:10173000E6F728FF10BD0021EBF78CFD0021E06AE1
:10174000F7F756F8E5E70121EBF784FD0121E06AA0
:10175000F7F74EF8DDE70121206BE6F78DFCE9E7AE
:1017600010B5E5F739FD0446C36A4BB1806B38B15B
:10177000596A91B10AF0D0FE0121A06BE6F77CFC1A
:10178000236C4BB1E06C38B1596A51B10AF0C4FE18
:101790000121E06CE6F770FC10BD0121E6F7F2FED6
:1017A000EEE70121E6F7EEFEF6E7836C8B420BD005
:1017B000436B8B4201D00020704790F861000128F4
:1017C0008CBF0020012070470120704710B50446EF
:1017D000543003F057F8002384F8603010BD38B55A
:1017E0000446C06A884245D00D4610B1616AEBF7E5
:1017F000C0FC002D40D004F1540002F0A8FF0028E6
:1018000039D0056094F86030013384F86030A16A03
:101810002846EBF7AEFCE562206D20B1236C7BB36C
:101820000121E6F76BFC236C002B3FD094F862306B
:1018300013F0010F0AD013F0080F25D00121A06C7E
:10184000E6F71AFC0221A06CE6F79CFE94F86030E3
:10185000012B22D90121606BE6F70EFC0221606B9F
:10186000E6F790FE00221C212046E5F789FC204681
:10187000FFF739FF38BDFEE72046FFF7A7FFCAE7AD
:101880000121E6F747FCCEE70121A06CE6F77AFEDE
:101890000221A06CE6F7F0FBD8E70121606BE6F7C8
:1018A00071FE0221606BE6F7E7FBDBE794F860303E
:1018B000012B04D894F8623013F0080F08D00121EE
:1018C000606BE6F7D9FB0221606BE6F75BFEC9E7C8
:1018D0000121606BE6F756FE0221606BE6F7CCFB58
:1018E000C0E7F8B50446E5F771FC072800D0F8BD5D
:1018F0002046E5F767FC05462046E5F76DFC044603
:10190000436BAB4202D0836CAB42F0D194F86030B1
:1019100084F8613029462046FFF747FF0028E6D1CA
:1019200004F15406304602F0C1FF05460146304638
:1019300002F0C4FF07460028D9D02946304602F0FD
:1019400072FF284603F00AF994F86030013B84F8EE
:1019500060303946304602F066FF94F86030013B53
:1019600084F8603039682046FFF739FF384603F0C5
:10197000F5F8BCE72DE9F04FDBB00C46B048E5F7D1
:1019800037FB012802D05BB0BDE8F08F2046E5F7B9
:101990001DFC05462046E5F715FC0690152DF2D1F5
:1019A0002046E5F783FC80460A9015AD2946069F40
:1019B0003846E7F7F3FC40AC2046ECF777FE5122BF
:1019C0004FF4A0213846EAF713FB031E18BF01238A
:1019D0009DF80D2163F382028DF80D21BDF854208E
:1019E000BDF8583001339B1AC3F3C03101FA83F3B9
:1019F000C3F34F063244ADF8E020BDF8563033440F
:101A0000ADF8E23000213846EBF784F90590414605
:101A100048A8E7F76DFA50944FF400335593884B7C
:101A2000499300234A933D4607F1300B584602F094
:101A300041FF0446002859D00DF1E00848AF4FF0AF
:101A40001A09AA46049606E02146584602F03AFFD3
:101A5000044600284AD02379032BF5D1238BADF817
:101A60000031238AADF802316379FD2B9DBF059AC1
:101A70005343C3F30723059B8DF80C312568B5F953
:101A80002030AA696969A068EE8B1E44009603F0B5
:101A90001BF80646B5F92030AA696969E068ED8B44
:101AA0001D44009503F010F8B5B2ADF8045186B2AC
:101AB000ADF80661638B049A1344ADF85C31599418
:101AC000CDF844813A4649465046E5F759FB019620
:101AD0000095BDF85C31424640A90A98ECF7FCFD40
:101AE0003A461B215046E5F74BFBADE7BDF85410D5
:101AF000BDF85620BDF8583001335B1AC3F3C0342B
:101B000004FA83F4BDF85A3001339B1AC3F3C03092
:101B100000FA83F364105B109C42A8BF1C46A0B27D
:101B20000B900144ADF844100244ADF846201FADBF
:101B30002846EDF758FD2A464FF4C021069F384647
:101B4000E7F7C0F89DF8853043F010038DF8853035
:101B500038AE3046EDF7E2F932464FF4C021384650
:101B6000E7F701F80A9948A8E7F7C2F9344B499317
:101B70004FF4C023559303234A934E953B46243399
:101B80000F93184602F096FE002800F0BD814FF03A
:101B90000009822CB8BF82240D945B4683469A4686
:101BA00052E12146504602F08DFE044600284BD0FB
:101BB0002379022BF5D1A168B142F2DCE268B2428E
:101BC000EFDB238A3B441FB2A58A638AAB42E8D08D
:101BD000A37D13F0010F04BFDBF81820DBF814100D
:101BE000FF2300934B46304602F06EFFC0B2658A79
:101BF0006DBA2B0413FA85F525F0784525F4F81510
:101C000025F4FC65A38A5BBA1A0412FA83F323F065
:101C1000784323F4F81323F4FC635B1B0430C008FF
:101C200000FB03F305EB531525F0784525F4F81573
:101C300025F4FC6545EA15456DBAADB2B1E700BFC4
:101C400000B90408049D079FBBF81E30089A02FBE8
:101C500003F303EB83046400BBF80230013B94FB05
:101C6000F3F4BBF9203003EB830304EB4304ADF83A
:101C70007C50ADF87E7012AD11AFBDF844300B9AB8
:101C800013440D9A1344ADF84830BDF84630ADF812
:101C90004A303B464FF480722146284602F09AF9BA
:101CA00051975295CDF8588138AB4D93099B002B35
:101CB00000F0A3800C98EEF7CFFA13ADBBF910201B
:101CC0000E9B9A1A3B4639880A44ADF84C207A8814
:101CD000ADF84E204FF480722146284602F07AF982
:101CE00040AC202238A9204603F000F84D9422ACE5
:101CF0003346A94A1021204603F052FF539448AAC4
:101D00001A210698E5F73CFA14ACCDF8089041F694
:101D1000FF730193BDF912310093BDF91431409A5C
:101D20005399204605F0A5FABDF9500000EBD07399
:101D3000BDF84C20A2EB630292B2ADF87420BDF95D
:101D4000521001EBD174BDF84E30A3EB64039BB28B
:101D5000ADF876300244ADF878200B44ADF87A3017
:101D6000CDF80090539B1DAA4D990A98EDF708F9FC
:101D7000494632A8EEF726FA0C902CA84946EEF711
:101D800021FA044611AB12AA1FA90A98EDF741FCEB
:101D90002046EEF761FA48AA16210698E5F7F0F911
:101DA000049BADF87C30079BADF87E30BBF8022079
:101DB00008F101081FFA88F3934232D2059B0133E0
:101DC00019460593BBF80A30994200F0FD81CDF821
:101DD0002080DBF81430DBF818100091013A4946F6
:101DE000404602F071FE06465890BBF8003004935E
:101DF000BBF80630CDF82490FDE1CDF83491CDF854
:101E00004C9148AA1A210698E5F7BAF926A8B5E731
:101E10004FF6FF730593BBF802204FF00008002A2D
:101E2000CCD126A8EEF742FA2CA8EEF73FFA32A85A
:101E3000EEF73CFA0C98EEF70FFA59460F9802F0BD
:101E400041FD834600285ED0CDF864B1BBF8043074
:101E50000B9FFA1A92B2BBF80C40391B8EB209B232
:101E60000E91BDF84400DB1B9BB217A9C7180F8069
:101E7000BDF846703B444B80104488803A44CA8089
:101E8000012347F6FF7226A8EEF79CFBBDF844201D
:101E90000B9FE31B9BB219A9D0180880BDF8460020
:101EA00003444B80531E33448B8001380644CE805C
:101EB000012347F6FF722CA8EEF784FBBDF84420FF
:101EC000D31BADF86C30BDF84630D91BADF86E10A1
:101ED000013A3A44ADF87020013B3B44ADF8723012
:101EE00032AC4B4647F6FF721BA92046EEF76AFB61
:101EF00049462046EEF766F90C90BBF80A30002BF5
:101F000086D0013B86E7D346BDF85420BDF8583053
:101F100001339B1AC3F3C03000FA83F3C3F34F05B8
:101F20002A44ADF89820BDF856302B44ADF89A30CD
:101F300038AC2046EDF757FB22464FF4A021DDF8E0
:101F400018804046E6F7BEFE40AC2046ECF727FE80
:101F500022464FF4A0214046E6F75CFE00214046B1
:101F6000EAF7D8FE04900A9948A8E6F7C1FF0B4BA0
:101F7000499326AB51934FF400335593584602F0E2
:101F800099FC0446002800F0D7804FF0020ADFF8E1
:101F90001090059569E000BFB857030800B9040820
:101FA00003000180B5F92030AA696969E068EE8B09
:101FB0001E44009602F088FD0646638A059A134483
:101FC000AA8B9D182DB200B202F09AFC05FB00F31B
:101FD00089FB03121A44DB17C3EBA233BDF89A2026
:101FE0001344ADF8CA3006F15A0000B202F088FC82
:101FF00005FB00F389FB03121A44DB17C3EBA23382
:10200000BDF898201344ADF8C830A38AADF8E0308D
:10201000238AADF8E2306379FD2B9DBF049A5343C8
:10202000C3F30723049B8DF8E83001234A9338AFAC
:102030004E9732AD529526AB519348AE32461A2197
:102040004046E5F79DF82B46519A39460A98EDF738
:10205000E0FA32461B214046E5F792F82146584601
:1020600002F030FC0446002866D025685994237994
:10207000012B97D0002BF1D12369002BEED0B5F9BD
:102080002030AA696969E068ED8B1D44009502F073
:102090001BFD05462CA92069EFF782FAB4F91460FC
:1020A000BDF89820921B92B2ADF8C820B4F9160082
:1020B000BDF89A301B1A9BB2ADF8CA302C99C1F307
:1020C0008A2101390A44ADF8CC20BDF8B220C2F310
:1020D0004A12013A1344ADF8CE306379FD2B9DBF0F
:1020E000049A5343C3F30723049B8DF80B31ADF8D7
:1020F0000461ADF8060105EB85056B001A46B3F5E2
:10210000616FC8BFA3F56162ADF80021CDF828A1C9
:1021100040AE4F9648AD2A461A214046E5F730F8C2
:10212000236932AA31460A98ECF796FD2A461B210C
:102130004046E5F725F891E7BDF85420BDF8583042
:1021400001339B1AC3F3C03000FA83F3C3F34F0388
:102150001A4495B2BDF8562013449CB248AF384695
:10216000EEF770FC3A464FF40031DDF81880404637
:10217000E6F778FB01224FF400314046E9F738FFDB
:1021800006B204224FF400314046E9F731FF06EB76
:10219000D676C6F34F03EA1AADF80021C0F3C03279
:1021A00002FA80F2C2F34F02A11AADF802111D44E7
:1021B000ADF804511444ADF8064140AA39460A98D6
:1021C000EEF78AFCFFF7DFBBCDF82080DBF8143098
:1021D000DBF818100091013A4946404602F074FCC1
:1021E00006465890BBF808300493BBF80E30002226
:1021F0000592012209921FB20797504602F05AFB3E
:10220000044600283FF41EAD049DD1E410B50C46F1
:1022100001F1300002F036FB04F1240002F032FB41
:1022200010BD10B50C462421601802F088FA1C215C
:1022300004F1300002F083FA10BD00002DE9F041F6
:102240008AB00446122105A802F0DDFEE36E002BE1
:1022500060DB012505AF636E01AE002BB8BF5B42AA
:10226000444A0E21304603F09BFC94F8748008F039
:102270000F083046DEF714F8A8EB0006002E54DDF8
:1022800001AB421C1A4403EB0800114612F8013D51
:1022900000F8013901ABC91A0229F6D5F21830212C
:1022A00003F8011B9342FBD194F874000F2845D921
:1022B00094F87460360943D001A9002311F8012B6A
:1022C00022B107F8012B0133B342F7DB0F2838D8CE
:1022D00005A920460DF0FEFC236F94F8741001F060
:1022E0000F01092B0ADD244F1A4687FB03C0DB17B9
:1022F000C3EBA0030139C9B2632AF5DCB142C4BF04
:102300000131C9B2491BC9B220460DF0B1F90AB07A
:10231000BDE8F081636E002BB4BF2D232B238DF815
:10232000143000250DF1150795E794F874000F2877
:10233000BED8B8F1000F1BD04646BDE74646BBE706
:1023400000233A462E2102F8011B9845C0DD03F117
:1023500028016944253908F10100C01A384411F8F0
:10236000013F002BB4D002F8013B8242F7D1AFE726
:102370004646ADE7B85703086766666638B50C464B
:1023800000234B66052381F8743001250D670C4B43
:102390008B660C4BCB6691F8753003F0FE0302227E
:1023A00062F3420381F87530294620460DF02BFA7E
:1023B000294620460DF020FA2046FFF73FFF38BDA2
:1023C0009F8601006179FEFF08B5036F092B09DDC7
:1023D000054A82FB0312DB17C3EBA2030367FFF777
:1023E0002DFF08BD0123F9E76766666610B5026F29
:1023F00002EB8202C36E002BB8BF5B42816E8B4240
:10240000B8BF0B46B3EB420FA4BF54000467FFF7FD
:1024100015FF10BD08B5426E016F02EB010C836E13
:102420009C450CDCBCF1000F03DD002ABCBF52420E
:102430004266436E0B444366FFF700FF08BD90F809
:10244000751011F0010FF6D09A4208BFC36EF2E783
:1024500008B5426E016FA2EB010CC36E9C450DDB0B
:10246000BCF1000F05DB436E5B1A4366FFF7E6FE27
:1024700008BD002AC4BF52424266F4E790F87510C6
:1024800011F0010FF1D09A4208BF836EEDE7000012
:1024900070B50C466148E4F7ABFD012800D070BD73
:1024A0002046E4F793FE05462046E4F78BFE0646F9
:1024B000082D11D00D2DF2D1E5F7D4F8E5F7D8F8B5
:1024C00005462046E4F786FE0368113B032BE6D859
:1024D000DFE803F09B9F8791E5F7C4F8E5F7C8F8BC
:1024E000042815D030460DF0CBF9746C035D2E2B0B
:1024F00046D0DDF7D5FE844266D0002C43D1F36E82
:10250000002B66DB96F8740000F00F0001384EE0F7
:102510003046E5F718FEE5F79EF80028BFD096F89C
:10252000742002F00F02012AB9D996F8753003F031
:102530000603042B10D1336F012B03DD3046FFF768
:1025400043FFACE7023A0A20002102F096FA306716
:102550003046FFF74BFFA2E7356FEC17013A0A2030
:10256000002102F08AFA85428C4103DA3046FFF7F7
:102570003DFF94E70A2333673046FFF725FF8EE7D8
:1025800030460DF01DFC96F8741001F00F00013874
:10259000726C93B2B2EB111F04D90F2984BF03F1FF
:1025A000FF339BB2C01AF36E002BB8BF0130A8B145
:1025B0000122002302EB820251000A4601339BB242
:1025C0008342F7D331676AE7411E30460DF050F879
:1025D000D9E7012130460DF04BF8D4E701233367EA
:1025E0005DE7042D03D03046FFF7EEFE57E7304697
:1025F000FFF710FF53E7042D03D03046FFF7F6FE38
:102600004DE73046FFF724FF49E73046FFF702FF6A
:1026100045E73046FFF71CFF41E700BF54B9040807
:10262000F0B593B00C4602212046E5F725FD01AE3A
:10263000304601F00BF90194154B02934FF6FF73EE
:10264000ADF84430134B1B680C93134B1B68099374
:102650000A9303F5B4730B93304601F049F90F4B1D
:102660000893002509950A954FF4B4770B970C4B06
:102670000293304601F03CF93A462946204605F0DF
:10268000FFF94FF48771204605F005FA13B0F0BD4D
:10269000AF26020824D0002020D00020093A0208EA
:1026A000A526020808B589B205F07BF808BD08B573
:1026B00089B205F0B7F808BD10B5064B1960064B96
:1026C0001A6001460548E5F7E1FF0446E6F791F890
:1026D000204610BD24D0002020D0002070B904086E
:1026E00070B50C4691F82C3013F00C0F0FD00B8DF9
:1026F00013B300252E46636A53F8250002F02EFA24
:10270000636A43F825600135238DAB42F3D894F812
:102710002C3013F0030F0FD0238D6BB100252E4604
:10272000636A53F8350002F019FA636A43F83560BA
:102730000135238DAB42F3D8606A02F00FFA002313
:10274000636270BD70B50C46524B1B7881F82C301B
:10275000013B072B09D8DFE803F0595E080408089D
:10276000085401212046F5F7F3FF42F264021146B6
:102770002046E6F7F5FC204606F026FD06462046F4
:10278000E5F76EFC05460121304607F0E1FA04202A
:1027900002F0C6F96062404B0360616A304606F0A1
:1027A0001FFD00231C223D493046E4F72BFD4FF46A
:1027B00080413046E5F7E6FE00231A4638492846B0
:1027C000E4F720FD00212846E8F708F994F82C30BA
:1027D000042B27D024D8013BDBB2012B33D842F2A3
:1027E0006402304BB3F900103046E6F7B9FC42F210
:1027F00064012846E6F79DFC01212846F5F7F8FF1D
:1028000021E009212046F5F7A3FFAEE7002120468D
:10281000F5F79EFFA9E708212046F5F799FFA4E701
:10282000082B10D11F4BB3F9002042F2640130464F
:10283000E6F796FC42F264012846E6F763FC0121C4
:102840002846F5F7D5FFE4F709FE10B13146E4F765
:102850009CFE94F82C3013F00C0F11D00021284668
:10286000F5F776FF03212846E8F7DBF880212846B4
:10287000E5F788FE4FF480612846E5F7FDFB70BD63
:1028800001212846F5F764FF03212846E8F7D4F82C
:10289000ECE700BF2AD00020785403087F2A020802
:1028A000B129020828D0002008B50121EAF768FB09
:1028B00008BD08B50021EAF763FB08BD2DE9F84320
:1028C00090F8233013F0100F57D104460D461646EA
:1028D000038D8B4298BF03F1FF35E7F7F5FD2046E6
:1028E000FFF7E2FF0746002847D094F82C3013F09A
:1028F0000C0F26D015220021E9F77AFB0FFA80F998
:102900003846E6F711FD8046162200212046E9F7F9
:102910006FFBC0B2012809D009EB080010FB05F1DC
:10292000324609B23846E8F797FB1CE009EB08018C
:102930006B4211FB03F1324609B23846E8F78CFBD3
:1029400011E014220021E9F753FB0FFA80F8384612
:10295000E6F707FD08EB000111FB05F1324609B26D
:102960003846E8F78DFB2046FFF7A3FFADB24FF4E2
:102970008072294606F00AFE6585BDE8F8830000EE
:1029800038B50C460948E4F733FB012800D038BDC0
:102990002046E4F71BFC05462046E4F713FC292DEE
:1029A000F5D10022418DFFF789FFF0E78CB90408CB
:1029B00070B582B00446E4F705FC05462046E4F70E
:1029C00005FC04462846EAF7D7FA06462B2C03D026
:1029D0000A2C06D002B070BD0022418DFFF76EFFB9
:1029E000F8E7E4F73FFE10B10379012BF2D001A91B
:1029F0002846E8F7BDF996F82C3013F00C0F21D0DB
:102A00002846E6F791FC0546162200213046E9F7F4
:102A1000EFFAC0B201280AD0BDF9044005EBD57326
:102A200043F34F031C4494FBF5F424B217E005EB89
:102A3000D57444F34F04BDF90430E41A94FBF5F463
:102A400024B20CE02846E6F78CFCBDF9064000EB0A
:102A5000D07343F34F031C4494FBF0F424B224EAF4
:102A6000E474758D012221463046FFF727FFAC4202
:102A7000B0D000221C213046E4F782FBAAE738B52B
:102A8000E4F7A0FB0546EAF777FA0446284606F085
:102A9000D3FD014600222046FFF710FF38BD00009D
:102AA00010B50C4642F2640211462046E6F758FB88
:102AB00000231A4608492046E4F7A4FB802120465B
:102AC000E5F760FD03212046E7F7ABFF0321204631
:102AD000E7F7B2FF10BD00BFDD2A02082DE9F04381
:102AE00083B00546E4F772FB04462846E4F76AFB28
:102AF0000A2C02D003B0BDE8F0830746E4F7B2FD2C
:102B000010B10379012BF5D03846E6F70DFC0546E8
:102B10003846E6F726FC044601A93846E8F728F9C6
:102B2000BDF9048005EBD57343F34F03984498FB3C
:102B3000F5F818FB05F80FFA88F8BDF9069004EBD4
:102B4000D47343F34F03994499FBF4F919FB04F947
:102B50000FFA89F9002400E001343846EAF725FA33
:102B6000A04217D921463846EAF70AFA0546E6F7A1
:102B700077FB06462846E6F796FBB045ECD1814543
:102B8000EAD17D6295F8244000221C213846E4F702
:102B9000F7FA00E00F2421463846E7F732FFA9E7AD
:102BA0002DE9F0410C460846EAF7E6F9064642F2FE
:102BB000640211462046E6F7D3FA2046E7F784FC84
:102BC0003046E6F7B1FB114FB7F9003003FB00F5D3
:102BD0002DB23046E6F7C5FBDFF83880B8F9003093
:102BE00003FB00F212B229462046E6F781FA084BB1
:102BF000197884F824103B68D8F80020134301D0DA
:102C0000BDE8F0813046E7F7FCFEF9E730D0002060
:102C100034D000202CD0002070B50C460846EAF7CE
:102C2000ABF90646E6F774FB05463046E6F776FB59
:102C3000024629462046E6F793FA01212046F5F799
:102C400087FD2046E5F70CFA05460F4BB3F9002047
:102C500042F26401E6F784FA00212846F5F778FD90
:102C600002231A4600212846F5F79EFD2046E5F787
:102C7000F7F904460121F5F7BBFD42F26401204655
:102C8000E6F740FA70BD00BF36D0002018B108B595
:102C90004268904708BDFEE758B12DE9F0470D4660
:102CA00017469846814629B100260E600446B24672
:102CB00007E0FEE7FEE7BAF1000F08BFA24664692D
:102CC00074B143463A46294620462668B047034633
:102CD0000028F4D0AA7B12F0100FECD12C600CE08D
:102CE000BAF1000F0CD0DAF8004043463A462946C4
:102CF0005046A047C5F800A001231846BDE8F0875C
:102D00001F2F10D94FF6FF039F421FD042F20C0332
:102D10009F421ED0B9F9083003EBD373C3F34F03BE
:102D20009A1C92B201E000231A46EB80AA8000238D
:102D30002B60B9F808202A816B81AB81AA7B012125
:102D400061F3030242F01002AA73D6E700231A4689
:102D5000EBE700231A46E8E750B100B585B013460B
:102D60000A466946FFF798FFBDF8040005B000BDAC
:102D7000FEE703780A78934211BF981A40784B789F
:102D8000C01A704703880A88934211BF981A408876
:102D90004B88C01A704700880B88C01A7047000023
:102DA0002DE9F04784B00D46002971D004696769A8
:102DB000002F71D03B688B4218D0628AC2F3080A98
:102DC000BAF1000F5FD0A3680026B0469E4618688F
:102DD000291AB3F804C08C454CD993F812C0BCF141
:102DE000030F45D8DFE80CF00E2D0417786806E0D5
:102DF000D8880844636913B11D606369586004B0E2
:102E0000BDE8F087DA68515C09B9A84232D1BEF852
:102E100006000844EEE7ADF80E101A8A9968224BB6
:102E2000009302230DF10E0004F092FA38B1A3686A
:102E300033449968421AD88800EB6200DAE7002030
:102E4000D8E7ADF80E101A8A9968174B0093022341
:102E50000DF10E0004F07CFA40B1A3683344996888
:102E6000421AD968885ADB881844C3E70020C1E7B2
:102E70000020BFE708F10108143314361FFA88F167
:102E80008A45A3D837B13D60636900205860B6E732
:102E90000846B4E70020B2E7628AC2F3080ABAF132
:102EA000000F90D10020AAE7972D020810B509293C
:102EB000046908BF2021FFF773FF50B1E37C3F2B6B
:102EC00009D8636853F83030C3F3130320681844FB
:102ED00010BD0020FCE70020FAE700002DE9F043D8
:102EE00085B007460C4615469846092A066914BF60
:102EF00011462021FFF754FF002800F09280814600
:102F0000F368002B5AD041463846FFF749FF034685
:102F100008B9002153E03A69D17C11F0200F3AD171
:102F2000D768FA7A3F2A05D902F0C002402A1AD09F
:102F3000002144E0D7F8008009EB0023ADF80C3005
:102F4000BA68394B0093022322F04042414603A85D
:102F500004F0FEF928B1A0EB08035B107A68D156A3
:102F60002DE000212BE0D7F8008009EB004303930C
:102F7000BA682E4B0093042322F04042414603A836
:102F800004F0E6F928B1A0EB08039B107A68D1564B
:102F900015E0002113E0D268516811F809100029EA
:102FA00037D09068C05C002835D00139577B136852
:102FB000034407FB013313F9011C00E00021726890
:102FC00002EBC902338A01FB03F31B115188C1F3E1
:102FD0000B11092D08BF490008330B441B09A380BE
:102FE000537923811179E18092F90630638192F956
:102FF0000730A381F27CC2F34302A37B62F3030395
:1030000023F01003A373092D07D0012005B0BDE8FC
:10301000F0830021D3E70021D1E74900E1800120BE
:10302000F4E70020F2E700BF732D0208852D0208A7
:1030300070472DE9F04104460D4616469DF818707C
:10304000027822F0E00202704288012161F34F12FF
:10305000428003F0070CC3F30421C3F34230C3F3EF
:10306000C40303EB4312C3EBC20307335B1100221B
:1030700063F3174200EBCC0303EBC31003EB4003F5
:1030800003339B1163F30F2201EB4113C1EBC30127
:103090000731491161F3070242F07F42C2F307434F
:1030A00003EB4303C2F3072103EB810353FA82F2DC
:1030B000C2F3CC08FC2F08D95FFA88F332462946C0
:1030C0002046EDF7B3FDBDE8F081324629462046A3
:1030D000EDF732FDC7F1FF0313FB00F307FB0833E5
:1030E000C3F30723EAE710B586B09DF82840022C09
:1030F00001D806B010BD084619460590039B62F33F
:10310000942303930E2262F304038DF80C30009491
:10311000BDF82430BDF9202003A8FFF78AFFE8E7B7
:1031200010B586B09DF82840022C01D806B010BD1D
:10313000084619460590039B62F3942303930D22DE
:1031400062F304038DF80C300094BDF82430BDF90F
:10315000202003A8FFF76DFFE8E710B586B09DF8C3
:103160002840022C01D806B010BD0846194605902B
:10317000039B62F3942303930C2262F304038DF800
:103180000C300094BDF82430BDF9202003A8FFF7CF
:1031900050FFE8E710B586B09DF82840022C01D812
:1031A00006B010BD084619460590039B62F39423B0
:1031B00003930B2262F304038DF80C300094BDF8E6
:1031C0002430BDF9202003A8FFF733FFE8E7000013
:1031D00070B59DF818C0BDF9100000FB023303EB79
:1031E0004303CC18BDF81400BCF1FC0F7ED894F852
:1031F00002E0BEF1020F66D96578CA5C02EB0522D7
:1032000092B2BCF1020F1DD9BEF1FC0F1CD952BA0B
:10321000150415FA82F2384D2A4040BA060416FA0F
:1032200080F02840801A0CF1040C4FEADC0C0CFBF7
:1032300000F002EB50122A4042EA124252BA92B215
:10324000FF20A070104653E02C4D2D78654540D0EE
:103250002A4D85F800C02A4D85F800E0294D2880C8
:10326000294D2A80CCF1FF06CEF1FF0E16FB0EF69B
:1032700086F47F46C6F30726244D2E7052BA1504F5
:1032800015FA82F21C4D02EA050ECCEB0C2292B22A
:1032900092FBF6F2D2B20432D20840BA060416FA11
:1032A00080F02840A0EB0E0000FB02F20EEB521261
:1032B0002A4042EA124252BA15480280144A108843
:1032C000124A92F800C084F802C0BCF1020F12D971
:1032D0000EE00B4D2D787545BAD10A4D2D888542EB
:1032E000B6D1094D2D889542B2D1E7E784F802C0E6
:1032F000C854000A607070BD1FF8E0075BD0002062
:103300005AD0002058D0002054D0002052D00020A5
:1033100050D0002010B50446502101F074FE4FF447
:10332000A0732380F02363804FF6FF73A380E380B4
:10333000002222816281237C43F0080362F386131A
:1033400023742369822262F3D01323614EF20703B0
:103350002387034B236463645823A36410BD00BF19
:10336000E9170108F8B504460D4617461E461C210C
:1033700001F049FE25606760A560E660F8BD0000C9
:1033800070B582B005464A4801F0E1F900287ED0C8
:103390000446EB6B002B7BD04FF4B471204601F058
:1033A00032FE25600123C4F85431082104F5AC70C5
:1033B00001F0C5F93F4B1E681C6022461E213E48A5
:1033C00002F0F0FF606000286ED02B7C13F0020F3B
:1033D0000DD0EA68B5F90030B5F9021001FB03F32E
:1033E000D2689A4203D22B7C23F002032B74FF2372
:1033F00084F82A3084F82B3084F82930FAF7F6FB69
:10340000002852D1052000F071FF0546002000F091
:103410006DFF0246294B0093002329462046F7F70B
:103420001FF8A0600020E4F71BFE20610020E4F7F5
:1034300017FEE0610020E4F713FE2062204D2A46CB
:103440000021E069E9F76EF82A460021206AE9F7D1
:1034500069F80221E069E4F70FFE0221206AE4F72F
:103460000BFE0021E069E7F7B9FA0021206AE7F7CF
:10347000B5FA2069E6F797F9002E08BF26460D4BEE
:103480001E60606803F0B0F8204602B070BDFEE731
:10349000A86C01F045FB064628B12B6C0146284676
:1034A0009847EE6378E7FEE7FEE7FAF793FBB8E7A5
:1034B00074D200205CD0002041E000088CDE0408BB
:1034C000FFFF0F00014B1868704700BF5CD0002061
:1034D000034648B11B681A7C12F0100F14BFB3F9F1
:1034E0000200B3F900007047024B1B68002BF1D1BA
:1034F000002070475CD00020034648B11B681A7C4E
:1035000012F0100F14BFB3F90000B3F902007047B6
:10351000024B1B68002BF1D1002070475CD00020CB
:10352000034620B11B681869C0F3C9107047034BEC
:103530001B68002BF6D18220704700BF5CD00020B2
:10354000C26800231361C2685361704708B520B197
:103550000146044801F0B2F908BD024801F0A6F99D
:10356000FAE700BF74D200200368D86870470000F3
:10357000053909290FD8DFE801F0100E0E0E0E0EE6
:1035800005070A0C064B00E0064BC3617047064B6B
:10359000FBE7064BF9E70023F7E7054BF5E700BF2C
:1035A000953102085B31020821310208E730020838
:1035B000D131020808B520B10146044801F07EF976
:1035C00008BD024801F072F9FAE700BF68D2002096
:1035D000034B00221A70034A1368034413607047B8
:1035E00060D0002064D00020044B1868044B4FF0DA
:1035F000010119701A78002AFBD0704764D00020AE
:1036000060D0002010B50446FFF7EEFF001B10BD90
:1036100008B5084B01221A70074801F047F920B19C
:10362000064B186802F0DBFF08BD044B186802F077
:10363000D1FFF9E76DD0002050D2002068D00020E3
:103640002DE9F843654B1868FFF7DCFF0646644A2E
:10365000137883F001031370624801F027F9002802
:1036600000F09F800446604D4FF00009DFF8708144
:103670005C4F27E09B1900F19A8012F0010F09D1ED
:1036800063693BB120469847236A03442362A36AD7
:103690000344A362A3680BB12046984794F84230D4
:1036A00043F0080384F8423023E0E36A226B9A4235
:1036B00037DA2B78002B7BD0384601F0F7F8044638
:1036C000002C6ED085F8009098F8002094F84230D5
:1036D000C3F3800393426BD094F8423062F38203C9
:1036E00084F84230DAB213F0080F02D1236B002BBA
:1036F000C0DD236B33442363002BDADBE26A9A429A
:10370000A8BF1A462263E36920469847636A83424A
:10371000CBD060626368002BC7D001462068984711
:10372000C3E794F8422012F002020AD1B4F8401024
:10373000002943D04FF6FF70814246D00139A4F8EA
:103740004010B4F84010B9B1E16B49422163A16B5C
:103750000029AED0002A34D0B2FA82F2520994F88D
:10376000420062F3410084F84200226AA06A2062AB
:10377000A262E162A3639CE7A16B01B10AB3214697
:10378000184801F050F8FFF743FFE3680BB12046FB
:10379000984723690BB120469847204601F0DEF98F
:1037A00087E7FFF721FF0D4B1860BDE8F88323631F
:1037B0002146384601F082F8044681E7A16B0029D2
:1037C000DDD0606B40422063C6E7E16B4942216374
:1037D000A16B00293FF46DAFF3E700BF70D000206C
:1037E0006CD0002050D200206DD0002010B582B0E7
:1037F00004464FF4806300930023C26A1946006BAD
:1038000001F062F9226AA36A9B1A03FB00F002EB43
:10381000A02002B010BD000008B54421074800F008
:103820008EFF00221E21064802F0BCFD054B1860E9
:10383000FFF7EEFE044B00221A7008BD50D20020A4
:103840004136020868D000206DD0002010B5044633
:10385000442101F0D8FB4FF4FA73E36200232362A2
:103860006423A3620123A4F84030044BE36194F87D
:10387000423043F0010384F8423010BDED370208B6
:103880002DE9F04706468846184801F00FF840B386
:1038900004464FF00009154F4FF0010A06E06B682F
:1038A00043450FD0B8F1000F0CD0E4B125462146B6
:1038B000384601F003F804462B68B342EFD0002EDF
:1038C000F3D1ECE72946384600F0ADFF2B690BB188
:1038D00028469847284601F041F9FFF799FED1465E
:1038E000E3E74FF000094846BDE8F08750D20020DA
:1038F00038B50446416811B10068FFF7C1FF1B48A5
:1039000000F0F2FF58BB194800F021FF054658B3FC
:103910004422214601F0EAF92368A34208BF2D6042
:1039200095F84230124A127862F3820385F84230E9
:1039300013F0010F0FD06B693BB1284698472B6AF3
:1039400003442B62AB6A0344AB626B681BB128680B
:1039500008B1296A9847FFF75BFE284638BDFFF794
:1039600043FE044B1860CEE7FEE700BF50D20020B4
:103970006CD0002070D0002070B504460D460B4876
:1039800000F094FF014670B1084E04E0304600F0AC
:1039900095FF014638B10B68A342F7D14B68AB42A3
:1039A00001D0002DF2D1084670BD00BF50D20020DA
:1039B0000346891A0029B8BF49424FF47A7202FBC4
:1039C00001F1B1FBF0F0994238BF0130704730B5DA
:1039D00083B004464FF4806500950023C26A1946FF
:1039E000006B01F071F8009540F2B6334FF461724C
:1039F000002100F0C1FF226AA36A9B1A03FB00F0BA
:103A000002EBA02003B030BD30B583B004464FF4C4
:103A1000806500950023C26A1946006B01F054F8D6
:103A200000954FF46E733222002100F0A5FF226A48
:103A3000A36A9B1A03FB00F002EBA02003B030BD89
:103A4000026BC36A9A42ACBF806A006A704700B5D5
:103A5000B0F900E0B0F90430A3EB0E0303EBD3732D
:103A6000C3F34F0C43F34F030A88A2EB0E02A2EB01
:103A70000C0249884088091AA1EB0C0103FB03F3EF
:103A800011FB01F112FB0212934234BF002001200E
:103A900000BD018042808380BDF90030C380704743
:103AA00001390388194481807047013943881944DA
:103AB000C1807047B0F90420B0F90030D21AB0F9D3
:103AC0000630B0F90210581A013002FB00007047AE
:103AD00089B203885B1A038083881944818092B27B
:103AE00043889B1A4380C3881A44C280704789B2B6
:103AF00003880B44038083881944818092B24388F1
:103B000013444380C3881A44C280704710B50346EB
:103B1000B2F900E0B1F900008645B8BF8646A3F8C7
:103B200000E0B2F90200B1F90240A042B8BF20465D
:103B30005880B2F904C0B1F90440A445A8BFA44616
:103B4000A3F804C0B2F90620B1F906108A42A8BF52
:103B50000A46DA809042D8BFE645D4BF0120002053
:103B600010BDB2F90030B1F900C06345A8BF63468B
:103B70000380B2F90230B1F902C06345A8BF6346C1
:103B80004380B2F90430B1F904C06345B8BF63465D
:103B90008380B2F90630B1F906209342B8BF1346CC
:103BA000C38070472DE9F04F85B00C46B1F9003065
:103BB000B0F900108B42C0F29B80B0F90460B342B0
:103BC00000F39A80B4F90230B0F90270BB42C0F23F
:103BD0009580B0F906904B4500F39280002A40F39F
:103BE00091801FFA86FA1FFA81F81FFA89FBB8B292
:103BF000ADF808100AF10105A5EB0805C5F3C033BF
:103C000003FA85F50BF1010301461B1AC3F3C0301B
:103C100000FA83F36D105B109D42A8BF1D469542CC
:103C2000A8BF1546ADB2A8441FFA88F8ADF80C80BD
:103C3000ADF80A7029440BB20193ADF80E300022A2
:103C4000214602A8FFF7AEFF38B14544ADF80C504D
:103C5000214602A8FFF7FBFE4BE0ABEB050B1FFA7A
:103C60008BFBADF80AB0ADF80E900022214602A8F9
:103C7000FFF798FF58B1A844ADF80C80ABEB0505F1
:103C8000ADF80A50214602A8FFF7E1FE31E0AAEBA9
:103C9000050A1FFA8AFAADF808A0ADF80C600022F8
:103CA000214602A8FFF77EFF60B1AAEB050AADF836
:103CB00008A0ABEB050BADF80AB0214602A8FFF750
:103CC000C6FE16E0ADF80A70019BADF80E3000227A
:103CD000214602A8FFF766FF08B9012009E0AAEB18
:103CE000050AADF808A0214602A8FFF7B0FE00E0E3
:103CF000002005B0BDE8F08F0020FAE70020F8E7CB
:103D00000020F6E70120F4E7B0F90020B1F9043013
:103D10009A4214DCB0F90420B1F900309A4210DB69
:103D2000B0F90220B1F906309A420CDCB0F9060075
:103D3000B1F902309842B4BF002001207047002042
:103D4000704700207047002070472DE9F04182B095
:103D5000B0F90060B1F90030B3423ADC0C461546C8
:103D6000B0F90230B1F902209A4236DCB0F90470A1
:103D7000B1F90420BA4232DBB0F90680B1F906206D
:103D800042452EDB0DB9012024E0ADF80460ADF80A
:103D900006302A4601A92046FFF704FFD0B1ADF84E
:103DA00004702A4601A92046FFF7FCFE90B1ADF849
:103DB0000460ADF806802A4601A92046FFF7F2FE0E
:103DC00040B1ADF804702A4601A92046FFF7EAFE8B
:103DD00000E0002002B0BDE8F0810020FAE70020FA
:103DE000F8E70020F6E72DE9F04706460C461546B1
:103DF00011462046FFF788FF002800F08E80002241
:103E000029462046FFF7A1FF002840F08980B4F939
:103E100004E01FFA8EF3B4F900901FFA89F1E288EA
:103E2000B4F902801FFA88FCB5F90270A7EB0C0008
:103E300000B200286FDDA6F80090A6F80280A6F870
:103E400004E0F7800120B5F906E01FFA8EF7B4F818
:103E500002804244D21BA2EB0C021FFA82FC12B277
:103E6000002A15DDB4F90620724511DDB4F900A071
:103E7000B4F9049000F1010806EBC00226F830A066
:103E8000A2F802E0A2F804906744D7804FFA88F0C5
:103E9000B4F902C0B5F902209445B8BF9446B4F90C
:103EA0000620B5F90670BA42A8BF3A46B5F90080B7
:103EB000B4F90090A8EB090E0FFA8EFEBEF1000FC8
:103EC00011DDA2EB0C073FB2002F0CDD00F1010E5B
:103ED00006EBC00726F83090A7F802C0A7F80480C8
:103EE000FA804FFA8EF0B5F90470BDB224882344ED
:103EF0005B1B5B1A99B21BB2002B0ADD441C06EB5C
:103F0000C00326F83070A3F802C00D449D80DA800B
:103F100060B2BDE8F087002095E74FF0FF30F8E78A
:103F20000020F6E72DE9F04782B0B0F90470B1F94E
:103F30000030BB4243DC0C461646B0F90680B1F9AE
:103F40000230434540DCB0F90090B1F904304B45F4
:103F50003CDBB0F90230B1F906209A4238DB0EB9E9
:103F600000252DE0ADF80490ADF80630324601A9E9
:103F70002046FFF717FE054608B1002520E0ADF802
:103F80000470324601A92046FFF70CFE8246B8B9FC
:103F9000ADF80490ADF80680324601A92046FFF73F
:103FA00001FE08B155460BE0ADF80470324601A998
:103FB0002046FFF7F7FD80F00105EDB200E0012596
:103FC000284602B0BDE8F0870125F9E70125F7E7AB
:103FD0000125F5E72DE9F04F83B0044616461D464E
:103FE000002936D1B2F5807F00F0A68002881B88B8
:103FF000D21A12B20280438869885B1A1BB24380CE
:1040000006FB02F2298801EB2222028006FB03F361
:104010006A8802EB232343808EE0B9F1000FB4BF1E
:1040200009F56168C84626E0454B1B68454A176894
:1040300001FB03F600FB17662A8802EBA62222800A
:1040400000FB03F301FB07336A8802EBA3236380C1
:1040500072E0894603882A889B1A038043886A880D
:104060009B1A4380384B1B688B4245D0B9F5616F72
:10407000D3DDA9F56168DFF8D4A08AFB08234FEAF5
:10408000E877C7EBA30707F1010B6FF0090303FB08
:10409000078838B200F034FC00900FFA8BF000F083
:1040A0002FFC019007F15A0000B200F029FC0746EE
:1040B0000BF15A0000B200F023FCC8F10A02019B88
:1040C00008FB03F3009902FB01338AFB03C1DB17F2
:1040D000C3EBA1035B111B490B6008FB00F002FB63
:1040E00007008AFB003AC017C0EBAA004011144B2E
:1040F0001860154BC3F80090B4F90010B4F9020031
:10410000B6F5807F90D00E4B1B680E4AD2F800C0E7
:1041100001FB03F200FB1C2206FB02F22F8807EBD7
:10412000A242228000FB03F301FB0C3306FB03F3E6
:104130006A8802EBA343638003B0BDE8F08F00BF41
:1041400074D0002078D00020AC000020676666663E
:1041500000B51FFA81FE10F0030F1CBF20F8021BF0
:1041600002F1FF320EEB0E41102A23D900F1200399
:10417000944643F8201C43F81C1C43F8181C43F8D1
:10418000141C43F8101C43F80C1C43F8081C43F89B
:10419000041CACF1100C2033BCF1100FE9D8A2F1D3
:1041A00011031B09203000EB4310103AC3EB0373DB
:1041B00002EB03122AB100EB420220F802EB90421C
:1041C000FBD100BD40BA030413FA80F0064B18403F
:1041D0000431C90800FB01F1494200EB51101840BD
:1041E00040EA104040BA70471FF8E00710B4C1EB36
:1041F00001218CB23A49A1FB0434C4F34714C2EB49
:10420000022293B2A1FB0313C3F34713002C38D04F
:10421000C0EB0020C008334AA2FB0020C0F38F0C83
:10422000314AA2FB0C2CCCF3C70CC4F1FF0103FBF9
:1042300001F1C1F307216FF02A0202FB0CF202EB3D
:10424000900202EB42025200D2B202FB04F00012D2
:10425000C0F1FF0003FB00F0C0F30720C2F1FF0232
:1042600004FB02F21212C2F1FF0203FB02F2C2F3DC
:104270000722BCF1040F2ED8DFE80CF0090B202335
:1042800028005C09D908C3F382030A4609E01846EE
:104290001346C3F34214C0F3C402C1F3C401C3F311
:1042A00082034FF0000064F3020062F3C70061F381
:1042B0000C2063F34F305DF8044B704708461146FD
:1042C000E7E70246084619461346E2E718460B465A
:1042D00001461046DDE7024618460B461146D8E770
:1042E0001F85EB51176CC11683BEA02F122803D86F
:1042F000074B33F8100070474FF0000020F0070024
:1043000020F0F80020F4F85020F46040704700BF1F
:104310004C33050812280AD80139C9B2042911D82A
:1043200000EB800008440D4B33F8100070474FF04D
:10433000000020F0070020F0F80020F4F85020F4EE
:10434000604070474FF0000020F0070020F0F800B8
:1043500020F4F85020F46040704700BF8C3205080C
:10436000122809D80139C9B2032910D801EB8000FD
:104370000C4B33F8100070474FF0000020F007009E
:1043800020F0F80020F4F85020F4604070474FF01F
:10439000000020F0070020F0F80020F4F85020F48E
:1043A00060407047F431050808B50421014800F069
:1043B000C6F908BD5CD2002038B504464068B0B1EB
:1043C000C368B3B121689847054663685B8843B109
:1043D000A36833B1D86808B100F0C0FBA06800F052
:1043E000BDFB002323606360A360284638BD0B2516
:1043F000FBE70925F9E72DE9F04F87B004460E46A3
:1044000015461F460BB100233B606068002800F092
:10441000BC80D0F81080B8F1000F00F0B980002304
:104420000593B0F80290B9F1000F0DD105AB0093E0
:104430002B4632462168C04780460FB1059B3B6042
:10444000404607B0BDE8F08FD4F808A0DAF808B00D
:10445000DAF80010DAF80C3003938B4555D3DAF80C
:1044600004309B4551D2ABEB010189B2A3EB0B0A9F
:10447000A9EB01039A4528BF9A46554508D82A4614
:10448000039B0B441946304600F030FC059548E08C
:104490005246039B1944304600F028FC0023049345
:1044A0004D4512D9606804AB0093D0F81080A5EB9D
:1044B0000A0306EB0A022168C0478046049B534466
:1044C000AB4228BF2B46059328E0606804AB0093FD
:1044D000D0F810804B46DDF80C904A462168C04762
:1044E0008046A3685A681A60A268049913680B444E
:1044F0005360A5EB0A028A4228BF0A4692B2494697
:1045000006EB0A0000F0F2FBD8E74D4511D905ABE8
:1045100000932B4632462168C0478046B8F1000F11
:104520008BD1A268936805990B4493604FF0000803
:1045300083E7039BF3B100230493606804AB00930B
:10454000D0F810804B46DDF80C904A462168C047F1
:104550008046A368C3F800B0A168049A0B681344AE
:104560004B60AA4228BF2A4605924946304600F0D1
:10457000BDFBD3E7484600F0D3FACAF80C00A368A5
:10458000DB680393002BD6D1FEE74FF00B0857E70B
:104590004FF0090854E730B583B00446406800285E
:1045A00042D013468569002D40D04288002A36D07B
:1045B000012B13D0022B23D0002B39D1A26891609C
:1045C000A1688A680868824202D349688A4231D960
:1045D0006068856900232168A84723E0A268936882
:1045E0000B449360A3689A6819688A4202D35B6897
:1045F0009A4221D96068856900232168A84711E0A3
:1046000002230A462168A84760B96068C36901AA05
:104610002168984730B9A368019A9A6002E00A4677
:104620002168A84703B030BD0B20FBE70920F9E75C
:104630000020F7E71846F5E70020F3E738B5044611
:10464000084800F033F9014650B1064D0868037878
:10465000A34205D0284600F031F901460028F5D1E3
:1046600038BD00BF5CD20020002933D0F8B5044625
:1046700017460E460878FFF7E1FF054660B343682A
:104680000BB1984750B3AB6853B372783A2A14BF52
:10469000711CB11C3A4628469847431E13F1030F7C
:1046A00020D8656020606B880BB90020F8BD102011
:1046B00000F036FAA06060B1102100F0A4FCA368FD
:1046C0004FF0FF321A60A3686FF001025A600020B9
:1046D000ECE7FEE70B2070470320E7E70120E5E762
:1046E0000920E3E70C20E1E710B50446DBF7D8FD2D
:1046F00088B10246411C214411F8013D2E2B07D000
:104700002F2B0AD05C2B0AD0013AF5D1054801E0E5
:104710000132A01810BD0348FCE70248FAE701483F
:10472000F8E700BF785403080B4609B101685A50F6
:1047300070470B4611B101680B445A607047002363
:1047400043608360033121F003010160704738B595
:1047500004460068083000F0E3F9054690B10022F5
:1047600001462046FFF7E0FF626829462046FFF732
:10477000E0FF616819B12A462046FFF7D5FF656062
:10478000A3680BB1284638BDA560FBE7F8B506461F
:1047900030B30C4631B3436899421DD000680830ED
:1047A00000F0BEF90546A8B13368E758024639461D
:1047B0003046FFF7BEFF3A4629463046FFF7B4FFC2
:1047C0002A4621463046FFF7AFFF224629463046AB
:1047D000FFF7AFFF2846F8BDFFF7B9FF0546F9E739
:1047E0000546F7E70D46F5E738B50446006808309A
:1047F00000F096F9054690B1002201462046FFF7E9
:1048000098FFA26829462046FFF78EFFA16819B1DC
:104810002A462046FFF78DFFA56063680BB1284646
:1048200038BD6560FBE760B370B5044643689942E4
:1048300010D08368994219D00368CE5819444D6846
:104840002A463146FFF775FF324629462046FFF7D4
:104850006BFF70BD036819444968416019B10022BB
:10486000FFF762FFF5E700238360F2E70368C958AA
:10487000816019B10022FFF75CFFEAE70023436083
:10488000E7E7704788B170B50646446864B12546CD
:1048900033681C44646829463046FFF7C4FF284645
:1048A00000F05CF9002CF2D170BD704708B140688F
:1048B0007047704708B180687047704703681944B3
:1048C000486870470368C858704748B143684BB19F
:1048D00002680432002001309B58002BFBD1704746
:1048E000002070470020704740B142680AB10020A4
:1048F00070478068B0FA80F0400970470120704727
:104900001B4B83FB00230344C217C2EB23234FF44A
:10491000B47202FB130000B20028BCBF801800B2C2
:10492000592803DC134B33F91000704780B2A0F113
:104930005A039BB2592B06D8C0F1B40000B20D4BFC
:1049400033F910007047A0F1B4039BB2592B06D87D
:104950001BB2084A32F81300404200B27047C0F55B
:10496000B47000B2034B33F81000404200B27047FD
:10497000B7600BB67433050830B5C0F5806C0CFB1E
:104980000CFE4FEA9E2E00FB00F4A40A00FB02F28C
:104990000EFB02F202EB420204FB00F0800A039DD0
:1049A00005FB00F0800A00EB125003FB0CF304FB44
:1049B00003F303EB430300EB13500EFB0CFC4FEA35
:1049C0009C2C01FB0CFC00EB9C2030BD0028BABFE6
:1049D000404201230023002917DB884219D901EB4B
:1049E0004101C1EB0111B1FBF0F11033DBB2CAB2EE
:1049F000162A15D92C2A1ED8292A2ED8252A2ED88F
:104A0000212A34BF0420032016E00233DBB24942DE
:104A1000E3E700EB4000C0EB0010B0FBF1F1E6E78C
:104A2000012A1ED9052A1ED9092A1ED90E2A8CBF91
:104A30000420032000E00020084413F0100F18BFEA
:104A4000C0F15A0013F0020F11D013F0010F14BF80
:104A5000B430C0F1B40080B270470120ECE702200E
:104A6000EAE70020E8E70120E6E70220E4E713F0A8
:104A7000010F18BFC0F5B470EDE732B100B50346C1
:104A80008C469646012000210AE001200021704753
:104A90004FEA6E0E03FB0CF2A3FB033C0CEB420C43
:104AA0001EF0010FF4D000FB0CF203FB0122A0FB6F
:104AB0000301114403FB0CF2A3FB033C0CEB420C7F
:104AC0005FEA6E0EECD100BD8A420EDB824212DD3F
:104AD000814212DAA0EB010C0098C01A00FB0CFC1A
:104AE000521A9CFBF2F2D0187047824207DA8142D8
:104AF000F0DC1846704700987047184670470098D9
:104B00007047000008B54FF44041034801F02FFF03
:104B1000024B186008BD00BF8CD200209492012087
:104B200008B90A48704710B504460146084B186892
:104B300001F02BFF48B1074B1A6814441C60064A69
:104B40001368A34238BF2346136010BDB000002095
:104B500094920120909201208C92012008B50A4B7A
:104B600098420CD0014650B1084B186801F027FF5D
:104B7000074B1B68834203D91B1A054A136008BD03
:104B8000034B00221A60FAE7B00000209492012043
:104B90009092012008B549B10A46084B984209D0C5
:104BA0000146074B186801F04FFF08BDFFF7D6FF1D
:104BB0000248FAE70846FFF7B3FFF6E7B000002027
:104BC0009492012000285AD038B5044600234FF0B3
:104BD000FF3C2C490D1D0EE02A4A02EBC3018B79E4
:104BE00043F001038B7152F8300034E04FFA83FC3C
:104BF0000133102B16D0184601EBC302927912F044
:104C0000010FF5D135F83320A242F1D3E4D0BCF145
:104C1000000FEBDB01EBCC008088904288BF4FFA9D
:104C200083FCE5E7BCF1000F0CDA002315491D46B3
:104C300001EBC302927912F0010F0DD00133102B5A
:104C4000F5D1FEE70F4A02EBCC018B7943F001036B
:104C50008B7152F83C0038BD21460A4A52F83300A5
:104C6000FFF798FF50B1074901EBC5039A7942F06D
:104C700001029A719C8041F83500ECE7FEE70020C4
:104C8000704700BF78D100200023084951F8332035
:104C9000824203D00133102BF8D17047034A02EB54
:104CA000C3039A7922F001029A71704778D10020EB
:104CB000F8B500240C4D26462F1D02E00134102CBF
:104CC00010D055F834000028F8D0FFF747FF05EB67
:104CD000C40345F834609A7966F300029A7127F8A4
:104CE0003460EBE7F8BD00BF78D10020F0B500F0EC
:104CF00003040E4601F003039C4200F0A980202A21
:104D000040F2A48000F1200301F12004A2F121016E
:104D10004F0921F01F01451805F1400E14F820CC71
:104D200003F820CC14F81FCC03F81FCC14F81ECCC9
:104D300003F81ECC14F81DCC03F81DCC14F81CCCC1
:104D400003F81CCC14F81BCC03F81BCC14F81ACCB9
:104D500003F81ACC14F819CC03F819CC14F818CCB1
:104D600003F818CC14F817CC03F817CC14F816CCA9
:104D700003F816CC14F815CC03F815CC14F814CCA1
:104D800003F814CC14F813CC03F813CC14F812CC99
:104D900003F812CC14F811CC03F811CC14F810CC91
:104DA00003F810CC14F80FCC03F80FCC14F80ECC89
:104DB00003F80ECC14F80DCC03F80DCC14F80CCC81
:104DC00003F80CCC14F80BCC03F80BCC14F80ACC79
:104DD00003F80ACC14F809CC03F809CC14F808CC71
:104DE00003F808CC14F807CC03F807CC14F806CC69
:104DF00003F806CC14F805CC03F805CC14F804CC61
:104E000003F804CC14F803CC03F803CC14F802CC58
:104E100003F802CC14F801CC03F801CC2033203481
:104E200073457FF47BAF203AC7EBC76702EB4712AD
:104E30002036314405F120033AB101391A4411F802
:104E4000014F03F8014B9342F9D1F0BD0346F3E75C
:104E5000002C65D10446202A98BFA6463AD904F111
:104E6000200301F1200CA2F121056E0925F01F0598
:104E7000A64640342C445CF8207C43F8207C5CF847
:104E80001C7C43F81C7C5CF8187C43F8187C5CF8AC
:104E9000147C43F8147C5CF8107C43F8107C5CF8BC
:104EA0000C7C43F80C7C5CF8087C43F8087C5CF8CC
:104EB000047C43F8047C20330CF1200CA342DAD1AB
:104EC000203AC6EBC66602EB4612203129440EF1A9
:104ED000200EAE44042A18D90B1F561FB70826F01F
:104EE00003068C463144744653F8045F44F8045B6F
:104EF0008B42F9D1043AC7EB877702EB87020CF1BA
:104F0000040399190EF1040EB644002A9DD001390C
:104F1000724411F8013F0EF8013B9645F9D194E730
:104F2000C4F10404044486463146002AD2D016F85F
:104F3000013B0EF8013B013AA645F5D131468AE71F
:104F400030B510F003030AD0C3F104030344002A70
:104F500052D000F8011B013A9842F8D1184601EBF3
:104F6000012404EB014404EB0164202A26D900F15A
:104F70002003A2F1210C4FEA5C1E2CF01F0C054609
:104F80004030604443F8204C43F81C4C43F8184C24
:104F900043F8144C43F8104C43F80C4C43F8084CBD
:104FA00043F8044C20338342ECD1203ACEEBCE6E52
:104FB00002EB4E1205F1200303EB0C00042A14D976
:104FC000551F4FEA950E0EF1010C00EB8C0C0346B9
:104FD00043F8044B6345FBD1043ACEEB8E7E02EBE3
:104FE0008E0225F003050430284422B1024400F863
:104FF000011B9042FBD130BD01EB012404EB0144C5
:1050000004EB0164DAE710B510F0030349D120295D
:1050100026D900F12003A1F121044FEA541C24F009
:105020001F04864640302044002243F8202C43F8D9
:105030001C2C43F8182C43F8142C43F8102C43F87C
:105040000C2C43F8082C43F8042C20338342ECD179
:105050002039CCEBCC6C01EB4C110EF1200318196C
:10506000042916D9A1F1050E4FEA9E0C0CF101029C
:1050700000EB82020346002443F8044B9342FBD129
:105080000439CCEB8C7C01EB8C012EF0030E043048
:10509000704429B10144002300F8013B8842FBD150
:1050A00010BDC3F10403034400220029D8D000F846
:1050B000012B01399842F8D11846A8E710B510F035
:1050C00003034BD1202927D900F12003A1F12104AA
:1050D0004FEA541C24F01F048646403020444FF011
:1050E000FF3243F8202C43F81C2C43F8182C43F8CB
:1050F000142C43F8102C43F80C2C43F8082C43F8DC
:10510000042C20338342ECD12039CCEBCC6C01EB66
:105110004C110EF120031819042917D9A1F1050E1D
:105120004FEA9E0C0CF1010200EB820203464FF0A5
:10513000FF3443F8044B9342FBD10439CCEB8C7C15
:1051400001EB8C012EF0030E0430704429B10144B0
:10515000FF2300F8013B8842FBD110BDC3F10403DB
:105160000344FF220029D7D000F8012B01399842CF
:10517000F8D11846A6E79A4238BF8854704770475E
:105180002DE9F04F83B007468846009299460C9E61
:10519000DDF834B09DF83850109C1199129810F039
:1051A0000203019330D159B110F0010F00F0B28029
:1051B00015B910F00C0F00D00139A34502D312E04D
:1051C000A3450DD20BF1FF3232444FF0300CBBF14E
:1051D0001F0F05D80BF1010B02F801CF5C45F6D883
:1051E00010F0010F10D059450ED90BF1FF323244A7
:1051F0004FF0300CBBF11F0F06D80BF1010B02F87A
:1052000001CF8B45F6D18B4610F0100F17D010F45C
:10521000806F06D1BBF1000F03D0A34535D08B457D
:1052200033D00F9B102B3AD00F9B022B45D0BBF1F4
:105230001F0F0ED8302206F80B200BF1010BBBF12B
:105240001F0F06D8002D41D02D2206F80B200BF1A0
:10525000010B10F0030F61D1594553D9009C01EBAC
:10526000040AAAEB0B0A20250C960E4622460134AE
:105270004B4641462846B8475445F7D131460C9E27
:105280005546BBF1000F4BD16AE0BBF1010212D0D1
:105290000F9B102B01D09346C6E7ABF1020B10F029
:1052A000200F61D1BBF11F0FC1D8782206F80B2067
:1052B0000BF1010BBBE79346B3E7BBF11F0FC8D857
:1052C000622206F80B200BF1010BB0E710F0040F7F
:1052D00005D02B2206F80B200BF1010BB9E710F0DB
:1052E000080F05D0202206F80B200BF1010BB0E7C8
:1052F00010F0030FB0D0DDF800A0BBF1000F0FD10C
:10530000009D1CE0BBF1000F02D0DDF800A007E01B
:10531000009D25E0A345FFF455AF75E7DDF800A03B
:105320005E445C4611910BEB0A052A1B013C4B467F
:10533000414616F8010DB847002CF4D11199019B94
:1053400073B1009BEC1AA1420AD920268A462A464C
:105350004B46013541463046B84701345445F6D3F3
:10536000284603B0BDE8F08FBBF11F0F3FF671AFC9
:10537000582206F80B200BF1010B58E72DE9F041FC
:1053800090B0169C189DDDF86C802CB928F01006A2
:1053900018F4806F34D1B04618F0200F14BF4127A5
:1053A00061270DF1200E00260A3F00E06446B4FBA1
:1053B000F5FC05FB1C4C5FFA8CFCBCF1090F94BF9B
:1053C0000CF1300CBC445FFA8CFC01360EF801CBBA
:1053D000B4FBF5FCAC4201D3202EE7D1CDF8188008
:1053E0001A9C0594199C049403959DF85C400294C2
:1053F000019608AC0094FFF7C3FE10B0BDE8F08141
:10540000B0462646EAE72DE9F04F95B0089009919D
:105410000A920B93DDF878B0DDF87CA0229FDDF8CE
:105420008C90DDF898805BEA0A0205D128F0100222
:1054300018F4806F3CD1904618F0200F14BF41251E
:1054400061250CAC00260A3D01E083468A463A46B7
:105450004B4658465146DBF72FFCD2B2092A94BF7F
:1054600030325219D2B2013604F8012B3A464B467B
:1054700058465146DBF720FCBB457AEB090A01D3BD
:10548000202EE2D1CDF81880259B0593249B049310
:1054900003979DF88030029301960CAB00930B9B11
:1054A0000A9A09990898FFF76BFE15B0BDE8F08FCE
:1054B00090460026E6E700002DE9F04F91B0174630
:1054C0001C46B1F10009974B14BF804698462078DE
:1054D000002800F0DD82DDF868B0002581E10134AC
:1054E000002202E042F0010201342378203B102B1D
:1054F00034D801A151F823F04D5502085D5502083A
:105500005D550208555502085D5502085D550208B3
:105510005D5502085D5502085D5502085D5502089B
:105520005D550208455502085D5502083D550208C3
:105530005D5502085D550208E554020842F002027A
:105540000134D2E742F004020134CEE742F008020F
:105550000134CAE742F010020134C6E72378A3F110
:105560003001C9B2092916D92A2B23D00026237865
:105570002E2B28D0002321786839122951D8DFE852
:1055800001F070507E5047505050505050507A505B
:10559000505050508200002606EB860603EB46036F
:1055A000A3F1300614F8013FA3F13001C9B2092973
:1055B000F2D9DCE75BF8046B002EBCBF42F00202BC
:1055C00076420134D3E742F4806204F1010C617841
:1055D000A1F13003DBB2092B04D92A2912D0644689
:1055E0000023C8E7002303EB830301EB4301A1F190
:1055F00030031CF8011FA1F13000C0B20928F2D914
:105600006446B8E75BF8043B23EAE3730234B2E78D
:1056100061786C2919BF42F48072013442F44072FF
:1056200002342078782814D8612830D9A0F162019A
:10563000C9B24FF0010C0CFA01FC3B490CEA010124
:10564000002940F04E82732800F0A081632800F00A
:1056500062816E1C3B462A464946C04701343546A6
:10566000BBE06178682919BF42F08002013442F042
:10567000C0020234D5E742F480720134D1E742F42B
:1056800000720134CDE742F480720134C9E7252865
:1056900008D16E1C3B462A4649462520C0470134A6
:1056A00035469AE02428D4D900F0F7015029D0D10A
:1056B000A0F15001282969D8DFE811F0290068001D
:1056C0006800680068006800680068009E00680064
:1056D000680068006800680068006800680068008A
:1056E0007002680068006800680068006800680070
:1056F00068006800680068006800FA012900680016
:105700006800680068006800680068009E0042F455
:1057100088726178562909D0A24650280BD0544689
:10572000102136E07F5102088560480004F1010A2B
:1057300008465829F1D142F02002102112F4806F5E
:1057400040F0C98122F00C02562800F0A38012F428
:10575000007F40F0AF8012F4807F40F0C38012F0F1
:10576000400F00F0D1805BF8040BC0B205920496A4
:10577000039302910023019300903B462A46494639
:105780004046FFF7FBFD0546544625E022F0100297
:105790000A21692833D112F4806F40F0998112F404
:1057A000007F36D112F4807F58D112F0400F69D0BB
:1057B0005BF8040BC0B20592049603930291C30FE9
:1057C00001930028B8BF404200903B462A46494614
:1057D0004046FFF7D3FD054601342078002800F04D
:1057E000588125283FF47BAE6E1C3B462A4649462D
:1057F000C04701343546F0E7A24658209BE76428AD
:1058000005D112F4806FCAD022F00102C7E7A24688
:1058100094E70BF1070C2CF0070CE3465BF8080B40
:10582000DCF804C0089207960693049100230593C0
:105830004FEADC7302936246BCF1000F09DB009073
:1058400001923B462A4649464046FFF7DCFD0546A5
:10585000C2E7434218466CEB4C02F0E75BF8040BDE
:105860000592049603930291C30F01930028B8BFD9
:10587000404200903B462A4649464046FFF77EFD9F
:105880000546A9E712F0800F14BF3BF9040B5BF843
:10589000040B90E75BF8043B5A6812680F921B6890
:1058A00000927A1B09EB05014046FFF705FE05440F
:1058B000544691E70BF1070B2BF0070B0892079664
:1058C00006930023049105930293FBE80223CDE99C
:1058D00000233B462A4649464046FFF794FD0546CD
:1058E000544679E7059204960393029100230193AD
:1058F0005BF8043B00933B462A4649464046FFF787
:105900003DFD0546544667E712F0800F5BF8040B37
:1059100018BF80B22AE712F0020F1AD005F1010A6F
:105920005BF8040B3B462A464946C0B2C047012EED
:1059300098BF554628D906EB0A05013D2026524658
:105940000AF1010A3B4649463046C047AA45F6D10E
:105950001AE0012E40F2AE80691E3144AA460A9533
:105960000D4652460AF1010A3B4649462020C047EF
:10597000AA45F6D129460A9D35445BF8040B3B46FF
:105980000A464946C0B2C047013426E7594651F895
:1059900004EB0A91002B14BF9A464FF0FF3A9EF891
:1059A000000020B3F24471469C468A4506D011F8A7
:1059B000013F002BF9D163468A4600E06346AAEB1B
:1059C0000E0112F4806A02D0994228BF194612F0E3
:1059D00002020B920DD0AB46002845D0F3462A4672
:1059E0000C910D94314656461C468A4628E0F246F4
:1059F000E5E78E4268D906EB050BABEB010BCDF862
:105A000030A00D9474469A462A4601353B464946D5
:105A10002020C0475D45F7D1A6460D9C5346DDF8D2
:105A200030A0711C9EF8000070B35D46D6E71C469E
:105A3000551C3B464946C0471BF8010F50B12A464A
:105A4000002EF5D0631E002CF1D10C990D9C56460A
:105A5000154602E00C990D9C56460B9B1BB9013470
:105A6000DDF828B0B9E6AB468E420FD906EB0B0540
:105A70006D1A20265A460BF1010B3B46494630462B
:105A8000C047AB45F6D1EAE75D46E8E75D46E6E7A5
:105A90000025AF4294BF07F1FF322A463B464946F4
:105AA0000020C047284611B0BDE8F08F082170E6FD
:105AB00008216EE66E1C5BF8040B3B462A464946FD
:105AC000C0B2C04735465FE70028C8D0013185E73E
:105AD00022F0010263E622F00D0235E62078A246AC
:105AE0001BE6A0F1500128293FF650AE0FF2040C3E
:105AF0005CF821F00F5702088D5702088D570208F5
:105B00008D5702088D5702088D5702088D570208DD
:105B10008D570208DD5A02088D5702088D5702087A
:105B20008D5702088D5702088D5702088D570208BD
:105B30008D5702088D5702088D570208995B02089D
:105B40008D5702088D5702088D5702088D5702089D
:105B50008D5702088D5702088D5702088D5702088D
:105B60008D5702088D5702088D5702088D5702087D
:105B7000AD5A02080F5702088D5702088D570208C8
:105B80008D5702088D5702088D5702088D5702085D
:105B90008D570208DD5A02080221FAE50221F8E5D4
:105BA0000CB410B584B00A4606AC54F8043B039418
:105BB000009401460348FFF77FFC04B0BDE81040A5
:105BC00002B070477751020800B583B000931346C6
:105BD0000A4601460248FFF76FFC03B000BD00BF54
:105BE0007751020810801960704708B50821FFF747
:105BF0000AFA08BD82884FF6FF739A420DD010B59D
:105C00000446C379012B04D808212046FFF7FBF98D
:105C100010BD0068FEF7A2FFF6E7704738B50546ED
:105C2000194B1868B8B1194B1B885A1C12F4404F15
:105C300026D1A3F16F0216490968914211D3134A84
:105C40001388013398B210800F4B1B68BBB103441B
:105C500003F8715C15E00E4B00221A6070230B4AAA
:105C60001380503B33F01F0400D1FEE72146FEF7BE
:105C700091FF38B1044B1860054B1C60DFE7FEE76D
:105C8000002038BD0020FCE77CD00020B4000020BC
:105C900098920120F8B583884FF6FF7293425CD04A
:105CA00005460C46C079002859D0012811D02F682C
:105CB00007EB800CACF102063146002231F8023FBE
:105CC000C3F30D039C420ED001329042F6D1002066
:105CD00046E0C3F30D03994201D0002040E00023C9
:105CE000AB80EB713CE0022810D0013800EB4000A3
:105CF0004000FEF715FF844698B32860E879013824
:105D0000C0B2E871800000231A4616E00123EB714F
:105D10004AB9BCF80230AB807B682B603846FEF78E
:105D20001DFF01201CE037F82030AB803B682B6062
:105D3000F4E70133E9799942F0D336F8021FA14222
:105D4000F7D057F823104CF82210B6F800E00CEB0F
:105D5000420121F800E00132EBE7002000E00020E2
:105D6000F8BD0020FCE70000F8B504460F461546D4
:105D70001E461421FFF747F92760054B002D08BF89
:105D80001D46A560E660069B2361079B6360F8BD26
:105D9000ED370208362830D8022840F284800338D4
:105DA000332800F28080DFE800F07B7E7E7B7E7E01
:105DB0007E7E7E7E7E7E7E7E7E7E7E7E7E7E7E7E03
:105DC0007E7E7E7E7E7E7E687E6B7E7E757E7E7E25
:105DD000267E7E7E7E7E7E6B267E777E7E6B37384D
:105DE00080B201238340314A1A40002A48D1304A08
:105DF0001A40002A57D0FF2070475528EFD9A0F14C
:105E000056039BB2172B4ED8563817284BD801A3F0
:105E100053F820F0F75D02089D5E0208A75E0208B5
:105E2000A75E0208A75E0208A75E0208A75E020836
:105E3000A75E0208A75E0208A75E0208F75D0208D7
:105E4000F75D0208A75E0208A75E0208A75E0208C7
:105E5000A75E0208A75E0208A75E0208A75E020806
:105E6000A75E0208A75E0208A75E0208A75E0208F6
:105E7000755E02084FF4807070474FF6FF707047F0
:105E8000002020F0070020F0F80020F4F85020F463
:105E900060407047FF2070470F20704705487047EB
:105EA00041F6FF7070470020704700BF0020414856
:105EB00001C080108CDE040870B503461446828849
:105EC0004FF6FF70824215D0D87920B3012842D90D
:105ED0001E68054606EB80034FF0000C33F8022BDA
:105EE000C2F30D00814226D00CF1010C6545F5D1BD
:105EF000002010E0D879864668B11D682A46002344
:105F000035F833C0CCF30D00814205D0013308329F
:105F10007345F5D1002070BD1CF4004F30D11CF446
:105F2000804F04D0FFF736FF20600120F3E753686D
:105F300023600120EFE712F4004F23D112F4804FC9
:105F400004D0FFF727FF20600120E4E756F82C304B
:105F500023600120DFE7C2F30D00814201D0002061
:105F6000D9E712F4004F0FD112F4804F04D0FFF79D
:105F700011FF20600120CEE71B6823600120CAE7E3
:105F80000220C8E70220C6E70220C4E7C079B0FAC1
:105F900080F040097047000910F0180F0CBF00F0A6
:105FA0001F00072070472DE9F04190461F46838867
:105FB0004FF6FF7293425FD004460E46C1F30D05C3
:105FC000C179012947D900684B1E01EB410E00EB56
:105FD0004E0EAEF1020E7246AEF1020EB2F800C0E5
:105FE000CCF30D0C654530D0013BB3F1FF3FF2D14E
:105FF000013101EB41014900FEF7CCFD02460028CA
:106000003AD02060E37900EB830C591E0CD40233A4
:106010000CEB43030CEB41010CF1040C31F80209C9
:1060200023F8020D6345F9D1E1790131C9B2E1717B
:106030008800031F01F10041013900EB41001344C6
:10604000024441463046B8470EE000EB8303414628
:106050003046B84710E0012910D00123C371034630
:10606000021D41463046B8472846FFF794FF0123FA
:106070008340A0791843A071BDE8F081C3F30D03FC
:106080009D4218D00C20FEF74BFD03460028F3D0AC
:1060900020682360E1790131C9B2E17103EB81022B
:1060A000B4F804C023F821C043F8040B023241467F
:1060B0003046B847D8E70346021D41463046B84748
:1060C000DAE7000008B5024BFFF76DFF08BD00BF1F
:1060D000E55B02084FF6FF73984212D098B1702822
:1060E0000AD90B4B1B6883B1713880B2094A126818
:1060F000904204D300207047074B185C7047185C2F
:1061000070471F207047002070470020704700BF75
:106110007CD00020989201202C34050808B50A464E
:106120000121FFF7CFFF08BD08B50A460321FFF79D
:10613000C9FF08BD08B50A460421FFF7C3FF08BD23
:1061400008B50A460621FFF7BDFF08BD08B50A4697
:106150006921FFF7B7FF08BD08B50A466A21FFF7B6
:10616000B1FF08BD08B50A461021FFF7ABFF08BD17
:1061700008B50A461121FFF7A5FF08BD08B50A4674
:106180001221FFF79FFF08BD08B50A461321FFF74C
:1061900099FF08BD08B50A461421FFF793FF08BD13
:1061A00008B50A461521FFF78DFF08BD00B583B07D
:1061B0000023ADF800308AB22021FFF783FF03B03F
:1061C00000BD08B50A462121FFF77CFF08BD00B5D8
:1061D00083B00023ADF800308AB22221FFF772FFAE
:1061E00003B000BD08B50A462821FFF76BFF08BDC4
:1061F00000B583B00023ADF800308AB23021FFF73C
:1062000061FF03B000BD08B50A463121FFF75AFF10
:1062100008BD08B50A463221FFF754FF08BD08B58E
:106220000A463321FFF74EFF08BD08B50A46342160
:10623000FFF748FF08BD08B50A463521FFF742FFC2
:1062400008BD00B583B00023ADF800308AB2362116
:10625000FFF738FF03B000BD08B50A463721FFF746
:1062600031FF08BD08B50A463821FFF72BFF08BDEE
:1062700008B50A464021FFF725FF08BD08B50A46C4
:106280004221FFF71FFF08BD08B50A464321FFF76B
:1062900019FF08BD00B583B00023ADF800308AB205
:1062A0004421FFF70FFF03B000BD08B50A464521A2
:1062B000FFF708FF08BD08B50A464921FFF702FFAE
:1062C00008BD00B583B00023ADF800308AB24D217F
:1062D000FFF7F8FE03B000BD08B50A465021FFF7EE
:1062E000F1FE08BD08B50A465121FFF7EBFE08BDD7
:1062F00000B583B00023ADF800308AB25221FFF719
:10630000E1FE03B000BD00B583B00023ADF800305E
:106310008AB25521FFF7D6FE03B000BD08B50A4684
:106320005721FFF7CFFE08BD08B50A465921FFF7F0
:10633000C9FE08BD08B50A465B21FFF7C3FE08BDCC
:1063400008B50A460B21FFF7BDFE08BD08B50A4691
:106350001721FFF7B7FE08BD08B50A466221FFF70F
:10636000B1FE08BD08B50A466321FFF7ABFE08BDC4
:1063700008B50A466521FFF7A5FE08BD08B50A461F
:106380006721FFF79FFE08BD08B518210348FEF7F7
:10639000D6F9034B01221A7008BD00BF80D200203D
:1063A000AC920120F8B506460F4615460B48FEF79D
:1063B000CEF990B10446076086604FF0FF33036169
:1063C000037D23F001030375FDF70EF96060E560BE
:1063D000034B01221A702046F8BDFEE780D2002050
:1063E000A992012010B5044601460548FEF71BFAA4
:1063F000044B01221A702046FEF7B0FB10BD00BF0F
:1064000080D20020AA9201202DE9F04F83B0674B83
:106410001B78002B40F08680644B01221A70644B7D
:106420001B78009323B9614B00221A7001257AE092
:10643000FDF7DAF8019030B95E4B1B680133642B2D
:106440000AD85C4A13605C4F4FF0000BDFF880A164
:10645000DFF86C81594E10E0564B00221A60F2E7CB
:10646000FDF7C2F86860AB6813B1B9F1000F6CD1E9
:106470003B78002B6CD0336853B187F800B08AF8B2
:1064800000B04046FEF712FA04463060002873D18F
:106490004B48FEF70BFA0446D0B14FF0FF3500270A
:1064A000474E05E021463046FEF708FA044688B11B
:1064B000237D13F0010FF5D16068FDF7A3F8236881
:1064C000984234BF1B1A3B469D4228BF1D46E9E750
:1064D0004FF0FF350198FDF795F83A4A13680344E9
:1064E0001360394B1868FDF78DF8B0F5FA7F15D3B6
:1064F000344B1B68642202FB03F3B3FBF0F3DBB203
:1065000093429ABFD31ADBB20023304A13702D4B4B
:1065100000221A60FDF768F82B4B1860234B00220D
:106520001A7000E00125284603B0BDE8F08FD5F8C9
:106530001090B9F1000F93DD09F1FF332B61FDF7E6
:1065400053F86860AB68002B92D0284698478FE7D5
:106550002B693BB9DDF800902846FFF743FFB9F1FE
:10656000000F06D09AF80030002B84D13B78002B26
:1065700081D13460002C8BD021464046FEF79EF935
:10658000044635682B7D13F0010FF2D16868FDF7E2
:1065900039F82B689842CAD297F80090B9F1000FE9
:1065A000E7D12B69002BD7D0E3E700BFA8920120E9
:1065B000AC920120A4920120AA920120F8D10020DF
:1065C00080D20020A09201209C920120AB92012059
:1065D000A9920120037D43F0010303757047037DF9
:1065E00023F001030375704710B50446FCF7FCFF68
:1065F0002368C31A013B636010BD034608B91846FF
:1066000070474A1E11EA020000D0FEE713444942D7
:106610000B40B3F5803F03D20C2B38BF0C23EEE7C1
:106620000346ECE710B59646CA686AB10446886826
:1066300058B1C260906003EB4E1C04EB8C0CDCF88C
:106640003C208A4202D010BDFEE7FEE7CCF83C00B9
:106650008442F8D104EB8E0101229A404B6923EA6F
:1066600002034B61002BEED1012202FA0EF22369E4
:1066700023EA02032361E6E77F2808D803460028BF
:10668000B8BFC31C981000230B6010607047B0FAAD
:1066900080F3C3F11A0C20FA0CF080F02000C3F153
:1066A0001903F1E730B583B005460C4648686A46E1
:1066B00001A920F00300FFF7DFFF009B019A2146AC
:1066C0002846FFF7AFFF03B030BD30B583B00546B5
:1066D0000C4648686A4601A920F00300FFF7CCFF8A
:1066E0000199009800EB411305EB8303DA6B5AB173
:1066F000A260E560D46004F1080C04F10B0222F002
:106700000302944501D0FEE7FEE7DC63012303FAB0
:1067100001F42A6922432A6105EB810583406A69F5
:106720001A436A6103B030BD436833F0030300D1FC
:10673000FEE718440430704710B50446FFF7F4FF35
:10674000046010BD10B543181C1D03F10C020F337B
:1067500023F003039A4200D0FEE7436823F00303CB
:106760005A1AA2F1040C0A449A4200D0FEE7636868
:1067700003F0030343EA0C03636023F003030B2BD2
:1067800000D8FEE7436803F003030B434360204651
:10679000FFF7D2FF426842F002024260636843F0B2
:1067A00001036360204610BD4B6813F0010F00D158
:1067B000FEE770B505460C4602F1100123F0030315
:1067C000994200D970BD11462046FFF7BBFF06462F
:1067D0002046FFF7B1FF736843F002037360314650
:1067E0002846FFF772FFEDE710B50446FFF79CFF60
:1067F000436823F002034360636823F0010363608E
:1068000010BD70B582B0002945D004460D467F29E1
:1068100029D9B1FA81F3C3F11A0301209840013854
:1068200008446A4601A9FFF727FF019A092A36DCC6
:106830004FF0FF3300998B4004EB820149690B4014
:1068400013D101324FF0FF3303FA02F223691340F0
:1068500027D093FAA3F2B2FA82F2019204EB8203F8
:106860005B6913B9FEE70846DBE793FAA3F3B3FAD3
:1068700083F303EB421204EB8202D66B66B17268BB
:1068800022F00302954200D9FEE7019A31462046E4
:10689000FFF7C8FE00E00026304602B070BD0026BB
:1068A000FAE70026F8E770B505460C460846FFF7FC
:1068B0003BFF40B10646436813F0010F15D06368F3
:1068C000032B01D8FEE7FEE701462846FFF7EAFE64
:1068D0006368032B00D8FEE7726822F003020433DA
:1068E000134463602046FFF727FF204670BD11F078
:1068F000030F1AD138B50C46083A22F00302A2F170
:106900000C014FF6F473994211D8254655F8043915
:1069100042F001026A602946FFF7D7FE2846FFF7DA
:106920000BFF02234360204638BD00207047002043
:10693000FAE710F0030F18D110B501468060C0606F
:10694000844600234CF8103F00F1B80200F1380EE5
:106950001C464CF8044FA2F1800343F8041F9342F5
:10696000FBD18032F445F4D110BD0020704770B5E2
:1069700005460E46FFF7DDFF0446A6F23C5205F23F
:106980003C51FFF7B4FF204670BD70B50546084680
:106990000421FFF732FE044601462846FFF731FF87
:1069A000064650B104B9FEE7224601462846FFF7E5
:1069B000FBFE3046FFF718FF0836304670BDF8B5CD
:1069C00000293ED005460E4651F8044C14F0010F44
:1069D00000D0FEE7A1F108073846FFF7ADFE436897
:1069E00043F00203436056F8043C43F0010246F8CA
:1069F000042C13F0020F08D139462846FFF753FF45
:106A000001462846FFF761FE1CE056F8087C27B1D6
:106A10007B6813F0010F01D1FEE7FEE739462846F7
:106A2000FFF740FE7A68032A00D8FEE756F8043CD8
:106A300023F00303134404337B603846FFF77CFEE6
:106A4000DAE700242046F8BD2DE9F84F80461446C9
:106A5000F1B10F46B2B1A1F1080A5046FFF764FE4A
:106A6000814657F8046C26F0030B04212046FFF7FB
:106A7000C4FD05465C4501D9002856D016F0010F2B
:106A80000BD0FEE7FFF79BFF00252846BDE8F88FF7
:106A90001146FFF77AFF0546F7E75D452BD9D9F890
:106AA000043013F0010F06D00BF1040223F00303AE
:106AB0001344AB4212D221464046FFF766FF05461B
:106AC0000028E2D022465C4528BF5A463946FEF7E8
:106AD0000DF939464046FFF772FFD6E7514640466A
:106AE000FFF7E1FE5046FFF77FFE57F8046C16F003
:106AF000010F00D0FEE705F1100326F00306B342B4
:106B000001D93D46C1E729465046FFF71BFE014625
:106B1000436823F0020343604046FFF7C4FE01468A
:106B20004046FFF7D2FD3D46AFE70025ADE70378CD
:106B300090F90020002A0FDA03F0E002C02A0DD0FD
:106B400003F0F002E02A0BD003F0F800F02814BFA5
:106B5000002001208000704701207047022070470C
:106B6000032070477F283FD9B0F5006F15D2C0F3DE
:106B7000871343F0C00300F03F0040F08001002283
:106B8000104682B08DF804308DF805108DF806207F
:106B90008DF80700019802B07047B0F5803F0DD224
:106BA000C0F3073343F0E003C0F3851141F08001E7
:106BB00000F03F0040F080020020E2E7B0F5881FBF
:106BC00010D2C0F3874343F0F003C0F3053141F026
:106BD0008001C0F3851242F0800200F03F0040F0D7
:106BE0008000CEE700207047704730B583B0024682
:106BF000002301938C4651B1DCF80030D05CD156B3
:106C0000002907DB0133CCF8003003B030BD0DF1B3
:106C1000040CF1E700F0E001C0290CD000F0F00115
:106C2000E0291AD000F0F801F02934D00133CCF873
:106C300000300020E9E7591CCCF80010525C02F04B
:106C4000C001802953D1800100F4F86002F03F02B6
:106C500010440233CCF80030D7E7591CCCF80010B0
:106C6000515C01F0C00EBEF1800F42D19C1CCCF8EB
:106C70000040125D02F0C004802C3CD1000380B2C1
:106C800002F03F021044890101F47C61084403339F
:106C9000CCF80030B9E7591CCCF80010515C01F079
:106CA000C004802C29D19C1CCCF80040145D04F059
:106CB000C00EBEF1800F22D1DD1CCCF8005012F8BE
:106CC00005E00EF0C002802A1BD1820402F4E0121B
:106CD000090301F47C310A43A10101F47C610EF047
:106CE0003F0E714488180433CCF800308DE7002043
:106CF0008BE7002089E7002087E7002085E7002058
:106D000083E7002081E70000F0B583B006460D461A
:106D10000B68013B0B6004240D4F05E0013828602F
:106D2000631E13F0FF0408D028683B68304498477E
:106D300030B928680028F1D100E0002003B0F0BD90
:106D40002B680193034B1B6801A930469847F5E770
:106D5000D0000020C80000202DE9F0410F460C466D
:106D600091B1064600242546DFF824803019335DB2
:106D700053B1D8F800309847012838BF012054FAA1
:106D800080F40135AF42F1D12046BDE8F08100BF6B
:106D9000D00000202DE9F04182B0002301930E467F
:106DA00081B105461C460DF10408074F3B6841467A
:106DB000284698470134019BB342F7D3204602B0DE
:106DC000BDE8F0810C46F9E7C8000020F0B583B0BB
:106DD0000023019303787BB10446002501AF074EE1
:106DE00033683946204698470135019BE35C002B08
:106DF000F6D1284603B0F0BD0025FAE7C800002010
:106E0000232904D00378012B15D000207047037884
:106E10001BB90123037018467047012B03D0022BC6
:106E200005D00020704700230370184670470023E8
:106E3000037001207047202903D102230370012031
:106E400070470120704700002DE9F04F93B0824653
:106E500008910A9202931C9C9DF874200CB10023A7
:106E60002380BAF1000F00F016819AF80030002B51
:106E700000F013810899002900F0138112F0060137
:106E800015D00A2B11D0524600200D2B05D02BB166
:106E9000013012F8013F0A2BF7D10130002C00F02D
:106EA000FD804FF6FF732380F8E00020F5E7002314
:106EB0008DF8473010930793DFF8EC91DFF8ECB1D1
:106EC0000D911C940C92A4E00C9B0693B2E0019AE5
:106ED00021460898FBF740FF0544ADB200B20028F8
:106EE00002DD0A9B1D44ADB22DB2B8F1FF3F38D090
:106EF0000A2C3ED00D2C3CD0A4F59C4245F2A513A3
:106F00009A4236D90D9B2022A24232D00133DBB205
:106F10001BF80320002AF7D1049BB8F1FF3F08BFFC
:106F20002B4604930E9B03930F9B0E93039BFB5CDA
:106F3000002B2BD0019CD9F800300FA93846984778
:106F4000019009960136059B002BC0D021460DF11A
:106F50004700FFF755FF0028B9D00E9B03930F9B06
:106F6000E3E70A9BEB1A039A0B999942B8BF904644
:106F7000BEE7039B63B9B8F1FF3F0CD10495099BB1
:106F800043B30D2C1ED0DDF80C8025E0019C099642
:106F9000B8F1FF3FF3D0069B13F0080F1CD11C9CE7
:106FA000109B002B72D1404B1B6810A9504698478C
:106FB0000146002C6DD000220898FBF7CDFE03B2ED
:106FC000079364E0019B0A2B04D0DDF80C8003E0FA
:106FD00000230493DDF83880BDF81030029AD21AED
:106FE00012B20292079A13441BB20793B8F1000F32
:106FF00044D0109B08EB030110919AF800300A2B43
:107000003ED00D2B3ED01AF801300A2B2FD00D2B7D
:107010002DD0109C0AEB04071AF80430002B33D053
:10702000029B002B28DD002C7FF44EAF0C9B43F01D
:1070300008030693029B0B9300230E930F93D9F83A
:1070400000300EA93846984701900E9B0F931AF80E
:107050000430002BBCD000231E46049303934FF052
:10706000FF381D46069B03F00103059362E70B46BC
:107070001C9C0133109393E71C9C91E71C9C8FE7A9
:107080001C9C8DE71C9C8BE71C9C89E70CB1079B23
:107090002380109802E0002000E0002013B0BDE83B
:1070A000F08F0020FAE700BFC8000020385903081D
:1070B00080B32DE9F84389461646044642B310468C
:1070C000D9F7EEF8074618B32046D9F7E9F8054690
:1070D00000EB0708104B1B6849462046984707EB12
:1070E000000CE0450BD3631908F1010222443D1B5B
:1070F00013F8011902F8011DE9188C45F8D9231875
:10710000721E1F4412F8011F03F8011B9F42F9D1A0
:10711000BDE8F883704700BFC000002018B32DE918
:10712000F0410C4690460546D9F7BAF806460E4F90
:107130003B6821462846984704463B684146281844
:107140009847A6EB000C64450BD823182B44621E0D
:107150002A442C1813F8011B02F8011F191B8C4537
:10716000F8D2BDE8F0817047C00000202DE9F04161
:1071700082B005460C4601910B46024600210846A6
:10718000FEF722FD064600F101084046FDF7C8FC67
:1071900058B107460023835523462A464146FEF749
:1071A00013FD384602B0BDE8F081FEE7F8B50746AA
:1071B0000E4615461C46074B1B6821469847306013
:1071C00028B12068034B1B68002138449847286089
:1071D000F8BD00BFC80000202DE9F04F85B00028A1
:1071E0003CD00E4615461F468046002A38D003780C
:1071F000002B37D0002303938DF80B30002936D0B5
:107200001C460DF10C0B0DF1040A9DF8389009F0A5
:1072100001090DE0019A00992846FBF79DFD03B294
:10722000002B02DD3C44204404B2039BB34210D245
:107230005B46524669464046FFF7B8FFB9F1000F7A
:10724000E8D000990DF10B00FFF7DAFD0028E1D03E
:10725000EBE7002C07DDE71B3CB204E0002402E072
:10726000002400E00024204605B0BDE8F08F002493
:10727000F9E72DE9F04F87B004461F46BDF940C03D
:10728000BDF944309DF8489000202080608000299E
:107290005BD092468B46002A57D019F0020F41F678
:1072A000FF7118BF0B46B2F9082005921FFA82FE43
:1072B0009BF80010002946D05E4605460EEB0C08F0
:1072C0001FFA88F20392CDF810C00293CDF8049013
:1072D00000230093029B3A4651463046FFF7B4FD27
:1072E00001460544B4F9023008EB0302B2F5004F41
:1072F0002BD2039A13446380CDF800903B4652464C
:107300003046FFF769FFB4F900308342B8BF034647
:1073100023800BEB05061BF80530002BD6D1DDF8DA
:1073200010C04DB116F8013C0A2B01D00D2B03D132
:107330006388039A1A446280B4F902301BB1A3EB4C
:107340000C03638001E0059B638007B0BDE8F08F0C
:107350002DE9F047814688461F46DDF820A01446F7
:1073600042B9002613E0E44304F001042C1B06EBB1
:1073700007085CB1650807FB058631464846D047DB
:107380000028F0DC002802DA2C46F2E7002630461E
:10739000BDE8F087828C90F8343013F0060304D1F6
:1073A000038D13449AB210B27047042B1FD0022BE6
:1073B000F9D100B5818D438D99423CBF01F5B4717F
:1073C00089B209B2B0F828C0C08C84453ABF0CF528
:1073D000B47E1FFA8EFEE6460B4403EBD3735910BE
:1073E000B0EB630F07DA104482B210B200BDC38C59
:1073F00013449AB2D7E70FFA8EFE8E45C7BF944466
:107400001FFA8CF289188AB2EFE72DE9F04F83B0AA
:1074100004460E46174612220021E4F7E9FD054610
:107420000190132200212046E4F7E2FD0FFA80F9D3
:10743000102200212046E4F7DBFD82460090112255
:1074400000212046E4F7D4FD0FFA80F82046E1F74A
:107450005FFF0FFA85FBA0EB0B05A5EB09052046A6
:10746000E1F75CFF0FFA8AFAA0EB0A00A0EB080034
:1074700085421BDA2046E1F74BFFA0EB0B03A3EBA1
:10748000090303EBD37343F34F039AB2A18A019824
:107490000844014611443180E18A009808440244BE
:1074A000728007B13B8003B0BDE8F08F2046E1F762
:1074B00035FFA0EB0A03A3EB080303EBD37343F3FD
:1074C0004F03E2E7F8B5054640224FF44031E4F7B8
:1074D0008FFD044643224FF440312846E4F788FDEF
:1074E0000444A4B241224FF440312846E4F780FD21
:1074F00000B200282DDD41224FF440312846E4F748
:1075000077FD00B20444A4B242224FF44031284631
:10751000E4F76EFD00B2002824DD42224FF4403132
:107520002846E4F765FD06B235224FF4403128467F
:10753000E4F75EFD074638224FF440312846E4F771
:1075400057FD3444C31924B218B2A042B8BF204634
:10755000F8BD41224FF440312846E4F749FD00B21E
:107560004042CFE742224FF440312846E4F740FD45
:1075700006B27642D8E72DE9F04F83B080468A46BE
:107580001546994650224FF40031E4F731FDC0F31F
:10759000C03303FA80F0C0F34F042D1BADB2404658
:1075A000FFF7F8FE07462DB25A3000B2FDF7A8F9F2
:1075B00006463846FDF7A4F9019012224FF44031F7
:1075C0004046E4F715FD834613224FF44031404610
:1075D000E4F70EFD074610224FF440314046E4F731
:1075E00007FD009011224FF440314046E4F700FDC2
:1075F00005FB06F6C6F3CF36A344BAF80030A3EB7A
:107600000B033344A9F800302744BAF800301F4474
:107610003E44A9F80460019B05FB03F3C3F3CF3399
:1076200000992144BAF80220521A1A44A9F80220FB
:107630000444BAF8022014442344A9F8063003B0E5
:10764000BDE8F08F38B50C4600258D8487234B8527
:107650002D228A85CB844FF487730B8591F83430C3
:107660004FF40042CA8503F0F9030D8664224A866E
:1076700043F0080365F3000381F834304FF43473AA
:107680008B63FBF7B1FFE063238DA4F8403094F8DF
:10769000343065F3041384F8343002212046E0F7D7
:1076A00071FF4FF444712046E0F7E6FC0D212046BF
:1076B000E2F7B9FA38BD2DE9F04188B006460C462C
:1076C00015461F46E2F790FA002847D0AC4245D055
:1076D000B4F5B47F84BFA4F5B474A4B2B5F5B47F97
:1076E00084BFA5F5B475ADB2B28C1444A4B22A44DB
:1076F0001FFA82F8B4F5B47F84BFA4F5B474A4B2C1
:10770000B8F5B47F84BFA8F5B4721FFA82F80DF102
:107710001E0206A93046FFF778FE50223946304651
:10772000E4F766FC05B2512239463046E4F760FCC6
:1077300004AF0397003818BF012002900195CDF8DF
:1077400000802346BDF81E20BDF91A10BDF91800AF
:10775000E6F7D8FF39463046E2F701F808B0BDE851
:10776000F08130B585B0044603AD0DF10A0229461B
:10777000FFF74BFE6B46BDF90A2029462046FFF76E
:10778000FAFE2046FFF79EFE011E05DC69462046F4
:10779000E1F7E5FF05B030BD0A466846FCF798F909
:1077A000F4E738B504460D46B1F5B47F84BFA1F5C2
:1077B000B475ADB2038DC18C5A1A1FFA82FC12B295
:1077C0005B1B98B21BB2002ABCBF0CF5B47C0FFA4D
:1077D0008CF2002BBCBF00F5B47003B2981A0028DD
:1077E000B8BF4042B4280BDC9A4214DC9A420ADA51
:1077F0004FF400330A4629462046FFF75CFF02E0BB
:107800002046E1F7D0FF2046FFF7ABFFE584204696
:10781000FFF7A7FF38BD4FF400332A462046FFF795
:107820004AFFF0E738B504460D46B1F5B47F84BF92
:10783000A1F5B475ADB2018DC38CCA1A1FFA82FCD2
:1078400012B2EB1A98B21BB2002ABCBF0CF5B47C82
:107850000FFA8CF2002BBCBF00F5B47003B2981A7B
:107860000028B8BF4042B4280ADC9A4213DC9A428E
:1078700009DA4FF400332A462046FFF71CFF02E0E6
:107880002046E1F790FF2046FFF76BFF2585204655
:10789000FFF767FF38BD4FF400330A4629462046FC
:1078A000FFF709FFEFE738B504460D461146FFF72D
:1078B000B9FF29462046FFF774FF38BDF0B583B005
:1078C0000446B0F92E0010F5004F5FD0A28D638DF5
:1078D0009A423CBF02F5B47292B215B294F83420C9
:1078E000C2F34102012A11D0022A3FD0002A4DD111
:1078F0000095B4F93220B4F93010FDF7E5F805B27F
:1079000082B2618D2046FFF7CEFF3DE05A1902EBAF
:10791000D272561042F34F07B4F93010B4F9322046
:1079200001EB020C0CEBDC7C4CF34F0C60450DDAE8
:1079300000976246FDF7C8F805B281B22046FFF70E
:1079400030FFB1B22046FFF76DFF1DE000953B46CA
:107950006146FDF7B9F8074605B2B1B22046FFF718
:1079600020FFB9B22046FFF75DFF0DE000932B46E4
:10797000B4F93220B4F93010FDF7A6F805B2A28DA3
:1079800081B22046FFF78FFFA4F8405003B0F0BD4E
:1079900038B505460C46B1F5B47F84BFA1F5B47483
:1079A000A4B2838D418D5A1A1FFA82FC12B21B1B9E
:1079B00098B21BB2002ABCBF0CF5B47C0FFA8CF253
:1079C000002BBCBF00F5B47003B2981A0028B8BFF2
:1079D0004042B4280ADC9A4210DC9A4209DA0023B9
:1079E0000A4621462846FFF766FE02E02846E1F7F0
:1079F000DAFE6C852846FFF761FF38BD002322467A
:107A00002846FFF758FEF4E738B505460C46B1F5B1
:107A1000B47F84BFA1F5B474A4B2818D438DCA1A1A
:107A20001FFA82FC12B2E31A98B21BB2002ABCBF42
:107A30000CF5B47C0FFA8CF2002BBCBF00F5B470CF
:107A400003B2981A0028B8BF4042B42809DC9A4211
:107A50000FDC9A4208DA002322462846FFF72BFE65
:107A600002E02846E1F79FFEAC852846FFF726FF97
:107A700038BD00230A4621462846FFF71CFEF3E7DF
:107A800038B504460D461146FFF7BEFF294620468D
:107A9000FFF77EFF38BD08B58184E1F784FE08BD9D
:107AA000B0F92EC08C4510D008B5B0F932208A420A
:107AB000A8BF0A46B0F930309342B8BF13469C4580
:107AC00002D0C385FFF7FAFE08BD70472DE9F043E9
:107AD000ABB00C46B548DFF78BFA012802D02BB0CB
:107AE000BDE8F0832046DFF771FB05462046DFF74F
:107AF00069FB06462046DFF765FB0746AB1E132BE6
:107B0000EDD801A252F823F0597B0208A97E0208A1
:107B1000DF7A0208DF7A0208DF7A0208DF7A0208D9
:107B2000A97E0208DF7A0208DF7A0208DF7A0208FB
:107B3000DF7A0208E17E0208DF7A0208DF7A0208B3
:107B4000DF7A02082B7F0208DF7A0208C17F020871
:107B5000DF7A02087D800208DFF784FD04460028F2
:107B6000BDD0DFF785FD0128B9D10AA92046DFF78E
:107B7000F0FD06AA18A93046FFF747FCBDF82830EB
:107B8000BDF860209B1AADF82830BDF82A30BDF84A
:107B900062209B1AADF82A3097F8343013F0010FA9
:107BA00031D0BDF92810BDF92A0051EA000396D062
:107BB000BD8D7B8DAB4284BF05F5B475ADB2FCF7CE
:107BC00005FFBB8C7A8D1344C41AA3B224B2002CD7
:107BD000BCBF03F5B4731CB2BDF918800020FBF7DD
:107BE0009FFC322300FB03F35033B3F5A07F51D247
:107BF0004FF4B4732046728DB18D8A425AD29446A6
:107C000094425CD25DE050224FF400313046E4F7FC
:107C1000EFF905461FFA80F8BDF81840A4EB0804F8
:107C2000A4B24FF480313046E0F77FFAE0B1A4EB24
:107C300008081FFA88F31BB2012BB8BF0123ADF867
:107C40001830BDF92820BDF92A1001FB01F102FB13
:107C5000021203FB03F39A4212DC97F8343013F05C
:107C6000010F3FF43CAF9CE723B2002BB8BF0333B6
:107C70009A102DB2AA42ACBFA31A631B9BB2DAE7DB
:107C800097F8343043F0010387F83430FBF7ACFC4D
:107C9000F863E2E70020FBF743FC322202FB00F32B
:107CA0005033434AA2FB0323DB094FF4B47202FBB7
:107CB00003F39FE7C2F5B47211444FF0000C884201
:107CC00019D94FF41D7202FB08F2DFF8E8E0AEFBB1
:107CD00002E25209B3FBF2F3634542D0634544D953
:107CE000C3F5B4726244904247D3B0F5B47F44D830
:107CF0000122002007E0A1EB0C0CB0EB5C0F94BF5D
:107D000001220022012097F83410C1F3C00196F837
:107D1000343062F3C30360F3041386F83430788D93
:107D2000A5EB000C0FFA8CFCB7F84030A3EB000871
:107D30001FFA88F8C31A9BB21A1912B2002AB8BFE8
:107D4000524292B2B2F58C7F36D897F834E01EF0EA
:107D5000100F38D11EF0080F1ABF401B04B2644642
:107D600031E0B1F5B47F40F06382C3F5B472904264
:107D700003D3B0F5B47F40F25E820B44B3F5B47F19
:107D800009D8844461453FF6AAAE6345FFF4A7AE27
:107D900000221046B7E7A3F5B47398423FF69FAEB2
:107DA00088427FF69CAE00221046ACE7A03405085E
:107DB000CDCCCCCC1F85EB5197F8340010F0080FD8
:107DC0000CBF64460024002946D197F8342002F005
:107DD0001802082A08BF644623441CB2F86BFBF75C
:107DE00011FCBB6B00FB03F3A34AA2FB03239A091C
:107DF000C3F38F139C4239DD14B22AB2798DB7F9DF
:107E00003250B7F93030501AC000A5EB030C90FB8C
:107E1000FCF00430B7F92E90884408EB2010204481
:107E2000009500B2FCF750FE97F8343003F00603DB
:107E3000042B21D004B2B6F92E30A34222D1B7F9D7
:107E40003030A34204D0B7F93230A3427FF447AEBA
:107E5000FBF7CAFBF86342E697F8341011F0180FED
:107E6000BAD1B2F58C7F88BF0024B5E75B429C4253
:107E7000BCBF524214B2C0E77C8E3B8E1C44241A15
:107E800024B2D8E7FBF7B0FBF86321463046FFF792
:107E900007FE4C45D3D000221C213046DFF770F995
:107EA00001287FF41CAECAE790F8343023F00103B8
:107EB00080F834303046E0F746F90546DFF7CBFB73
:107EC0000446DFF7CFFBDFF7D3FB04287FF407AED0
:107ED000002C3FF404AE00212846DFF79AFBFEE5B4
:107EE0002046DFF777F9B7F92E400378113B032BD3
:107EF00009D8DFE803F002130213F18D013109B252
:107F00003046FFF7CDFDB7F92E30A3423FF4E7AD81
:107F100000221C213046DFF733F9E0E5F18D01390D
:107F200009B23046FFF7BCFDEDE72046DFF752F916
:107F3000074606AA0AA93046FFF767FAB36873B383
:107F4000B3F91440502200213046E4F751F8BDF84F
:107F50001830A6B23518ADB25C1BA4B2ADF818400B
:107F6000BDF82810EB1A98B2BDF82AC063180CEBC4
:107F7000000201440DF16008644424B200941BB275
:107F800012B209B24046FBF784FD47F6FF7239682A
:107F90004046FBF707FE20B100233B719FE500241C
:107FA000D0E7711909B218AC0A462046FBF790FDDC
:107FB00047F6FF7239682046FBF7F4FD38718EE50D
:107FC000122200213046E4F713F807B213220021F1
:107FD0003046E4F70DF805B2102200213046E4F7F0
:107FE00007F80FFA80F8112200213046E4F700F874
:107FF00003B2AF42B8BF2F464745B8BF47469F427E
:10800000B8BF1F4612224FF440313046E3F7F0FF6D
:108010000FFA80F913224FF440313046E3F7E8FFBE
:1080200005B210224FF440313046E3F7E1FF0FFA7A
:1080300080F811224FF440313046E3F7D9FF03B204
:108040004D45B8BF4D464545B8BF45469D42B8BFB2
:108050001D460235ED1BADB23046FFF733FA06463A
:108060002046DFF7B7F83544B0F900302DB2AB4207
:10807000B8BF2B46038032E5D34D62102046DFF7B0
:10808000A1F805462046DFF711F906460DF10A0270
:1080900003A92846FFF7B9F9314618A8E0F728FFE9
:1080A000BDF90A70002F57DC12224FF40031284628
:1080B000E3F79EFF04B213224FF400312846E3F7A2
:1080C00097FF0FFA80F910224FF400312846E3F7AA
:1080D0008FFF0FFA80F811224FF400312846E3F7A2
:1080E00087FF03B24C45B8BF4C464445B8BF444631
:1080F0009C42ACBF3A1BFA1A14B2002C5EDC0DF1A4
:10810000100843463A4603A92846FFF734FA0AAC5A
:108110002046E8F797FC22464FF440312846E0F726
:10812000A1FB4FF440332593444B199302231A9338
:10813000CDF86C801C9418AF3A461A212846DFF718
:108140001FF8424621463046E8F7C6FC3A461B2156
:108150002846DFF715F8C2E406AC2046E6F7A6FA93
:10816000224600212846E0F709FE00232593334AE2
:1081700019921A930DF10C09CDF88490ADF89C700A
:1081800020940DF1600842461A212846DEF7F8FFD8
:10819000AB8CAA8D1A4492B201926A8D13449BB2A1
:1081A0000093BDF89C304A4621463046E6F794FAE3
:1081B00042461B212846DEF7E3FF75E70DF118085C
:1081C0004046E6F773FA42464FF400312846E0F79E
:1081D000D5FD4FF400332593184B199301231A93BF
:1081E00003AB2193ADF89C40CDF8808018AA1A21EA
:1081F0002846DEF7C5FFBDF99C30BDF91A209A422A
:10820000C8BFADF81A30AA8C298D114489B20191EA
:10821000E98C0A4492B200929BB203AA06A93046A6
:10822000E6F75AFA18AA1B212846DEF7A9FF66E7E7
:108230000122104667E50122002064E5A03405080C
:10824000838801330288981A00B27047C3880133CB
:108250004288981A00B270472DE9F04FCFB005461A
:10826000DEF7B0FF04462846DFF720F801904CA95E
:108270002046E0F7E8FF692200212046E3F7B8FE38
:1082800005466A2200212046E3F7B2FEBDF8301110
:10829000ABB2CA1AADF83021BDF834611E44B6B293
:1082A000ADF83461BDF8322180B2151AADF8325103
:1082B000BDF836510544ADB2ADF8365101331E4418
:1082C000761A33B2009301300544AD1A2DB2E16A3B
:1082D000A26AA1EB020B94F85C3003F00303012BBC
:1082E00000F0CC8000230593122200212046E3F702
:1082F0007FFE8146132200212046E3F779FE804667
:10830000102200212046E3F773FE074611220021C8
:108310002046E3F76DFEBDF93211BDF93421BDF9F8
:1083200036311FFA89F60696BDF830C1B4441FFAFB
:108330008CFCA4F834C01FFA88F60296921B92B205
:108340002287BEB20396314489B2E18680B204909E
:108350001B1A9BB263870098854200F3A08001330B
:108360005B1A1BB2032B09DC05EBD572E38A03EB26
:1083700062039BB29A1EE28602336387B4F8389098
:1083800009F10109A38EA9EB03090FFA89F9638F9B
:108390000133E28E9B1A1BB2079304F1340A04F1F5
:1083A00038031E46CDF820908B4B0993A26DB2F195
:1083B000FF3F00F09E80A16A276D7F1A09FB07F737
:1083C00097FBFBF7636D5B1A09FB03F393FBFBF36E
:1083D0001BB239B25B1A02FB03F3002BB8BFFF33A9
:1083E00007EB23273FB2A26CB2F1FF3F00F08A8077
:1083F000A16A236CA3EB010809FB08F898FBFBF8C2
:10840000636C5B1A09FB03F393FBFBF31BB20FFADC
:1084100088F15B1A02FB03F3002BB8BFFF3308EBB4
:1084200023280FFA88F8162200212046E3F7E0FD02
:10843000009B9D4200F3D680C0B201286DD0BAF8EF
:1084400000309844A6F80080BAF800301F44BFB24C
:10845000AAF80070059B002B00F0D180A36A5B4254
:1084600009FB03F393FBFBF31F443FB2B6F9003063
:10847000BB425CDCAAF800303780C7E0002A02DB90
:108480000023059330E7002906DD236B934214BFD8
:1084900000230123059327E70023059324E70132F6
:1084A000A2EB0C0212B2032A0ADC009B03EBD3728C
:1084B000A38A03EB62039BB29A1EA2860233238730
:1084C000238F0133A28E9B1A1BB20893B4F83A9003
:1084D00009F10109A2463AF8363FA9EB03090FFA60
:1084E00089F904F13A031E46CDF81C903B4B0993E1
:1084F0005CE7276BA36AFF1A09FB07F797FBFBF7FB
:108500003FB270E7636AA26AA3EB020809FB08F8AE
:1085100098FBFBF80FFA88F885E7C8F100080FFA16
:1085200088F87F423FB25346B2461E4687E7AAF814
:1085300000706BE03380B6F90020BAF900309A423F
:1085400064DAAAF80020338060E00AAD0199284679
:10855000E0F7CEFC4FF400331793214B0B9300232D
:108560000C930D972A461A212046DEF709FE2A466B
:108570001B212046DEF704FE35E1628F0132E18ED9
:10858000521A12B2B2EB430F40F3A08086E00132E0
:10859000121A12B2032A00F3F180009B03EBD37688
:1085A000A38A03EB66039BB29A1EADF888200233C0
:1085B000ADF88C30E2E00133A26A524209FB02F2CC
:1085C00092FBFBF29B1A1BB2BAF900209A42B1DC73
:1085D0003280AAF80030AEE7418202084D820208DC
:1085E000BC34050833880133A3EB0803AAF8003034
:1085F0003388DB1B9BB23380059A002ADBD104F160
:1086000034073846099B984701289EDD0DF1F8088C
:108610004046E8F717FA42464FF400312046E0F7AB
:1086200021F90DF1B00901994846E0F761FC4FF4DA
:10863000003339936D4B2D9300272E97CDF8C080D2
:1086400004F13408CDF8BC804A461A212046DEF7F2
:1086500097FD0B2239462046E3F7CAFC00B22F46AD
:1086600000998D42A8BF0F467F108742A8BF0746DA
:10867000079B089A9342A8BF13465B10BDF9F820E8
:108680009342A8BF13468D423FF777AF228F013246
:10869000A18E521A12B2B2EB430F17DD9DF8FBB058
:1086A0009DF812A19DF81A9100238DF8FB308DF8EA
:1086B00012318DF81A3142463EA90198E8F70CFABA
:1086C0008DF8FBB08DF812A18DF81A91A38A069E41
:1086D0003344ADF89030238B029A9B1AADF8943056
:1086E000E38A03990B44ADF89230638B04981B1A0C
:1086F000ADF896300DF1980900233A4624A9484672
:10870000E7F760FF00214846E7F75CFD07469DF864
:108710001A9100238DF81A318DF82E31BDF93211DE
:10872000BDF93421BDF93631BDF83001304480B295
:10873000ADF88800039E314489B2ADF88A10029EDC
:10874000921B92B2ADF88C20049E9B1B9BB2ADF89D
:108750008E30009EB5423FF71AAF01335B1A1BB251
:10876000032B0BDC05EBD575E38A03EB65039BB2AA
:108770009A1EADF88A200233ADF88E301CAE00236D
:10878000BDF9F82041463046E7F71CFF002130468E
:10879000E7F718FD05460DF1F80A22AA5146DDF863
:1087A00004B05846E8F798F98DF81A9100238DF82F
:1087B000FB308DF812318DF82E3142465146584625
:1087C000E8F78AF93046E7F771FD26A8E7F76EFD6E
:1087D0002846E7F741FD3846E7F73EFD2CAA1B2166
:1087E0002046DEF7CDFC4FB0BDE8F08FBC34050865
:1087F0002DE9F0410D464248DEF7FAFB012801D091
:10880000BDE8F0812846DEF7E1FC04462846DEF7A5
:10881000D9FC0646631E142BF2D801A252F823F0AD
:10882000ED88020801880208018802080188020810
:10883000018802080188020801880208ED88020800
:1088400001880208018802080188020801880208DC
:1088500001880208018802080188020801880208CC
:108860000188020801880208758802080188020848
:10887000F78802084FF40031E0F7D0FA04462846A2
:10888000DEF7A8FC0546B0F90000A042B8BF2046BC
:108890002880122200213046E3F7AAFB0FFA80F865
:1088A000132200213046E3F7A3FB04B2102200217B
:1088B0003046E3F79DFB07B2112200213046E3F773
:1088C00097FB02B223464445A8BF4346BB42A8BF1C
:1088D0003B469342A8BF1346002B91DA5B42B5F9A1
:1088E00000209342B8BF13462B8089E700F1340182
:1088F000E0F735FF84E72846FFF7AEFC80E700BFCE
:10890000BC34050810B50C46002104F13C00FAF710
:10891000B7FF002104F14C00FAF7B2FF10BD08B513
:1089200003681A684FF0FF31D96002F13C018B42B5
:1089300009D002F14C018B4204BF99681163186899
:10894000E0F731FF08BD99685162F8E708B5C160EA
:108950000068E0F728FF08BDF0B593B007460D4664
:1089600016461C469DF860302BB3E368B3F1FF3F19
:108970000CBF1368A3686360A160316000212046CA
:10898000FAF77EFF01AD2846FAF760FF0194104B1D
:108990000293002109910A914FF480730B930D4BC0
:1089A000049365223846E3F723FB0C902846FAF738
:1089B0009FFF13B0F0BD00212046FAF761FF4FF092
:1089C000FF33E36035603846E0F7EDFEF1E700BFC6
:1089D0004D8902081F89020830B583B0446A8C4271
:1089E00014D0C36A9942A8BF1946836A056BAB428B
:1089F000B8BF2B469942B8BF19468C4206D00092A8
:108A000000F13C0300F12402FFF7A6FF03B030BDE4
:108A100038B50C4600258D626423CB620D634D6230
:108A20008D860D87CD864D8791F85C3065F3010307
:108A300081F85C30C9630D644D644FF0FF338B6483
:108A4000C9640D654D658B6508212046DFF714FB71
:108A500010212046DFF710FB2A4629462046FFF763
:108A6000BBFF38BD90F85C3003F00303022B19D133
:108A7000C36A9942A8BF1946836A9942B8BF19468A
:108A8000436A9942A8BF1946036B8B420AD000B5CE
:108A900083B0009200F14C0300F13002FFF75CFF5D
:108AA00003B000BD7047836CB3F1FF3F14BF406C4F
:108AB000406A704790F85C3003F00303022B01D04A
:108AC000806A7047836DB3F1FF3F14BF406D006B48
:108AD000704790F85C0000F00300704710B50C463A
:108AE00010212046DFF7C8FA4FF480612046DFF7F7
:108AF00049FD10BD10B501460348DFF7C7FD044628
:108B0000DFF777FE204610BDD83405082DE9F04F79
:108B10008BB00546009108A9E0F795FB2846E0F7E1
:108B2000F7FB80462846E0F7F9FB064612220021B3
:108B30002846E3F75DFA07B2132200212846E3F73F
:108B400057FA0FFA80FB102200212846E3F750FA6B
:108B500004B2112200212846E3F74AFA0FFA80FAFC
:108B6000142200212846E3F743FA8146152200210A
:108B70002846E3F73DFA09F001030133C9F3C03297
:108B800002FA89F903EB69090FFA89F900F0010C7F
:108B90000CF1010CC0F3C03303FA80F00CEB600C55
:108BA0000FFA8CFCB9F10D0FA8BF4FF00D09634609
:108BB0000D2BA8BF0D2301935A460D2AA8BF0D22E5
:108BC00003920D2CA8BF0D24D446BAF10D0FA8BFF7
:108BD0004FF00D0C2B8E002B64D0A34600243B4697
:108BE0000D2FA8BF0D230493A8EB0208A8F10208DB
:108BF000A6EB0C06023ECDF814C002961FFA84FACA
:108C0000AA6A02EBC40332F934C0B3F90200B3F923
:108C10000410B3F906206745BDF82030ACBF049EB0
:108C2000019E9B1B63449BB2ADF818308345BDF891
:108C30002230ACBFA3EB0B03A3EB090303449BB2AD
:108C4000ADF81A304145BDF82030ACBF039801980B
:108C500003440B449BB2ADF81C30029B9A42BDF812
:108C60002230A6BF05995B184B4413449BB2ADF864
:108C70001E300022009906A8FAF794FF40B901348B
:108C80002A8EA3B29A42B9D85046013080B200E091
:108C900050462A8E4FF6FF73824208BF18460BB02B
:108CA000BDE8F08F4FF6FF70F9E700004FF6FF7355
:108CB000994272D0F0B585B004460D46038E8B42C2
:108CC00001D805B0F0BD826A02EBC10332F9312050
:108CD000ADF80820B3F90220ADF80A20B3F904205A
:108CE000ADF80C20B3F90630ADF80E306946E0F768
:108CF000AAFA142200212046E3F77AF906B21522D7
:108D000000212046E3F774F907B22046E4F710F992
:108D1000FAF706FC214981FB0031C317C3EBA1031D
:108D20001BB2BDF800009E42B8BF1E46B6B2BDF8E9
:108D300008200244921BADF80820BDF80220BB4277
:108D4000B8BF3B469BB2BDF80A10114489B2CF1A96
:108D5000BFB2ADF80A70BDF80CC060440644ADF86F
:108D60000C60BDF80E0002441A4492B2ADF80E2019
:108D7000A08EA84204D002A92046E0F7F0FCA0E7AC
:108D8000E06A30F8150010F4806FF4D001393944EE
:108D9000CB1A9B1AADF80A30EDE770476766666636
:108DA0002DE9F04FD3B00446DEF70CFA038E13B969
:108DB00053B0BDE8F08F05462046DEF777FA8046CF
:108DC000059095F8223043F0080385F8223050A929
:108DD0002846E0F738FA2B8C069300242C8495F86B
:108DE000223043F0080385F822302AAF3846E7F7EF
:108DF00029FE22AE3046E6F791F83A464FF4A0211C
:108E00002846DFF72FFD32464FF4A0212846DFF732
:108E1000AAFE95F8223064F3C30385F82230069B3E
:108E20002B84102221462846E3F7E2F803B2099387
:108E3000112221462846E3F7DBF803B20A931222F7
:108E400021462846E3F7D4F803B20B9313222146B8
:108E50002846E3F7CDF803B20C9310AE41463046F6
:108E6000E0F746F84FF4A0231D93CB4B11931294D7
:108E700040AB149338AB15932B8E002B00F09081F0
:108E80004FF000094C46DFF814B3069B03F02003B3
:108E90000D934F461CE10134A4B2A600594658F880
:108EA0002400D7F79DF90028F5D04FEA470AEB6A6E
:108EB00033F8173013F0100F40F00381C3F300288C
:108EC00013F0400F00F0078148F08008D5F828E043
:108ED0000EEBC703B3F90210B3F904C0B3F90600EF
:108EE000BDF840213EF837301344ADF83831BDF8B5
:108EF00042311944ADF83A116244ADF83C210344C3
:108F0000ADF83E31B8F1000F40F0018138222AA9B6
:108F100040A8FBF7EBFE202222A938A8FBF7E6FECB
:108F2000EB6A33F80A3013F4006F9DF8FD3014BF7C
:108F300043F0010303F0FE038DF8FD3010AA4EABA1
:108F4000D36097631A212846DEF71AF99DF823317A
:108F5000C3F344030F2B31D99DF823310F2262F361
:108F600045038DF82331BDF93831B5F914200B993B
:108F70000A44934214BF0F230B239DF8232163F36C
:108F800045028DF82321BDF93C11B5F918200C9844
:108F9000121A914200F0E080BDF93A21B5F916307D
:108FA00009990B449A4200F0E080BDF93E21B5F9E1
:108FB0001A300A995B1A9A4200F0E280BDF83A2111
:108FC0000892BDF83E31013399B2079118F020089C
:108FD00009D0EB6A33F80A3013F4806F1CBFC1EB81
:108FE0004203ADF83A314EAA40A90598E7F774FD5F
:108FF0006B6A53F806900FAE9DF8FD300293BDF8F2
:1090000044310133BDF840219B1A1BB20193BDF9D5
:10901000F2300093BDF9F430389A49463046FEF7F5
:1090200028F9BDF83821BDF93CC0BDF83C31013309
:109030009B1A1BB2A3EB0C0303EBD37302EB63028B
:1090400092B2ADF83821BDF83A11BDF93E00BDF835
:109050003E3101335B1A1BB21B1A03EBD37301EBD6
:10906000630189B2ADF83A116244ADF83C2108447D
:1090700080B2ADF83E01B8F1000F15D0EB6A33F8BD
:109080000A3013F4806F0FD0079B089AA3EB020AF3
:10909000CAF3C03303FA8AFACAF34F03C91AADF808
:1090A0003A11C01AADF83E01002300934B464EAA78
:1090B00038A90598E5F764FF10AA1B212846DEF7BA
:1090C0005FF80134A4B201372A8EBBB29A4267D945
:1090D000D5F82480E1E6AA8EBBB29A427FF4F6AEC0
:1090E0000D9B0BB148F02008069B13F0020F18BF30
:1090F00048F00208069B13F0040F18BF48F004085C
:10910000069B13F0080F18BF48F00808DEE6A5F824
:10911000208095F8223043F0080385F8223040A8DB
:10912000E7F790FC0DF1E0094846E5F7F7FE40AAA5
:109130004FF4A0212846DFF795FB4A464FF4A021C3
:109140002846DFF710FD069B2B8495F8223023F08C
:10915000080385F82230E3E603F017039DF8232186
:1091600063F345028DF8232116E79DF82331C3F3FD
:10917000440202F01D0262F345038DF8233114E727
:109180009DF82331C3F3440202F01E0262F345034B
:109190008DF8233112E700BFF4340508905403081A
:1091A00095F8223023F0080385F8223000E600BF4E
:1091B00010B50C46886AFBF7D1FCE06AFBF7CEFCE1
:1091C0000023A362E36210BD10B501460348DFF738
:1091D0005DFA0446DFF70DFB204610BDF4340508A8
:1091E000002900F05E812DE9F04F93B083468A4656
:1091F0000123438608680025B8B100242546A94EFE
:1092000009E0BBF832300133ABF832300134A4B29C
:109210005AF8240048B103783BB13146D6F7E0FF55
:109220000028EED00135ADB2F0E7BBF83030AB42EC
:1092300027D0DBF8280020B1FBF790FC0023CBF807
:109240002830DBF82C0020B1FBF788FC0023CBF89A
:109250002C30E800FBF764FCCBF8280000284DD048
:109260006800FBF75DFCCBF82C00002847D0DBF84A
:109270002830002B08BF00256900FBF7C4FEABF8BF
:109280003050CBF824A0162200215846E2F7B0FE59
:10929000C3B20693122200215846E2F7A9FE1190AC
:1092A000102200215846E2F7A3FE044614220021B2
:1092B0005846E2F79DFE0546152200215846E2F782
:1092C00097FE10905846E0F72FF80F905846E0F7B9
:1092D00048F8BBF83230AAB20B925A1E12FB05F2C4
:1092E000821A12B20A929846002B00F0D180A2B2E4
:1092F00000218E460891079111461FE0FEE7FEE728
:10930000DDF80880DDF80CE0494604E0DDF808806F
:10931000DDF80CE04946002E41D101340AEB840A05
:109320000EF1010EBBF83280079B0A9A1344079393
:109330000B9B0B4499B2F04540F2AA80DAF800701A
:109340000024002FE9D0002635463446CDF80880A9
:10935000DDF82080CDF80CE0894652493846D6F732
:109360003FFF0028D2D03B78002BC9D04444DBF823
:109370002C3033F8143003F00F03012B2CBFED1801
:109380000135ADB20136B6B234465AF82670002F18
:10939000E3D1DDF80880DDF80CE04946BBE7079A29
:1093A000B2FBF8F30B441BB204930A9B1344B3FBC8
:1093B000F8F3481E03441BB20593BDF83CC0109A55
:1093C00093B20393731E13FB02F3ACEB03031BB2C4
:1093D00023EAE373089A4FEA42080026B14637466B
:1093E000BDF844200294CDF824C01446CDF830E0F6
:1093F0000D91CDF838A09A461BE00998C31A19B20E
:10940000831A1BB221442344DBF82800059A0092FA
:109410001BB2049A09B200EB8800FAF73AFB09F193
:10942000010908F10208039B1E44B6B2029B99454C
:109430001CD207FB0AF3B3FBF5F333449AB2DBF813
:109440002C3033F8083003F00F03012B2CBFFF182A
:10945000013707FB0AF3B3FBF5F3711E0B449BB214
:1094600006990129C9D011B21BB2CBE71C46DDF821
:1094700030E00D99DDF838A0013B002C08BF002337
:10948000089801300344089301340AEB840A47E743
:109490005846DFF73CFD5846E0F785F913B0BDE8C4
:1094A000F08F70479054030808B5084600230B86D8
:1094B0004B864FF6FF728A868B62CB624B6291F8C5
:1094C000362063F3000281F836200249FFF788FE58
:1094D00008BD00BFD400002010B50446028E520023
:1094E000C06AFBF703FC616A2046FFF779FE10BDF6
:1094F00038B504460D46038E8B4203D84FF6FF73F2
:10950000994208D1A18E2046FFF7D0FBA5862946B7
:109510002046FFF7CBFB38BD038E8B4223D970B5B5
:1095200006460C46154612F0100F0ED1F26A32F8BC
:10953000143023EA050322F8143021463046FFF7A1
:10954000B5FB15F4806F0AD170BD0121DEF7EDFD8A
:109550000028EBD001213046DEF78EFDE6E73046ED
:10956000DFF7D5FCF0E77047038E73B170B50546A1
:109570000E4600243246A1B22846FFF7CDFF013443
:10958000288EA3B29842F5D870BD7047038E8B42E7
:109590003FD970B504460D46164690F8363013F0A4
:1095A000010F02D012F4807F0AD116F0100F1ED0E6
:1095B000B4F830C0BCF1010F15D90023012007E039
:1095C0004FF48071FFF7D0FFEFE70133634509D017
:1095D0009AB29542F9D0E26A12F81310C1F3001161
:1095E0000840F2E718B101212046DEF7CBFFE26A1E
:1095F00032F81530334322F8153029462046FFF75C
:1096000055FB16F4806F00D170BD2046DFF77FFC5C
:10961000FAE77047038E73B170B505460E46002415
:109620003246A1B22846FFF7B1FF0134288EA3B21B
:109630009842F5D870BD7047808E70472DE9F84F7D
:109640004FF6FF73994226D082460F46B0F830B0ED
:109650008B4522D3B1B1D0F8249000263546DFF8EF
:10966000448003E025460136BE420CD06C1CA4B2F7
:10967000414659F82400D6F7B3FD0028F2D102354F
:10968000ADB2F0E70D46BB4509D0DAF8243053F807
:109690002500BDE8F88F0020FBE70020F9E7002057
:1096A000F7E700BF90540308038E8B4207D9C36AC3
:1096B00033F811309A430CBF01200020704700207E
:1096C000704770B504460E464FF48072FFF7ECFF0A
:1096D00005464FF480712046FFF746FF05B970BD7F
:1096E0004FF4807231462046FFF750FFF7E7000045
:1096F0002DE9F04782B00E46C748DDF779FC012816
:1097000002D002B0BDE8F0873046DDF75FFD0546C8
:109710003046DDF757FD0446132D59D0013D292D64
:10972000EFD801A353F825F03F980208DF9802080C
:10973000579A02080397020803970208219A020821
:109740000397020883990208039702080397020807
:109750000397020803970208139B0208659A020800
:10976000FB9A0208FB9A0208039702080397020873
:1097700003970208039702083D9D02080397020819
:109780000397020803970208039702080397020849
:109790000397020803970208039702080397020839
:1097A0000397020803970208039702080397020829
:1097B0000397020803970208039702080397020819
:1097C0000397020803970208379802082F980208A7
:1097D000438E002B95D0D0F82490D9F80070002F3C
:1097E0008FD00025A846DFF834A251463846D6F778
:1097F000F7FC002885D03B78002B82D0E36A33F851
:10980000183013F4806F07D10135ADB2A84659F86E
:109810002570002FE9D174E72046DFF7A2FD638EA3
:1098200090FBF3F109B23046DDF748FD69E7416A84
:10983000FFF7D6FC65E7416AFFF7D2FC61E73046E7
:10984000DDF7C8FC0546A18E2046FFF72FFADDF7AD
:1098500009FFDDF70DFF00F0FD03012B1FD0A38EE4
:109860004FF6FF7293423FF44CAFE26A32F8132096
:1098700012F4007F7FF445AF12F4806F7FF441AFA4
:1098800012F0400F7FF43DAF12F0100F7FF439AFAC
:1098900000936A461C212046DDF772FC31E701AED9
:1098A00031462846DDF755FF31462046FFF72EF9B1
:1098B0004FF6FF73A38698423FF423AFE36A33F871
:1098C000103013F0400F7FF41CAF13F0100F7FF433
:1098D00018AFA08601462046FFF7E8F9BFE73046FB
:1098E000DDF778FC0646DDF7BDFE0546DDF7C0FE78
:1098F00004283FF406AF02283FF403AF01AF394616
:109900002846DDF726FF39462046FFF7FFF80546D3
:10991000A18E81423FF4F5AE4FF6FF7399422CD1F0
:10992000A5863046DDF708FF4FF6FF739D423FF4F2
:10993000E8AEE36A33F8153013F0400F7FF4E1AE80
:1099400013F0100F7FF4DDAE29462046FFF7AEF985
:10995000E36A33F8152012F4007F7FF4D2AEA28EB2
:1099600033F8123013F4806F7FF4CBAE00956A4663
:109970001C212046DDF704FCC3E62046FFF796F9DC
:10998000CEE7828E4FF6FF739A4230D01046E56ADA
:1099900035F81230194613F0800F18D013F0400F2D
:1099A00040F0D08113F4807F08D094F8361011F085
:1099B000010F03D123F480739BB201E043F4807361
:1099C00025F8123094F8363013F0010F14D1A08E20
:1099D000E36A33F8101011F4007F02D111F4806FA4
:1099E00005D011F0400F02D111F0100F09D0A18E57
:1099F0002046FFF75BF984E6A18E2046FFF761FE63
:109A0000E5E700906A461C212046DDF7B9FB0128F6
:109A10007FF477AEEBE700BFF434050890540308F9
:109A2000838E4FF6FF7293423FF46BAEC26A32F8F8
:109A3000132012F0200F7FF464AE12F0400F7FF479
:109A400060AE12F0100F7FF45CAE00936A461C21EA
:109A5000DDF796FB55E6818EFFF728F94FF6FF7389
:109A6000A3864EE6038E002B3FF44BAE3046DDF767
:109A7000B1FB0646DDF7FCFD0546DEB12046DEF70C
:109A800062FBDDF7E8FDA28E4FF6FF739A427FF48A
:109A900038AE022D05D0042D7FF433AE00283FF4FC
:109AA00030AE94F8363013F0010F0AD1E16A023972
:109AB000002319E00020F9F77DFDDDF7D9FD05460B
:109AC000DCE7E16A0239002300E0013331F8022FBC
:109AD00012F0100FF9D112F0400FF6D112F4807F7E
:109AE000F3D0A3860DE6013331F8022F12F0100FE8
:109AF000F9D112F0400FF6D1F3E7818E4FF6FF73E4
:109B0000994203D14FF6FF73A386FAE5FFF7CEF82B
:109B1000F8E7818EFFF7CAF83046DDF75BFB037884
:109B2000113B032B29D8DFE803F0AF54022DA38E9D
:109B30004FF6FF7293421ABF01339BB20023A386F4
:109B4000218E99429CBF0023A386A58EE06A07E080
:109B500001339BB2994298BF0023A3869D4209D04E
:109B6000A38E30F8132012F0100FF1D112F0400F35
:109B7000EED102E04FF6FF73A386A18E2046FFF7D9
:109B800095F8BEE5A38E4FF6FF72934203D013B152
:109B9000013B99B202E0218E013989B2A186E06AC7
:109BA00005E073B1013B9BB2A38699420DD0A38E11
:109BB00030F8132012F0100FF3D112F0400FF0D153
:109BC000DBE7238E013B9BB2EEE74FF6FF73A386E4
:109BD000D3E7152200212046E2F70AFAA38E4FF6BA
:109BE000FF72934219D0D4F828C00CEBC3063CF89E
:109BF0003310B2880132521A42F34E0211440FB2AE
:109C0000258EAB42B9D20FFA80FEB6F902605A0037
:109C10000CF102000CF104081CE00023A386E16AA9
:109C200005E001339BB2A386228E9A4209D9A38E06
:109C300031F8132012F0100FF3D112F0400FF0D1D1
:109C40009BE74FF6FF73A38697E701339BB202327F
:109C5000AB4292D230F92210B142F6DD3CF922102B
:109C6000B942F2DC38F9221071448F42EDDCE16A2E
:109C7000895A11F0400FE8D111F0100FE5D19D4243
:109C80007FF67BAFA38678E7152200212046E2F716
:109C9000AFF9A38E4FF6FF72934219D0D4F828C0C3
:109CA0000CEBC3053CF83310AA880132521A42F378
:109CB0004E0211440EB21BB2002BFFF65EAF07B28C
:109CC000B5F902505A000CF102000CF1040E1EE02E
:109CD0000023A386E16A05E001339BB2A386228EAE
:109CE0009A4209D9A38E31F8132012F0100FF3D144
:109CF00012F0400FF0D140E74FF6FF73A3863CE728
:109D0000013B1BB2023AB3F1FF3F3FF436AF30F9EB
:109D10002210A942F4DA3CF92210C91B8E42EFDB73
:109D20003EF92210B142EBDBE16A895A11F0400F93
:109D3000E6D111F0100FE3D1A3861EE73046FFF7FE
:109D40002FF8DEE413F4007F7FF451AE46E600BF47
:109D500008B590F8362061F3000280F83620002123
:109D6000FFF7AFFC08BD08B501F13C00E7F786F846
:109D700008BD08B50846042381F83C30CB8F6FF34B
:109D80004F13CB87CB6B6FF39423CB6300230B6410
:109D90004B643C3101F0FAF908BD10B50C46086877
:109DA000C16BE7F767FD2368D86BFAF7D7FE10BDE4
:109DB0002DE9F04105460C4617461E4600221A8042
:109DC000C36BC3F38A23013BB3807280C38FC3F399
:109DD0004A13013BF3804FF4B4712046FBF713F9AB
:109DE00027603846F9F796FA2268EB6BC3F38A23AB
:109DF00013802268EB8FC3F34A1353805820FAF77D
:109E00008FFEB8B1804601463846E7F7EDFC23687F
:109E1000C3F83C80C8F80860C8F804606B6CC8F8E8
:109E2000003095F83C1001F01F012068F9F7A0FB05
:109E3000BDE8F081FEE7000010B501460348DEF7FB
:109E400025FC0446DEF7D5FC204610BD103505087C
:109E5000E1B110B50C4690F83C109DF808C06CF3C9
:109E6000040180F83C10C16B62F39421C163C1F31B
:109E70000F4163F34F11C187446400F13C04214654
:109E800001F084F92046E6F7F9FF10BDFEE790F8EF
:109E90003CC00CF1190C0CF01F0CBCF1030F00D8E6
:109EA00070472DE9F043F3B004460E4615461F46B1
:109EB0000DF1600902AB04AA4946FFF779FFE4F708
:109EC000B3F880464846E4F7B5F894F83C3003F020
:109ED0001F03062B1FD06A46ADF80060ADF8025094
:109EE000013F3E44ADF80460BDF9E831013B1D443B
:109EF000ADF806507B991398E6F7EEFD4046E4F77F
:109F000099F818A92046FFF748FF2046DFF74BFCD9
:109F100073B0BDE8F0837B9B9A884EF207039A42A8
:109F2000D9D1D9F80020137C23F008031374D2E7A9
:109F30002DE9F04FB9B00D46B848DDF759F80128C2
:109F400002D039B0BDE8F08F2846DDF73FF904466E
:109F50002846DDF737F906462C2C00F0F480132C48
:109F600000F04B81152CECD12846DDF72BF9044687
:109F70002846DDF79BF90490572200212046E2F79E
:109F800037F80690B0F908100591322200212046DA
:109F9000E2F72EF80546102200212046E2F728F8C5
:109FA000ADB228441FFA80F8122200212046E2F7C1
:109FB0001FF80544ADB2152200212046E2F718F83B
:109FC000079012224FF400312046E2F711F80746BD
:109FD00013224FF400312046E2F70AF8824610229D
:109FE0004FF400312046E2F703F8064611224FF401
:109FF00000312046E1F7FCFF834669224FF400312F
:10A000002046E1F7F5FF08906A224FF40031204620
:10A01000E1F7EEFF09900DF160094846E6F712FD01
:10A020004A464FF400312046DEF71CFCA38A1D444B
:10A03000ABB2BDF8142007EB0A05013D15441D44E1
:10A04000ADB2E18A414489B25E44013E1644B6B2E3
:10A05000BDF820209B1AADF830302A44ADF83420EA
:10A06000BDF82430CA1AADF8322033441944ADF893
:10A0700036100DF1980A04995046DEF739FFCDF8F5
:10A08000A890664B2793002728970DF1300BCDF849
:10A09000A4B04FF40033339352461A212046DDF723
:10A0A0006FF85A464946DDF810B05846E6F714FDF9
:10A0B00052461B212046DDF763F8592239462046D7
:10A0C000E1F796FF0FFA80F9582239462046E1F76A
:10A0D0008FFF616A029741F6FF730193CDF80090FC
:10A0E00003B2069A0BA8FDF7C4F80DF140094846E3
:10A0F000E4F714FF4A4639462046DEF734FD079B55
:10A100001D44ADB2ADF83850BDF82C301D44ADF84B
:10A110003C50731C1BB205995B1A03EBD37308EB1D
:10A120006303E28A13449BB2ADF83A30BDF82E20A7
:10A130001344ADF83E30636A00970EAA494658466C
:10A14000E4F71EFFFDE62846DDF744F805465722F2
:10A1500000213046E1F74CFF0446B0F9089059223F
:10A1600000213046E1F744FF07B258220021304673
:10A17000E1F73EFF716A4FF00008CDF8088041F624
:10A18000FF730193009703B2224626A8FDF771F8EA
:10A19000152241463046E1F72BFF804612224FF44C
:10A1A00000313046E1F724FF044613224FF400311A
:10A1B0003046E1F71DFF824610224FF40031304651
:10A1C000E1F716FF074611224FF400313046E1F760
:10A1D0000FFF1FFA89F304EB0A02BDF898100A4436
:10A1E00042441A442A8007443B441BB2BDF99A20DA
:10A1F0009342B8BF13466B80A3E62846DCF7EAFF1C
:10A2000004464FF400313046DEF708FEB4F9003062
:10A210008342B8BF0346238093E600BF2C35050870
:10A2200091F8283013F0010F00D0704710B50C469C
:10A23000486AFAF793FC0023636210BD10B50C4620
:10A240000A4B4B6291F8283043F0010381F8283023
:10A2500002212046DEF796F908212046DEF792F922
:10A260004FF480612046DEF78DF910BD6859030870
:10A270004B6A00225A627047406A20B108B500213B
:10A28000E2F77EFE08BD704770B50446FFF7F4FFA5
:10A2900040B10646DFF742F805462046DFF761F891
:10A2A000854200DC70BD572200213046E1F7A0FE58
:10A2B000B0F90850592200213046E1F799FE0544D3
:10A2C000E18E11FB05F1002209B2606AE0F7D8FEC9
:10A2D000606ADFF768FAE5E72DE9F04106460C46CB
:10A2E000FFF7CAFF10B30746B0F8168057220021C7
:10A2F000E1F77EFEB0F90850592200213846E1F717
:10A3000077FEC0F3C03303FA80F304EB6304A4EBDD
:10A31000080424B205442DB294FBF5F4A0B2B38E28
:10A32000834201D8013B98B2BDE8F0810020FBE7F1
:10A3300010B50C46486A18B1E2F7F4FE00236362D8
:10A3400094F83C3013F0100F00D010BD206BFAF7DA
:10A3500005FC00232363F8E72DE9F04F91B0934605
:10A360004FF6FF72934551D006460F46446AB4F843
:10A370002080984506D0238494F8223043F00803C7
:10A3800084F8223057224FF480212046E1F730FE36
:10A39000814659224FF480212046E1F729FE0546E7
:10A3A0000FFA80FAB9F908903046FFF765FF09EB1C
:10A3B0000A0212FB0BF20AEBDA7AA2EB6A02C38AF8
:10A3C0001A4492B2ADF83A20013D4D442A44ADF80A
:10A3D0003E20736A9A8AADF838201B8BADF83C306A
:10A3E0006846E6F72FFB6A464FF480212046DEF7E9
:10A3F00039FA0EAA69463846E6F76EFBA4F82080C3
:10A4000094F8223023F0080384F8223011B0BDE81C
:10A41000F08F2DE9F0438FB090464FF6FF729045D4
:10A420004DD007460D46446A268C9E4206D02384B2
:10A4300094F8223043F0080384F822300DF1180913
:10A440004846E4F76BFD4A464FF480212046DEF78C
:10A450008AFB59224FF480212046E1F7C9FDADF86F
:10A460002A003846FFF708FF074640B3069BB3F9BA
:10A470000800BDF92A10431813FB08F201EBD17351
:10A48000A2EB6302FB8A1A4492B2ADF812200139A2
:10A4900001440A44ADF81620A38AADF81030238B8E
:10A4A000ADF8143004AAA96802A8F9F72FFB48B93F
:10A4B000268494F8223023F0080384F822300FB069
:10A4C000BDE8F083D5F8088002ABAB60384601F0F8
:10A4D0001FFB03460022009207F11402494628465A
:10A4E000E4F74EFDC5F80880E2E710B50C464FF4DE
:10A4F00080612046DDF7C0FD04212046DDF7BCFD6C
:10A500004FF400312046DEF73DF801212046DEF70A
:10A5100039F8204601F0E6FA10BD000010B50146FA
:10A520000348DEF7B3F80446DEF763F9204610BDB2
:10A530006435050841B170B504460D460023838695
:10A540000B785BB10A4603E0FEE712F8013F2BB13E
:10A550000A2BFAD1A38E0133A386F6E7A38E01332B
:10A56000A3860023E38623872846D5F799FE461C59
:10A57000206B20B194F83C3013F0100F15D030460A
:10A58000FAF7CEFA2063A8B1294607F0E8FA94F862
:10A590003C3023F0100384F83C302046DFF703F909
:10A5A000606A08B1DFF7FFF870BDFAF7D7FA002349
:10A5B0002363E4E7FEE741B138B504460D460023C6
:10A5C00083860B785BB10A4603E0FEE712F8013F91
:10A5D0002BB10A2BFAD1A38E0133A386F6E7A38E03
:10A5E0000133A3860023E386238794F83C3013F0DD
:10A5F000100F03D1206B08B1FAF7B0FA94F83C3091
:10A6000043F0100384F83C3025632046DFF7CBF895
:10A61000606A08B1DFF7C7F838BD000038B50C46EE
:10A6200000234B620B63144ACA628B6291F83C2090
:10A63000CB860B874FF6FF716187A38642F030030C
:10A64000082262F3030384F83C304FF48061204613
:10A65000DDF798FF09492046FFF7ADFF2046E2F7F6
:10A6600060FC01460648DEF711F80546DEF7C1F842
:10A6700065626C6238BD00BF7459030878590308DD
:10A6800048350508C38E8B4211D010B50446838E21
:10A690008B429CBF03F1FF3399B2C1860187436AA5
:10A6A0000BB1FFF7F1FD2046DFF77DF810BD7047D5
:10A6B000006B024B002808BF184670477854030807
:10A6C000C08E7047F8B50E46076BD7B104461546E5
:10A6D0003846D5F7E5FD034680B1B4F838C0781E9A
:10A6E00000218E468C450FD010F8012F0A2A08BF92
:10A6F00001310EF1010E7345F4D100230022F25412
:10A70000F8BD00230B70FBE7734517D9721EA3EB4E
:10A710000E010023681E04E002F801CF01338B42D2
:10A720000ED0276B07EB0E0C1CF803C0BCF10A0F10
:10A73000E4D0002DF0D09842EED8DFE70023DDE72B
:10A740000B46DBE72DE9F04182B004460121DDF73D
:10A75000D5FC656A2046E2F7E4FB01462846E2F7AD
:10A7600008FD4FF0FF31606AE2F774FD0121606A75
:10A77000DDF782FC00221F212046DCF701FD204688
:10A78000FFF77AFD0646216B01F02AFF42F2D171F4
:10A79000606ADEF7B7FC3046DFF796FE606ADEF7E8
:10A7A000B7FD05462046DEF7B3FD854209DC94F887
:10A7B0003C2002F00F024FF48873D34013F0010FD6
:10A7C00034D13046DEF7AAFD074632220021606A06
:10A7D000E1F70EFC804610220021606AE1F708FCD8
:10A7E000054611220021606AE1F702FC054405EBF1
:10A7F00048053D442DB294F83C3003F00F07082F74
:10A800001DD0042F4ED02946A942A8BF2946606A10
:10A81000DEF78FFC2046FFF737FD7B1E072B6AD83B
:10A82000DFE803F08890692F69696962656A2046EC
:10A83000DEF76EFD01462846DEF764FCC1E7B4F999
:10A840001A80A844F8F73EFEF8F756FE804501DC72
:10A850002946D9E7B4F91680F8F734FEF8F74CFE2C
:10A86000B4F91A30C01A804513DDE18A013909B202
:10A87000A942A8BF2946606ADEF75BFC2046FFF7C5
:10A8800003FD002300930A222146606ADFF740FEA1
:10A8900031E0F8F717FEF8F72FFE638BC11A013984
:10A8A00009B2B1E7B4F91680A84501DB2946ABE748
:10A8B000F8F708FEF8F720FEB4F91A30C01A804500
:10A8C00002DBB4F916109FE7F8F7FCFDF8F714FE69
:10A8D000638BC11A09B2A942A8BF2946606ADEF794
:10A8E00028FC2046FFF7D0FC002300930D222146D0
:10A8F000606ADFF70DFE606ADFF7E6FD94F83C3032
:10A9000003F00F03013BDBB2012B23D9226B0021A3
:10A910003046E2F7EEF9022838D003284FF0000362
:10A920001A4614BF012103213046DEF77FFC02B036
:10A93000BDE8F0810023009310222146606ADFF712
:10A94000E7FDD8E70023009313222146606ADFF772
:10A95000DFFDD0E7606ADEF7A6FC0546606ADEF739
:10A96000C5FC0746F8F7AEFDF8F7C6FDB842CDDCEA
:10A97000D4F82480F8F7A6FDF8F7BEFD691EC91BC0
:10A98000014409B24046DEF79CFBBFE700231A46AC
:10A9900002213046DEF74AFCC9E710B50446012122
:10A9A000DDF7B8FB4FF6FF7363870121606ADDF7BF
:10A9B000E9FD002220212046DCF7E2FB10BD00006B
:10A9C000F0B583B00D460846DCF700FC182800F00F
:10A9D0009B80044629466A48DCF70AFB012878D1A7
:10A9E0002846DCF7EFFB0646476A013C172C70D877
:10A9F000DFE804F04F6F6F6F6F6F6F0C6A6F6F6FF0
:10AA00006F6F6F6F6F6F6F6F6F6F6F8DDCF72AFEF9
:10AA1000DCF7C6FE00285CD1746ADCF723FE05462D
:10AA2000DCF726FE042821D02846DCF721FE012889
:10AA300004D02846DCF71CFE03280AD169462846C4
:10AA4000DCF787FEBDF902102046FFF745FCE086E3
:10AA500020872046FFF7A1FFA36AB3B1E38E0093DE
:10AA60006A461C212046DCF78BFB32E0E38E23870D
:10AA70002046DDF768FB0646DCF7EDFD0028D3D065
:10AA800000213046DCF7C5FDCEE72046DEF78BFE21
:10AA9000E4E7DCF7E7FD0446D8B1DCF7E9FD01287F
:10AAA00004D02046DCF7E4FD032812D16946204695
:10AAB000DCF74FFEBDF902103846FFF70DFC788732
:10AAC0003046DEF770FE04E04FF6FF737B87DEF75B
:10AAD0006AFE03B0F0BD212321463046FFF73CFC5F
:10AAE0002123728F21463046FFF793FC41E020235B
:10AAF000728F21463046FFF72FFC2023728F2146AC
:10AB00003046FFF786FC34E02846DCF75BFB28463E
:10AB1000DCF758FB466A2846DCF7C8FB0446726A35
:10AB2000143281686846F8F7F1FF18B3A768C4F8D3
:10AB300008D096F83C3013F0200FD8D0728FF38EE7
:10AB40009342C8D0202321463046FFF705FC20233E
:10AB5000728F21463046FFF75CFC0123F28E2146BE
:10AB60003046FFF7F9FB0123F28E21463046FFF70E
:10AB700050FCA76029460248DCF73AFAA9E700BF73
:10AB80004835050808B50121406ADDF7CEFA80F0A6
:10AB90000100C0B208BD30B583B00446DCF762FDE9
:10ABA0000546DCF7FDFD38B1238FE3862046DEF74E
:10ABB000FAFD012003B030BD2046FFF7E3FF08B3E4
:10ABC0002046FFF7EAFEE38E228F9A420BD02387BE
:10ABD000019301AA1C212046DCF7D2FA0128E9D111
:10ABE0002046DEF7E0FD2846DCF742FD042801D0D0
:10ABF0000120DFE72046DDF7A6FA0021DCF709FD9A
:10AC00000120D7E72046FFF79DFD0120D2E7000095
:10AC10002DE9F04F9BB00D467948DCF7E9F90128A2
:10AC200002D01BB0BDE8F08F2846DCF7CFFA04460F
:10AC30002846DCF7C7FA0646A4F10803242BF0D80F
:10AC400001A252F823F000BF0FAD020823AC0208A6
:10AC500023AC020823AC020823AC02083BAD020877
:10AC6000DDAC020809AD020809AD020823AC0208F8
:10AC700023AC020823AC020823AC020805AE02088C
:10AC800023AC020823AC020823AC020823AC020860
:10AC900023AC020823AC020823AC020823AC020850
:10ACA00023AC020823AC020823AC020823AC020840
:10ACB00023AC020823AC020823AC020823AC020830
:10ACC00023AC020823AC020823AC02081BAD020827
:10ACD00015AD020823AC020821AD0208DDF733FAF6
:10ACE000DCF7B9FC0446DCF7BDFCDCF7C1FC04284A
:10ACF00097D11CB13046FFF725FD92E7338FF386DD
:10AD00003046FFF74AFE8CE7FFF747FE89E7FFF77B
:10AD100042FF86E7DEF79EFB83E7DEF79BFB80E7DB
:10AD20002846DCF757FA0446572200213046E1F75F
:10AD30005FF9B0F90830638073E72846DCF74AFA18
:10AD400003780A3B112B3FF66CAF01A252F823F0B7
:10AD5000EFAD020823AC020823AC020823AC0208C2
:10AD600023AC020823AC020823AC0208BFAD0208E2
:10AD700099AD020899AD0208BFAD020823AC0208E4
:10AD800023AC020823AC020823AC020823AC02085F
:10AD900023AC0208E3AD02083046FFF7F3FE50B1E2
:10ADA000F38E591CB28E9142BFF63BAFF18630460E
:10ADB000FFF76AFA35E73046FFF7C4FC31E7304663
:10ADC000FFF7E0FE48B1F38E002B3FF42AAF013BC2
:10ADD000F3863046FFF758FA23E73046FFF7B2FC18
:10ADE0001FE7338FF3863046FFF7D7FD19E7DCF70F
:10ADF000FBFC86423FF415AF3046FFF7CCFE10E770
:10AE0000643505082846DCF7DDF904462846DCF7FA
:10AE10004DFA0490322200212046E1F7E9F8054678
:10AE2000122200212046E1F7E3F8ADB228441FFAD0
:10AE300080F9132200212046E1F7DAF82F18BFB27B
:10AE4000102200212046E1F7D3F80544ADB20AAE46
:10AE50003046E4F763F832464FF400312046DDF720
:10AE600082FED4F82880B8F1000F00F0B58094F885
:10AE70003C6006F00F06012E14BF002601261622A4
:10AE800000212046E1F7B4F8C0B2012808BF46F01F
:10AE90000106E06A00285BD0E3F7C6FE834602287D
:10AEA00000F0A48012A9E06AE6F77AFB012800F01E
:10AEB000B3804FF0FF3ACDF814A0002E00F0B5801B
:10AEC000A28A4A4493B212B2013B05990B441BB2C9
:10AED000ADF82020ADF82430BBF1020F00F0AE80B9
:10AEE000B4F816B02046DEF719FAA0EB0A0303EB1C
:10AEF000D3730BEB63039BB2ADF822300AF1FF3240
:10AF00001344ADF826300DF1480B5846E3F747FEE1
:10AF10005A464FF400312046DDF77CFE059B03EBDB
:10AF2000D3735B10ADF84C300AEBDA7A4FEA6A0360
:10AF3000ADF84E306E224FF400312046E1F758F85C
:10AF4000ADF84800E36A08AA59460498E3F784FE7E
:10AF50000DF1480A5046E3F7E1FF52460021204632
:10AF6000DDF701FE9DF86530029341F6FF73019312
:10AF7000BDF95A300093BDF95C30129A414607A8DA
:10AF8000FCF777F9E38A1D44ADB2ADF82250BDF865
:10AF90001E301D44ADF82650E36A002B60D0002E11
:10AFA0006FD0238BDB1B9BB2BDF81C209A1AADF827
:10AFB00020201BB2ADF8243000230093434608AA9A
:10AFC00012A90498E3F7DCFFA36A002B7FF429AEF3
:10AFD0004046F9F759FE24E68020F9F7F3FD804654
:10AFE000802201462046FFF76DFB40E7E16A9DF8AD
:10AFF0004530029341F6FF730193BDF93A30009357
:10B00000BDF93C300A9A12A8FCF733F9BDF9483073
:10B010000593BDF94AA050E7129BC3F38A23059319
:10B02000BDF84AA0CAF34A1A47E7238BDB1B9BB241
:10B03000059A9A1A12B2013B1BB249E7E38A2B44E4
:10B040009BB2ADF82230013B5344ADF82630E36AA1
:10B050000022009208AA0AA90498E3F791FF77E773
:10B06000A58A2046DEF754F9BDF91C20831A03EBAC
:10B07000D37305EB63039BB2ADF8203013441BB2CE
:10B0800098E7A38A4B449BB2ADF82030BDF81C2052
:10B0900013441BB28EE700BF00B587B000F1320346
:10B0A0000193C38E0093B0F93030B0F92E20B0F97F
:10B0B0002C1003A8E5F736FEBDF812300133BDF8B9
:10B0C0000E209B1ABDF810200132BDF80C10521A48
:10B0D000002092B262F30F009BB263F31F4007B0EF
:10B0E00000BD91F8383003F00303013BDBB2012BC4
:10B0F00000D9704710B50C46486AF9F72FFD0023B8
:10B10000636294F8383043F0030384F8383010BD9C
:10B1100038B50C4600254D6291F8383043F00303F2
:10B1200065F3860381F838300846DEF7F1F8A0852C
:10B130002046DEF7F3F8E08525864FF48073E3863A
:10B1400094F8383043F0800384F8383025856585DD
:10B150006586A58694F8393065F3010384F83930A3
:10B1600002212046DCF788FF4FF480312046DDF7CE
:10B1700009FA38BD10B501460348DDF787FA0446E1
:10B18000DDF737FB204610BD803505082DE9F0417D
:10B1900086B004460E46DEF706FB3046E3F744FD74
:10B1A00003283CD0054605A93046E6F7F9F9002DFD
:10B1B0004ED194F8383003F00303013BDBB2012B8E
:10B1C00042D9666294F8383065F301030599C1F3FA
:10B1D0008A22A285BDF81620C2F34A10E0859DF8A8
:10B1E0001400C0F3040060F3860384F83830C1F320
:10B1F000C9216186C2F38912A2862046DEF72AF9A8
:10B20000238E1BB9E38EB3F5807F02D02046DDF795
:10B210007EFE2046DEF7C7FA06B0BDE8F08194F85E
:10B22000383003F00303013BDBB2012B08D90023C4
:10B23000636294F8383043F0030384F83830EBE766
:10B24000606AF9F78BFCF2E7606AF9F787FCB8E708
:10B250006B1EDBB2012BB5D8676AB74223D094F8D6
:10B26000383003F00303013BDBB2012B09D9304630
:10B27000D5F716F80130F9F753FC0746002842D1FC
:10B28000FEE73046D5F70CF80130F9F749FC804667
:10B290000028F5D0314606F062FCC4F8248017B1CE
:10B2A0003846F9F75BFC022D8CD15722002120464D
:10B2B000E0F79EFE0746582200212046E0F798FE60
:10B2C0000FFA80F8592200212046E0F791FE00B2E3
:10B2D0000023029341F6FF730193009043463A46E0
:10B2E000314604A8FBF7C5FF059BBDF8102062F3AB
:10B2F00094230593C3F30F43BDF8122062F34F1359
:10B30000ADF816305EE73146384606F028FC676235
:10B31000C9E700002DE9F04F99B00C460846DBF76D
:10B3200055FF152803D00546182840F0E380204635
:10B33000DBF748FF2046DBF749FF06462046DBF7F0
:10B3400041FF0546122E00F0F081152E02D0182E76
:10B3500040F07E812846DDF7DBFF80462846DDF79A
:10B36000DDFF8146322200212846E0F741FE0746F4
:10B37000122200212846E0F73BFEBFB238441FFAF4
:10B3800080FB132200212846E0F732FE04901022B1
:10B3900000212846E0F72CFE38441FFA80FA1122DB
:10B3A00000212846E0F724FE05906B8E5B44ADF843
:10B3B0002030AB8E5344ADF8223095F8393003F08D
:10B3C0000303012B00F02382B5F9303008AA019263
:10B3D000EA8E00924A4641460AA8E5F7A3FCAA8AEB
:10B3E000BDF828301344ADF82830EB8ABDF82A1098
:10B3F0001944ADF82A10BDF82C100A44ADF82C20E1
:10B40000BDF82E201344ADF82E30B5F91430029358
:10B41000B5F916200392B5F91890B5F91A80BDF860
:10B420002830AB82BDF82A30EB82BDF82C302B835C
:10B43000BDF82E306B832146C848DBF7D9FD0128C3
:10B4400040F00681029BAB82039AEA82A5F818902D
:10B45000A5F81A80152E40F0FB80B5F92E30002B90
:10B4600000F0F680B5F92C30002B00F0F180EB8E67
:10B47000002B00F0ED802046DBF718FF8046B5F981
:10B4800014300293B5F91690B5F91860B5F91A4061
:10B490002846FFF701FE099003B2069303140393B5
:10B4A00095F8393003F00303012B00F0B581BDF8A6
:10B4B0002C30BDF828209B1A029A13441BB2079324
:10B4C000BDF82E30BDF82A209B1A4B441CB295F8CB
:10B4D000383013F0020F00F0C28103F00303022B97
:10B4E00000F07D82002305F1140219464046E3F77F
:10B4F000B3FBADE021469948DBF77AFD012840F027
:10B50000A7802046DBF75EFE0646113D1B2D00F2AC
:10B510009F8001A353F825F025B6020835B3020831
:10B52000A3B5020851B6020835B3020851B60208A5
:10B5300051B6020835B3020851B6020851B60208E6
:10B5400051B6020851B6020851B6020851B60208B7
:10B5500051B6020851B6020851B6020851B60208A7
:10B5600051B6020851B6020851B6020851B6020897
:10B5700051B6020851B6020851B6020889B5020850
:10B5800051B60208F9B6020890F8383003F0030308
:10B59000022B02D0DDF7BBFC5AE0416AFFF7F6FD53
:10B5A00056E02046DBF716FE0546338E1BB9F38EB8
:10B5B000B3F5807F4CD03046DDF7AAFE804630469A
:10B5C000DDF7ACFE0746B6F9303006F132020192E3
:10B5D000F28E00920246414610A8E5F7A3FBBDF9A2
:10B5E00040305B42B5F900209342B8BF13461BB20E
:10B5F0002B80BDF9424064429C42B8BF1C4624B235
:10B600002C80BDF94430A3EB0803A342B8BF234606
:10B610001BB22B80BDF94620D21B9342B8BF134604
:10B620002B8015E02046DBF7D5FD0446B6F92C50FB
:10B630003046DDF76DFE85420DD010AD294630460F
:10B64000DEF7F9FA002221682846F8F7ABFA2071F4
:10B6500019B0BDE8F08FB6F92E503046DDF75EFE2A
:10B660008542EAD1F38EB3F5807F0AD1338E43B998
:10B67000B6F92C3003EBD373B6F93220B2EB630F7B
:10B6800030D03046DDF744FE07463046DDF746FE53
:10B690000246B6F9303010AD06F132010191F18E5B
:10B6A000009139462846E5F73DFBB28ABDF84030A7
:10B6B0001344ADF84030F38ABDF842101944ADF898
:10B6C0004210BDF844100A44ADF84420BDF84620AD
:10B6D0001344ADF84630002221682846F8F762FA94
:10B6E0002071B5E7B6F92E3003EBD373B6F93420E9
:10B6F000B2EB630FC5D1A0E72046DBF76BFD044634
:10B7000096F8393003F00303012B06D0B6F92C303C
:10B710000380B6F92E3043809AE73046FFF7BCFC31
:10B720002080C0F30F40608092E72046DBF752FD97
:10B7300006460378022B8BD095F8383013F0020FB1
:10B7400008D103F07C03102B0AD0042B08D001236E
:10B7500003707DE7012303707AE700BF8035050899
:10B76000462200212846E0F743FCC3B2FF2B02D05B
:10B77000012333706CE72B8E13B10123337067E71D
:10B780002046DBF727FD0446EB8EB3F5807F33D0F0
:10B790002846DDF7BDFD80462846DDF7BFFD0246A1
:10B7A00010AF05F132030193EB8E00930023414665
:10B7B0003846E5F7B7FAAA8ABDF840301344ADF829
:10B7C0004030EB8ABDF842101944ADF84210BDF884
:10B7D00044100A44ADF84420BDF846201344ADF8A7
:10B7E0004630002239462046F8F7AFFA00287FF4A9
:10B7F0002FAF012333702BE7002205F11401F8F776
:10B80000A4FA00287FF424AF0123337020E70AA9AB
:10B810002846DDF718FDF8E5B5F92C30069A9B1A95
:10B82000013303EBD3735B105B42029A12FA83F28B
:10B8300012B2029216FA83F31BB20793B5F92E30B7
:10B84000039A9B1A013303EBD3735B105B4219FA23
:10B8500083F20FFA82F914FA83F31CB237E6049BE1
:10B860003B449BB2049305990F44BFB210AE3046DF
:10B87000E3F795F9324600212846DDF7CBF9EB8E48
:10B88000ADF842302B8EADF840306B8EADF84430C1
:10B89000AB8EADF8463095F83830C3F3C0139DF841
:10B8A000542063F300028DF85420BDF828305B4427
:10B8B000ADF83030BDF82A305344ADF83230BDF821
:10B8C0002C30049A9B1AADF83430BDF82E30DB1BB7
:10B8D000ADF83630D8F8083005930CA80246194662
:10B8E000F8F714F900283FF4B3AE0AEB09010CABEA
:10B8F000C8F80830B5F928C0B5F92C309CFBF3F234
:10B9000003FB12CCB5F92E20B5F92A3093FBF2F0E7
:10B9100002FB103313FA81F398B21BB209B29942B9
:10B92000BCBF801A03B2ADF83A30E11B09B2581E11
:10B930000244ADF83E2099424DDD029B5B441EB2AD
:10B94000079A0498121A0FFA82FA1CFA83FB1FFA5C
:10B950008BF304930FFA8BFB0DF1380931E0BDF93D
:10B960003820531EA88D0344ADF83C30924519DDB4
:10B9700010AFBDF8184002960E466B6A4A4639462B
:10B980004046E3F769F9BDF8383023441BB2ADF8FF
:10B990003830BDF83C202244ADF83C209A45ECDC20
:10B9A0003146029EBDF80C20BDF83A3013441BB25C
:10B9B000ADF83A30BDF83E000244ADF83E20994261
:10B9C00009DDADF838B05E45C9DAAB8D049AD31AFB
:10B9D000ADF83830C3E7059BC8F8083038E610AC3E
:10B9E0002046E3F79BFA224600212846DDF7BBF804
:10B9F000002300936B6A05F1140221464046E3F7E9
:10BA0000BFFA25E610B5044690F8483013F0400F11
:10BA100003D0806A08B1F9F7A1F894F8483023F010
:10BA2000400384F848300023A36210BD38B590F875
:10BA3000483003F00703012B30D10446C16AB1F14D
:10BA4000FF3F2BD0174B1B680339406A984794F887
:10BA5000483013F0400F14BFA56A04F12805636A4B
:10BA600003EB000C1B5CD3B100239E4615F80E209F
:10BA70008CF800200133DBB29E461A18616A01EB94
:10BA8000020C8A5C002AF1D115F80E308CF80030D7
:10BA90002046FFF7B7FF4FF0FF33E36238BD4FF0AA
:10BAA000000EF1E7C000002010B50C460846FFF775
:10BAB000A9FF94F8483013F0080F02D00023636206
:10BAC00010BD606AF9F74AF8F8E708B5A0F8461023
:10BAD000DDF769FE08BD08B5A0F84410DDF763FE88
:10BAE00008BD000010B501460348DCF7CFFD044651
:10BAF000DCF77FFE204610BD9C35050808B5C16304
:10BB0000DDF751FE08BD08B50164DDF74CFE08BD48
:10BB1000406A704790F84800C0F30010704700007A
:10BB20002DE9F04F91B008910792A2B10746466AFD
:10BB300032460021E1F7DDF80A903378DBB9079A45
:10BB4000538002280ED0032806D0012840F0BE8082
:10BB500000231380BAE0FEE73846DDF7E5FB079BDC
:10BB60001880B3E03846DDF7DFFB00EBD070431000
:10BB7000079A1380AAE00EA93846DDF70FFCBDF83E
:10BB80003C300133BDF838209B1A1BB20593BDF839
:10BB90003E300133BDF83A209B1A1BB2099357225D
:10BBA00000213846E0F724FA044603905922002188
:10BBB0003846E0F71DFA0B9003B20C93582200218F
:10BBC0003846E0F715FA0D9003B20493B4F908B0C3
:10BBD00097F84830C3F3001913F0200F18BF49F04D
:10BBE0000209012200213846E0F702FA03B242F2CC
:10BBF000D172934214D0554B1B6808993046984730
:10BC000082463378002B36D030460025A8460B9B61
:10BC10005B440693099C09974F46DDF830901BE082
:10BC200097F8233013F0080F08BF49F00409E2E742
:10BC3000019700230093059B049A0399FBF704F9ED
:10BC400000EB08039A451AD3F018F25C002A40D0A2
:10BC5000069A15442DB2984609EB4B032B44A34298
:10BC6000E6DD099B93F8483003F00703012B08BF7A
:10BC700047F00807DCE70025A8462C4601E01C46F3
:10BC8000B946BAF1000F07D006EB0A0313F8013CDE
:10BC90000A2B21D00D2B1FD04644CDF80090049BD9
:10BCA000039AAAEB08013046FBF796FA0746089B71
:10BCB000984502D00D9B03441FB20A9B022B15D05E
:10BCC0000A9B032B2ED0079B1F805D8011B0BDE81F
:10BCD000F08F1C46B946D4E716F80A30002BDBD1AA
:10BCE0000B9B5B442B441DB2D046D5E7CDF80090AA
:10BCF000049B039AA4EB08013046FBF76DFABDF8EC
:10BD00003C300133BDF838209B1AC3F3C03202FA2D
:10BD100083F200EBD07040F34F03C3EB62033B446C
:10BD20001FB2D0E7CDF80090049B039AA4EB080162
:10BD30003046FBF751FABDF83C300133BDF83820EE
:10BD40009B1A1BB21B1A3B441FB2BCE7C000002069
:10BD5000002971D02DE9F04F95B082460C46B1F91B
:10BD600000300C9312220021E0F742F90D90648814
:10BD7000102200215046E0F73BF9241A23B2049325
:10BD800012A95046DDF70AFBDAF824B0BDF84C30B2
:10BD90000133BDF848209B1A1BB20693BDF84E3004
:10BDA0000133BDF84A209B1A1BB20A935722002187
:10BDB0005046E0F71DF905460290592200215046F1
:10BDC000E0F716F9044603B20593582200215046C5
:10BDD000E0F70EF9099003B20393B5F908909AF8C9
:10BDE0004830C3F30012089213F0200F1CBF42F03A
:10BDF00002030893012200215046E0F7F9F803B24C
:10BE000042F2D172934218D0DAF824200021504631
:10BE1000E0F76FFF80469BF80030002B70D05E4645
:10BE200000273D4609EB04030793089C0B90CDF8CF
:10BE300020A0DDF828A020E0FEE79AF8233013F0D8
:10BE4000080FE1D1089B43F004030893DCE7019459
:10BE500000230093069B039A02993046FAF7F4FFF9
:10BE60002844049B984519DA079B1F443FB20BEB0B
:10BE700000061BF8003013B3054607EB0908059BC5
:10BE800043444B445345E2DD089B93F8483003F0AC
:10BE90000703012B08BF44F00804D8E708940446C0
:10BEA000DDF82C800F904C4B1B680FA95846984723
:10BEB0000A2809D01BF8043033B9013404E008948F
:10BEC0000446DDF82C800546B8F1020F1CD0B8F10D
:10BED000030F33D04FF0000A00228DF84720109254
:10BEE000002C6BD0AC4269D90C9B0D9AA3EB0209D4
:10BEF0000FFA89F94FF00008089B03F001074AE0A8
:10BF00005E4600252C46DFE7089B0093039B029AC0
:10BF1000611B3046FBF760F9BDF84C300133BDF8CA
:10BF200048209B1AC3F3C03202FA83F200EBD073AD
:10BF30005B10C3EB62030FFA83FACDE7089B009313
:10BF4000039B029A611B3046FBF746F9BDF84C3063
:10BF50000133BDF848209B1A1B1A0FFA83FABBE77E
:10BF60000F9A0E990298F6F7F7FE0AFA80F39945B0
:10BF700022DB109B5A19A2421ED00BEB0802525D25
:10BF8000D2B1099A924450440FFA80FA9846109B15
:10BF90002B44A34212D210AB0FAA0EA93046FBF7D6
:10BFA00005F9002FDCD0109BF15C0DF14700FAF78A
:10BFB00027FF0028D4D0EAE7CDF84080074F3B6840
:10BFC00010993046984704463B682946584698479A
:10BFD000204415B0BDE8F08FC4000020BC00002054
:10BFE000436A002B00F08E822DE9F04F9DB004468D
:10BFF0004FF0FF3303631AA9DDF7D0F9BDF86C5099
:10C000000135BDF86830ED1A2DB2572200212046C7
:10C01000DFF7EEFF0646592200212046DFF7E8FF52
:10C0200080460FFA80F9582200212046DFF7E0FF12
:10C0300007B294F84830C3F3001A13F0200F18BF6A
:10C040004AF0020A012200212046DFF7D1FF00B2A8
:10C0500042F2D17398421FD0CDF808A00195CDF8D7
:10C0600000903B463246616A19A8FBF702F9204668
:10C07000DDF7F0F994F8481001F00701022913D018
:10C08000032900F0BE80012900F064812046DDF71D
:10C090008AFB1DB0BDE8F08F94F8233013F0080F31
:10C0A00008BF4AF0040AD7E7662200212046DFF7DE
:10C0B0009FFF85B2002D4DD008A8F7F7C7FB089465
:10C0C0004FF6FF73ADF860304FF4967315931793E6
:10C0D000BDF96420BDF86C300133BDF868105B1AFF
:10C0E0001BB29A4246DD0021109111919B1A1293C6
:10C0F000A94909912046F7F73FFC002837D0026B89
:10C1000090F84230C3F340031399914210DD14922A
:10C110009DF8622022F001028DF8622043B1D3B273
:10C1200043F002038DF86230109B129A1092129322
:10C13000129A10992846F7F73BFC1390169008A81E
:10C14000F7F7D6FB95492046F7F79AFB0023A4F8AA
:10C1500046309BE72046E0F7EBFEF7F7E1F9A5F163
:10C16000AA3585FB0035A5EBE075ADB2A4E7002349
:10C170001A46C9E788492046F7F782FB0023A4F84E
:10C180004430BDF96620BDF86E300133BDF86A1049
:10C190005B1A1BB29A42D5DD9B1AB6F908209B1A8E
:10C1A00000221092119212937C4909912046F7F7D0
:10C1B000E3FB18B3026B90F84230C3F340031399CA
:10C1C000914210DD14929DF8622022F001028DF858
:10C1D000622043B1D3B243F002038DF86230109B6A
:10C1E000129A10921293129A10992846F7F7E0FBD0
:10C1F0001390169008A8F7F77BFB47E700231A4631
:10C20000DDE7642200212046DFF7F2FE07466622C2
:10C2100000212046DFF7ECFE85B2002D40D008A8B3
:10C22000F7F714FB08944FF6FF73ADF86030BDF8D4
:10C230006C300133BDF868209B1ABDF964201BB235
:10C240009A4247DD202211463046F6F785FDA0EBE5
:10C250008000BDF96430C21A002110911191129230
:10C260004D4E09962846F7F7A3FB1390314620461A
:10C27000F7F782FB08B3036B0FB33B6B1493FB6BB5
:10C280001793B7F84030ADF8603008A8F7F730FBE7
:10C2900042492046F7F7F4FA0023A4F84630F5E6C1
:10C2A0002046E0F745FEF7F73BF9A5F1AA3585FBF7
:10C2B0000035A5EBE075ADB2B1E70023DCE7139ADA
:10C2C0009A42E2DD14939DF8623023F001038DF869
:10C2D0006230DAE730492046F7F7D2FA0023A4F8B3
:10C2E0004430BDF96620BDF86E300133BDF86A10E8
:10C2F0005B1A1BB29A42CBDD5242B6F90830D21A11
:10C300000021109111911292244E09962846F7F7B8
:10C310004FFB139031462046F7F72EFB68B1036BB5
:10C320006FB13B6B1493FB6B1793B7F84030ADF8CC
:10C33000603008A8F7F7DCFAA8E60023F0E7139AC4
:10C340009A42F6DD14939DF8623023F001038DF8D4
:10C350006230EEE7BDF96620BDF86E300133BDF8FE
:10C360006A105B1A1BB29A4203DC4FF0FF33E362A0
:10C370008CE6B6F90830934203DB4FF0FF33E362FB
:10C3800084E6074B1B68606A984703280AD84FF079
:10C39000FF33E3627AE600BFD7BA0208CBBA0208DD
:10C3A000B8000020BDF86C500135BDF86830ED1ABA
:10C3B000ADB22E2211463046F6F7CEFCC319C3EBC0
:10C3C000833203EB82031D44ADF81C50BDF86E3080
:10C3D0000133BDF86A209B1A9AB2B6F908101BB255
:10C3E000894493FBF9F009FB103318B28842ACBFC3
:10C3F0005218A2EB0802D31A9BB2ADF81E3007A95F
:10C400002046FFF7A5FC0746656A2846D3F748FF94
:10C4100081463D4B1B68394628469847064608909A
:10C4200000F10308C1450CD20DF1200A374D2B68ED
:10C430005146606A9847013F089E06F10308C845C7
:10C44000F5D804230025DFF8C8B0DFF8C8A00596AA
:10C450001E46606ADBF80030089A1044984728446A
:10C46000C5B2DAF8003008A9606A9847032D28D8C9
:10C47000089B4B4544D8013EEBD1059E636A03EB14
:10C480000609AA462046FFF7BDFA94F8483023F083
:10C49000400384F848305246494604F12800F8F732
:10C4A00025FC636A2E229A55636A33445A70636A84
:10C4B00033449A70636A002203F808200337E76266
:10C4C000E4E5059E636A03EB0609AA462046FFF7EA
:10C4D00099FA042DD9D9681CF8F722FBA06200282C
:10C4E0003FF4D4AD2A464946F8F700FCA36A00227F
:10C4F0005A5594F8483043F0400384F84830D0E768
:10C50000059EBBE7704700BFC0000020C4000020AC
:10C51000D0000020C800002038B504460D46DDF7E5
:10C5200042F9EDB1606AA8421BD020B194F84830BE
:10C5300013F0080F25D02846D3F7B2FE0130F8F7E4
:10C54000EFFA606210B3294605F009FB94F8483011
:10C5500023F0080384F848302046FFF741FD38BD3A
:10C56000656A94F8483013F0080FE4D12846D3F7F1
:10C5700097FE411C2846F8F70DFB08B16062EBE717
:10C58000FEE7F8F7EBFA00236362D4E7FEE70EB4A8
:10C5900030B582B0059DEDB10446DDF704F9606A5F
:10C5A00020B194F8483013F0080F14D006A9019177
:10C5B0002846FAF7DBFD606294F8483023F0080360
:10C5C00084F848302046FFF70BFD02B0BDE830404C
:10C5D00003B07047FEE7F8F7C1FA00236362E5E7AE
:10C5E00038B504460D4690F8483013F0080F05D1D1
:10C5F000406A18B1F8F7B2FA0023636235B194F8D3
:10C60000483043F0080384F8483065622046FFF75D
:10C61000E7FC38BD38B504460D461749F7F730F941
:10C6200016492046F7F72CF90023A4F84430A4F863
:10C630004630AA1ED2B2022A8CBF0022012294F8F0
:10C64000483062F3451384F8483003F00703012BA8
:10C6500009D094F8483065F3020384F84830204646
:10C66000FFF7BEFC38BDE36AB3F1FF3FF1D02046CF
:10C67000FFF7DCF9EDE700BFD7BA0208CBBA020832
:10C6800038B50C4600254D6291F848304FF0FF3226
:10C69000CA62A1F84450A1F846500A638D634D6305
:10C6A0004FF6FF72CA630A648D6203F0E00365F31C
:10C6B000861381F8483002212046DBF7DDFC29464D
:10C6C0002046FFF7A7FF02492046FFF725FF38BDA8
:10C6D000945903082DE9F04393B00D46CC48DAF79E
:10C6E00087FC012802D013B0BDE8F0832846DAF7B2
:10C6F0006DFD04462846DAF765FD0646A4F11303EE
:10C70000192BF0D801A252F823F000BF81C702080C
:10C71000E7C602084DC80208E7C60208E7C60208D5
:10C72000E7C60208E7C60208E7C60208E7C602082D
:10C73000E7C60208E7C60208E7C60208E7C602081D
:10C74000E7C60208E7C60208E7C60208E7C602080D
:10C75000E7C60208E7C60208E7C60208E7C60208FD
:10C76000E7C602089DC7020875C70208E7C60208A7
:10C77000A9C70208FFF75AF93046FFF731FCB2E7C4
:10C7800057220021DFF734FCB0F908100029B8BFA8
:10C79000033189102846DAF791FDA4E7FFF746F93F
:10C7A0003046FFF71DFC9EE757220021DFF720FCF3
:10C7B0000446582200213046DFF71AFC07B25922FE
:10C7C00000213046DFF714FC0FFA80F896F8483065
:10C7D000C3F3001913F0200F18BF49F002093046C7
:10C7E000DCF7A2FD012200213046DFF701FC00B298
:10C7F00042F2D173984204D196F8233013F0080F17
:10C8000021D03046DCF790FD716ACDF80890019098
:10C81000CDF800803B4622460AA8FAF72AFD2846B2
:10C82000DAF7D8FCBDF92830B0F900209342B8BF40
:10C8300013460380BDF92A30B0F902209342B8BFF5
:10C84000134643804FE741F6FF70DDE72846DAF7ED
:10C85000B9FC04462846DAF729FD054606A9204614
:10C86000DCF79CFD94F84830C3F3001613F0200F5A
:10C8700018BF46F00206012200212046DFF7B8FB70
:10C8800000B242F2D17398423BD00AAF3846E2F789
:10C8900045FBB4F84430ADF83E30B4F84630ADF85E
:10C8A00040308DF845603A4600212046DCF75BF9C0
:10C8B0009DF8443013B901238DF84430E36B0B939A
:10C8C000226C0C924FF6FF718B4201D08A4220D12C
:10C8D00094F8483003F00603022B31D094F8483026
:10C8E00003F00703032B4ED0BDF81E300133BDF813
:10C8F0001A209B1A1BB2B3F5806F6CDB04F1300772
:10C9000042E094F8233013F0080F08BF46F0040605
:10C91000BBE755224FF480212046DFF769FB024632
:10C920004FF480212046E0F78DF8ADF83600202244
:10C930004FF480212046DFF75BFBADF83800C7E7F6
:10C940009DF84430023BDBB2012BC7D8616A0296E6
:10C9500041F6FF730193BDF93A300093BDF93C30C5
:10C960000A9A08A8FAF785FCBDF81C300133BDF817
:10C9700018209B1ABDF920201BB29A42C4BF012384
:10C980008DF84430AAE70027AA6806A908A8F7F797
:10C99000BDF800283FF4A7AE94F8483013F0070F15
:10C9A0001BD094F8483003F00603022B22D0636AB0
:10C9B000009706AA0AA92846E2F7E2FAD5F8088005
:10C9C00008ABAB6094F8483003F00703032B21D089
:10C9D000C5F8088087E60027D6E72046DEF769F825
:10C9E000424212B2002106A8F7F781F8638BADF836
:10C9F0001E30D6E7D5F8088008ABAB60636A0097B5
:10CA000006AA0AA92846E2F7BBFAC5F80880D5E7C6
:10CA10009C350508616A029641F6FF730193BDF9E2
:10CA20003A300093BDF93C300A9A05A8FAF721FC88
:10CA3000BDF91420BDF81C300133BDF818105B1A85
:10CA40001BB29A421EDCBDF91620BDF81E30013320
:10CA5000BDF81A105B1A1BB29A42B9DDB4F8443023
:10CA6000ADF83E300A9B1B891344B4F846201344AA
:10CA7000ADF84030636A009706AA0AA92846E2F793
:10CA80007FFAA5E7B4F844301A4496B22022114642
:10CA90000A98F6F761F900EB40000644ADF83E60F5
:10CAA000B4F84630ADF84030636A009706AA0AA988
:10CAB0002846E2F765FAC6E72DE9F04F93B00890F3
:10CAC000002956D0894610A9089D2846DCF766FC47
:10CAD00028466E6ABDF844300133BDF840209B1AE9
:10CAE0001BB20693BDF846300133BDF842209B1AB5
:10CAF0001BB2059357220021DFF77AFA074602900E
:10CB0000592200212846DFF773FA044603B2049342
:10CB1000582200212846DFF76BFA099003B20393ED
:10CB2000B7F908A028466A6A0021E0F7E2F807464C
:10CB300095F84830C3F300120A9213F0200F1CBF7F
:10CB400042F002030A93012200210898DFF750FA0D
:10CB500003B242F2D17293420CD03378002B41D011
:10CB6000B3460025A8460AEB040307930A9C0B97DB
:10CB700021E0FEE7089B93F8233013F0080FECD177
:10CB80000A9B43F004030A93E7E701940023009310
:10CB9000069B039A02995846FAF756F94044B9F9A8
:10CBA00002309F4223DA079B1D442DB206EB000B97
:10CBB000335C93B1804605EB0A07049B3B44534426
:10CBC000059A9342E1DD089B93F8483003F0070390
:10CBD000012B08BF44F00804D7E70A9404460B9FD2
:10CBE000804607E0B3464FF00008444602E00A944E
:10CBF00004460B9F022F17D0032F2FD000250023B0
:10CC00008DF83F30CDF838800D930C93002C61D017
:10CC1000671E474577D304930DF1380B0DF1300AA9
:10CC20000A9B03F0010440E00A9B0093039B029AD5
:10CC3000A4EB08015846FAF7CFFABDF844300133A7
:10CC4000BDF840209B1AC3F3C03202FA83F300EB15
:10CC5000D0704510C5EB63052DB2D0E70A9B009359
:10CC6000039B029AA4EB08015846FAF7B5FABDF8FF
:10CC700044300133BDF840209B1A1B1A1DB2BEE799
:10CC80000C9A0D990298F6F767F8284483B2B9F91F
:10CC9000002000B2824219DB099A1344DDF8388083
:10CCA00004951DB20E9BBB4216D85B4652460DA999
:10CCB0003046FAF77BFA002CE2D00E9BF15C0DF1C6
:10CCC0003F00FAF79DF80028DAD0EBE7CDF838807E
:10CCD000049501E0002304930C9A0D990298F6F74D
:10CCE0003BF8B9F90020049C0399631A9A420DDBC2
:10CCF0000B460344013323449A42CCBF0020012059
:10CD000013B0BDE8F08F00230493E5E70020F7E7B8
:10CD1000C06B7047006C70475AB12DE9F041044672
:10CD20000E46174690F8483013F0080F02D0BDE8C1
:10CD3000F081FEE7DCF737FDD4F824804046D3F7D6
:10CD4000AFFA05463846D3F7ABFA0544691C4046AE
:10CD5000F7F720FF606268B14FF6FF739E420AD07A
:10CD60003A463146606AFAF7A3F900212046FFF7F8
:10CD7000D3FBDCE7FEE7024B1B6898470646EFE76C
:10CD8000B80000202DE9F04788B00C465F48DAF77C
:10CD90002FF9012802D008B0BDE8F0872046DAF765
:10CDA00015FA06462046DAF70DFA0546132E38D056
:10CDB0002C2E44D0152EEED12046DAF777FA07460E
:10CDC0002B8D002BE7D06B6A002BE4D003A92846FB
:10CDD000DCF739FABDF80C602846DDF758FE361A44
:10CDE000B6B2BDF80E902846DDF75AFEA9EB000951
:10CDF0001FFA89F92846DCF791FA804605AC2046EF
:10CE0000E2F7F1FB224600212846DBF75BFF2B8D82
:10CE1000012BC0D90024C8441FFA88F80DF1080A74
:10CE200057E049220021DFF7E3F805B22046DAF7A0
:10CE3000D1F9B0F90030AB42ADDA0580ABE7038D34
:10CE4000002BA8D0436A002BA5D02046DAF7C2F900
:10CE50000746298DE1B16B6A03EB81010026344658
:10CE6000B3F900209442B8BF1446B3F902209642A9
:10CE7000B8BF164604338B42F2D14922002128461E
:10CE8000DFF7B6F880B2044430443C80788082E713
:10CE900000263446F1E74B88A8EB0303ADF80630D3
:10CEA0004388A8EB03031BB2ADF80A30534601AA2E
:10CEB00005A93846E2F7ADFB9DF81D3023F00403C9
:10CEC0008DF81D300134A4B22B8D013B9C42BFF67E
:10CED00062AF6A6AA30002EB840132F82400304496
:10CEE000ADF804000433D018D35A3344ADF80830F9
:10CEF00095F82A3013F0010FCDD14B884B44ADF893
:10CF0000063043884B441BB2CEE700BFB835050856
:10CF100008B5084600230B854B6291F82A2063F37D
:10CF2000000281F82A200221DBF7A6F808BD08B527
:10CF300009B2DCF7C6F808BD08B50021E0F720F813
:10CF400008BD70B586B00446FFF7F6FF08B3064685
:10CF500057224FF480212046DFF74AF80546582231
:10CF60004FF480212046DFF743F804B23046FEF745
:10CF7000CFFD01460023029341F6FF720192009318
:10CF800023462A4605A8FAF774F9BDF9140006B03D
:10CF900070BD0020FBE70000F8B590F82A3013F0D0
:10CFA000010F00D1F8BD0446828C1E4BA3FB021377
:10CFB000D21A03EB5203C3F38F0303EB430189B28D
:10CFC000C28CB2FBF3F003FB10220A4492B2E2845B
:10CFD000B2FBF3F003FB10221144218557220021FC
:10CFE0002046DFF705F80546592200212046DEF7E6
:10CFF000FFFF07B2B5F908502046DCF7B2F9064644
:10D000002046FFF799FF06EBD6762F44E18C05EB1F
:10D01000D5756D1011FB0751C1EB660109B2DCF744
:10D0200050F8BFE72549922408B50068DFF7A4FF50
:10D03000FFF7B2FF08BD00002DE9F04F93B00446A2
:10D040000F46FFF779FF002847D00646FEF760FD40
:10D05000024600213046DFF74CFE022840D003286C
:10D060004ED0012859D0572200212046DEF7C0FFBC
:10D070000546592200212046DEF7BAFF0FFA80FB51
:10D08000B5F908502046DCF76CF98246652200218C
:10D090002046DEF7ADFF80461FFA80F917B1B9F1DF
:10D0A000000F3FD12046FFF777FF0AEBDA7AAB4457
:10D0B000E48C05EBD5756D1014FB0B54C4EB6A04BE
:10D0C00024B217B1B9F1000F38D128493046F6F72C
:10D0D000D7FB21463046DBF7F4FF13B0BDE8F08FF5
:10D0E0002046DCF721F905463046DCF711F9281A0D
:10D0F00000EBD07040F34F013046DBF7CBFFB2E7D7
:10D100002046DCF711F905463046DCF701F9291A0B
:10D1100009B23046DBF7BEFFA5E700213046DBF75A
:10D12000B9FFA0E70AEBDA7AAB44E48C05EBD575DE
:10D130006D1014FB0B54C4EB6A0424B201AD2846F5
:10D14000F6F784FB0196094B02933046DCF7ABF807
:10D1500009900A900B941FFA88F30C93044B0493E4
:10D16000044B08932846F6F7C3FBB6E72FCF020817
:10D1700029D00208CF390208F0B583B006460F4621
:10D1800057220021DEF734FF044657224FF4802156
:10D190003046DEF72DFFB4F90840B0F908505922A7
:10D1A00000213046DEF724FF2B1903EBD37300EB8D
:10D1B0006304A4B2F58A3046DCF7B0F8E30B03FA57
:10D1C00084F3A5EB630500EBD07005EB6005ABB213
:10D1D0007B801C44FC8069463046DCF734F8BDF89F
:10D1E00000303B80BDF80430BB8003B0F0BD0000D0
:10D1F000F0B591B00C460846D9F7E8FF15284BD09A
:10D20000054621465148D9F7F3FE012807D12046AB
:10D21000D9F7D8FF0646132D03D0292D16D011B00B
:10D22000F0BD2046D9F7D6FF05463046DFF7A4FE0D
:10D23000FFF787FE04463046DCF76AF8241AB5F992
:10D2400000309C42B8BF1C462C80E8E7DFF794FE14
:10D250000021FFF7F1FEE2E7A76806ABA3602846CE
:10D26000FEF756FC03460022009205F1140208A9BD
:10D270002046E1F785FEA76052E006ABA360284692
:10D28000FEF746FC03460022009205F1140208A9AD
:10D290002046E1F775FE57E02046D9F793FF204678
:10D2A000D9F790FF0546DFF767FE074608AE304620
:10D2B000E1F734FE324600213846DBF754FC2846BD
:10D2C000FEF728FC28B19DF83D3043F001038DF8AE
:10D2D0003D302046D9F7EAFF0446866807F114027C
:10D2E000314602A8F6F712FC002898D002ABA360E2
:10D2F00004A93846FFF740FFAB8AADF81830EB8A37
:10D30000ADF81A302B8BADF81C30BDF81230ADF8EB
:10D310001E3006A80246A168F6F7F8FB00289BD14C
:10D32000AB8AADF81830BDF81630ADF81A302B8B3B
:10D33000ADF81C306B8BADF81E3006A80246A16814
:10D34000F6F7E4FB002898D1A66068E7D435050815
:10D3500089B12DE9F04F83B0044615468846FFF7A2
:10D36000EBFD81460023E3842385A38498F80030F5
:10D370005BB1414603E0FEE711F8013F2BB10A2BF8
:10D38000FAD1A38C0133A384F6E7A38C0133A384E1
:10D390008DB994F82A3023F0010384F82A304146ED
:10D3A0004846FFF7B9F8E38C23854846DBF7AFFD25
:10D3B00003B0BDE8F08F94F82A3043F0010384F8FD
:10D3C0002A304046D2F76CFF471CC7EBC7030193D6
:10D3D0001846F7F7F7FB8346C61907254FF00A0AE8
:10D3E0004146F01B04F0BBFB06F801AC013D3E4496
:10D3F00015F0FF05F4D1019B5B44002203F8012CDA
:10D4000059464846FFF788F85846F7F73DFCA38C85
:10D4100003EB4302E284C3EBC303A3842046FFF77C
:10D42000BBFDC0E738B50C4691F82A3023F0010364
:10D4300081F82A3000258D84CD840D851021204669
:10D44000DAF71AFE4FF400712046DAF715FE21468E
:10D450000548DBF71BF9DBF7CCF92A4603492046E0
:10D46000FFF776FF38BD00BFD43505089C59030887
:10D4700038B50B46114690F82A2012F0010F24D03F
:10D48000828C174CA4FB024CA2EB0C020CEB520C4E
:10D49000CCF38F0C9C4518D9C28CB2FBFCF414FB66
:10D4A0000CF4A4B2121B95B29E4612B2D21A002AF4
:10D4B000B8BF5242B2EB5C0F05D9AB4234BF03EBAD
:10D4C0000C0EA3EB0C0E7444A3B2828C9A429CBF48
:10D4D00002F1FF3293B2C3840385FFF7ADFD38BD7F
:10D4E000254992242DE9F04F9BB00D46C648D9F747
:10D4F0007FFD012802D01BB0BDE8F08F2846D9F788
:10D5000065FE04462846D9F75DFE0646631E2B2BB2
:10D51000F1D801A252F823F001D6020819D6020868
:10D5200055D60208F7D40208F7D40208F7D4020847
:10D53000F7D4020855D60208F7D40208F7D4020837
:10D54000F7D40208F7D40208D1D7020883D702081B
:10D55000BDD70208F7D40208F7D40208F7D40208AE
:10D5600031D80208F7D402083BD80208F7D40208E1
:10D57000F7D402083BD80208F7D40208F7D402080F
:10D58000F7D40208F7D40208F7D40208F7D4020847
:10D59000F7D40208F7D40208F7D40208F7D4020837
:10D5A000F7D40208F7D40208F7D40208F7D4020827
:10D5B000F7D40208F7D40208F9D50208DBD502082F
:10D5C000F7D40208C9D502082846D9F703FE044655
:10D5D0003046FFF7B6FC20808DE7FFF7ADFC18B1B1
:10D5E00000222A21D9F7CCFD3046DBF733FF00219A
:10D5F0003046FFF721FD7EE70021FFF71DFD7AE7AA
:10D6000090F82A3023F0020380F82A30FFF794FCC8
:10D610007E49F6F735F96EE7DAF724F80CA9DAF760
:10D62000CBF8BDF93230002B3FF465AF3046FFF741
:10D6300083FC0446DBF765FEBDF83230C11809B241
:10D640002046DBF73EFD96F82A3043F0020386F8C9
:10D650002A3050E7FFF770FC804600283FF44BAFBC
:10D66000DAF700F80446DAF703F8042800F0BC8182
:10D67000022800F0C9812046D9F7FAFF01282BD1F2
:10D6800096F82A3013F0020F3FD10AAD2946204602
:10D69000DAF75FF8BDF82A30B8F816209B1AADF813
:10D6A0002A30BDF82830B8F814209B1AADF828307D
:10D6B00029464046FEF74CFB07464046FEF728FA4F
:10D6C000814600230C93F7B11C461D4698460DF188
:10D6D000300BDFF83CA10AE02046D9F7C9FF032848
:10D6E00041D1CDE7DDF830800134A74239D0DAF8F6
:10D6F00000305946484698470A28F3D1B8451CBF20
:10D7000001352DB2EEE700252BE0572200213046EF
:10D71000DEF76EFC0546592200213046DEF768FC34
:10D720002B89C7183FB2B6F91620B6F91A309B1AE2
:10D7300003EBD37302EB63052DB2B8F816800C210E
:10D740002046DAF757F808EB00031BB2ED1A95FBF9
:10D75000F7F525EAE575B38C9D42A8BF03F1FF35C7
:10D760002DB2002D07DAF38C0C930CAA1C21304645
:10D77000D9F706FDBFE60122A9B23046FFF778FED1
:10D78000F1E7DAF7E0FCD9F766FF0446D9F76AFF5C
:10D79000D9F76EFF042802D0F38C3385ABE654B979
:10D7A000338DF28C9A423FF4A6AEF38401213046C9
:10D7B000FFF742FC9FE6F38C33859CE6038DC28C19
:10D7C0009A423FF498AEC3840121FFF735FC92E6FC
:10D7D0002846D9F7FFFC0278A2F11203DBB2012B35
:10D7E00018D9142A02D0112A7FF485AEF38C002BAD
:10D7F0003FF481AE348D013B012299B23046FFF7F0
:10D8000037FE348577E600BFF03505082FCF0208D4
:10D81000C8000020F38C591CB28C9142BFF66BAE4D
:10D82000348D012289B23046FFF722FE348562E64C
:10D83000FFF782FBDBF76BFB5DE62846D9F7C6FCFA
:10D8400004462846D9F7BEFC0646152C00F0B380E6
:10D85000182C7FF450AE2846D9F728FD04460CADAD
:10D860002846E1F75BFB2A464FF480213046DBF780
:10D870007AF906AD29463046FFF77EFC2A46A168B4
:10D8800008A8F6F743F900283FF435AE3046FFF715
:10D8900053FB8046FEF73EF928B19DF84D3043F02A
:10D8A00001038DF84D304046FEF732F905460C9FD6
:10D8B000BDF94490BDF942A03046DBF729FD0223B3
:10D8C00002930190CDF800A04B463A46294605A8A0
:10D8D000F9F7CFFC3046DBF721FD07465722002140
:10D8E0003046DEF785FB814607EBD77747F34F07D6
:10D8F000B0F9083003EBD373B8F9165005EB6305A4
:10D90000B6F916303B44ED1A4046DBF707FDB9F88F
:10D910000820831A1BB2002BC4BFAD0395FBF3F59F
:10D920000C9BB3F90830B6F916203A44BDF916102D
:10D93000C91A05FB01F102EBA13503EBD373A5EB8B
:10D940006305322200213046DEF752FB07461222E1
:10D9500000213046DEF74CFB814613220021304681
:10D96000DEF746FBBBB203EB0902B18A0A44ADF80D
:10D970002820ADF82A500344328BD31AADF82C304E
:10D98000BDF816301D44ADF82E509DF84D3043F0D3
:10D9900002038DF84D30A56808ABA3604046FEF742
:10D9A000B7F80346002200920AAA0CA92046E1F724
:10D9B000E7FAA5609FE52846D9F778FC04460AAF48
:10D9C00039463046FFF7D8FB0CAD2846E3F73AF866
:10D9D0002A464FF480213046DAF744FF3A4629467A
:10D9E0002046E3F779F886E5F38C33853046DAF79D
:10D9F000AAFB0546D9F72FFE00283FF43CAE0021D4
:10DA00002846D9F706FE36E6F38C338533E600BFA9
:10DA10002DE9F04782460C46002B4CD00B88A3EB37
:10DA200062039BB20B80013A13448B80B0F916302D
:10DA30004B80B0F91A30CB8012224FF4403150465F
:10DA4000DEF7D6FA804613224FF440315046DEF717
:10DA5000CFFA814610224FF440315046DEF7C8FA23
:10DA6000064611224FF440315046DEF7C1FA074610
:10DA700069224FF440315046DEF7BAFA05466A2271
:10DA80004FF440315046DEF7B3FAABB298442288E7
:10DA9000A2EB0808A4F800804B44A2881344A3809A
:10DAA00080B2064463889E1B66803844E38818442D
:10DAB000E080BDE8F0874B88A3EB62039BB24B800C
:10DAC000013A1344CB80B0F914300B80B0F9183010
:10DAD0008B80B1E738B50C4600250D6791F874309E
:10DAE00003F0FE0365F3410381F874304FF4407195
:10DAF0002046DAF7C1FA10212046DAF7BDFA2846A7
:10DB0000F5F70EFD1D2804DC01212046DCF78BF81B
:10DB100038BD2846F5F704FD0A30044B83FB00238B
:10DB2000C117C1EBE30109B2EFE700BF67666666A4
:10DB30002DE9F04FB5B00C46C148D9F759FA012884
:10DB400002D035B0BDE8F08F00263746B046B1466A
:10DB50002046D9F73BFB83462046D9F733FB0546E1
:10DB6000FAF7B7FF8246012807D0022814BF4FF00A
:10DB7000000A4FF0010A4FEA4A0ABBF1110F5DD0CB
:10DB8000BBF1010F00F0A480BBF1020F00F05A813D
:10DB9000ABF1030BBBF1260FD3D801A353F82BF045
:10DBA00087DF020843DB020843DB020843DB02088D
:10DBB00043DB020887DF020843DB020843DB02087D
:10DBC00043DB020843DB020819E1020801E0020816
:10DBD00043DB020843DB020843DB020843DB0208A5
:10DBE00029E0020843DB020897E1020843DB020850
:10DBF00043DB020843DB020843DB020843DB020885
:10DC000043DB020843DB020843DB020843DB020874
:10DC100043DB020843DB020843DB020843DB020864
:10DC200043DB020843DB020843DB020843DB020854
:10DC300043DB020843DB020821E002082046D9F753
:10DC4000C9FA0446AB68002B40D0B3F91460B5F8AC
:10DC50006830ADF88830B5F86A30ADF88A30B5F87C
:10DC60006C30ADF88C30B5F86E30ADF88E3022AF38
:10DC7000324631463846F5F72BFF002221683846F8
:10DC8000F5F790FF207100287FF45BAFBAF1020F27
:10DC90007FF457AFB5F86030ADF88830B5F8623032
:10DCA000ADF88A30B5F86430ADF88C30B5F8663030
:10DCB000ADF88E30324631463846F5F709FF00227E
:10DCC00021683846F5F76EFF20713AE70026BEE777
:10DCD0002846DBF768FD95F8743043F0010385F8BA
:10DCE0007430BAF1010F4AD9D9F7BCFC22A9D9F78F
:10DCF00030FD2846DBF70CFB06462846DBF70EFB1B
:10DD00000446162200212846DEF772F9A64256DBA9
:10DD1000C0B2012837D0BDF98830B5F96C209A42DD
:10DD200037DBB5F960209A423BDCB5F96020BDF9DC
:10DD30008800B5F96830B5F96410891A01EBD17122
:10DD400002EB6102121A002AB8BF5242B5F96C10F8
:10DD5000C91A01EBD17103EB61031B1A002BB8BF89
:10DD60005B4212B21BB29A421FDD05F124032B67FE
:10DD700095F8743023F0020385F87430E1E605F17C
:10DD800024032B67DDE6BDF98830B5F968209A4297
:10DD900003DD05F124032B67D3E6B5F964209A422D
:10DDA000C3DA05F130032B67CBE605F130032B67AF
:10DDB00095F8743043F0020385F87430C1E6BDF97C
:10DDC0008A10B5F96A30994203DA05F124032B670A
:10DDD000B7E6B5F96600814203DD05F130032B6734
:10DDE000AFE6B5F96220801A00EBD07002EB60025A
:10DDF000521A002AB8BF5242B5F96E00C01A00EBA1
:10DE0000D07003EB60035B1A002BB8BF5B4212B209
:10DE10001BB29A4209DD05F124032B6795F8743093
:10DE200023F0020385F874308BE605F130032B678D
:10DE300095F8743043F0020385F8743081E600BF32
:10DE40000C3605082B6F002B3FF47BAED9F70AFC8C
:10DE50000446D9F70DFC01287FF473AE22A92046B1
:10DE6000D9F777FCEC6AAB6AE41A2846DBF750FA7C
:10DE700006462846DBF752FA86424FDB1222002183
:10DE80002846DEF7B5F80746132200212846DEF7BC
:10DE9000AFF880462846DBF73BFA07EB0803C61AC3
:10DEA00036B2162200212846DEF7A2F8C3B2012BB3
:10DEB0002AD0BDF98830B5F9142002FA87F7DB1BA8
:10DEC00006EBD671491004FB031191FBF6F1AB6A26
:10DED00019442B6F05F13002934243D0EA6A914214
:10DEE000A8BF11462A6B9142B8BF11461B689942E0
:10DEF0003FF427AE01222846FAF76EFD00221C21CE
:10DF00002846D9F73DF91CE6B5F918300FFA88F81C
:10DF1000A3EB0803BDF988209B1AD1E7102200214A
:10DF20002846DEF765F80746112200212846DEF76D
:10DF30005FF806462846DBF7F1F93744C31B18B2F1
:10DF4000B5F91A2002FA86F2BDF98A10521AC3F303
:10DF5000C0310144491004FB021191FBF0F1AB6A9E
:10DF60001944B6E76A6A9142A8BF1146AA6A91426B
:10DF7000B8BF11461B688B423FF4E3AD012228462F
:10DF8000FAF770FDBAE795F8743023F0010385F8CD
:10DF9000743000232B672846DBF705FC2846DAF7A8
:10DFA000D2F80646D9F757FB0446D9F75BFBD9F7F9
:10DFB0005FFB04287FF4C5AD002C3FF4C2AD2846BA
:10DFC000FAF787FD012816D0022814D195F874308D
:10DFD00013F0020F04D143F0020385F87430B0E56A
:10DFE00095F8743023F0020385F874300021304630
:10DFF000D9F70FFBA5E500213046D9F70AFBA0E5CC
:10E00000D9F730FBD9F734FB042802D002287FF47B
:10E0100098AD95F8743023F0020385F8743090E5DC
:10E020002846DAF774FF8CE512224FF44031284677
:10E03000DDF7DEFF0FFA80FB13224FF44031284654
:10E04000DDF7D6FF06B210224FF440312846DDF747
:10E05000CFFF0FFA80FA11224FF440312846DDF746
:10E06000C7FF0FFA80F96D224FF440312846DDF7E3
:10E07000BFFF03B2009369224FF440312846DDF719
:10E08000B7FF0FFA80F86A224FF440312846DDF7D7
:10E09000AFFF07B22846DBF73BF94FEA480301938D
:10E0A00000EB48082846DBF739F97A00029200EBCA
:10E0B0004700804528DA2846DBF72AF9019F074404
:10E0C00047F34F074FF440312846DAF7A7FE0546DD
:10E0D0002046D9F77FF833465E45B8BF5B465345C7
:10E0E000B8BF53464B45B8BF4B4602332B44009A4A
:10E0F00002FB07F703EB27231BB2B0F90020934282
:10E10000B8BF134603801CE52846DBF707F9029FDA
:10E11000074447F34F07D5E72046D9F75BF8037864
:10E12000113B032B3FF60DADDFE803F0021E021E8C
:10E1300095F8743013F0020F0DD12846FAF7B3FCAE
:10E14000012281182846FAF747FC00221C212846A4
:10E15000D9F716F8F5E42846FAF7ACFC0122811845
:10E160002846FAF77FFCF0E795F8743013F0020FB9
:10E1700008D12846FAF797FC0122411E2846FAF7F3
:10E180002BFCE2E72846FAF795FC0122411E2846BF
:10E19000FAF768FCD9E72046D9F714F80546204677
:10E1A000D9F784F80090162200212846DDF720FFD9
:10E1B000C3B203932846DBF7ABF804462846DBF7E7
:10E1C000ADF882468442B4BF00230123029395F840
:10E1D0005C3003F00303012B09D0544580F28480A6
:10E1E0002846DBF795F80190B5F9366087E0AB6A11
:10E1F000002BF2DAD5F82CB084420CDB2846DBF792
:10E200008DF80190BBF1000F72DD6B6A002B6FDAA5
:10E21000B5F9347073E02846DBF77AF80190BBF16A
:10E22000000FE1DD6B6A002BDEDAB5F93A6066E0DB
:10E230000DF1180B3822594614A8F6F757FD0DF1C9
:10E2400088094A461A212846D8F79AFF3246594685
:10E250000098E2F741FC4A461B212846D8F790FF78
:10E2600054453EDB039B012B14BFB5F93480B5F94F
:10E270003880ADF81080ADF81270029B019A04A9A5
:10E280002846FFF7C5FBBDF91210BDF91420BDF9F2
:10E290001630BDF81000A5F86000A5F86210A5F8CA
:10E2A0006420A5F8663006AC382214A92046F6F79B
:10E2B0001DFD0123249305F16007259726943093D3
:10E2C00022AE32461A212846D8F75AFF3A4621464E
:10E2D0000098E2F701FC32461B212846D8F750FF90
:10E2E0002FE4B5F93A70C4E72846DBF717F8019038
:10E2F000039B012B0CBFB5F93470B5F938700DF1E3
:10E30000180B5846E2F79EFB5A464FF44031284618
:10E31000DAF7A8FAADF81070ADF81260ADF8148015
:10E32000ADF81690029B019A04A92846FFF770FBEE
:10E33000BDF91080BDF91270BDF91420BDF9163079
:10E34000A5F86880A5F86A70A5F86C20A5F86E306D
:10E35000009922A8DAF7CCFD4FF440332F93124BEB
:10E36000239300232493309305F168062596CDF876
:10E3700098B02846FAF7ADFB012802D002283FF4F6
:10E3800057AF22AC22461A212846D8F7F9FE32466A
:10E3900006A90098E2F7A0FB22461B212846D8F7E1
:10E3A000EFFEFFF7CEBB00BF0C36050808B50068CE
:10E3B0004FF0FF334362DBF7F6F908BD08B5416261
:10E3C000DBF7F1F908BD08B508460021F5F758FA62
:10E3D00008BD00002DE9F043A5B00C46AB48D8F7C6
:10E3E00007FE012802D025B0BDE8F0832046D8F70B
:10E3F000EDFE05462046D8F7E5FE0646132D00F053
:10E40000BA801C2D00F00181152DECD12046D8F7E3
:10E41000D9FE05462046D8F749FF074612220021BB
:10E420002846DDF7E5FD0446132200212846DDF7E6
:10E43000DFFD8046102200212846DDF7D9FD064683
:10E44000112200212846DDF7D3FDB5F91620B5F9D4
:10E450001810B5F91A30B5F814C06444ADF804408A
:10E46000A1EB0801ADF808103244ADF806201B1AE4
:10E47000ADF80A3005AC2046E2F7E4FA22464FF444
:10E4800000312846DAF7EEF901AA21463846E2F7CC
:10E4900023FB2846DAF742FF86B22C8BA41B0134FB
:10E4A000AB8AE41A1FFA84F824B26B6AB3F1FF3F17
:10E4B00000F0E48004FB03F3002BB8BFFF3343F309
:10E4C0000F24162200212846DDF792FDC0B2012854
:10E4D00004BFA8EB04080FFA88F4AB8A1C44A4B26A
:10E4E000ADF80C402644ADF81060EB8AADF80E3064
:10E4F0006B8BADF8123012224FF440312846DDF715
:10E5000077FD804613224FF440312846DDF770FD39
:10E51000044610224FF440312846DDF769FD0646D7
:10E5200011224FF440312846DDF762FDBDF80C3072
:10E53000A3EB0803ADF80C30BDF810301C44ADF867
:10E540001040BDF80E309B1BADF80E30BDF81230F8
:10E550001844ADF8120013AC2046E2F773FA2246D5
:10E560004FF440312846DAF77DF903AA21463846B0
:10E57000E2F7B2FA37E712224FF44031DDF738FD07
:10E580000FFA80F913224FF440313046DDF730FDA9
:10E5900005B210224FF440313046DDF729FD0FFA65
:10E5A00080F811224FF440313046DDF721FD07B2EB
:10E5B0004FF440313046DAF731FC4D45B8BF4D4697
:10E5C0004545B8BF4546BD42B8BF3D460235054446
:10E5D000ADB22046D8F7FEFD0446B0F900302DB2AA
:10E5E0009D42B8BF1D4605804FF400313046DAF732
:10E5F00015FC854203DDB4F900002080F3E64FF4FA
:10E6000000313046DAF70AFCF7E765220021DDF732
:10E61000EFFC804618B93046DBF7C5F8E3E6304634
:10E62000D9F78FFD00F00100746AB4F1FF3F1CD0F0
:10E63000050200213046F5F723F913AF3846F5F708
:10E6400005F91396124B14931B941C941D95114BB2
:10E650001693631B002BB8BF5B4208FB03F31B0A36
:10E660001E933846F5F744F9D5E718B14FF4807595
:10E670000024DEE700254FF48074DAE72846D9F756
:10E6800060FD10F0010F08BF00241AE728360508C6
:10E69000BDE30208ADE3020810B50C464FF0FF33AE
:10E6A0004B6210212046D9F7E7FC08212046D9F714
:10E6B00069FF4FF480612046D9F764FF10BD2DE952
:10E6C000F04F8FB0804605920993BDF960300A93F0
:10E6D000BDF96C300693BDF97000079003449BB2FE
:10E6E000089317891F443FB2B8F8243013FB01F692
:10E6F000B6B20496002B6DD01846B6460025BDF97B
:10E700006420BDF96830D3180B931CE0002499F8FD
:10E71000002012F0020F3FD0059BB3F90820069BA2
:10E72000D31807990B44BB4202DD089B1A4417B269
:10E730000136B6B20135ADB2B646B8F82400049B36
:10E74000C3189E4246DAD8F8281051F82690B9F13D
:10E75000000FEDD0D8F830A03AF91530AB4600F1F3
:10E76000FF3C6545D2DA2A4600242046704451F821
:10E7700020000028CBD0007810F0010FC7D0013264
:10E780003AF8122013441BB20134A4B2204604EB21
:10E790000B026245EADBBAE70B9A9B1A002202924F
:10E7A0001BB201930A9B0093099B059A09F108018A
:10E7B0000DA8F8F75EFDBDF93630069A1344079AA6
:10E7C0001344BB42B8BF3B461FB22644B6B22C44EA
:10E7D000A5B2ADE738460FB0BDE8F08F2DE9F04F98
:10E7E0008BB005460C4612224FF4A021DDF700FC49
:10E7F0000FFA80FB13224FF4A0212846DDF7F8FB27
:10E800000FFA80FA10224FF4A0212846DDF7F0FB22
:10E810000FFA80F911224FF4A0212846DDF7E8FB1A
:10E8200003B2099358224FF4A0212846DDF7E0FBFC
:10E8300003B2089359224FF4A0212846DDF7D8FBF4
:10E8400007B257224FF4A0212846DDF7D1FB0790ED
:10E8500005224FF4A0212846DDF7CAFB06B20622A6
:10E860004FF4A0212846DDF7C3FB0FFA80F8EB8CAC
:10E870009C421CD2099B0493CDF80C90CDF808A0C3
:10E88000CDF804B00097089B079AA1B22846FFF77D
:10E8900016FFEB6A4045A8BF404600B2B042B8BF81
:10E8A000304623F814000134EB8CA342E2D828460A
:10E8B000DAF7D0FD2846DAF776FF0BB0BDE8F08F27
:10E8C0002DE9F84305460E461C46002323801746D3
:10E8D00042B12A6B32F8132021880A442280013386
:10E8E000BB42F6D1162200212846DDF781FBC0B2DB
:10E8F000012837D02846DCF7CAF823881B1A238062
:10E90000122200212846DDF773FB2388184480B2C9
:10E9100020802B6B013833F817301844A080002377
:10E92000638046B1EA6A32F8132061880A44628043
:10E930000133B342F6D1102200212846DDF758FBFF
:10E940006388184460802846DCF7AAF86388181AA0
:10E9500080B26080EB6A013833F816301844E080EA
:10E96000BDE8F8832846DCF792F823881844208015
:10E970002846DAF7CDFC8046B4F800901322002137
:10E980002846DDF735FB8144A8EB09039BB2A38041
:10E990002A6B32F817209B1A2380C0E730B583B06A
:10E9A00004466B46828EC18EFFF78AFFBDF90010C8
:10E9B000002911DBBDF904502046DAF7A9FC854295
:10E9C00011DD2046DAF7A4FC411B0123002209B225
:10E9D0002046DCF7CDFA06E049420123002209B2C5
:10E9E0002046DCF7C5FABDF90220002A11DBBDF98B
:10E9F00006502046DAF792FC854211DD2046DAF710
:10EA00008DFC421B012312B200212046DCF7B0FA34
:10EA100006E05242012312B200212046DCF7A8FA98
:10EA200003B030BD2DE9F04FDFB00446D8F7CAFB84
:10EA300082462046D8F73AFC044682680AF114015F
:10EA40005CA8F5F763F810B95FB0BDE8F08FA76870
:10EA50005CAB0894A360322200215046DDF7C8FA6F
:10EA60008146102200215046DDF7C2FA804603B2EB
:10EA70000D93112200215046DDF7BAFA03B20C9330
:10EA8000122200215046DDF7B3FA0790BDF91C00B1
:10EA90000B90132200215046DDF7AAFA0690BDF92B
:10EAA00018000A90BAF8205010950026AAF82060A5
:10EAB0009AF8223043F008038AF822304BAC204603
:10EAC000E1F7C0FF22464FF4A0215046D9F7CAFE15
:10EAD00035AC2046E0F722FA22464FF4A0215046FA
:10EAE000DAF741F8AAF820509AF8223066F3C30307
:10EAF0008AF82230BAF816505046DBF7D1FF1FFAD9
:10EB000089F404EB0803013B1D442D1AADF86A514A
:10EB10005046DBF7BCFF8146162231465046DDF7F2
:10EB200067FA5FFA80F81BAD08992846DAF7E0F932
:10EB30004FF4A0232893C44B1C931D963DAB1F9309
:10EB40002DAB2093BAF82630002B00F00A820596F0
:10EB5000B346079B23445E1E069B1C441397CDF8C7
:10EB60003C90119612944446CEE1BAF818201299BE
:10EB7000521A013A0F99521AADF86421E1E10023CB
:10EB8000069340E1BDF864315A1EADF86821DAF809
:10EB9000302032F819209B1AADF8643142E1BDF8FB
:10EBA0006421D31AADF864310136B6B23246F31996
:10EBB0008B4215DA5A4450F822208AB1127812F0AA
:10EBC000010F0DD00133DAF8302032F91330012C67
:10EBD000E5D0BDF868211344ADF86831E4E70026BC
:10EBE000BDF96A31BDF972219A4200F32481BDF961
:10EBF00064012880BDF9662107926A80BDF968C169
:10EC0000A5F804C0EB809DF84FE1CEF344021EF05E
:10EC1000080F0CD0BAF914E00B998E44704506DD4C
:10EC2000BDF94CE10EEBDE7EA0EB6E00288012F009
:10EC3000020F0DD0BAF916000D99084407998142C8
:10EC400006DDBDF94C0100EBD070A1EB60016980DD
:10EC500012F0080F10D0BAF918100A98091A0139E1
:10EC60008C4509DABDF94C1101EBD17001F00101BD
:10EC700001EB60016144A98012F0010F10D0BAF9D4
:10EC80001A200C99521A013A934209DABDF94C2123
:10EC900002EBD27102F0010202EB61021344EB803D
:10ECA000BAF83620BDF814309A4204D1BAF834309C
:10ECB0004B4500F0CB8038224BA93DA8F6F716F85B
:10ECC000202235A92DA8F6F711F81BAAD560BAF8AD
:10ECD0002430059901FB037797631A215046D8F732
:10ECE0004FFA2A463DA90898E1F7F6FEDAF82830EF
:10ECF00053F80830002B66D012224FF4A021504662
:10ED0000DDF776F9074613224FF4A0215046DDF7D0
:10ED10006FF9079010224FF4A0215046DDF768F9F3
:10ED2000099011224FF4A0215046DDF761F9844685
:10ED3000BDF864311F44BAB2ADF85C20BDF868314B
:10ED4000079FDB1B9BB2ADF86030BDF86671099878
:10ED50003844ADF85E00BDF86A71A7EB0C07ADF85A
:10ED600062700698C0F34007DAF8281051F80810CE
:10ED700000F00200029001339B1A1BB20193BDF90F
:10ED8000C6300093BDF9C830359A08315BA8F8F752
:10ED900070FA87B9BDF866310E9A13449BB2BDF97B
:10EDA0006E2102EBD272C2F34F02981AADF85E00E8
:10EDB0001344ADF8623059AA5CA919A8F4F7A6FE6D
:10EDC000002840F087801BAA1B215046D8F7D8F9AD
:10EDD0000BF1010B16FA8BFB1FFA8BFB4E44B6B2FC
:10EDE00001361FFA86F9BAF82410494540F28480AA
:10EDF000DAF828004FEA8B0850F82B30002B3FF44C
:10EE0000BEAE1B780693012C3FF4BCAEBDF8683152
:10EE10005A1CADF86421DAF8302032F81920134476
:10EE2000ADF868314F4601398945BFF6D8AE4B463B
:10EE300000263246BEE60BF1010B16FA8BFB1FFAD9
:10EE40008BFB4E44B6B2CBE744360508BAF8202017
:10EE500012F0400F03BFC2F340135B019BB20023CB
:10EE600012F0020F18BF43F0020312F0040F2AD071
:10EE700043F0040312F0080F01D043F00803AAF88E
:10EE800020309AF8223043F008038AF822303DA857
:10EE9000E1F7D8FD2DA8E0F741F83DAA4FF4A021F5
:10EEA0005046D9F7DFFC2DAA4FF4A0215046D9F7E0
:10EEB0005AFE109BAAF820309AF8223023F008035B
:10EEC0008AF8223001E712F0080FD6D1002B3FF468
:10EED000F2AED4E719AB089F3846BB60DAF82830A9
:10EEE00053F8083000220092083317AA2DA9E0F742
:10EEF00047F85CABBB6066E7059B01330593BAF846
:10EF000026209BB29A4229D9DAF82C30059A33F997
:10EF10001230BDF86A114A1C12B2ADF866211944CC
:10EF2000ADF86A11BDF97611914219DB012C3FF45D
:10EF30001CAEBAF8142011990A440F99521AADF870
:10EF40006821BAF824100029D6D003EBD373C3F399
:10EF50004F030E934FF0000915AD49E7139F00E0F2
:10EF6000139F089B9F606FE52DE9F04182B00C462E
:10EF7000B248D8F73DF8012802D002B0BDE8F081D0
:10EF80002046D8F723F905462046D8F71BF9064650
:10EF90006B1E2B2BF1D801A252F823F09DF0020832
:10EFA0009DF002087BEF02087BEF02087BEF02086E
:10EFB0007BEF02087BEF020885F102087BEF020875
:10EFC0007BEF02087BEF02087BEF0208D7F1020813
:10EFD000D1F102087BEF02087BEF02087BEF020809
:10EFE0007BEF02087BEF02087BEF020895F2020834
:10EFF0007BEF02087BEF02087BEF02087BEF020841
:10F000007BEF02087BEF02087BEF02087BEF020830
:10F010007BEF02087BEF02087BEF02087BEF020820
:10F020007BEF02087BEF02087BEF02087BEF020810
:10F030007BEF02087BEF02087BEF02087BEF020800
:10F040004DF002087BEF020855F002080021FFF79F
:10F05000C5FB92E72046D8F7BDF8B48CD4B1336B2A
:10F0600003EB4404002233F9021B0A4412B29C420F
:10F07000F9D1F58C85B1F16A01EB4505002331F931
:10F08000024B23441BB2A942F9D1013A0280013B51
:10F09000438072E70022ECE70023F6E7D8F7E2FAB4
:10F0A000D8F7E6FA00F0FD0001287FF466AFD8F744
:10F0B000D9FA01A9D8F74DFBBDF804503046DBF76B
:10F0C000E6FC0544ADB2162200213046DCF790FF85
:10F0D000C0B2012819D0B48A122200213046DCF7D0
:10F0E00087FF04442D1B2DB2B48CCCB1316B023997
:10F0F0000022134631F8020F03441BB2AB420EDC70
:10F10000013292B29442F5D10AE0348B13220021ED
:10F110003046DCF76DFF231A5B1B1DB2E4E7144693
:10F12000BDF806503046DBF7BBFC0746B6F8168044
:10F13000102200213046DCF75BFF2D1AA5EB0805F5
:10F140003D442DB2F78CDFB1F16A0239002213463B
:10F1500031F8020F03441BB29D4204DB013292B22C
:10F160009742F5D13A46B38EA34203D1F38E934230
:10F170003FF403AFB486F2863046DAF714FBFCE6C0
:10F180003A46F0E7DAF70FFBD8F76CFAD8F708FB46
:10F19000B28E4FF6FF739A4203D0F28E9A4200D09D
:10F1A00068B1D8F75FFAD8F763FA00F0FD000128DC
:10F1B0007FF4E3AE4FF6FF73B386F386DDE60022FD
:10F1C0001C213046D7F7DCFF01287FF4D6AEE8E7F4
:10F1D000DAF7E9FAD1E62046D7F7FCFFB28EF18ED6
:10F1E0004FF6FF739A4214D0994212D0B58CAA42BE
:10F1F00034BF14460024F78CB94234BF0B460023B9
:10F200000068113803283FF6B8AEDFE800F03D3F54
:10F21000190C0023B386F3863046FFF7BFFB304658
:10F22000DAF7C1FAA9E6013C2846A5420CDD002C1C
:10F2300011DA6BB36C1E013B0DE000BF44360508CC
:10F2400001342846A54206DC7C1E9C42C6BF013321
:10F25000002400F1FF349F42D4BF07F1FF3323EABB
:10F26000E373944202D18B423FF487AEB486F386B7
:10F270003046DAF798FA3046FFF790FB00221C215F
:10F280003046D7F77DFF78E6013BDAE70133D8E770
:10F290001C46E0E72046FFF7C5FB6EE6F8B50D46D5
:10F2A0008B8CCA8C02FB03F3002B20DD0024274645
:10F2B00013E0F5F753FCAB6A53F824305F60AB6A98
:10F2C0009859F5F74BFCAB6A9F510134A4B2AB8C53
:10F2D000EA8C02FB03F39C4209DAA600AB6A53F8FE
:10F2E0002430002BF1D058680028E2D1E7E7A86A63
:10F2F00008B1F5F733FCE86A08B1F5F72FFC286B85
:10F3000008B1F5F72BFCF8BD10B50C4601238B8432
:10F31000CB840220F5F704FC2063E08C4000F5F775
:10F32000FFFBE062226B82231380E26A1380E18C90
:10F33000A38C03FB01F18900A06AF5F72BFCA06206
:10F340000023036010BD704790F8543003F00103B0
:10F350008B4226D010B582B0003918BF012190F839
:10F36000543061F3000380F85430B0F94A10B0F91A
:10F370004CE0B0F94EC0446AA28AB0F84830134459
:10F38000ADF80030E38A1944ADF802107244ADF8CC
:10F3900004206344ADF806306946DAF7E0F902B0BC
:10F3A00010BD704770B592B0044665224FF4E0215D
:10F3B000DCF71EFE58B912492046F4F761FA94F8BA
:10F3C000543043F0010384F8543012B070BD054648
:10F3D00001AE3046F4F73AFA0194094B02930C95CA
:10F3E0000F95012309930A9300230B93054B089370
:10F3F0004FF6FF73ADF844303046F4F779FAE4E79E
:10F4000049F30208413A020810B50C46C86A18B11F
:10F41000F5F7A4FB0023E362206B18B1F5F79EFB20
:10F4200000232363A06A18B1F5F798FB0023A362B9
:10F4300010BD00002DE9F04F87B00446572200218F
:10F44000DCF7D6FD8046592200212046DCF7D0FDAE
:10F450000090D4F84490606AFCF75AFB054601908E
:10F46000724B1B6849469847074605EB000B704BEB
:10F470001B680021584698470546B8F908A00D2892
:10F4800050D842F20143C34013F0010F0CBF0146B4
:10F49000202100224046F3F75FFC06B205AA494648
:10F4A000606AFCF73DFBD4F824904846FCF730FB3B
:10F4B000024600214846DDF71CFC626ABDF91430A3
:10F4C000B2F914100B443344B2F91820934231DDE1
:10F4D00094F8603013F0080F2CD103282AD00023B1
:10F4E000ADF81430BDF81630009A1A441346534450
:10F4F000ADF81630C5B14F4B1B68584698470744C6
:10F500004B4B1B68002101983844984701460D2851
:10F510000BD842F20143C34013F0010F0CBF014668
:10F52000202102E00146B4E7202100224046F3F703
:10F5300013FC06B2276532224FF4E0212046DCF7A7
:10F5400057FD804610224FF4E0212046DCF750FDA5
:10F550001FFA88F808EB0005ADB211224FF4E02144
:10F560002046DCF745FD08EB00091FFA89F9122255
:10F570004FF4E0212046DCF73BFD08EB0007BFB26B
:10F5800013224FF4E0212046DCF732FDBDF81420B1
:10F59000D71BBFB2BDF816305D1BADB2804408F179
:10F5A000FF389044B0441FFA88F809F1FF3903EBA3
:10F5B00009065644B6B2B4F94A10B4F94CE0B4F9AD
:10F5C0004EC0606A828AB4F848301344ADF80C30FB
:10F5D000C38A1944ADF80E107244ADF8102063448C
:10F5E000ADF812300DF10C0949462046DAF7B7F8AC
:10F5F000A4F84870A4F84A50A4F84C80A4F84E60CF
:10F60000636A9A8A1744ADF80C70DB8A1D44ADF822
:10F610000E509044ADF810801E44ADF8126049467B
:10F620002046DAF79CF807B0BDE8F08FC000002054
:10F63000C8000020D000002070B50546D7F7C6FDF1
:10F6400004462846D7F7BEFD0646DDF795FC293C63
:10F65000E4B2012C00D970BD054600213046FCF70C
:10F660005BFF2846FFF7E6FE2846FFF79BFEF2E722
:10F67000436C8B427BD0F0B583B004460D463C4BC7
:10F680001E68406AFCF744FAB047002DB8BF2D1839
:10F690000646A84204DB47F6FF739D4218BF2E467C
:10F6A00066642046DAF710FF572200212046DCF777
:10F6B0009FFC054601AA3146606AFCF731FAB5F9AC
:10F6C0000860BDF906502046DBF7F3F985422CDBD4
:10F6D0002046D9F746FE0746BDF906503544204678
:10F6E000DBF7E7F92D1ABD4226DCBDF904502046B0
:10F6F000DBF752FA854229DB2046D9F715FE07468B
:10F70000BDF9045035442046DBF746FA2D1ABD42B8
:10F7100023DCBDF80430A4F840302046FFF742FE59
:10F720002046FFF787FE03B0F0BD0122BDF90610A9
:10F730002046DBF7A5FCCBE7BDF806103144C91B1A
:10F74000012209B22046DBF79BFCCEE70122BDF97E
:10F7500004102046DBF780FCCEE7BDF804301E44E1
:10F76000F11B012209B22046DBF776FCD1E7704796
:10F77000B800002038B50C4691F860300025CD6205
:10F780000D6340F2DC528A874D638D6391F85420FB
:10F790000121616442F0030284F85420A4F840502F
:10F7A00003F0F30365F3410384F860306562A562FA
:10F7B0002046FCF797F9606242F26401D9F7A2FC97
:10F7C0000B49606AFCF7A8FE2B462A460949606A85
:10F7D000D7F718FD4FF480612046D8F7D3FE2946AD
:10F7E0002046FFF745FF2046FFF7DCFD38BD00BF90
:10F7F0007854030839F6020890F8543061F3410355
:10F8000080F85430704790F86030C3F3C0038B42E7
:10F8100035D010B50446D9B990F8603023F008030C
:10F8200080F8603042F26401406AD9F76BFC002234
:10F830001146606ADDF7AFFA002204212046DDF7A9
:10F8400021F800231A4619462046DBF72DFC10BD8F
:10F8500090F8603043F0080380F8603042F2D171D4
:10F86000406AD9F74FFC002242F26401606ADDF77A
:10F8700092FA42F2D1712046D9F75BFCE1E770477A
:10F8800008B590F8603013F0040F01D0C06A08BDCD
:10F89000406AFCF73DF9FAE7406C70470346006B9D
:10F8A00000B1704700B585B0572200211846DCF73B
:10F8B0009FFB002342F222026946F3F7EDF910B9EB
:10F8C000024805B000BD0248FBE700BF1C58030812
:10F8D000CC5903082DE9F84F90F8603013F0040F6D
:10F8E00001D1BDE8F88F0646406AFCF711F9164BC6
:10F8F0001B68984780460028F3D03046FFF7CEFFBC
:10F900008146D0F7CDFC074600FB08FB0BF1010058
:10F91000F5F758F98246054600243A4649462846F6
:10F92000F5F7E4F901343D44A045F6D100230AF887
:10F930000B305146706AFCF7EFFD5046F5F7A4F91D
:10F940003046FFF777FDCCE7B800002030B593B024
:10F950000446838F1BB9FFF7BDFF13B030BD01AD67
:10F960002846F3F773FF0194084B0293A38F0C937F
:10F97000002309930A9301230B93054B0893054B2E
:10F9800004932846F3F7B4FFE7E700BF47F3020804
:10F99000413A020899F9020808B50068FFF79AFF92
:10F9A00008BD90F86000C0F3C000704710B5044671
:10F9B000406AFDF7ADF94FF6FF7398420AD04FF653
:10F9C000FF71606AFCF79AF84FF6FF71606AFCF706
:10F9D0009AF810BD606AFDF79DF94FF6FF739842E3
:10F9E000EDD1F6E721B32DE9F04182B005460C4692
:10F9F00090F8603013F0040F1BD16B6BE3B1002360
:10FA0000019323788BB10DF104082F4F2F4E3B68E3
:10FA1000414620469847336898470146284600F0FB
:10FA200079F8019BE35C002BF1D102B0BDE8F081D5
:10FA3000FEE7FFF74FFFE0E7AB6B002BDFD121467E
:10FA4000284600F047F80128EFD1AB6A23B1686A75
:10FA5000FCF75EF80378DBB12246696C686AFDF753
:10FA60005BF92846FFF7A2FF95F8603013F0040F0A
:10FA700012D16E6C164B1B68204698478119284698
:10FA8000FFF7F6FD00221C212846D7F779FBCCE7CB
:10FA90002846D9F788FEDFE7EF6A3846D0F700FC42
:10FAA00006462046D0F7FCFB311801313846F5F701
:10FAB00071F8E86238B12246696CF7F7F9FA28461E
:10FAC000FFF744FFD5E7FEE7C8000020CC00002088
:10FAD000B800002070B506460C460D4D00232B6083
:10FAE0000A461D21D7F74CFB2D6875B1287828B13F
:10FAF00021462846D0F774FB08B9012070BD29467D
:10FB00003046FFF76FFF0020F8E70120F6E700BF5F
:10FB1000B0920120F0B587B00446019190F86030B2
:10FB200013F0080F03D00A2960D00D295ED0019B85
:10FB300004930023059304A92046FFF7CBFF012877
:10FB400054D1354B1B68002101A898470546A36B8B
:10FB5000002B4DD1636B7BB11B786BB100230393FA
:10FB600003AF2D4E606B039BC35C002B3ED033680C
:10FB7000394698478542F5D194F8603013F0040F68
:10FB800040D1A36A2BB1606AFBF7C2FF0378002B58
:10FB90003CD004AA616C606AFDF7BEF82046FFF70E
:10FBA00005FF94F8603013F0040F15D0E66A304674
:10FBB000D0F776FB054604A8D0F772FB291801316F
:10FBC0003046F4F7E7FFE06220B304AA616CF7F770
:10FBD0006FFA2046FFF7BAFE616C01312046FFF74D
:10FBE00047FD00221C212046D7F7CAFA07B0F0BD16
:10FBF0000A4B1E682046FFF743FEB047A36B9842AE
:10FC0000A8D3F3E72046FFF765FEBAE72046D9F709
:10FC1000CAFDBEE7FEE700BFC8000020B800002014
:10FC2000436C03B9704730B583B004467F23ADF809
:10FC3000043001A9FFF74EFF012801D003B030BD09
:10FC4000606AFBF765FF0546616C01220139F7F731
:10FC500065FA2946606AFCF75FFC2046FFF7A6FEBE
:10FC6000A36A23B1606AFBF753FF0378FBB194F8F2
:10FC7000603013F0040F0FD0616C01220139E06A8B
:10FC8000F7F74CFAE56A2846D0F70AFB411C2846EC
:10FC9000F4F780FF78B1E062616C01392046FFF72C
:10FCA000E7FC00221C212046D7F76AFAC6E7204667
:10FCB000D9F779FDDBE7FEE738B50446456C691CEA
:10FCC000FFF7D6FC636CAB4200D138BD2046FFF78E
:10FCD000A7FFFAE7002953D02DE9F04182B004468E
:10FCE0000D46FFF763FE636B002B4AD02E49606A16
:10FCF000FCF712FC47F6FF712046FFF7B9FC94F8B9
:10FD0000603013F0040F02D0E36A00221A7000235F
:10FD100001932B788BB10DF10408244F244E3B68DE
:10FD20004146284698473368984701462046FFF7E2
:10FD3000F1FE019BEB5C002BF1D1A36A23B1606A59
:10FD4000FBF7E6FE03784BB394F8603013F0040F32
:10FD50000ED02846D0F7A4FA411CE06AF4F71AFF47
:10FD6000E062F8B1294601F0FAFE2046FFF7EEFD09
:10FD700000221C212046D7F703FA02B0BDE8F0812B
:10FD8000FEE7A36B002BB1D12946606AFCF7C4FBE8
:10FD900047F6FF712046FFF76BFCCEE72046D9F708
:10FDA00002FDD1E7FEE700BF78540308C800002039
:10FDB000CC00002008B5416C0131FFF759FC08BDAB
:10FDC000416C01B9704708B50139FFF751FC08BD16
:10FDD00030B583B0054601AA416C406AFBF7A0FE2E
:10FDE000592200212846DCF703F904465722002156
:10FDF0002846DCF7FDF8BDF806301C4401340389C1
:10FE00001C4424B2ADF80640B5F84030ADF80430DB
:10FE1000686AD9F783FA844201DB03B030BD01A9D7
:10FE2000686AFBF795FF0146B5F940402846FFF7A1
:10FE30001FFCA5F84040F0E770B582B0044601AE63
:10FE40003246416C406AFBF76BFE59220021204686
:10FE5000DCF7CEF80546572200212046DCF7C8F82B
:10FE6000BDF8063001335B1B02899B1AADF80630E2
:10FE7000B4F84030ADF804303146606AFBF768FFF3
:10FE80000146B4F940502046FFF7F2FBA4F8405079
:10FE900002B070BD2DE9F0479CB00D46AE48D7F7D3
:10FEA000A7F8012802D01CB0BDE8F0872846D7F794
:10FEB0008DF904462846D7F785F90646631E172BA9
:10FEC000F1D801A252F823F0C5FF0208C5FF0208CD
:10FED000C5FF0208A7FE0208A7FE0208A7FE020847
:10FEE000A7FE0208C5FF0208A7FE0208A7FE020837
:10FEF000A7FE0208A7FE02082FFF020829FF02083A
:10FF0000A7FE0208A7FE0208A7FE0208A7FE020835
:10FF1000A7FE0208A7FE02087D010308A7FE02084B
:10FF2000A7FE020833020308FFF73CFABBE72846A6
:10FF3000D7F750F90168142910D8012938D98B1E38
:10FF4000122B35D8DFE803F024293434343420343C
:10FF50002F343434343434181C1014007F2927D142
:10FF60003046FFF7A9FE9EE73046FFF723FF9AE7EA
:10FF70003046FFF725FF96E73046FFF75DFF92E733
:10FF80003046FFF725FF8EE73046FFF749FE8AE748
:10FF900000213046FFF76CFB85E747F6FF713046DE
:10FFA000FFF766FB7FE796F8603013F0080F03D188
:10FFB0003046FFF7AFFD76E700221F213046D7F726
:10FFC000DFF870E7D7F74EFB064600283FF46BAF2B
:10FFD0002846D7F7F7F8044690F8543013F0020F8C
:10FFE0003FF461AF3046D7F743FB02283FF45BAFE5
:10FFF0003046D7F73DFB04283FF455AF0EA9606AA1
:020000040803EF
:10000000D9F721F902A93046D7F7A3FB04A9304656
:10001000D7F7D2FBBDF90830002BFFF644AFBDF98E
:100020000A20002AFFF63FAFBDF838105B1AADF882
:100030001830BDF83A30D21AADF81A202846D7F752
:10004000C5F80546606AD9F763F9666ABDF91830E4
:10005000002B14DB984203DC012347F6FF7710E006
:100060000DF1180841463046FBF772FE87B2414653
:10007000606AFCF721FD80F00103DBB201E001239F
:10008000002794F8602012F0020F28D012F0010F20
:1000900011D14BBB012D7FF406AFA7654FF6FF735F
:1000A000E36542F0010384F860304FF4407120466C
:1000B000D7F7E2FF1BE0022D0FD0032D01D0082D52
:1000C00015D14FF440712046D8F75CFA94F86030AF
:1000D00013F0010F3FF4E7AE09E0E76507E094F89D
:1000E000603013F0010F02D1012D7FF4DCAE3946F0
:1000F0002046FFF7BDFA94F8603013F0010F3FF48B
:10010000D2AEA36DE26D934217D9F16B8A4202D150
:10011000316C8B4205D0F263A36D33642046D9F76E
:1001200042FB032D02D0082D7FF4BDAE94F8603061
:1001300023F0010384F86030B5E693420ED2F16BF0
:100140008B4202D1316C8A42EBD0F363E36D3364AE
:100150002046D9F728FBE4E760360508F26B4FF636
:10016000FF739A4202D1326C9A42DAD04FF6FF7393
:10017000F36333642046D9F716FBD2E72846D7F756
:1001800021F804462846D7F791F80546606AFBF740
:10019000BFFC0378002B7FF486AEA36A002B3FF4EC
:1001A00082AE1B78002B3FF47EAE0EAE3046DEF7FB
:1001B000B5FE32464FF400212046D8F7D4FC94F81F
:1001C000603013F0080F05D09DF8553043F002035E
:1001D0008DF85530122200212046DBF709FF074633
:1001E000102200212046DBF703FF064632220021C1
:1001F0002046DBF7FDFEA38AADF81830E38AADF8A0
:100200001A30238BADF81C30638BADF81E3083B2EF
:100210009A193B4406AE12B219B23046F3F767FCA6
:10022000A36A0022009232460EA92846DEF7A8FEF5
:1002300039E62846D6F7C6FF04462846D7F736F8EB
:100240000646606AFBF764FC074694F8543013F0E6
:10025000010F3FF428AE0EAD2846E0F7F3FB2A4627
:100260004FF4E0212046D8F7FDFAB4F94A10B4F96A
:100270004CE0B4F94EC0606A828AB4F84830134446
:10028000ADF80830C38A1944ADF80A107244ADF8CD
:100290000C206344ADF80E3002AA29463046E0F740
:1002A0001BFC32224FF4E0212046DBF7A1FE05467D
:1002B00012224FF4E0212046DBF79AFEADB205EBA7
:1002C00000081FFA88F810224FF4E0212046DBF7DF
:1002D0008FFE0544ADB20DF1100A4FF00009CDF8C4
:1002E0001090CDF81490236D1F441A4B1B683846AC
:1002F0009847024639465046F4F7F8FCBDF80830F6
:100300009844ADF80880BDF80A301D44ADF80A5095
:1003100055224946606ADBF76BFE85B206AF384668
:10032000DEF7FCFD3A464FF4E0212046D8F71BFCEF
:100330009DF83B30022B04D8BDF82430AB423FF48B
:10034000B2AD0023009304AB02AA06A93046DEF743
:1003500017FEA8E5D000002038B5D1F727FF0446E6
:10036000094BD868FBF7D4FB01462046CFF738FF8E
:1003700000B938BD044BD868044D28602146FCF70D
:10038000CBF800232B60F4E7B8920120B49201204F
:1003900038B5D1F70FFF04462A4B9869FBF7B8FB35
:1003A00001462046CFF71CFF20BBD1F707FF0446CC
:1003B000244BD869FBF7ACFB01462046CFF710FF72
:1003C00010BBD1F703FF04461E4B586AFBF7A0FB96
:1003D00001462046CFF704FF00BBD1F7F3FE0446E9
:1003E000184B986AFBF794FB01462046CFF7F8FEBE
:1003F000F0B938BD134B9869134D28602146FCF7BE
:100400008BF800232B60D0E70E4BD8690E4D286087
:100410002146FCF781F800232B60D2E7094B586A8C
:10042000094D28602146FCF777F800232B60D4E7BC
:10043000044B986A044D28602146FCF76DF80023B0
:100440002B60D6E7B8920120B4920120F8B50020C5
:10045000D7F706FE05463B4F386000221146D8F715
:1004600047FE8022A0212846D8F77AFE00242246A3
:1004700021462846DCF7D5FC3C224FF47A71284609
:10048000F2F71AF90646B8600C222E21D8F730FE92
:10049000452211463046D8F763FE4BF664013046DC
:1004A000D7F7EAFD224648F652513046DCF7DFFC2A
:1004B000224696213046DCF7EBFC2846FBF712FB80
:1004C0000646F86051222921D8F712FE42F2D17275
:1004D00011463046D8F744FE224641F604713046B4
:1004E000DCF7DDFC18493046FCF716F82846FBF728
:1004F000F9FA0546386161222721D8F7F9FD42F261
:10050000D17211462846D8F72BFE224621462846AE
:10051000DCF787FC22464FF0FF312846DCF7BFFCB2
:1005200022460A492846DCF7D2FC224621462846C4
:10053000DCF7D4FC06492846FCF752F8FFF70CFF1D
:10054000F8BD00BFB8920120785403088CDE04087F
:10055000D05903082DE9F84F0020D7F781FD064652
:10056000D34F786000221146D8F7C2FD8022A02127
:100570003046D8F7F5FD4BF274313046D7F77CFDA5
:1005800000213046DAF72AFA00213046DAF739FA44
:100590000024224621463046DCF743FC3046F9F77A
:1005A0004BFC0546786122460821D8F7A1FD692257
:1005B00091212846D8F7D4FDDFF800A351462846FC
:1005C000D7F75AFD21462846DAF708FA2146284689
:1005D000DAF717FA21462846DAF723FA21462846A1
:1005E000DAF72AFA224644F66B512846DCF719FC62
:1005F0002246FF212846DCF725FC3046FBF772FA3D
:100600000546B86174222146D8F772FD42F2D172D4
:1006100011462846D8F7A4FD4BF674312846D7F783
:100620002BFD21462846DAF7D9F921462846DAF784
:10063000E8F921462846DAF7F4F921462846DAF7A0
:10064000FBF94FF6FF79224649462846DCF727FC9E
:10065000DFF86CB2224659462846DCF738FC2246C1
:10066000FF212846DCF72CFC22461E212846DCF719
:10067000CAFB224605212846DCF7CCFB22464FF078
:10068000F8012846DCF7CDFB2246FF212846DCF79F
:10069000D9FBDFF8308241462846FBF73DFF304664
:1006A000FBF720FA0546F86174226C21D8F720FD8B
:1006B00042F2D17211462846D8F752FD4BF67431FA
:1006C0002846D7F7D9FC224621462846DCF7E7FB27
:1006D000224659462846DCF7FAFB2246FF212846E7
:1006E000DCF7EEFB224611212846DCF78CFB224684
:1006F00005212846DCF78EFB2246FF212846DCF741
:10070000A1FB22464EF207112846DCF78AFB414640
:100710002846FBF701FF3046FAF72CFD0546692213
:100720002146D8F7E5FC42F2D17211462846D8F7A7
:1007300017FD60492846FAF729FD51462846D7F7A4
:100740009BFC2246FF212846DCF78AFB22462146F5
:100750002846DCF74AFB22460A212846DCF730FB14
:10076000224621462846DCF747FB22463C21284604
:10077000DCF718FB3046FBF7B5F905463862762200
:100780003D21D8F7B5FC42F2D17211462846D8F780
:10079000E7FC224649462846DCF781FB2246FF213A
:1007A0002846DCF78DFBDFF8209122464946284693
:1007B000DCF78DFB224621462846DCF78FFB2246DC
:1007C00016212846DCF71FFB224605212846DCF7C8
:1007D00021FB39492846FBF703FF3046FBF782F936
:1007E000054678626A224121D8F782FC42F2D17232
:1007F00011462846D8F7B4FC4BF674312846D7F793
:100800003BFC45F6057B224659462846DCF747FB6C
:10081000224649462846DCF75AFB2246FF21284655
:10082000DCF74EFB2246FF212846DCF70BFB44F6A3
:100830004A1A224651462846DCF7F3FA4146284632
:10084000FBF76AFE3046FBF74DF90546B8626A22AF
:100850006C21D8F74DFC42F2D17211462846D8F7E8
:100860007FFC4BF674312846D7F706FC22465946E2
:100870002846DCF714FB224649462846DCF727FBCE
:100880002246FF212846DCF71BFB2246FF21284693
:10089000DCF7D8FA224651462846DCF7C2FA414630
:1008A0002846FBF739FEFFF773FDBDE8F88F00BF60
:1008B000B89201207C360508DC59030874BB01009E
:1008C000FCB9040878540308D4130508012800D99A
:1008D000704708B5024B53F82030984708BD00BF59
:1008E000F000002030B583B0F2F7ECFD044605209F
:1008F000F3F7FCFC05460020F3F7F8FC0246084B32
:100900000093012329462046E9F7AAFD0146204627
:10091000D6F7B2F9FFF79AFDFFF71CFE03B030BD22
:100920008CDE040800B583B0013800B2084B188093
:10093000B0F1FF3F1ABF074B53F8200000200023FF
:100940000093C8220921D6F7C7F903B000BD00BF44
:10095000F8000020B892012008B5FFF7C3FF01207E
:10096000FFF7E0FF08BD000008B5034BB3F9000036
:10097000FFF7ACFF08BD00BFF8000020024B0146A6
:10098000186800F025B800BF0801002070B50F4EB0
:100990000C463168054611B901F092F830602146E5
:1009A000284601F08DF8431C03D14FF0FF34204658
:1009B00070BDC41C24F00304A042F8D0211A2846BC
:1009C00001F07EF80130F2D1EFE700BFE4920120A0
:1009D0002DE9F843CD1C25F0030508350C2D38BF53
:1009E0000C25002D064601DBA94204D90C233360F7
:1009F0000020BDE8F883DFF8D48000F069F8D8F86B
:100A000000301C4644BB29463046FFF7BFFF431C5D
:100A1000044658D1D8F800402746002F43D1002C77
:100A20004BD023683946304604EB030901F048F8FF
:100A3000814542D121686D1A29463046FFF7A6FF4D
:100A400001303AD023682B442360D8F800305A682C
:100A500062BBC8F800700FE02268521B20D40B2A3A
:100A600017D96119A342256018BF5960636808BF90
:100A7000C8F8001062514B60304600F02FF804F1C6
:100A80000B00231D20F00700C21A1CBF1B1AA35025
:100A9000AFE76268A3420CBFC8F800205A60EBE7DA
:100AA00023466468AEE73C467F68B6E71A465B6853
:100AB000A342FBD100235360DEE70C2333603046B2
:100AC00000F00CF894E70560D6E700BFE89201203B
:100AD000014801F042B800BF2C940120014801F008
:100AE0003DB800BF2C9401202DE9FF4757EC106B57
:100AF000002F0C4619463B46BBBF07F100431F467B
:100B000000232D230B700D9BDDF830A0914623F0C0
:100B10002008BCBF32461646B8F1460F05D0B8F1E2
:100B2000450F00D10134022100E0032103AB019302
:100B300002AB009347EC106B5346224601F0D4F809
:100B4000B8F1470F054619D119F0010F0ED000EB8F
:100B500004090022002330463946CFF7CDFF08B103
:100B6000CDF80C903022039B4B451ED3039B0E9A6D
:100B70005B1B2846136004B0BDE8F087B8F1460F50
:100B800000EB0409E5D10378302B0AD100220023C1
:100B900030463946CFF7B0FF18B9C4F10104CAF89E
:100BA0000040DAF800309944D3E7591C03911A70D9
:100BB000D9E7F7B50029BABF49422D232B230929CC
:100BC0000270437029DD0DF1070425460A272246ED
:100BD000B1FBF7F607FB1613303302F8013C0B4666
:100BE000632B04F1FF343146F1DC3031931E04F8FD
:100BF000011C411C1C46AB420AD30DF109039B1A90
:100C0000A54238BF0023821C1344181A03B0F0BD5C
:100C100013F8016B01F8016FEDE730233031837079
:100C2000C170031DF1E700002DE9F04F8DB00C46B7
:100C3000DDF8588016461F46054600F009FF036898
:100C400006931846CFF72CFB00230A93D8F8003000
:100C500094F818A0D4F800B00790073323F00703E6
:100C6000B3EC027B8DED047BC8F80030DDE9048332
:100C700023F0004984ED127B9C4B4FF0FF3240463D
:100C80004946CFF76BFF70BB984B4FF0FF324046A1
:100C90004946CFF745FF30BBDDE9040100220023C0
:100CA000CFF734FF10B12D2384F84330904A914B95
:100CB000BAF1470F8CBF90469846032323612BF06F
:100CC000040323604FF00009009733460BAA214626
:100CD000284600F0D1F9013040F08C804FF0FF3011
:100CE0000DB0BDE8F08FDDE9042310461946CFF7BB
:100CF00035FF40B1059B804A002BBCBF2D2384F8F3
:100D000043307E4BD4E763685A1C0AF0DF093BD1BD
:100D1000062363604BF480620023226003930AABD6
:100D2000CDE901A309AB009361689DED040B0DF1C2
:100D300023032846FFF7D8FEB9F1470F09998046EB
:100D400029D1C81C02DB63688B4241DAAAF1020A8E
:100D50005FFA8AFA0139524604F150000991FFF70F
:100D600028FF0A9A1318012A8146236102DC2268AF
:100D7000D20701D5013323619DF82330002BA3D086
:100D80002D2384F843309FE7B9F1470FC2D1002BE0
:100D9000C0D10123BDE7BAF1650FDBD9BAF1660F07
:100DA00018D1002963680BDD216113B92268D007CF
:100DB00002D501330B442361A1654FF00009DBE745
:100DC00013B92268D20701D50233F4E70123F2E711
:100DD0004FF0670A0A9B8B4205DC23682161D80724
:100DE000EAD54B1CE7E70029D4BFC1F1020201227A
:100DF0001344E0E723685A0507D423694246314685
:100E00002846B84701302BD168E7BAF1650F40F2A8
:100E1000DD80D4E9120100220023CFF76DFE002807
:100E200033D0374A012331462846B84701303FF4D2
:100E300055AFDDE90938434502DB2368D8070FD5F4
:100E4000DDE9062331462846B84701303FF446AF76
:100E50004FF0000908F1FF3804F11A0AC84509DC0F
:100E600023689B0700F10381E0680B9B9842B8BFA1
:100E7000184635E70123524631462846B847013027
:100E80003FF42CAF09F10109E8E7099B002B39DC9D
:100E90001B4A012331462846B84701303FF41EAFB4
:100EA000DDE9093959EA030302D12368D907D7D507
:100EB000DDE9062331462846B84701303FF40EAF3E
:100EC0004FF0000A04F11A0B099B5B42534501DC09
:100ED0004B4693E701235A4631462846B84701302E
:100EE0003FF4FCAE0AF1010AEEE700BFFFFFEF7F1F
:100EF0002C450508284505083445050830450508F2
:100F000038450508A36DDDF828A05345A8BF534612
:100F1000002B994636DC4FF0000B29EAE97904F101
:100F20001A02A36D0493A3EB09035B4531DC099B13
:100F30009A453ADC2368DA0737D4099BAAEB030900
:100F4000049BAAEB03039945A8BF9946B9F1000F8A
:100F500033DC4FF0000829EAE97904F11A0B099B08
:100F6000AAEB0303A3EB090343457FF779AF012302
:100F70005A4631462846B84701303FF4AFAE08F133
:100F80000108ECE7424631462846B8470130C2D155
:100F9000A4E60123314628460492B84701303FF4C5
:100FA0009DAE049A0BF1010BBBE7DDE90623314648
:100FB0002846B8470130C0D190E6049A4B464244D7
:100FC00031462846B8470130C3D187E6DDF828A06E
:100FD000BAF1010F01DCDB0736D501234246314669
:100FE0002846B84701303FF479AEDDE906233146A3
:100FF0002846B84701303FF471AED4E9120100220F
:1010000000230AF1FF3ACFF777FDC0B9534608F144
:10101000010231462846B84701300CD15EE6012373
:101020005A4631462846B84701303FF457AE08F1DA
:101030000108D045F3DB4B4604F15002DFE64FF0E8
:10104000000804F11A0BF4E701234246E1E701230B
:101050004A4631462846B84701303FF43FAE08F1D2
:101060000108E3680B995B1A4345F0DCFCE64FF09E
:10107000000804F11909F4E72DE9F04716469846EF
:101080008A680B69DDF820909342B8BF134633603D
:1010900091F8432007460C460AB1013333602368B8
:1010A000990642BF336802333360256815F00605A0
:1010B00006D104F1190AE36832689B1AAB4226DCB8
:1010C00094F843302268003B18BF012392062BD4CA
:1010D00004F1430241463846C84701301ED0236818
:1010E000226903F00603042B02BFE5683368ED1A9A
:1010F000A3680CBF25EAE57500259342C4BF9B1A7F
:10110000ED1800261A34B5421AD1002008E0012358
:10111000524641463846C847013003D14FF0FF30B0
:10112000BDE8F0870135C6E7E1185A1C302081F888
:101130004300224494F8451082F843100233C7E775
:101140000123224641463846C8470130E6D00136E1
:10115000D9E700002DE9F0430D7E85B0782D90464B
:101160000C9E07460C46994601F1430207D8622DB2
:101170000AD8002D00F0D780582D00F0BC8004F173
:10118000420684F842503BE0A5F16303152BF6D8E4
:1011900001A151F823F000BFF11103080512030863
:1011A0007F1103087F1103087F1103087F110308D3
:1011B000051203087F1103087F1103087F1103083C
:1011C0007F1103080D1303082F120308BF12030831
:1011D0007F1103087F1103082F1303087F110308F1
:1011E0002F1203087F1103087F110308C712030899
:1011F00033681A1D1B68326004F1420684F84230DD
:101200000123A1E033682068191D3160060601D56D
:101210001D6803E04506FBD5B3F90050002D03DA45
:101220002D236D4284F843305B480A2311E0216886
:101230003368080653F8045B02D4490648BFADB2D0
:101240003360237E54486F2B5CD10823002184F83F
:1012500043106668A660002E05DB21682E4321F04E
:101260000401216050D01646B5FBF3F103FB115C7D
:1012700010F80CC006F801CDAC4663450D46F3D915
:10128000082B0BD12368DB0708D5236961689942D5
:10129000DEBF302306F8013C06F1FF36921B2261C7
:1012A000CDF80090434603AA21463846FFF7E4FEF6
:1012B00001304ED14FF0FF3005B0BDE8F083236818
:1012C00043F0200323603548782584F8455023688F
:1012D000316813F0800F51F8045B03D113F0400F15
:1012E00018BFADB23160D90744BF43F0200323607B
:1012F0001DB11023AAE72848E7E7236823F020035D
:101300002360F6E70A23A1E71646B9E733682568A4
:101310006169181D30602E061B6801D5196002E056
:101320006806FBD51980002323611646B8E73368A9
:101330001A1D32601E68626800213046CEF760FFD9
:1013400008B1801B606063682361002384F8433028
:10135000A6E72369324641463846C8470130A9D03E
:1013600023689B0713D4E068039B9842B8BF1846D4
:10137000A2E70123324641463846C847013099D09A
:101380000135E36803995B1AAB42F2DCEBE7002519
:1013900004F11906F5E700BF3A4505084B45050875
:1013A0002DE9F04F87B0914603938B685A1EB2F532
:1013B000AE7F81BF6FF4AE7503EB050B40F25D139A
:1013C0008B600B680A464FF0000543F4F06342F867
:1013D0001C3BCDE9045580460C4698BF4FF0000BEE
:1013E00001921646AA462F460295A2685AB1D9F82C
:1013F00000301B784E2B63D8402B3BD8A3F12B0138
:10140000C8B20E2839D91FB1236823F48073236032
:101410000AF1FF3ABAF1010F00F21481019B9E42DA
:1014200000F20581012007B0BDE8F08FA3F1610251
:101430000D2AE8D801A151F822F000BF8515030854
:10144000071403080714030807140308E115030829
:10145000BB150308071403080714030893150308B2
:1014600007140308071403080714030807140308E4
:101470004F150308A3F14102DAE70E29C3D801A0F2
:1014800050F821F03F150308071403083F1503081F
:10149000CF15030807140308E114030825150308F2
:1014A0002515030825150308251503082515030828
:1014B0002515030825150308251503082515030818
:1014C0006E2B09D8602BB1D8542B7BD0592B9AD1D5
:1014D000072D98D108252FE0742B73D0792BF6E7D0
:1014E0002168C8051ED521F0800121600137BBF1BC
:1014F000000F03D001320BF1FF3BA260A368013B58
:10150000A360236901332361D9F80430013B002B28
:10151000C9F8043040F38280D9F800300133C9F8AB
:10152000003062E71AEB05017FF46DAF226822F408
:10153000C07222600D468A4606F8013BDEE722684B
:1015400010067FF560AF22F080022260F4E7BAF166
:10155000000F0CD177B9226802F4E061B1F5E06FB9
:1015600008D122F4F06222604FF0010AE4E7BAF1F8
:10157000020F50D0012D02D0042D7FF444AF01356D
:10158000EDB2D9E7BAF1010F7FF43DAF4FF0020A97
:10159000D2E775B9002F7FF437AF226802F4E0611B
:1015A000B1F5E06F40F0028122F4F0622260012583
:1015B000C2E7032DE3D0052DDFE7022D7FF423AF33
:1015C0000325B9E7062D7FF41EAF0725B4E722688F
:1015D00091057FF518AF22F4207222600297ABE7E5
:1015E000226802F4A061B1F5806F05D050057FF547
:1015F0000AAF002F00F0DA80910558BF029922F45B
:10160000F06258BF791A42F4C07258BFCDE904168F
:101610002260002790E74FF0030A8DE7D4F880316D
:1016200049464046984700283FF4DFAEEBE6D4F841
:101630007C3116F8011D4A46404698472369013B14
:101640002361EBE66B1E062B24D8022D36D8019BB6
:101650009E427FF6E7AED4F87C3116F8011D4A466B
:10166000404698472369013B2361F0E7D4F87C3179
:101670001BF8011D4A46404698472369013B2361F8
:101680000AF1FF3A5FFA8AFABAF1020FEED1033D8E
:10169000EDB2761B2368DA0530D55D0511D5019BC7
:1016A0009E427FF6BFAED4F87C3116F8011D4A4643
:1016B000404698472369013B2361F0E7AA46B346B9
:1016C000DEE716F8011C2369652903F1FF3306F1F3
:1016D000FF3523610CD045290AD0D4F87C314A4625
:1016E00040469847236916F8021C013BB51E23614A
:1016F000D4F87C314A46404698472E46226812F07C
:10170000100201D000208EE63270236803F4C0631B
:10171000B3F5806F24D1029B9F420AD0DA1B04F2FA
:101720006F139E4228BF04F5B7762149304600F07A
:1017300007F901990022404602F0AEFB039B2168A5
:101740001B68880757EC106B03F1040215D5039949
:101750000A601B68C3E90067E3680133E360D1E70F
:10176000049B002BE5D005990A230131404602F085
:1017700013FC049B059EC21AD1E711F0040F0399D4
:101780000A60E6D11D6832463B4630463946CFF7FF
:10179000E5F928B1074800F0F9F985ED000ADBE723
:1017A00030463946CFF738FA2860D5E700272FE6CC
:1017B0005C4505089C450508002310B50446C0E9B2
:1017C0000033C0E90433836081814366C281836151
:1017D000194608225C3000F032F90D4B63620D4B64
:1017E000A3620D4BE3620D4B23630D4B24629C42BD
:1017F00006D003F16802944202D0D0339C4205D156
:1018000004F15800BDE8104000F0A6B910BD00BFBB
:1018100085190308A7190308DF190308051A030827
:10182000EC920120024A0349034800F06BB800BF64
:10183000FC000020514303080C01002041680C4BC0
:10184000994210B5044601D002F082FDA168094B0F
:10185000994202D0204602F07BFDE168064B994296
:1018600004D02046BDE8104002F072BD10BD00BF9C
:10187000EC92012054930120BC9301200C4B0D4AA3
:101880000D4810B504211A600022FFF795FF0A4B9E
:1018900001221C46092103F16800FFF78DFF04F1C6
:1018A000D0000222BDE810401221FFF785BF00BF23
:1018B0002494012025180308EC920120014800F02F
:1018C0004CB900BF2D940120014800F047B900BF7A
:1018D0002D94012010B50446FFF7F0FF236A1BB1D9
:1018E000BDE81040FFF7F0BF044B2362044B1B68B8
:1018F000002BF5D1FFF7C2FFF2E700BF3D18030848
:10190000249401202DE9F843074688461446002612
:10191000D4E90195B9F1010905D52468002CF7D166
:101920003046BDE8F883AB89012B07D9B5F90E30F5
:10193000013303D029463846C04706436835E9E7F6
:101940000EB410B59DB01FAB029006906FF0004131
:101950000A48079104910A4953F8042B0591002481
:1019600002A9006801931B9402F078FB029B1C7093
:101970001DB0BDE8104003B0704700BF0801002053
:101980000802FFFF10B50C46B1F90E1000F086F802
:101990000028ABBF636DA3891B1823F48053ACBF31
:1019A0006365A38110BD2DE9F0411F468B89DB05DE
:1019B00005460C46164605D5B1F90E100223002245
:1019C00000F05AF8A389B4F90E1023F48053A381D0
:1019D00032463B462846BDE8F04100F081B810B5DC
:1019E0000C46B1F90E1000F047F8B4F90C30421C67
:1019F0000BBF23F4805343F48053A381A38118BF0A
:101A0000606510BDB1F90E1000F026B8884210B51F
:101A100001EB020402D98442234607D8431EA142A7
:101A200007D011F8012B03F8012FF8E70244824296
:101A300000D110BD13F8011D02F8011DF7E70244A3
:101A40000346934200D1704703F8011BF9E70000F9
:101A5000004870474802002038B5064D0023044670
:101A600008462B60D0F7C2FF431C02D12B6803B19C
:101A7000236038BD2894012038B5074D0446084638
:101A8000114600222A601A46D0F7BAFF431C02D141
:101A90002B6803B1236038BD2894012038B5074D69
:101AA00004460846114600222A601A46D0F784FFF1
:101AB000431C02D12B6803B1236038BD2894012058
:101AC00038B5064D0023044608462B60D0F79AFF30
:101AD000431C02D12B6803B1236038BD2894012038
:101AE00038B5074D04460846114600222A601A46BA
:101AF000D0F76FFF431C02D12B6803B1236038BDC0
:101B000028940120014B1868704700BF080100208D
:101B100070B50D4B0D4D5B1B9C100026A64209D1E4
:101B200003F0A8FA0A4D0B4B5B1B9C100026A64243
:101B300005D170BD55F8043B98470136EEE755F8DE
:101B4000043B98470136F2E75C4905085C49050803
:101B50005C490508604905087047704770470346AF
:101B600011F8012B03F8012B002AF9D170470A4420
:101B7000914200F1FF3300D1704710B511F8014BCD
:101B800003F8014F9142F9D110BD00009FED010A09
:101B9000704700BF0000C07F1FB514461A46094BAE
:101BA0001B680546D8684CB1074B0091CDE901345C
:101BB00006492B4602F0F4FB02F01EFC044B1C46C7
:101BC000F3E700BF08010020614505086E450508E0
:101BD0009C4505082DE9F74F03690C69A3420746A8
:101BE0007EDB013C01F11408A30000F11405009311
:101BF00005EB8403019358F8243055F82420013371
:101C00009A4208EB8409B2FBF3F62ED34FF0000A98
:101C1000C446AE46D3465CF8043B98B206FB00A02F
:101C2000020C1B0C06FB0323DEF8002080B292B2EC
:101C3000121A5A44DEF800004FEA134A9BB2C3EB73
:101C4000224303EB104392B242EA0342E1454EF8CD
:101C5000042B4FEA234BDED2009BEB582BB9019BA0
:101C6000043B9D421A462FD33C61384601F028F9C7
:101C7000002825DB2946002058F8042BD1F800C0A5
:101C80001FFA82FE1FFA8CF3A3EB0E030344120C1F
:101C9000C2EB234202EB1C429BB243EA0243C14522
:101CA00041F8043B4FEA2240E6D255F8242005EBE8
:101CB000840322B9043B9D421A460BD33C61013692
:101CC000304603B0BDE8F08F1268043B002ACBD148
:101CD000013CC6E71268043B002AEFD1013CEAE769
:101CE0000020EEE7000000002DE9F04F99B08DEDE7
:101CF0000E0B0C92C269229C0A9157EC106B814624
:101D0000139382B91020FEF739FE0246C9F81C0071
:101D100020B9AB4BEF21AB48FFF73EFF0023C0E9F2
:101D200001330360C360116859B152684A600123EE
:101D300093408B60484600F03BFED9F81C300022EF
:101D40001A60B7F10008B5BF0123002323602360A8
:101D50009D4BBCBF28F00048CDF83C8033EA080317
:101D60001AD1139AC8F3130842F20F7358EA0608FF
:101D7000136000F06885239B53B9944B21E0944B8A
:101D800000930833239A1360009819B0BDE8F08FD0
:101D90008E4B00930333F5E79DED0E7B002251EC53
:101DA000170B00238DED067BCEF7A6FE824650B1C1
:101DB000139A01231360239B13B1239A854B13605D
:101DC000854B0093E0E79DED060B16AA17A9484640
:101DD00001F09AF95FEA1854169D019079D0079B9B
:101DE000CDF850A0C3F31303DDE9060143F07F53A0
:101DF00043F44013A4F2FF3419460022774BCEF788
:101E00005BFA69A3D3E90023CEF70EFC68A3D3E9FC
:101E10000023CEF753FA064620460F46CEF79AFB2C
:101E200065A3D3E90023CEF7FFFB02460B463046FD
:101E30003946CEF743FA06460F46CEF7A5FE0022F6
:101E40008046002330463946CEF760FE48B1404612
:101E5000CEF780FB32463B46CEF74EFE08B908F17E
:101E6000FF38B8F1160F51D85D4B03EBC803D3E927
:101E70000023DDE90601CEF749FE002848D008F12D
:101E8000FF38002312932D1B6B1E089343BF0023C2
:101E9000C5F1010708930027B8F1000F3ADB089B52
:101EA000CDF8348043440893002309930A9B092BFF
:101EB00062D8052BC4BF043B0A930A9BA3F102031B
:101EC000CCBF00240124032B62D8DFE803F0515378
:101ED000362B179C2C4404F23243202BC1BFC3F194
:101EE000400308FA03F804F2124326FA03F3D6BFBC
:101EF000C3F1200348EA030006FA03F0CEF71AFB09
:101F00000122A1F1F873013C149275E70123B9E7AE
:101F10001290B8E7C8F1000309930023A7EB080764
:101F20000D93C3E701230B930C9B434405930133AB
:101F3000012B0493B8BF012306E001230B930C9BF4
:101F4000002B28DDCDE90433D9F81C000021042240
:101F500002F114059D4223D94160484600F0EAFC95
:101F60000090002840D11F4B024640F2AF11D2E64C
:101F70000023E3E70023D6E701240023CDE90A3458
:101F80004FF0FF33CDE90433002212230C92DBE73C
:101F900001230B93F4E70123CDE904331A46F5E757
:101FA00001315200D4E700BF61436F63A787D23F7E
:101FB000B3C8608B288AC63FFB799F501344D33F38
:101FC000AA450508C14505080000F07FA64505089B
:101FD0009D45050839450508384505080000F83FC6
:101FE0003847050819460508D9F81C30009A1A60C8
:101FF000049B0E2B00F2A180002C00F09E80B8F113
:10200000000F36DD9E4B08F00F0203EBC20318F4FD
:10201000807FD3E900AB4FEA281516D0994BDDE954
:102020000601D3E90823CEF729FCCDE9020105F02A
:102030000F050324934E75B9DDE9020152465B4654
:10204000CEF71CFC82468B462DE09DED067B0224DC
:102050008DED027BEEE7E90708D550465946D6E9F3
:102060000023CEF7E1FA013482468B466D10083624
:10207000E1E700F0AD80C8F10005814B814E05F02D
:102080000F0203EBC203D3E90023DDE90601CEF71B
:10209000CBFA2D1182468B4600230224002D40F0FE
:1020A0008C80002BCED1129B002B00F09580764BBC
:1020B000002250465946CEF729FD002800F08C80BA
:1020C000049B002B00F08880059B002B35DD08F178
:1020D000FF330293504659466C4B0022CEF7A4FAC8
:1020E000059E82468B4601342046CEF733FA52468F
:1020F0005B46CEF799FA664B0022CEF7DFF804462E
:10210000A1F15075CDE91045002E69D1614B002237
:1021100050465946CEF7D0F822462B4682468B468B
:10212000CEF712FD002840F09482224605F10043CC
:1021300050465946CEF7EAFC20BB179B002BC0F255
:102140006081B8F10E0F00F35C814D4B03EBC803C7
:10215000D3E900AB0C9B002B80F2EE80049B002B9C
:1021600000F3EA800ED14B4B002250465946CEF781
:102170005BFA02460B46DDE90601CEF7D1FC0028EA
:1021800000F06A8200252C460C9B009EDB430293E4
:10219000274600242946484600F00AFC002F00F09C
:1021A000C1802CB1BC4203D02146484600F000FC5F
:1021B0003946484600F0FCFBB4E0EA0705D5D6E90D
:1021C0000023CEF731FA013401236D10083665E79C
:1021D000DDE906AB022466E7049ECDF8088083E7BC
:1021E000274B03EBC60353E902010B9B002B55D091
:1021F00002460B4600202849CEF740FBDDE91023BC
:10220000CEF75AF8009BCDE910019D191E4659469C
:102210005046CEF7B9FC0446CEF79CF902460B4671
:1022200050465946CEF748F83034DDE9102306F819
:10223000014B82468B46CEF769FC002872D152468C
:102240005B4611490020CEF737F8DDE91023CEF7C1
:102250005DFC002840F0B680AE423FF46EAFDDE991
:1022600010010A4B0022CEF7DFF9084BCDE910012F
:10227000002250465946CEF7D7F982468B46C6E72C
:1022800038470508104705080000F03F00002440CB
:1022900000001C40000014400000E03FDDE9102376
:1022A000CEF7C2F9009B009DCDE910013344159390
:1022B00059465046CEF768FC0446CEF74BF9303409
:1022C0000B46024659465046CDF7F6FF05F8014B3E
:1022D000159B9D4282468B4627D1009B0022DDE95B
:1022E00010011E44B34BCDF7E9FF02460B465046A2
:1022F0005946CEF729FC002864D1DDE91023AD4909
:102300000020CDF7D9FF02460B4650465946CEF77E
:10231000FDFB00283FF411AF334616F8012D302A9B
:10232000FAD01E46DDF808803AE0A34B0022CEF733
:102330007BF982468B46BBE7009E52465B46DDE951
:102340000601CEF79BFACEF71FFC0746CEF702F93F
:1023500052465B46CEF768F902460B46DDE90601B8
:10236000CDF7AAFF07F1300C009C06F801CBA6EBD5
:10237000040C049C644502460B4633D1CDF79EFF06
:1023800052465B4604460D46CEF7DEFBC0B95246C8
:102390005B4620462946CEF7AFFB08B1FB070FD4BA
:1023A0000199484600F004FB0023139A337008F1AA
:1023B00001031360239B002B3FF4E6AC1E60E3E4B3
:1023C000CDF8088033461E4613F8012D392A06D170
:1023D000009A9A42F7D1029A0132029230220132D7
:1023E0001A709FE7744B0022CEF71EF902460B4687
:1023F000CDE9062300220023CEF77EFB00289CD0E7
:10240000CEE70B9A002A00F0E3800A9A012A00F333
:10241000C280149A002A00F0BA8003F23343099D67
:102420003E46089A01211A4448461F44089200F08B
:10243000BDFB044656B1089B002B07DDB342089A4A
:10244000A8BF3346FF1AF61AD31A0893099B0BB399
:102450000B9B002B00F0C380002D00F0BD802146B7
:102460002A46484600F062FC019A01460446484666
:1024700000F0B2FB01998246484600F099FA099BA8
:102480005B1B099300F0AE80099A5146484600F064
:102490004DFC01900121484600F088FB0D9B05464C
:1024A000002B00F0D7811A460146484600F03EFC5A
:1024B0000A9B012B054600F39D800E9B002B40F0EC
:1024C00094800F9BC3F31303002B40F08E800F9B6F
:1024D00023F000431B0D1B05002B00F08980089B97
:1024E0000133013708934FF0010A0D9B002B00F0D8
:1024F000B7812B6905EB8303186900F00BFBC0F172
:102500002000089B184410F01F007ED0C0F120036B
:10251000042B72DD089BC0F11C00034407440644F1
:102520000893002F05DD01993A46484600F05AFC11
:102530000190089B002B05DD29461A46484600F00D
:1025400051FC0546129B002B61D00198294600F0F2
:10255000B7FC00285BDA08F1FF33029301990023EE
:102560000A22484600F046FA0B9B0190002B00F02F
:102570007981002321460A22484600F03BFA059B58
:10258000002B044672DC0A9B022B49DC6EE0169B92
:10259000C3F1360343E7049B5D1E099BAB420DDB91
:1025A0005D1B049B002BBFF63BAF049BFE1A002370
:1025B00037E700BF0000E03F00002440099B0D9A70
:1025C0000995EB1A1A440D92049B3E46002528E714
:1025D000099D0B9C3E462DE7DDF804A054E7099ABF
:1025E000019953E7CDF804A054E74FF0000A7CE7C7
:1025F0009A467AE74FF0000A7BE792D0089A1C339C
:102600001A441F441E4408928BE70346F6E7049BD6
:10261000CDF80880002B23DC05930A9B022B21DDDB
:10262000059B002B7FF4B0AD29460522484600F0FB
:10263000E1F901460546019800F042FC00287FF7C9
:10264000A3AD009E312306F8013B029B01330293A8
:102650009EE535462C46F4E7049DCDF80880F9E761
:10266000049B05930B9B002B00F00081002E05DDE1
:1026700021463246484600F0B5FB0446BAF1000F49
:102680005AD06168484600F055F9064628B9824B91
:10269000024640F2EF21FFF73EBB22690232920070
:1026A00004F10C010C30FFF762FA01223146484672
:1026B00000F098FB0746009B009A03F1010B059B75
:1026C000134406930E9B03F0010308930BF1FF33B1
:1026D000294601980493FFF77DFA2146059000F101
:1026E000300A019800F0ECFB3A46804629464846FD
:1026F00000F002FCC268064602BB0146019800F0E9
:10270000DFFB024631464846099200F051F9DDE907
:10271000092342EA0301089B19435E4610D1BAF12E
:10272000390F2BD0B8F1000F02DD059B03F1310A00
:10273000049B83F800A02DE52746BCE70122E1E7D2
:10274000B8F1000F06DB0A9B48EA0308089B58EA29
:10275000030820D1002AEBDD01990122484600F050
:1027600041FB2946019000F0ABFB002803DCDFD1E0
:102770001AF0010FDCD0BAF1390FD6D1049A3923FF
:10278000137033461E46013B16F8012C392A52D0ED
:1027900001321A70FEE4002A07DDBAF1390FEDD0DC
:1027A000049A0AF101031370F4E4069B0BF801ACE0
:1027B0005B452AD0019900230A22484600F01AF905
:1027C000BC4201904FF000034FF00A0221464846F8
:1027D00006D100F00FF9044607460BF1010B75E72F
:1027E00000F008F93946044600230A22484600F062
:1027F00001F90746F1E7059B5E1E002B009BD8BF41
:1028000000265A1C274616440024019901224846F6
:1028100000F0E8FA2946019000F052FB0028B0DCF5
:1028200002D11AF0010FACD133461E4613F8012D28
:10283000302AFAD0AEE4009A9A42A3D1029B013327
:1028400002933123AFE7239B002B7FF498AA134B0D
:10285000FFF7B7BA0A9B012B7FF72FAEDDF834A044
:1028600001204EE6059B002B7FF7D7AE009E019816
:102870002946FFF7AFF900F1300A009B06F801ABDB
:10288000F21A059B9342B6DD019900230A224846BD
:1028900000F0B0F80190EAE7194605089D450508E3
:1028A00038B50546002941D051F8043C0C1F002BD7
:1028B000B8BFE418FEF70CF91D4A136833B963601A
:1028C00014602846BDE83840FEF708B9A34208D98D
:1028D000206821188B4201BF19685B6809182160C4
:1028E000EDE71A465B680BB1A342FAD9116850189C
:1028F000A0420BD120680144501883421160E0D1FE
:1029000018685B68536008441060DAE702D90C234A
:102910002B60D6E7206821188B4204BF19685B68DA
:10292000636004BF091821605460CAE738BD00BF66
:10293000E892012070B5C46905460E4684B910209E
:10294000FEF71CF80446E86128B90246164B174802
:102950006B21FFF721F90023C0E901330360C36055
:10296000E36853B921220421284601F04CFDEB69AC
:10297000E060DB680BB9002070BD53F8260030B171
:10298000026843F826200023C0E90333F4E701215D
:1029900001FA06F4621D9200284601F034FD002879
:1029A000E9D0C0E90164EEE7AA4505082A46050812
:1029B00070B5C66905460C4676B91020FDF7DEFFF6
:1029C0000246E86120B9094B09488F21FFF7E4F876
:1029D000C0E901660660C6603CB1EB696268DB680D
:1029E00053F82210216043F8224070BDAA45050823
:1029F0002A4605082DE9F0410D6907460C461E469A
:102A000001F1140C0020DCF8003099B202FB0161E6
:102A10001E0C0B0C02FB063389B2013001EB0341A3
:102A200085424CF8041B4FEA1346ECDC0EB3A36856
:102A3000AB4219DC616838460131FFF77BFF804605
:102A400028B902460C4B0D48BA21FFF7A5F82269B8
:102A5000023204F10C0192000C30FFF788F8214695
:102A60003846FFF7A5FF444604EB850301355E6158
:102A700025612046BDE8F081194605082A4605086B
:102A80002DE9F8430C4615461F4609220833064631
:102A900093FBF2F3002101229A4209DB3046FFF753
:102AA00049FF40B90246194B1948D321FFF774F882
:102AB00052000131F0E7089B4361092D4FF00103FB
:102AC000036116DD04F10908C1462C4419F8013BE5
:102AD0000146303B0A223046FFF78CFFA145F5D175
:102AE000A844A8F108042D1B63199F4204DCBDE82B
:102AF000F8830A340925F6E714F8013B0146303B18
:102B00000A223046FFF776FFEEE700BF19460508B8
:102B10002A460508B0F5803F034636BF030400206F
:102B20001020B3F1807F3CBF1B020830B3F1805FFF
:102B30003CBF1B010430B3F1804F3CBF9B0002300F
:102B4000002B05DB13F0804F00F1010008BF2020AF
:102B500070470368024613F007000BD0D90721D451
:102B6000980749BF5B089B08012013605CBF136096
:102B70000220704799B209B91B0C1020D9B209B9CB
:102B800008301B0A190704BF1B090430990704BF4A
:102B90009B080230D90703D45B0800F1010003D081
:102BA00013607047002070472020704710B50C4616
:102BB0000121FFF7BFFE024628B9054B054840F248
:102BC0004511FEF7E9FF01234461036110BD00BF19
:102BD000194605082A4605082DE9F04FD1F810904E
:102BE000D2F810A0D14585B08846144604DB534680
:102BF0000C46CA4690469946A36861680AEB0906E6
:102C0000B342B8BF0131FFF795FE30B90246454BDC
:102C100045484FF4B171FEF7BFFF00F1140505EB15
:102C200086072B460022BB421FD304F1140C08F187
:102C300014010CEB8A0301EB890202921A1B153A6C
:102C400022F0030215349C4288BF00220192029AAE
:102C500003918A420CD8002E03DD57F8043D002B67
:102C60005DD0066105B0BDE8F08F43F8042BDAE7CC
:102C7000B1F800A0BAF1000F24D0E046A9464FF009
:102C8000000E58F8042BD9F800401FFA82FBA4B2BA
:102C90000AFB0B444FEA124BD9F8002074444FEA68
:102CA000124E0AFB0BE202EB1442A4B244EA0244C5
:102CB000434549F8044B4FEA124EE2D8019AAA184C
:102CC000C2F804E0039AB2F802800431B8F1000FB0
:102CD00023D02A68E6469146AA464FF0000BBEF87C
:102CE000004008FB04B404EB194492B242EA0442E7
:102CF0004AF8042B5EF8042BDAF800904FEA124BE6
:102D00001FFA89F208FB0B2202EB144273454FEACB
:102D1000124BE4D8019C2C196260043597E7013E00
:102D200099E700BF194605082A4605082DE9F8432A
:102D3000174612F0030280460D4607D0264C013A92
:102D4000002354F82220FFF755FE0546BF103FD060
:102D5000D8F81C4094B91020FDF710FE0446C8F8BE
:102D60001C0030B902461D4B1D4840F2B311FEF75E
:102D700013FF0023C0E901330360C360A66846B9AE
:102D800040F271214046FFF711FF0023A060064684
:102D900003602C464FF0000907F001037F1053B188
:102DA000294632464046FFF717FF21460546404672
:102DB000FFF7FEFD67B1306838B93246314640460C
:102DC000FFF70AFF3060C0F8009006462C46E3E7A4
:102DD0002846BDE8F88300BF00470508AA45050856
:102DE0002A4605082DE9F84F0C464968236903EB8C
:102DF0006218A368074615464FEA621A08F10109EE
:102E00004B450BDB3846FFF795FD064648B90246B1
:102E1000294B2A484FF4EF71FEF7BEFE01315B00EB
:102E2000EEE7002300F1140C00F11002194653459F
:102E300035DB22692AEAEA7A0CEB8A0C04F11403E6
:102E400015F01F0E614603EB82022CD0CEF1200A52
:102E5000002518688B4600FA0EF02843CBF80000D6
:102E600053F8045B9A4201F1040125FA0AF5F0D8FF
:102E7000131B153B23F0030304F115018A4238BFED
:102E800000239C44CCF8045005B9C1463846C6F826
:102E900010902146FFF78CFD3046BDE8F88F42F8D0
:102EA000041F0133C3E753F8045B0D609A4201F13C
:102EB0000401F8D8E9E700BF194605082A460508C5
:102EC0000A6903460069801A30B50ED114331431F3
:102ED00003EB820401EB820154F8045D51F8042DE8
:102EE000954203D005D24FF0FF3030BDA342F3D35B
:102EF000FBE70120F9E700002DE9F74F8A46064677
:102F0000114650461446FFF7DBFF051E12D1294635
:102F10003046FFF70FFD024628B9414B40F23721FA
:102F20004048FEF739FE0123C0E90435104603B0DE
:102F3000BDE8F08FBCBF5346A2463046DAF8041015
:102F4000BABF1C4601250025FFF7F4FC024618B95C
:102F5000334B40F24521E3E7DAF810702669C5608B
:102F60000AF1140904F1140E00F114050AF110031A
:102F700009EB87080EEB86060193AB464FF0000C79
:102F8000019B5EF8040B53F804AF01931FFA8AF318
:102F9000194683B2CB1A000C6344C0EB1A4000EB15
:102FA00023409BB243EA004376454BF8043B4FEA8B
:102FB000204CE5D8331B153B153423F00303A64200
:102FC00038BF0023E8184B441C1D04302646A5EBEF
:102FD0000905464506EB050E0ED308F10301091B52
:102FE00021F003010133984538BF0021014451F815
:102FF000043D9BB1176199E756F8041BE2464FEA7E
:1030000011491CFA81FC514409EB2C4989B241EA6F
:1030100009414FEA294CCEF80010DAE7013FE6E714
:10302000194605082A46050882B08DED000B019A65
:103030000F4B1340A3F15073002B08DC5B42B3F13C
:10304000A07F4FEA235204DA4FF4002313410022F9
:1030500008E0A2F114031E2BDABF4FF00042DA4061
:10306000012200231946104641EC100B02B07047B4
:103070000000F07F2DE9F041066900F1140808EB2B
:103080008606371F56F8042C1046FFF743FDC0F1A3
:1030900020030A280B601B4915DCC0F10B0C22FA37
:1030A0000CF3B84543EA010534BF56F8083C002349
:1030B000153002FA00F023FA0CF303431C4645ECEA
:1030C000104BBDE8F081B8453ABF56F8083CA6F170
:1030D000080700230B3812D0C0F1200123FA01F4B5
:1030E00082402243474542F07F558CBF57F8042C5D
:1030F00000228340CA4045F440151343DEE742EA0C
:103100000105DBE70000F03F2DE9F7430F46012101
:1031100059EC108B1646FFF70DFC044630B90246F9
:10312000234B244840F20F31FEF736FDC9F30A5510
:10313000C9F313030DB143F480130193B8F10003F5
:1031400023D068460093FFF704FD0099D8B1019A97
:10315000C0F1200302FA03F30B43C2406361019202
:10316000019BA361002B0CBF012202222261A5B1A9
:10317000A5F2334505443D60C0F13500306020467E
:1031800003B0BDE8F0836161EAE701A8FFF7E1FC65
:10319000019B636120300122E8E704EB8203A0F287
:1031A000324038601869FFF7B5FCC0EB4210E5E724
:1031B000194605082A4605082DE9F04F85B0CDE9E6
:1031C000001002A9FFF756FF009803A955EC104B19
:1031D000FFF750FF019B1969009B1B69C91ADDE9C4
:1031E00002329B1A5BEC10AB03EB4113002BCEBFFA
:1031F0002A46C3EB03335A462F46D946CCBF02EBCF
:10320000035702EB03594B46524620463946CDF749
:1032100035FB41EC100B05B0BDE8F08F013970B5FE
:1032200049111469013102F1140300EB810103EB30
:103230008404051FA3420CD3A31A113B23F00303FC
:103240001132944238BF002318440023884205D32A
:1032500070BD53F8046B45F8046FEBE740F8043B8E
:10326000F4E700F1140200694B11984210B511DB2C
:103270000ADD11F01F0107D052F8234024FA01F0B3
:1032800000FA01F18C420BD102EB8303934203D885
:10329000002010BD0346F7E753F8041D0029F5D0C0
:1032A0000120F6E770B504460D4645EC104B164676
:1032B000FFF7BAFE51EC100B7EB1C5F30A53C3F110
:1032C0006B03002B09DD1B0503F17F55002405F579
:1032D000401522462B46CDF7A7F941EC100B70BDE7
:1032E0002DE9F04F9DB00E461592002204901892E1
:1032F0004FF000084FF0000917910A782B2A0D466D
:1033000001F101011DD00BD80D2A06D8082AF3D8E7
:103310007AB100230B939A4683E0202AECD0F8E799
:103320002D2A10D10122691C17910B926A78002A6C
:1033300037D1159B1796002B40F0958542464B469A
:103340002AE00022EFE700210B91302A40F09B8019
:103350006A7802F0DF02582A5AD102930B9B01933C
:1033600018AB0093814A049819AB17A901F0C6F86D
:1033700010F00F06044605D0062E14D101350023A7
:1033800017950B93159B002B40F06F850B9B002B23
:10339000D4D0424609F1004343EC102B1DB0BDE8E8
:1033A000F08F0D46D1E7189A3AB135211AA8FFF7E8
:1033B00035FF18990498FFF7FBFA013E042E06D852
:1033C000DFE806F014031E211400DDE91A89E00588
:1033D00048BF49F0004929F000431B0D1B05002B95
:1033E000D0D1FEF78FFB22230360CBE7DDE91A8300
:1033F000199A23F4801302F2334243EA0259E6E7B2
:10340000DFF87091E3E76FF000494FF0FF38DEE737
:10341000013517952B78302BFAD0002BB2D04FF016
:10342000010A00272B460E97BB460A21184613F8BF
:10343000014BA4F13002092A28D94D49012200F09C
:10344000C1FF002834D00020CDE9060022465C46AA
:10345000652A01D0452A14D124B95AEA00033FF461
:1034600068AF0024179E731C179372782B2A73D0B1
:103470002D2A77D04FF0000CA2F13003092B7FD911
:10348000179600239EE04FF0000ACAE7BBF1080F31
:10349000D8BF0E9A1793DBBF01FB0242303A01FB03
:1034A00007420E92C8BFA2F130070BF1010BBDE736
:1034B000179B5A1C17925A78BBF1000F33D0069015
:1034C0005C46A2F13003092B12D901230793BFE711
:1034D000179B5A1C17925A780130302AF8D0A2F163
:1034E0003103082B00F2C6840690179D0020044685
:1034F000303A00F1010310D0069919440691204496
:103500000A23A04211D1082800F1010419DC0E9908
:103510000A2303FB01230E930023179A511C1791D2
:1035200052781846CDE75846D7E7082C04F1010435
:1035300003DC0E9959430E91E3E7102CD8BF5F438B
:10354000DFE70F28DCBF0A2303FB0727E4E700219E
:103550000123CDE9061380E74FF0000CB31C17934D
:10356000B27889E74FF0010CF8E700BF144805086E
:10357000834605080000F07F179B5A1C17925A7863
:10358000302AF9D0A2F13103082B3FF67AAF179B0E
:103590000593A2F1300E013317931A78A2F130018E
:1035A00009293CD905995B1A082B44F61F633CDCBA
:1035B0009E457146A8BF19460591BCF1000F02D087
:1035C000059B5B420593002C50D15AEA00007FF422
:1035D000D9AE079B002B7FF4ACAE692A29D026DC3C
:1035E000492A26D04E2A7FF4A4AEA14917A801F09B
:1035F000A7F900283FF49DAE179B1B78282B2FD1ED
:103600009C491AAA17A801F0AFF9052828D11B9BDD
:10361000DDF8688043F0FF4949F4E009B2E60A2189
:1036200001FB0E22A2F1300EB5E70593C5E76E2A25
:10363000D9E7914917A801F083F900283FF479AE42
:10364000179B8E49013B17A8179301F079F910B920
:10365000179B01331793DFF834924FF0000891E67F
:10366000874800F0C1FE59EC108B8BE6DDE905328E
:103670000E989B1ABBF1000F08BFA346102C0A93AB
:10368000A246A8BF4FF0100ACCF754FF092C804681
:10369000894613DC0A9B002B3FF474AE0A9B73DD52
:1036A000162B5ADC774901EBC301D1E900014246F0
:1036B0004B46CCF7B9FF8046894663E6714B03EB76
:1036C000CA0353E91223CCF7AFFF80463846894638
:1036D000CCF730FF02460B4640464946CCF7EEFD9C
:1036E0000F2C80468946D5DD0A9BA4EB0A0A9A4432
:1036F000BAF1000F40F397802AF00F061AF00F0A74
:1037000051D1B6F59A7F5EDC0023DFF87CA136113B
:10371000404649461F46012E79D10BB18046894665
:103720005949A9F1547901EBC70142464B46D1E909
:103730000001CCF779FF554B0A460B4054498B42A8
:10374000804640D8A1F580118B4286BFDFF84491B6
:103750004FF0FF3802F1547932E00A9AC4F12503A0
:103760009342C1DB474DC4F10F0405EBC40142464F
:103770004B46D1E90001CCF757FF0A9B1C1B05EB18
:10378000C405D5E9002394E71633ADDBDDE9052355
:103790009A1A3C4B03EBC203D3E900234046494647
:1037A000CDF76CF887E7374901EBCA0142464B4633
:1037B000D1E90001CCF738FF80468946002EA0D120
:1037C00000230793A0E0002405940E940694049A25
:1037D000DFF8B890222313604FF000080E9B002BF7
:1037E0003FF4D0AD18990498FFF7E2F806990498D1
:1037F000FFF7DEF8DDE90401FFF7DAF80E99049827
:10380000FFF7D6F804982146FFF7D2F8BAE5F20799
:1038100004D5DAE90023CCF707FF0123013776103E
:103820000AF1080A77E7CBD0CAF1000A4FEA2A1654
:103830001AF00F0A0DD11F2E2EDD002405940E94D0
:103840000694049A22234FF000084FF000091360F9
:10385000C4E70C4B03EBCA0340464946D3E90023B7
:10386000CDF70CF880468946002EA9D0E3E700BFCB
:1038700035450508004805082D450508A0450508FB
:103880009C45050838470508104705080000F07FEB
:103890000000A07CFFFFEF7F16F0100318BF6A2323
:1038A000764F0793404649460023F20704D5D7E9EF
:1038B0000023CCF7B9FE0123761007F10807F4D1F5
:1038C0000BB180468946079BB3B1C9F30A52C2F1D6
:1038D0006B03002B49460FDD1F2B57DD342BDEBF5A
:1038E0004FF0FF33C2F14B0293404FF00008CCBFC2
:1038F0004FF05C7903EA0109002200234046494663
:10390000CDF7FAF8002898D10E9B0093049823462F
:103910005A462946FFF7B4F80E9000283FF453AFFB
:10392000DDE905239B1A0A9A002AA8BF00231293F7
:10393000002422EAE273149305940E9B04985968BC
:10394000FEF7F8FF069000283FF441AF0E9B1A697E
:10395000023203F10C0192000C30FEF708F949EC39
:10396000108B04981AAA19A9CDE90C89FFF7CCFB92
:10397000189000283FF42BAF04980121FFF716F9A7
:103980000590034648B90023059320E74FF0FF3226
:1039900002FA03F303EA0808AEE7199D1A9A002D0C
:1039A000ABBF129B149B149E129FACBFEF185E1B03
:1039B000079BED1A1544324B013D9D42C2F1360280
:1039C0004FDA5B1B1F2BA2EB03024FF001013CDC23
:1039D00001FA03FA4FF0000BBD18079BAF421644E3
:1039E0001E443B46A8BF2B46B342A8BF3346002B1C
:1039F000C2BFED1AF61AFF1A129B002B16DDDDE985
:103A000004011A46FFF792F905900028BBD0014641
:103A1000189A0498FFF7E0F80F9000283FF4D7AE0B
:103A200018990498FEF7C4FF0F9B1893002D1BDC18
:103A30000A9B002B26DD149A06990498FFF776F965
:103A40000690F8B900230693C1E6C5F17F4505F558
:103A50007F0505F57B45E23501FA05FB4FF0010ACC
:103A6000BAE74FF0000BF9E7189904982A46FFF7D8
:103A7000B9F918900028DBD1A9E600BF284805084D
:103A800002FCFFFF002E07DD069904983246FFF77F
:103A9000A9F906900028D5D0002F08DDDDE9040142
:103AA0003A46FFF79FF9059000283FF490AE069A3A
:103AB00018990498FFF720FA044600283FF487AECF
:103AC000C3680F9300230599C360FFF7F9F9002835
:103AD0003CDA0F9B53EA08035ED1C9F313034D464A
:103AE000002B59D129F000431B0D1B05B3F1D66FF4
:103AF00052D9636913B92369012B4DDD2146012297
:103B00000498FFF76FF905990446FFF7D9F90028E3
:103B100042DDAD4B079A2B40002A5FD0B3F1D66F40
:103B20005CD8B3F15C7F7FF68CAEA84B404649462B
:103B30000022CCF779FDA44B0B4080468946002B30
:103B40007FF450AE049A222313604BE64D4662D1B7
:103B50000F9AC9F3130342B39D4A934228D1079B9E
:103B60004146EBB1984B2B40B3F1D46F4FF0FF328D
:103B700019D81B0DC3F16B0302FA03F3994217D155
:103B8000944B9D4202D101313FF421AE8E4B2B402C
:103B900003F580194FF00008079B002BC5D121E6E3
:103BA0004FF0FF33EAE71346E8E753EA0803B0D0E3
:103BB000BBF1000F1BD01BEA050FEDD00F9B079A3E
:103BC00040464946B3B1FFF76DFBDDE90C0153EC0C
:103BD000102BCCF773FB80468946DDE7A3F58013F5
:103BE0006FEA13596FEA09594FF0FF38D4E71AEA20
:103BF000080FE2E7FFF756FBDDE90C0153EC102B51
:103C0000CCF75AFB0022002380468946CCF774FF8C
:103C10000028C1D015E605992046FFF7CDFA57ECEC
:103C2000106B00224FF0804330463946CCF778FFC6
:103C3000002870D00F9B002B7BD1B8F1000F56D11C
:103C4000C9F31303002B58D1634B00223046394689
:103C5000CCF75CFF002859D1604B00223046394632
:103C6000CCF7E2FC82468B460BF10043CDF820A056
:103C70000993554B544A2B401393594B2A409A426F
:103C8000DDE9086740F0B080A5F1547949EC108B6C
:103C9000FFF7CAF9DDE9082351EC100BCCF7C4FC9F
:103CA00042464B46CCF70AFB474D4E4A0D409542E3
:103CB000804645D90D9A474B9A4203D10C9B01335C
:103CC0003FF485ADDFF80C914FF0FF381899049858
:103CD000FEF76EFE06990498FEF76AFEDDE9040120
:103CE000FEF766FE04982146FEF762FE25E6B8F16F
:103CF000010F02D1002D3FF4A4AD9FED2B7BDFF827
:103D0000D8B08DED087B4FF0000AB2E7DFF8CCB0F9
:103D10004FF0000AA8E7314B002230463946CCF775
:103D200083FC0F9B82468B46002B9DD0CDE908ABD0
:103D30009FE79FED1F7B8DED087B5BEC17AB98E752
:103D400001F15479079B002BC0D129F00043139A4D
:103D50001B0D1B059A42B9D150465946CCF7C4FFFA
:103D6000CCF734FC02460B4650465946CCF7A4FA31
:103D70000F9AC9F3130343EA0803134306460F4699
:103D80006BD00DA3D3E90023CCF7C0FE00287FF44D
:103D900029AD0BA3D3E9002330463946CCF7D4FE36
:103DA000002893D01EE500BF000000000000F0BF17
:103DB000000000000000F03F9535A094FFFFDF3FBA
:103DC00035E5AF350000E03F0000F07F00005039DE
:103DD000FFFF0F00FFFFEF7F0000F03F0000E03F1C
:103DE0000000E07FFFFF9F7C079B13B3139BB3F1A1
:103DF000D46F1ED824A3D3E9002350465946CCF7EC
:103E00008FFE90B159465046CCF7E6FE012838BFE8
:103E10000120CCF78FFB0F9B82468B46D3B901F173
:103E2000004310901193DDE91067139A07F1D663F0
:103E30009F1A9DED0C0BFFF7F7F8304653EC102B53
:103E40003946CCF7F1FBDDE90C23CCF737FA804695
:103E5000894677E7CDE910ABE5E70DA3D3E9002369
:103E6000CCF754FE9CE700230B93159A179B136025
:103E7000FFF78CBA652A3FF46AAB452A3FF467AB7B
:103E800001230793FFF7A1BB0000C0FFFFFFDF4145
:103E90009535A094FFFFCF3F014BFFF721BA00BF3C
:103EA00058010020242B2DE9F0478646904601D882
:103EB000012B06D1FDF726FE162303600020BDE886
:103EC000F08734480D462A4615F8014B065D16F07A
:103ED0000806F8D12D2C10D12C780126951C33F032
:103EE000100215D1302C0DD12A7802F0DF02582AA9
:103EF00008D16C78023510230AE02B2C04BF2C78F3
:103F0000951CECE7002BF6D1302C14BF0A230823B4
:103F100006F1004C0CF1FF3C0022BCFBF3F910460B
:103F200003FB19CAA4F13007092F0FD83C46A3425E
:103F30001BDD571C07D0814514D301D1A24511DBED
:103F400000FB0340012215F8014BEBE7A4F1410708
:103F5000192F01D8373CEAE7A4F16107192F04D8DB
:103F6000573CE4E74FF0FF32EDE7531C08D1222322
:103F7000CEF800306046B8F1000FA0D0691E06E010
:103F800006B14042B8F1000F99D0002AF6D1C8F826
:103F9000001094E751480508FFF784BF2DE9F0476A
:103FA0008E681F46BE4282460C469046334653D822
:103FB000B1F90C0010F4906F2BD065692368096982
:103FC00005EB4505A3EB010905EBD5757B1C6D10D1
:103FD0004B44AB422A4684BF1D462A46430527D59B
:103FE00011465046FCF7F4FC064658B321694A4690
:103FF000FDF7BDFDA38923F4906343F08003A38103
:10400000266165614E44A5EB09052660A5603E4624
:104010003B461F4620683A464146FDF7F7FCA36839
:104020009B1BA36023683B4423600020BDE8F0870E
:10403000504600F048FD06460028E1D1216950466F
:10404000FEF72EFC0C23CAF80030A38943F040038E
:10405000A3814FF0FF30E9E73E46DBE72DE9F0476B
:104060001F468B891B069CB006460D46144610D58C
:104070000B6973B94021FCF7ABFC2860286130B9AB
:104080000C2333604FF0FF301CB0BDE8F0874023B5
:104090006B610023099320238DF829300397302387
:1040A000654F8DF82A304FF001082346994613F8E2
:1040B000012B0AB1252AF9D1B9EB040A0BD05346DA
:1040C000224629463046FFF769FF013000F0A48000
:1040D000099A5244099299F80030002B00F09C8014
:1040E00000234FF0FF32CDE9052309F101090493C4
:1040F00007938DF853301A934C464F4814F8011B20
:104100000522CCF77DF8049BD0B9D80644BF202205
:104110008DF85320190744BF2B228DF8532099F8AE
:1041200000202A2A13D0079A4C4600204FF00A0C90
:10413000214611F8013B303B092B49D968B913E0FE
:10414000C01B08FA00F018430490A146D4E7039A74
:10415000111D12680391002A01DB079204E052420C
:1041600043F002030792049323782E2B0AD163783D
:104170002A2B32D1039B1A1D1B68039243EAE37377
:1041800002340593DFF8C090217803224846CCF72B
:1041900037F838B1049BA0EB09004022824013435A
:1041A0000134049314F8011B24488DF828100622CA
:1041B000CCF726F8002835D0214818BB039B0733DD
:1041C00023F0070308330393099B034409936CE727
:1041D0000CFB02320C460120AAE7002301340593B0
:1041E00019464FF00A0C204610F8012B303A092AE4
:1041F00003D9002BC6D00591C4E70CFB012104466E
:104200000123F0E703AB00932A460E4B04A9304686
:10421000FCF70AFD421CD7D1AB895B063FF532AFF4
:10422000099831E703AB00932A46064B04A93046B0
:10423000FCF790FFEEE700BF854605088F460508AE
:10424000290C03089D3F03088B460508B1F90C2093
:104250002DE9F041160705460C4651D44B68002B5A
:1042600002DC0B6C002B49DDE66A002E46D00023F1
:1042700012F480522F682B6031D0626DA3895907E8
:1042800005D56368D21A636B0BB1236CD21A002375
:10429000E66A216A2846B047421CB4F90C3006D1C0
:1042A00029681D2946D8294ACA40D60742D5002286
:1042B0006260D9042269226004D5421C01D12B68B6
:1042C00003B96065616B2F60C1B104F14403994289
:1042D00002D02846FEF7E4FA002363630EE0216A69
:1042E00001232846B0470246501CC7D12B68002B3B
:1042F000C4D01D2B01D0162B1AD12F6000201EE038
:104300000F69002FFAD093070E6808BF4B690F6042
:1043100018BF0023A6EB07088B60B8F1000FEDDD96
:10432000216AA66A43463A462846B047002808DC78
:10433000B4F90C3043F04003A3814FF0FF30BDE8E7
:10434000F0810744A8EB0008E7E700BF0100402028
:1043500038B50B6905460C4613B90025284638BD0B
:1043600018B1036A0BB9FDF7B5FAB4F90C30002B9C
:10437000F3D0626ED00704D4990502D4A06DFDF786
:10438000ECFB28462146FFF761FF636EDA0705461E
:10439000E4D4A3899B05E1D4A06DFDF7DFFBDDE745
:1043A0000EB403B5014603AB054853F8042B00686F
:1043B000019300F0EDFB02B05DF804EB03B0704731
:1043C0000801002010B56AB10139841810F8012BDA
:1043D00011F8013F9A4203D1A04201D0002AF5D141
:1043E000D01A10BD1046FCE79FED010B704700BFCF
:1043F000000000000000F87F08B5062000F096FDE0
:104400000120CEF7D3FA70B5A1FB025434B9294686
:10441000FCF7DEFA064628B9304670BD0C22026071
:104420000026F9E72A462146FDF709FBF4E7036970
:10443000B3EB611F2DE9F0434FEA611200F1140460
:1044400045DD11F01F0104EB830604EB82050CD15E
:1044500000F110072946B14234D39B1A9B00EA1E93
:10446000964238BF0023234415E054F82270C1F16E
:104470002008CF4005F1040EA1467645F44615D834
:104480009A1A9200043A0135AE4238BF0022A318AE
:10449000A75007B104331A1BA3424FEAA20208BF78
:1044A0000023026108BF4361BDE8F083DCF800C06F
:1044B0000CFA08FC4CEA070749F8047B5EF8047B19
:1044C000CF40DAE751F804CB47F804CFC3E72346DF
:1044D000E1E7A0F13003092B02D82038C0B27047C1
:1044E000A0F16103052B01D84738F7E7A0F141039C
:1044F000052B01D82738F1E7002070472DE9F04F50
:1045000085B08A4602930B68019090469C1CA14698
:1045100014F8010B3028FAD0A9EB0303A3F1020B26
:10452000FFF7D7FF0546002868D1A0490122484679
:10453000FFF748FF0746002867D199F80100264693
:10454000FFF7C7FF002862D0234618783028994625
:1045500003F10103F9D0FFF7BCFFB0FA80F56D0954
:104560004FF0010B4A46164601323078FFF7B1FF93
:104570000028F8D18D4901223046FFF723FF00289B
:104580003FD144B9741C2246164601323078FFF7F9
:10459000A0FF0028F8D1A41BA700337803F0DF03A5
:1045A000502B3ED173782B2B33D02D2B34D0711C54
:1045B00000240878FFF78DFF431EDBB2182B30D89C
:1045C000A0F1100211F8010FFFF783FF00F1FF3C8B
:1045D0005FFA8CFCBCF1180F4FF00A031ED904B12E
:1045E00052421744CAF80010EDB1BBF1000F0CBFE6
:1045F00006250025284605B0BDE8F08F00252C468D
:10460000B0E7002CC7D12746C7E74E462F46012505
:10461000C3E70024B11CCCE70124FBE703FB020045
:10462000CEE73146DEE7A6EB0903013B2946072B1F
:104630000ADC0198FEF77EF9044640B95C4B02465D
:10464000E4215C48FDF7A8FA01315B10EFE700F1C7
:10465000140A002355469B46B14537D345F804BBA1
:10466000A5EB0A05AD1025615846FEF753FA6D011A
:10467000D8F800602D1AB54254DDAD1B29462046FE
:10468000FEF7EFFD814678B16B1E591103F01F0252
:104690005AF821104FF0010909FA02F20A4203D038
:1046A0004B4536DC4FF0020929462046FFF7BFFE96
:1046B0002F44D8F80830BB4242DA01982146FEF771
:1046C00077F90E9A00231360A32593E716F8012DBE
:1046D0002E2A12D0202B04D145F804BB4FF0000B3A
:1046E0005B4630780393FFF7F4FE039B00F00F0066
:1046F00098404BEA000B0433AEE7B145EAD82B49AA
:10470000039301223046FFF75DFE039B0028E1D1B1
:10471000A2E7A91E2046FEF7A4FD0028C2D04FF054
:104720000309C1E709DA751B214601982A46FEF7FD
:1047300059FB7F1B044600F1140A4FF00009B8E74B
:10474000D8F80450BD426FDDED1BAE4234DCD8F822
:104750000C30022B22D0032B24D0012B15D1AE42DA
:1047600013D1012E0BD1029AD8F804301360012323
:104770002361CAF800300E9B62251C603AE7711E67
:104780002046FEF76EFD0028EDD101982146FEF788
:104790000FF90E9A0023136050252BE70F9B002B77
:1047A000F3D1E0E70F9B002BDDD1EEE78346050850
:1047B000194605089E4605086F1EB9F1000F30D155
:1047C00027B139462046FEF74CFD81467A11012378
:1047D0005AF8222007F01F07BB4013422946204603
:1047E00018BF49F00209FFF722FED8F80470761BC3
:1047F0000225B9F1000F47D0D8F80C30022B15D0A4
:10480000032B17D0012B09D119F0020F06D0DAF8CB
:10481000003049EA030919F0010F0ED145F01005E7
:1048200032E04FF00109D1E70125E2E70F9BC3F128
:1048300001030F930F9B002BF0D0D4F810B004F1BC
:1048400014034FEA8B0A03EB8B014FF0000C184660
:1048500053F8042BB2F1FF3F1BD001320260022D4E
:1048600004F114033CD1D8F80020013AB24209D136
:104870007111012253F8213006F01F0602FA06F6E4
:104880001E423AD145F020050E9B1C60029B1F6022
:10489000B0E6994243F804CCD9D8A3689B4517DB0E
:1048A000616801980131FEF745F8814618B91A4B45
:1048B00002468421C5E62269023204F10C0192000D
:1048C0000C30FDF754F921460198FEF771F84C467B
:1048D00023695A1C04EB8303226101225A61BEE75B
:1048E00022695A450BDD01212046FFF7A0FDD8F8CB
:1048F00008300137BB42FFF6E0AE0125C2E716F0F3
:104900001F06FAD05344C6F1200653F8040CFEF7F4
:1049100001F9B042E7DBF0E719460508C2F10802E9
:10492000920070B5C2F120064368046803FA06F5E8
:104930002C43D340046040F8043F8842F4D370BD58
:1049400030B50368013311F8014B14B9036001203D
:1049500030BD13F8012BA2F14105192D98BF20326B
:10496000A242F0D00020F3E72DE9F04F0B68016878
:104970005E1102EB860613F01F0387B018BF0436E2
:104980000025371F82469046019346F8045CB946DD
:104990003C460295AB464A784B1C039342B3104603
:1049A00005910492FFF795FD002853D1049A0599CB
:1049B000202A18D8029B9B4513DD4C4506D2072DB3
:1049C00004DC2A4649462046FFF7A8FF444554D94F
:1049D0000023A4F1040944F8043CCDF808B04C4687
:1049E0001D460399D7E7292A59D10231CAF8001088
:1049F000BBF1000F53D04C4506D2072D04DC2A46EC
:104A000049462046FFF78AFF444538D9A8F10402F9
:104A1000234653F8041B42F8041F9F42F9D23B1B64
:104A200023F003030134033EB44288BF002308F19E
:104A30000402134400211A4604339F421160FAD243
:104A40003B681BB9474528D101233B60052007B0CF
:104A5000BDE8F08F0135082D0BF1010B06DD444553
:104A6000BFD9002344F8043C0125043C226800F02F
:104A70000F0040EA02102060B3E70825B1E7019B70
:104A8000002BDDD0C3F120034FF0FF32DA4056F89F
:104A9000043C134046F8043CD2E7043FD0E704202E
:104AA000D5E782B001B901A942B14BB113780B60CF
:104AB0001278101E18BF012002B070471046FBE7A5
:104AC0006FF00100F8E72DE9F041074614460D4666
:104AD00021B9BDE8F0411146FBF77ABF2AB9FDF7CD
:104AE000DFFE25462846BDE8F08100F03BFA84420F
:104AF000064602D8B4EB500FF4D821463846FBF7EF
:104B000067FF804608B94546ECE7B442224629468D
:104B100028BF3246FDF72BF829463846FDF7C0FE80
:104B2000F1E70346084641B1FF2A04D98A221A60F8
:104B30004FF0FF3070470A70012070479368013BC7
:104B4000002B10B4936008DA9469A34201DB0A29B0
:104B500003D15DF8044B00F02FB91368581C1060A6
:104B6000197008465DF8044B7047F8B506460F46C5
:104B70001446D518AC4201D1002007E014F8011BFF
:104B80003A463046FFF7DAFF431CF3D1F8BD000088
:104B90002DE9F0470D469CB014461F46064618B155
:104BA000036A0BB9FCF796FE6B6ED90705D4AB8987
:104BB0009A0502D4A86DFCF7D0FFAB891B0701D57D
:104BC0002B699BB92946304600F034F970B16B6E01
:104BD000DC0704D54FF0FF301CB0BDE8F087AB898F
:104BE0009805F7D4A86DFCF7B9FFF3E70023099304
:104BF00020238DF82930039730236A4F8DF82A300F
:104C00004FF001082346994613F8012B0AB1252AD3
:104C1000F9D1B9EB040A0BD0534622462946304657
:104C2000FFF7A3FF013000F0A480099A52440992D3
:104C300099F80030002B00F09C8000234FF0FF32E9
:104C4000CDE9052309F10109049307938DF8533049
:104C50001A934C46534814F8011B0522CBF7D0FA9F
:104C6000049BD0B9D90644BF20228DF853201A07DF
:104C700044BF2B228DF8532099F800202A2A13D004
:104C8000079A4C4600204FF00A0C214611F8013BD0
:104C9000303B092B49D968B913E0C01B08FA00F072
:104CA00018430490A146D4E7039A111D126803919A
:104CB000002A01DB079204E0524243F0020307920C
:104CC000049323782E2B0AD163782A2B32D1039BAD
:104CD0001A1D1B68039243EAE37302340593DFF85D
:104CE000D490217803224846CBF78AFA38B1049B46
:104CF000A0EB09004022824013430134049314F8CE
:104D0000011B29488DF828100622CBF779FA0028D4
:104D10003ED0264818BB039B073323F00703083314
:104D20000393099B034409936CE70CFB02320C4686
:104D30000120AAE700230134059319464FF00A0C1D
:104D4000204610F8012B303A092A03D9002BC6D08F
:104D50000591C4E70CFB012104460123F0E703ABF6
:104D600000932A46124B04A93046FBF75DFF431C13
:104D7000D7D16B6ED90705D4AB899A0502D4A86D3B
:104D8000FCF7ECFEAB895B063FF524AF099823E7FF
:104D900003AB00932A46064B04A93046FCF7DAF928
:104DA000E5E700BF854605088F460508290C03087E
:104DB0006B4B03088B460508F8B50E4614460546AE
:104DC00018B1036A0BB9FCF785FDA369A360A38939
:104DD0001A0701D5236943B92146284600F02AF86D
:104DE00018B14FF0FF373846F8BD23682269981A8A
:104DF0006369F6B28342374605DC21462846FFF751
:104E0000A7FA0028EDD1A368013BA36023685A1CD0
:104E100022601E706269431C9A4204D0A389DB079A
:104E2000E1D50A2EDFD121462846FFF791FA002866
:104E3000D9D0D6E738B5284B054618680C4618B1C6
:104E4000036A0BB9FCF746FDB4F90C301A0721D4FC
:104E5000D80607D409222A6043F04003A3814FF00B
:104E6000FF3030E0590712D5616B41B104F14403C2
:104E7000994202D02846FDF713FD00236363002208
:104E8000B4F90C3062602269226023F0240343F0FD
:104E90000803A38122693AB99A0501D5180603D5FA
:104EA0002146284600F08AF8B4F90C3013F00102CC
:104EB0000AD00022A26062695242A261226942B90C
:104EC00013F08000C8D138BD990758BF6269A2604D
:104ED000F4E70020F7E700BF080100201F2938B5DC
:104EE00005460C4604D9162303604FF0FF3038BD49
:104EF000C26B12B152F821304BB9284600F030F89D
:104F0000224601462846BDE8384000F017B8012B7C
:104F10000AD0591C03D1162303600120E7E70021C2
:104F200042F82410204698470020E0E7024B014653
:104F30001868FFF7D3BF00BF0801002038B5074D40
:104F400000230446084611462B60CDF727FD431C7D
:104F500002D12B6803B1236038BD00BF2894012023
:104F6000CDF71ABD51F8043C181F002BBCBF0B58DD
:104F7000C018704770B50C46B1F90E10002996B0F4
:104F800015461E460ADAA18911F0800113D14FF4AB
:104F90008062002031602A6016B070BD6A4600F061
:104FA00047F80028EFDB019901F47041A1F50053A7
:104FB00059425941EBE700214022EAE78B8973B55A
:104FC0009E0705460C4607D504F14703236023617D
:104FD0000123636102B070BD01AB6A46FFF7CAFFEF
:104FE000009E28463146FBF7F3FCB4F90C3038B983
:104FF0009A05EFD423F0030343F00203A381E3E710
:1050000043F08003A381019B2060C4E90406002BC8
:10501000E0D0B4F90E10284600F01CF80028D9D0D2
:10502000A38923F0030343F00103A381D2E7000027
:1050300038B5074D00230446084611462B60CDF7CE
:10504000D8FC431C02D12B6803B1236038BD00BFDC
:105050002894012038B5064D0023044608462B60ED
:10506000CDF7CCFC431C02D12B6803B1236038BDC3
:1050700028940120F8B500BFF8BC08BC9E467047D4
:0C508000F8B500BFF8BC08BC9E467047A5
:105090000F040400081010070000000F030101E4D2
:1050A0000078000800000008000000000000000F69
:1050B00000020008070000000000000000000000DF
:1050C000000000C00D000000C000B4544000C054F7
:1050D0000401D0540404D055010484DB0404C4DB6F
:1050E0000204C4DE020444DF010444E0010484E05D
:1050F000C00858D89FD800C0032009600B080817C3
:10510000080808039FE401400000000000000000C0
:105110000000000001E00020000000209FF8004097
:10512000171717179FFC0404000046A400003766F9
:105130000000266000001CBC000017730000112551
:105140000000110700000E6300008B4C000060A2FD
:1051500000003DC0000026AA00001BC20000180489
:1051600000001497000010ED0001281B000093F0D0
:10517000000057610000302B000020AA00001AB682
:10518000000015C30000160E00017FBB0000AD58E3
:10519000000071AF000036D9000022FB00001C9611
:1051A000000018830000179600019000000097D6B9
:1051B0000000663B0000330A000020CD00001938D3
:1051C000000016A5000014BB0000AFCF0000657DF5
:1051D00000003D93000029D10000194E000015BACF
:1051E000000011C60000127F0000731D0000422C59
:1051F00000002E8200001E800000181C0000132DED
:1052000000000FC600000F8500004F04000033E9C6
:1052100000001F06000018400000132C0000129729
:1052200000000E0100000DACA0FC01000000000019
:10523000000000030000000000000000A10C0100BD
:1052400000000080000000030000000000000000DB
:10525000A11C00C0000070EB0C8001E000000026E3
:10526000A12809020000000000000000000000006A
:10527000000100000036000301D901430233021788
:10528000024B0241011702220027005D00050011B8
:10529000000000010000000000000000000000000D
:1052A00000000000000000000000000000000000FE
:1052B00000000000000000000000000000000000EE
:1052C00000000000000000000000000000000000DE
:1052D00000000000000000000000000000000000CE
:1052E00000000000000000000000000000000000BE
:1052F00000000000000000000000000000000000AE
:10530000000000000000000000000000000000009D
:10531000000000000000000000000000000000008D
:10532000000000000000000000000000000000007D
:10533000000000000000000000000000000000006D
:10534000000000000000000000000000000000005D
:10535000000000000000000000000000000000004D
:10536000000000000000000000000000000000003D
:10537000000000000000000000000000000000002D
:1053800000000000A248004000000000A24C008184
:105390000000000000000000A25400810000000096
:1053A00000000000A25C008100000000000000007E
:1053B000A26400810000000000000000A26C0084D4
:1053C00000000000000000000000000000000000DD
:1053D00000000000000000000000000000000000CD
:1053E000A28C00820000000000000000000000000D
:1053F000000000000000000F05010304001122332B
:10540000445566778899AABBCCDDEEFF00112233A4
:10541000445566778899AABBCCDDEEFFFF1FFF1FBE
:1054200001E001E0327820696E7400003378206971
:105430006E740000317820696E7400003478342076
:105440007A6F6E6573000000387838207A6F6E6569
:10545000730000004C4956452076696577000000CE
:10546000496E697469616C6973696E672E2E2E00CE
:105470000F04041708101007000000004E6F0A64A4
:105480006174610062696E00EF808C002564000029
:105490000A000000537500004D6F000054750000B5
:1054A0005765000054680000467200005361000018
:1054B000EF819300EF8194002564202573000000A4
:1054C0004A616E75617279004665627275617279C2
:1054D000000000004D617263680000004170726955
:1054E0006C0000004D6179004A756E650000000097
:1054F0004A756C790000000041756775737400008F
:1055000053657074656D6265720000004F63746F5F
:10551000626572004E6F76656D6265720000000014
:10552000446563656D62657200000000323032339D
:105530000A323032320A323032310A323032300AF4
:10554000323031390A323031380A323031370A32AA
:105550003031360A323031350A323031340A3230A5
:1055600031330A323031320A323031310A3230319D
:10557000300A323030390A323030380A323030377F
:105580000A323030360A323030350A323030340A9E
:10559000323030330A323030320A323030310A326F
:1055A0003030300A313939390A313939380A31392C
:1055B00039370A313939360A313939350A31393909
:1055C000340A313939330A313939320A313939310A
:1055D0000A313939300A313938390A313938380A1B
:1055E000313938370A313938360A313938350A31E4
:1055F0003938340A313938330A313938320A3139D5
:1056000038310A313938300A313937390A313937C6
:10561000380A313937370A313937360A31393735AF
:105620000A313937340A313937330A313937320AD6
:10563000313937310A313937300A313936390A319F
:105640003936380A313936370A313936360A31397E
:1056500036350A313936340A313936330A3139367A
:10566000320A313936310A313936300A3139353971
:105670000A313935380A313935370A313935360A80
:10568000313935350A313935340A313935330A3152
:105690003935320A313935310A313935300A313943
:1056A00034390A313934380A313934370A31393426
:1056B000360A313934350A313934340A3139343320
:1056C0000A313934320A313934310A313934300A45
:1056D000313933390A313933380A313933370A31FC
:1056E0003933360A313933350A313933340A3139ED
:1056F00033330A313933320A313933310A313933EC
:10570000300A313932390A313932380A31393237CF
:105710000A313932360A313932350A313932340AEE
:10572000313932330A313932320A313932310A31C0
:105730003932300A313931390A313931380A31399F
:1057400031370A313931360A313931350A31393197
:10575000340A313931330A313931320A3139313190
:105760000A313931300A313930390A313930380AA1
:10577000313930370A313930360A313930350A316A
:105780003930340A313930330A313930320A31395B
:105790003031000030310A30320A30330A30340AF6
:1057A00030350A30360A30370A30380A30390A3193
:1057B000300A31310A313200256C640061626300C5
:1057C0004142430031230000EF808D00EF849C00B4
:1057D000456E746572000000EFA2A200EF959A007A
:1057E0002B2F2D003100000032000000330000009C
:1057F00034000000350000003600000037000000D3
:105800003800000039000000300000002E000000C9
:105810002B000000260000002F0000002A000000DE
:105820003D00000025000000210000003F000000B6
:10583000230000003C0000003E0000005C0000006F
:1058400040000000240000002800000029000000A3
:105850007B0000007D0000005B0000005D00000098
:105860003B00000022000000270000002000000094
:1058700051000000570000004500000052000000E9
:1058800054000000590000005500000049000000CD
:105890004F000000500000004100000053000000D5
:1058A00044000000460000004700000048000000DF
:1058B0004A0000004B0000004C0000005F000000A8
:1058C0002D0000005A0000005800000043000000B6
:1058D00056000000420000004E0000004D00000095
:1058E0002C0000003A00000071000000650000007C
:1058F00074000000790000007500000069000000DD
:105900006F000000700000006100000064000000F3
:1059100066000000670000006A0000006B000000E5
:105920007A000000630000007600000062000000C2
:105930006E0000006D000000202C2E3B3A2D5F0011
:1059400042746E310000000042746E3200000000AC
:1059500042746E330000000042746E340000000098
:1059600042746E3500000000436865636B20626F0F
:1059700078000000EF81B8004F7074696F6E2031BD
:105980000A4F7074696F6E20320A4F7074696F6EBF
:105990002033000054657874000000004F70746973
:1059A0006F6E20310A4F7074696F6E20320A4F702B
:1059B00074696F6E20330A4F7074696F6E20340AF9
:1059C0004F7074696F6E203500000000E280A20005
:1059D000506C656173652057616974002035203C07
:1059E0002031353020636D0000300050007800A079
:1059F00000C800F800FA00FCE0FDE0FFE0DFE09FF7
:105A0000E05FE007E807F007F807FF07FF05FF037F
:105A1000FF011F00180012000D000800060004001E
:105A20000200000004E010021C07123732292D2961
:105A3000252B3900010310E110031D07062E2C2928
:105A40002D2E2E373F0000021013800A298064009B
:105A5000022A040000007F2B040000007F000000E9
:105A60000F0180961180FFB103012C2DB203012C90
:105A70002DB306012C2D012C2DB40107C003A20269
:105A800084C101C5C2020A00C3028A2AC4028AEE86
:105A9000C5010E20003601603A010500000000003B
:105AA00001020304000000000000000001020304E2
:105AB00006070809540000409E1400C09E200140C3
:105AC0009E3400409E3804049F3804029FB80100B1
:105AD0009FC801000000000F020200249FD800C0F0
:105AE000032009600B080817080808039FE4014019
:105AF00000000000000000000000000001E00020A5
:105B0000000000209FF80040171717179FFC04049F
:105B1000000046A4000037660000266000001CBCA0
:105B200000001773000011250000110700000E632C
:105B300000008B4C000060A200003DC0000026AABF
:105B400000001BC20000180400001497000010EDB4
:105B50000001281B000093F0000057610000302B6B
:105B6000000020AA00001AB6000015C30000160E9F
:105B700000017FBB0000AD58000071AF000036D9B6
:105B8000000022FB00001C960000188300001796FE
:105B900000019000000097D60000663B0000330A29
:105BA000000020CD00001938000016A5000014BB2D
:105BB0000000AFCF0000657D00003D93000029D1BB
:105BC0000000194E000015BA000011C60000127F37
:105BD0000000731D0000422C00002E8200001E8079
:105BE0000000181C0000132D00000FC600000F85D8
:105BF00000004F04000033E900001F0600001840B9
:105C00000000132C0000129700000E0100000DACE4
:105C1000A0FC0100000000000000000300000000E4
:105C200000000000A10C0100000000800000000343
:105C30000000000000000000A11C00C0000070EB8C
:105C40000C8001E000000026A128090200000000ED
:105C5000000000000000000000010000003600030A
:105C600001D9014302330217024B024101170222FC
:105C70000027005D00050011000000010000000089
:105C80000000000000000000000000000000000014
:105C90000000000000000000000000000000000004
:105CA00000000000000000000000000000000000F4
:105CB00000000000000000000000000000000000E4
:105CC00000000000000000000000000000000000D4
:105CD00000000000000000000000000000000000C4
:105CE00000000000000000000000000000000000B4
:105CF00000000000000000000000000000000000A4
:105D00000000000000000000000000000000000093
:105D10000000000000000000000000000000000083
:105D20000000000000000000000000000000000073
:105D30000000000000000000000000000000000063
:105D40000000000000000000000000000000000053
:105D50000000000000000000000000000000000043
:105D6000000000000000000000000000A248004009
:105D700000000000A24C00810000000000000000B4
:105D8000A25400810000000000000000A25C00811D
:105D90000000000000000000A2640081000000007C
:105DA00000000000A26C0084000000000000000061
:105DB00000000000000000000000000000000000E3
:105DC0000000000000000000A28C00820000000023
:105DD0000000000000000000000000000000000FB4
:105DE0000501030454500080000404040000080866
:105DF000AD3000800201030300000300AD38010054
:105E000001E00140004000400100040000000001EA
:105E100054580040041A0100545C0140000027104F
:105E200000000FA00FA003E802801F400000050043
:105E30005470008003200320000000085478010003
:105E400001130029003300000200000104010802D0
:105E50005488014000000000000000000000000025
:105E60000000000000000C00AD48010001F400003B
:105E7000030600100807080700000008AD600100D5
:105E80000000008000000000201F01F400001D0A37
:105E9000AD70008008001F4000000001AD78008058
:105EA00000A0032000010190AD8000400000280008
:105EB000AD8400800000320003200000AD8C008023
:105EC0000258FF380000000CAD9401000001900062
:105ED000FFFFFC000000040000000101ADA400C0B1
:105EE0000480061A0040058000000106ADB000C025
:105EF0000480061A1900058000000190ADBC044022
:105F00000000000000000000001200250000000654
:105F1000000000050000000500000006000000046D
:105F20000000000F0000005A0000000000000009FF
:105F30000B0C0B0B03031105010101010000000014
:105F4000000D0000AE000104000000040000000885
:105F50000000000A0000000C0000000D0000000E10
:105F60000000000800000008000000100000001001
:105F70000000002000000020000000060000050ACC
:105F800002000C0800000000AE400040000001FFCD
:105F9000AE44004000100401AE4800400000100074
:105FA000AE4C004000000001AE5001400000001463
:105FB0000400280003206C00000000000000258081
:105FC000AE64004000000002AED8010000C805DC4D
:105FD00000000CCD0104000000002601B550028233
:105FE00000000000000000000000000000000000B1
:105FF00000000000000000000000000000000000A1
:106000000000000000000000000000000000000090
:106010000000000000000000000000000000000080
:106020000000000000000000000000000000000070
:10603000B5A0028200000000000000000000000087
:106040000000000000000000000000000000000050
:106050000000000000000000000000000000000040
:106060000000000000000000000000000000000030
:106070000000000000000000000000000000000020
:1060800000000000B5F0004000FF0000B39C0100DC
:10609000349B0435021B087C8001120100000800BB
:1060A000B6C000C00000600000002000000000003A
:1060B000AEA8004000000405AEAC00800100010065
:1060C00000020000AEB4004000000000AEB8008145
:1060D0000000000000000000AEC0008100000000D1
:1060E00000000000AEC8008108010108000000089F
:1060F000AED000810108080800000001B5F400805E
:106100000000000000000000B5FC0080000000005E
:1061100000000000B604004000000000B608004483
:10612000000000000000000000000000000000006F
:10613000B61800440000000000000000000000004D
:1061400000000000B628004400000000000000002D
:106150000000000000000000B6380044000000000D
:10616000000000000000000000000000B648010030
:10617000000000000000000000000000000000001F
:10618000B658010000000000000000000000000000
:1061900000000000B66801000000000000000000E0
:1061A00000000000000000000000000F000103C814
:1061B000E0000308E0000AC8E0000508E0640848C1
:1061C000E0000A88E0000A88E0000A88E0000A8807
:1061D000E0642E28E06431E8E0643548E0643B8800
:1061E000E0680468E0681768E0681B48E0681EC85B
:1061F000E0682528E0682848E00009E8E00009C8D0
:10620000E00009A8E0000988E0000968E00009480A
:10621000F8020006C1C381011E06A10B1A06810007
:106220009923E10097B397E3062C97730634E2C0F5
:10623000062CFC80C183E340E2C0061CFC980634B7
:10624000FC9C0634E340061C6938C183C143E80066
:10625000C1C38105E100000CFA045E65EC100CF08E
:10626000F41C5E60BC6E8861FF8407FC9A14D8043D
:10627000E4300460FC124C06E0D04C4AC1C38215E5
:10628000C1C3C1C3F804170C81938183E2C00C2CF5
:106290001C8CD167E36BE404E56B8E058064038896
:1062A00004D8E76BE96B8064EB6B8AC580640608F1
:1062B0000A58ED6BF16B8064806407280878F36BF3
:1062C000F56B8064F76B8AC5F96B8C05FB6B8C45AD
:1062D0000C0A8A458A65E4B4E4B80C0A0A78844555
:1062E0004006E064404AFC1280D5E0D0C1C3C1C37F
:1062F0001F0CC1C30FFCF004BCF4F784C153FD6450
:10630000E080000CE080000CE080000CE080000CDD
:10631000E080000CE080000CE080000CE080000CCD
:10632000E080000CE080000CE080000CE080000CBD
:10633000C1C3C143C1C3C153FAFC040C600006DAF7
:106340000A20A10B183064000E24E400020A3780F2
:106350000C068000083420000A70B7805842A4045C
:1063600081613298212BAA45060A8CBB0C100000D3
:106370000400E400181A6400A825E0000804A11D28
:106380000E1457801006D780044040000854C404FF
:106390004C72768010C4D2A0144076800E64A48023
:1063A0001224F680A16B76803C0154808C8B4000D7
:1063B00004800890DC004870849B28A3EC040EA0A5
:1063C0009EE5A07D964B217B0E8A86450E9AE500C0
:1063D0000006448016A0800008542C84C000289C2D
:1063E00020010E4A0054400000C4A8ACC000289D03
:1063F0000F9C14544002885B80CB99A86184008470
:10640000E1840894128401CB324FE0FCE4041C7058
:106410004B0A01A158DA841094BB64006D84401AC1
:106420001C70C61F00C424080E54A084085421FC0C
:106430004002A084A1EB399C3C005800BC004A40BB
:106440001D5A08C50EE0E0040DCBEC04E1FC00A4ED
:106450004B0A42B758FA840808C4641810A4E0FC38
:10646000400A608420BFED8C005490AB148461849A
:10647000280F9C809194482213B04A624C50C3C7A5
:10648000805B1C0027F04ED89C004440960B211DD9
:10649000578004A4D78002B440000606C404042038
:1064A000528C42124010946B4C205C00801BDC002C
:1064B0000C0C8C0BDD93F2FC8C1B7FC5806B7FA5D5
:1064C000967B73E5FA3C040C81C1210B0000020AA3
:1064D000A085986B76800A140824A12B060A768082
:1064E0000C048000988B7680061A1EC51834E000D4
:1064F000A11B7680A4800E403C014EC00860C00005
:1065000048500480A873DC00EC040A709AC5A05DB2
:1065100090CB215B0A8A86450A9AE50008064480EA
:10652000107080000A4A2C84C0002000289508348E
:106530000C24400008248F94182428A0C00028941C
:1065400019984842883B982B61840814E0FC0C148D
:10655000618418042CCF893BE41046DA0430450AE4
:10656000E40412506D84401A125081C10C24240896
:106570000834A1FC0A2420844842A084A19B3998B5
:106580003C004640BC004450135A186B88C5E004D8
:10659000EC040E9046FA033B450AE4040A24040086
:1065A0001034E184C26760FC60841CC4ED8C400A36
:1065B0006184083410C4B05F9CCB61FC5002306F22
:1065C00044129188883B138C1C00422040808A2B07
:1065D00018E41C004FD89C80180BA7EC0C0C8C1BEB
:1065E000DD93F23C826B00CB75F5FF95C1C3905BE8
:1065F000FAFC040C808B210B0000020A046B829BC6
:1066000080E5867B060AA12B400A800080E5E59C98
:10661000841B81210C0C840BDD93F2FC6800418803
:1066200000BB841B02AB900B41188E1B007BE80063
:1066300040D8920B8C1B680044B2813142A2F08C8E
:106640008623F29C42127D85C1C3F280E6864A0E03
:10665000E706580E6606460EE1C008546786440EEB
:10666000E0C000C402C460578A03E1C0F290421245
:106670005D938603F2884212E50004CAC17C0214CD
:10668000DC004010848004CACC800420C9080014B7
:10669000C17C02148000045AAD880614200106064D
:1066A0000004C0000214898840028908DD93998C97
:1066B000E50004CAC0000206C0000006848004CAC7
:1066C000CC800420C9880014C00002068000045A4F
:1066D000AD880614200106060004C0000214898853
:1066E00040028988DD93998C8141610B06148A25CB
:1066F000E11B768076800404088581410630A4334E
:1067000004046C04A03DE184A13B86E5C88C02141E
:1067100064041830E408431A24081830A0840214D2
:106720000AC021CB195AEC048245E004C247401D3F
:106730001C8008449184400227FC4A985D93C3174B
:106740007FE5880B7D55804BC1C3883BFA00040C64
:106750008111006BE8045048E1A0408600158004D8
:10676000A11BE03CDC384208680457C8C1C38C0B4D
:10677000FA04047C74A9464E490EC010C01074A9D6
:106780008825893DCD14CD04050ACD244A00E0803A
:106790008425F00CE4000A3A60010098042080008F
:1067A000C116EC04F80C004A0420FE65E92DEC103B
:1067B000FE85C11EE00404CA8000454845C8C116D4
:1067C000FBF587FCE198414661914306801EC000BD
:1067D00081119B0181318121E8044A888C45A10BFC
:1067E00074A906CE484EC010C01074A98A45893DD0
:1067F000CD14CD04050ACD244A00E0808625F00C96
:10680000F00C4C10E4184A5AE4000A3AA00001289F
:10681000600100A8C5508000EC040420004AC15665
:10682000FE45F80C0420C554E92DEC10FE65C15E50
:10683000E00404CA80004588C156C55087FC4588DD
:106840004786FB6508F0E1908C4EE430E1A40C46ED
:10685000E1A40E4682458F6D023AD9140068E40027
:1068600080006001FC3842088161FF650046E16BF1
:106870004C08E1A48B04DC38FE248914E86C6568BC
:10688000E1A40C46E1A40E4682458F6D023AD9146C
:106890000068E40080006001FC3842087578FF65FC
:1068A0000C7CEFFCDD93F2048055A11B0A008311E0
:1068B0004006E550404AFC12D7F4E0D0C1C382B58F
:1068C000C1C3C1C3F4040B3FF4040B2FF4040B1F2A
:1068D000F4040B0F0A508135405AEC404406E0BCEA
:1068E000446ABC22404AA090C0002089ED88401A2A
:1068F000200101980AFFC000C1C3F404C1C3C1C391
:10690000F4040BF5F4040BE5F4040BD5F4040BC507
:10691000F4040BB5F4040BA5F4040B95F4040B85F7
:106920000AFF81550A50F404D7E4EC80D7B4D7D4D9
:10693000D794D7A4D774D784820B9464FA005C08E8
:10694000F83C044CE440048A212B80A58215803B4E
:10695000461281F5064AF98082B5F80C0420803B86
:10696000044AEC04C548E4004588CD460C4C87FC3D
:10697000DD93F03C6C400A204927E1C104208ACF16
:1069800006C06C04044AE440481264000033F08CF2
:106990000275806B0285F0100295F80C02A5F808CC
:1069A0004C75F8044C85F0104C95F80C4CA5F80883
:1069B0004408F804445287F8E92DF1B00A2086957E
:1069C000C5276C1061880E54EC040C206404187008
:1069D000E4000C4A047444C74242E088867B70B0ED
:1069E000DD8ED18487FC4D8871884452A12B983369
:1069F000F7E5ECF5881B212BF7A5EC75E100000C01
:106A0000F804040C780C000A8225803B94A5A12B85
:106A100004204D16064AEC04FE25F80C9095E92D4D
:106A20007A800814E440048AE0A00A440854A85F6D
:106A300006F5E0C00C24AA4F0A20619061C1EC4029
:106A4000EC040C600C4A0ACF4E32E400862B70B086
:106A5000E4400670F0104445F80C4445F8084445FD
:106A6000F804444587FC4C08F1B044528695E92D62
:106A7000F9C107514A52A4530453FAB0EC10042050
:106A80000E2408514557E188E40418706C040C503A
:106A9000E0880A7464000C4ADD4E867B87FC4DC892
:106AA000AA2344C7A12B983304208205044AEC048E
:106AB000CD16E40087FC45C8F0040C0CC1C3DD937F
:106AC000FE7C040C044A007B4072E0101EF07988C2
:106AD000000CED20001A6200110EF80C1B0E828BC8
:106AE000200100265E05C00040002035233EEF8DCA
:106AF0005E17A40B9D2EE0FC2388A10E0024C0008D
:106B0000C41B6188C03B7D417A104212FA104632A4
:106B10008413003382113E1E82317C3E0020191EF8
:106B2000973EEC040084FE0EAF8B6184540A158EF0
:106B30002EA5E68A00808EA3108A6C04400AE4A485
:106B40005672E68A40707080A2B5DC0000840FBEE9
:106B500023B4E18CE68A4C0A60840064F098507299
:106B60008E030D0E8E0B0B0E5608901B138EFC38E9
:106B70000B84809B901B900BFC385608829DFF1164
:106B8000A00D82850E0B84D5A324901BFC384408ED
:106B90008E0B210D81C582858275A10D901B0E0B78
:106BA0004408A324210DFC3880458E0B930E900BD6
:106BB00050A22C0B2364F198F09856A2900B0B0E68
:106BC0004C08941B009BFC3809BE940B4C08961B88
:106BD000FF11FC3882A5829D84D5A00D900B09641D
:106BE0008C1BA324FC38440801D5A10D9C005060E7
:106BF0008255A10D900B09A4941BA324FC384408D2
:106C00008055A10D8FB490AB8D148B949693A36493
:106C1000718440B28D0E921BFC384C08920B008B95
:106C20004C08961BFF11FC3882C5828DA00D15847F
:106C30000D648615A324961B44088C0BA10DFC380B
:106C40004CB001E515849C008275A10D961B0D6466
:106C50008C0BA324FC3844088095A10D8CBB013516
:106C6000930492BB941B23644C08930E009BFC3846
:106C7000961B940BFC384C08829DFF11A00D828559
:106C800013A484D5A324961B4408940BA10DFC38AF
:106C900081D582A58275A10D961B13648C0BA3244C
:106CA000FC3844085660A10D96AB9C00002A9B045A
:106CB0000118E00080004001E0FC1E071714843535
:106CC000024A8E0B8024E400C13EA8344308E92E1A
:106CD000830587FCA8149C04A80E9C1E191481B57A
:106CE000024A8E0B8028E400C136A8384308E92602
:106CF0001D1487FCEC040080500A81614072668696
:106D00001B0EF0840E8380AB90BB809B8CD5D6ADE0
:106D10008E1B140B4408A324A00DFC38A10B8AF58C
:106D20009D049205A10B8DB5C0401E05012888D594
:106D300080004001E0FC1E0717248455961B900B31
:106D4000E400044A80448434C13EC54E87FC4508B3
:106D5000AC048315AC1EA01481C5A00E960B19249B
:106D6000044A901B8038E400C14684484508C53673
:106D7000210487FC80838361D6AD80B3160B94F524
:106D8000A3248E1BFC384408F2C5A10D40010398D2
:106D90001E0780008E35E0FC960B1724044A941BD6
:106DA0008434E400C54E80444508C13E878587FC95
:106DB000400101281E0780008455E0FC940B172435
:106DC000044A921B8434E400C54E80444508C13E09
:106DD000831587FCA814A404A80EA41E192481C539
:106DE000941B920BE400044A84488038C536C1469F
:106DF00087FC450883611D0471958093A80480A3D6
:106E0000A81EAC1481C5AC0E940B1924044A961B21
:106E10008038E400C14684484508C5361D0487FC17
:106E2000210483616F3580A31D1480B39504A16B89
:106E3000E686400A00000E88F0805872719C4292EB
:106E4000F1A440A2922B011D44A00E3B46909C0051
:106E500048229C00A14BF18C1E078A2542A260FCAF
:106E60008455F190FD3145474422C82B8E3B7A0C66
:106E700082218823E400044A84548C44C54ECD5EAC
:106E800087FC450808308335FD516C04822124437A
:106E9000FA14484226238823044A8E3B8C48E40097
:106EA000CD5684584508C5461D2487FCF1A042C232
:106EB000F1AC52824492A413A12BFB841E078C4593
:106EC00084B5E0FC61880224423BFD41F18844C264
:106ED000FA10463202308233024AE404A834E40055
:106EE000E94E88444308C93E83B587FC06B07E144A
:106EF0003033EC04901382214212B813FD317A8CA6
:106F0000FA0C4612F1844232E400024A46C2285882
:106F10000E48F188EC0404208E56E94687FC4208AE
:106F2000986B1D148245C20DEFF87E088E0B001B76
:106F3000A3349D24EFFC5C68C29D9D147D58A80578
:106F4000920B6FF8F1A44E62808B1D24F988407279
:106F5000000A11045E07F80C1B0EE0FCC0000026BE
:106F600040345E051E08EF8D408A9FFC840DE68A42
:106F70000E03A0C5F08850720024190E441BE1884E
:106F8000403BFD21FA08421244321D348023FA08A6
:106F9000E40416200C108613CE8DE404909B8AC561
:106FA00092AB2194941B2324920B9493FC384408B5
:106FB0008875A30DA10B9B041E0782E58435E0FCB8
:106FC0006400164A961B920B8034A824C12EE93E19
:106FD00087FC4308A8048305A81EA41481B5A40E49
:106FE00064000C4A8C1B920B8038A828C126E93615
:106FF00087FC4308F4B5CE9D19049D04C18D8083A0
:1070000087D5F2B5820D1BB48E2599CEFC84BE6463
:10701000828182618AC5CEBD2194969B232492AB46
:107020009493941B4408920BA30DFC3801188875A7
:1070300080004001E0FC1E07104A8435920B64007A
:10704000A824901BE93E80344308C12E830587FCA9
:10705000A414A804A40EA81E0C4A81B5920B6400C7
:10706000A8288C1BE93680384308C126CE9D87FCB2
:107070009D04F4B580B31904F2B5C1BDE5201EF03E
:10708000F67C0C0CC1C3DD9304FC805B4006E2C0BF
:10709000D56EFC12D58ED57E405AD59E4206E0BCF8
:1070A000D5AEBC22D5DED5BE426AD5EE404AA09010
:1070B000C0002089ED88401A20010178C1C3C000BA
:1070C000C1C3C1C3F0044B85F0044B95F0044BA53C
:1070D000F0044BB5F0044BC5F0044BD5F0044BE580
:1070E000F0044BF5C21F81A5D51ED51ED51ED51E99
:1070F000D51ED51ED51ED51EE0D0404A82B5D52E50
:10710000C1C3C1C34B0FC1C34B1FF0044B2FF004CD
:107110004B3FF0048165F004D51EC21FD51ED51E5D
:1071200094FED51EDD938101E0041986A3CDC1C371
:10713000184A82A54346E0000215E1984205800006
:1071400041FE8000BFFF1FFD4346DD938414E1989C
:1071500041FE84CEFFFF7FFDC1C3DD93FE7C040CA6
:107160006C401EF07C0E826BE1A04086020580140C
:10717000A10BE14802109AE5C0016521BE14BE1EB4
:10718000808BFE1EA30DA204401B92551400FD210E
:107190004E1264044407FA0810039473E4000E6A64
:1071A000E6101600A16B140B140000E51615EC0494
:1071B0008D1BE08022148AF5EC080000F88016256B
:1071C000500583AB020600045615C000A12B588061
:1071D000101588258331618800342294801FE8804F
:1071E0008265A11BE18C10152C14801F8205A11B48
:1071F0004408820B8175FC38FC384408FC04814546
:10720000FC384408819BA204FE048835910B80045D
:107210004E6886B53FFF47E5EC1016B0A10B810123
:10722000A2048625A10B2004A10B82B5FE748465FF
:10723000900B1C0E680140089C84C000E875A18B6F
:107240007E8E8195E6D5A10BBE048155A10B8004ED
:10725000A0F1E4F5F67C0C0CC1C3DD93E100000C59
:10726000FA00004C8301001BEFFC76088105C14346
:10727000FA8002140006E11B00069422DD93D4621A
:10728000F800040C6C501EF0E47C034A826B3C5EF8
:10729000FC1EBE5E42668E050C4AF0020634647C1B
:1072A0005E15FA804A0E00045E259FFC061A00084F
:1072B0001E25E400442280045E2598141E258000CB
:1072C0001E5580004A5080084422907C5E25999487
:1072D0001E2580044220800418149C0040003CB508
:1072E000BC341814024400D5E11BFA80DC3C18C4FD
:1072F000E2320066420E28F1C01060010C0C8C2BAB
:107300008775F000017E28F10C0CFFF8DD93F0008A
:107310006C401EF0E47C014ABE2EBC2E8685FC2EFD
:10732000E47C000A440684453E2EF002FC1EC12186
:10733000841FBE14BC14BC1EBE29FC24BE1EA41F88
:107340000006BE148155E206F87E4006F0FE0006F7
:107350005D9381017FE5A0F1FFF801AEE2C0041C5E
:10736000041FC111F07C4400021CA41FDD93E34004
:10737000E47C040A408804240000060E08308010D3
:10738000481204105802D08802067190FFFC600079
:1073900000C483C7020FF080700142C0610BDFFCA4
:1073A00073FD40C04807C00300A5D0175D93A20F2E
:1073B000FFF8018E60010286A20FF8004006900ED1
:1073C000A10DFC12400682C5A10DFC1A40068215D3
:1073D0000206FC0AC02060018075830DF37200462E
:1073E00081015D93FA7C040CEC301EF0864B088B17
:1073F00081713E2E405A006B7C7EE506425A8131F7
:10740000882B6586EFF84F6867D1000044864001FD
:107410004212E03C8131729CEFF84568000017A4ED
:10742000C0046401729C42121974D707E0D4161488
:10743000FF0120BF001401BB57FEE1ACA10B1FFCF4
:1074400060381409DFFC57FE81111B940AF01C24DC
:107450001504E420BE44A10B8008001B0614800420
:10746000901B7B00E80043C8FC04BC0EE0180E49EA
:107470006834AA245082A01B8E0B7B9068384A681F
:107480003E0E8C4B850581A10E29D90A42BAE01C1B
:1074900048BAE502062065828301E41C0203A70FB7
:1074A0004242811190217284EFF850487FFD45FEE1
:1074B00082A1403F41FEC50D003F1FFD41FEA11BC3
:1074C000C03F1FFD91ADE50EBE04F8151E05A10BD2
:1074D00098F10000F27C0C0CC1C3DD935896211B7F
:1074E0000214E008180640AC442AC000A14B410633
:1074F0000000020680085896FF1182650244023D92
:107500006037E10491800214421A86132023E0922E
:107510008223980BDD93942EFA04044C8111026BA4
:107520006000450666D88C0B81716FF866000060BC
:10753000E4C00260912101A50420067E4073EC04A2
:107540004275F820C17CF008FCF5A12B7FF4410EB8
:10755000E038030660280506FFD4470E486281F52F
:1075600000007180927EEC204862107E107EF088D0
:10757000F084486282111076870B882141F6FC3531
:107580008111600C6F404C01674400606398C00338
:107590008F216FF86561006002604008C003676179
:1075A00005060195067EE008EC040420F00842750B
:1075B000A12BC17C0C4CFE35DD93F2046FD1001978
:1075C000A11BC00500098245C006602DF3F04000F4
:1075D000000CA90BDD93E20081015D93F080441261
:1075E000EC7004298405A12BE03C0229E682402AA4
:1075F00002098013C0056B71EC140000E40800CA96
:10760000E200000C5D93DD93C1C38101F804040C1A
:10761000603C0239677002100A04C0030420608CC9
:107620000455E64058227C14463AF09481716682F3
:107630000834B264C2376088FC100245486288533F
:107640008613729C0804324E305EE0880213844335
:1076500040016C01083580238233E200E2004835A6
:10766000EC000409440182010C0CEC00DD93F004F1
:10767000FE04040C4822086B214BF98C08658A7BB8
:10768000E008489661840824E0FC0A340A342A4F52
:107690008803E1846FF47188F2844252641C434A87
:1076A000421A8141416AE01C420AE418421AE5800C
:1076B000420AE1880904ED80DC004C00DC004E1039
:1076C000806E827E0C0C880BDD93F604F800044C6F
:1076D00067FD00258151400186448434E01802C5CD
:1076E0006FC90021843340056050026BF294484218
:1076F0006FCD00010255C00584C3601C8261064E37
:1077000042C5843E80536018E01C4255E0504263FD
:10771000F0000C4CC1C3DD93603C0239C84481C108
:10772000463ACA54C437E682063582338643E7DCDC
:1077300072B04652CA3E80130201C84E0435EA7048
:107740008033E020E0204435E054043BEB7002013C
:10775000E0240415443382318013E054E0244415BE
:10776000C1C3DD93E03C0239E058044BE682403A65
:10777000E01404358013C407E7DC0205E0100415AB
:107780008101001372804032440582414415E014A7
:107790004443E010DD93E058605800290A39845BC7
:1077A0000A49EF400239EF44400160514A21C72D98
:1077B000C82D4F406F484A21E4A008004F444A2199
:1077C0000035C23786136020603002C367600A50FC
:1077D0000213C003980BE0C0E0002468FA3C040CDC
:1077E000846B027B60500E2B0EAB81810E9BE054AC
:1077F000188EE0589A8EA12B4C23D88E4CA3E018FB
:107800004C93E01C84C5E02006241C049E14E184F3
:10781000813106036FF46588F2A0421267FD008A89
:1078200041FEC7FF00011FFD41FEA11BC0011FFD5E
:10783000140A980E04A4680084C5FB8006245C0426
:10784000DE14E184813106036FF463E8F2A0421292
:1078500067FD008A41FEC7FF00011FFD41FEA11B1D
:10786000C0011FFD120A9A0E049468008605FB8071
:1078700060100E05E1840624E0140E158131060324
:107880006FF46228F2A0421267FD008A41FEC7FF32
:1078900000011FFD41FEA11BC0011FFD0C0CD80EF5
:1078A000DD93F23CF804040C843B010146018A0696
:1078B0008E06F008020B8C06A10BE05002C588452D
:1078C000060460187F51E184866BA64B4C408ACD3C
:1078D00018639C00FFF8180EE0824E6AE01C0265F7
:1078E0004A720A6D4640FA300A521C000856E9FCFA
:1078F000403A8C334002E0820002FA308A06E9FC0A
:10790000E054020B8845A10B602002C5E184060407
:10791000A64B7F518ACD866B9C004C40602402C5EB
:107920004C6A9863020E60828ACDFFF81C004640C4
:10793000FA044C620A621833403AE9FCC856E08205
:10794000FA044002E9FC00020C0CCA06DD93F004C4
:10795000F81C040C8904847A0489861AD658E0102D
:10796000807C8898C8C88A780429CA68021CE014F8
:10797000E1840284601040510A249813C217618484
:1079800002100C534011EC04C257601C6C040250EE
:107990004011C287C2276020602840216640044011
:1079A0000619C00381316038E0144091E01840713D
:1079B000E024408149488195EC040A30EC0402102F
:1079C0004640C95DA11B9C004031FCF58101602C43
:1079D000F01C0C0CC1C3DD93F0804622EC7006391C
:1079E00086A5A13BE03C0439E682403AF08046227D
:1079F0006B7106390630C005E23DEC14C2078415F0
:107A000004038023C00263B986128422411A850DC3
:107A1000400AE004000CE184DD93E20081015D9303
:107A2000FA7C040CEC701EF081611D04888B7C5E76
:107A3000901B7E1E00063E0E8B6EE004E03804B9FB
:107A40008145896E0000456EA10BEC047C04FE9517
:107A50001220874140036571E640143066410E30C4
:107A6000806EC003C26E824E0006406EBE14E008F7
:107A7000864E840EC46EC66E9C2885E586A5A12B15
:107A80000009FE04C12DE0103E148245E0080046C6
:107A90008701040EA408860EC60EC46E06F02A14D2
:107AA0002804E4407FFD49FE3C3ECFFF5E18813153
:107AB00081516FFC8195890483017C24880E871194
:107AC000A4188A1ECA1EC86E16B0610E0291EC047C
:107AD000827190A1F455A1BBB8F17C04A10B800484
:107AE000C0084C960C0C8C0BDD93F27CFA7C040CD9
:107AF000EC301EF0886B0A9B80BB067B64D1009043
:107B0000848B4001089002AB3C0EE49064910A9093
:107B10000E2BC00178588C3BA10BEFFC98F180A58F
:107B2000F27C0C0C0490DD93960B64306FFC65883E
:107B30007C8E8C1BE48010908C1B160B6FFC6B48AA
:107B40003C9E902B7C24960B0E3B941B70188C4B08
:107B5000905B6FFC0C0C98F1DD93F27CFA1C044CEA
:107B6000829B048B867B086B6F48101967600480CA
:107B70001209C0038C3B6010E8045968E0100E0540
:107B8000E0340E1BEF481029E0101239E08C0E494A
:107B90008101180E4C21D81C4C31E0184C41E01CDE
:107BA0000C4CE020DD93F21CFA7C044C81B113A450
:107BB0006E4002221174888B285E866B0FBE819105
:107BC0008155812182214134FA245232FE75C32D20
:107BD00041FEA09D803F1FFD8000540506F09005EA
:107BE000920B6470902B0A1BE8345E488E15A10B33
:107BF000901B120B68346148A10B8E2B8F848C353F
:107C000054B5A18B409600008A458008981A9C04C0
:107C1000C7079A2A8095C30D8101440D401288251B
:107C20000406708842B2FF40813172ACEFF44E28F6
:107C300060FC0414240FC3070131C3174438902B90
:107C40000404EFF4FF3160A0D0177107A20F072BD7
:107C50001FFC45FE45FEA10BA82EDFFC0C4C81014C
:107C6000DD93F27CF81C040C84030413618A400A3F
:107C7000421A82110420618A1804EC040C04608802
:107C800008C5E08C4E527C300A65F098850D7C1852
:107C9000CAC79E8412C4A6C38CC3617CF2A04C9256
:107CA0000C041E6E1CCEE0840CCB8A6300066900B7
:107CB00000008000830BC4044CC382C1F6D5E900E8
:107CC000F01C0C0CC1C3DD93F81C040C61FC1824DF
:107CD00004C3A20303C786030BC481814C0AB80303
:107CE0000034618E0904E088F0804E420C13948EBB
:107CF000421AC4678863618EB08E808EC4170223D7
:107D0000618E462AF08444424242C4370670708C29
:107D1000827BEC101494D9841093C66DDC004C4027
:107D2000DD84949EC67D30944E401093309EDC00DE
:107D3000FC35856BC9C480549853C62D4440005E01
:107D4000832BDC000C0CFE35DD93F01CFE7C040C58
:107D5000EC401EF04C4208134C6AF0808211619294
:107D60006192421AE0881844D6077E3EC4671934EF
:107D70004FFE4417C0017FFD52520AC33E3EF084BD
:107D8000F098545206C00C7E7C5EEC10FCA81604E1
:107D900081C1014181110181E96483F5C6AD7E0491
:107DA0001EA5CA674E624008217DF1800C068E6BCD
:107DB000A02D40009C004C70617C0E64406A8C4396
:107DC0005872642E4C6AF2B08083E4AE72844262D0
:107DD000640016B093ABC00818CAF835181AE00052
:107DE000082AE000420AE000421AE580420AE188DF
:107DF0000845ED808008409661840044E0FC04C49E
:107E000004C4240F1003E1844212983B882B72882B
:107E1000EFF06948E000034A021A3E14006AE000ED
:107E2000420AE000421AE580420AE1880006ED803D
:107E3000040EC000A0F18101F67C0C0CC1C3DD93DF
:107E4000F87C040C4C520D040C23F080F0944E127C
:107E50006196582AEC041050C487027118338F249D
:107E6000463AC4C7420261964C6AF0B0829B619662
:107E700061964E7AC4378151708C5802F0A0460248
:107E8000E5A481659453C69DDC005200FE55999B84
:107E9000A34D4467C477046380000C955292026539
:107EA000FF9190946024491A0C958A9B5292A000ED
:107EB000189EB1940483847383D5FF91C5B4F1A453
:107EC0004AA28AA30CA5F1AC02458000909454A26A
:107ED0006024491A0CA58AAB54A2A00018AEB19434
:107EE000E40C591A3C015800431A40004200E40CCB
:107EF000C0003C0164101460551A846B4CA0E4204F
:107F00004C1ABC003DB8E01CC3FF3FFD0C0C8101C6
:107F1000DD93F07CFA7C040CEC301EF0CA37008B49
:107F2000E1FC148400A490A38033E10460A2403AF1
:107F3000E17C0654617C180456C2AA034602F38C05
:107F40001734F9AC41FEA13B00011FFD80084E969D
:107F50000A449005A443617C617C18244A52FF21A5
:107F6000817173B04472045D3E1EF180124480CB77
:107F7000E05761C01C005820F3AC4272E0477C3EE1
:107F8000608406B4E1FC0C04608404045610B25F03
:107F900040C21C0042B2F090AC3F7294EFF05CE83B
:107FA00002A495B4D6B77C00A2833E14A38B7C3484
:107FB00004010000D617800402048203961FE17CAE
:107FC000401A80130002E1AE0002E000C7FF6BFD23
:107FD0008E0B0C0E0C0C98F1DD93F27CFA7C040CE9
:107FE000EC501EF0A4131B74A403093E8A9B1F646B
:107FF00046721D84563AF088882B619E7C4E99A467
:1080000016138E4B7E1E960321B4A0133C6E931D57
:10801000C404121070A442020210943B905B6C04E2
:10802000EFFC69688615A10B943B7E148E4B3CBE19
:10803000905B7C24E40400106FFC68A8A10BB203E1
:1080400018048275400AD677980EE11E400AAC04E7
:108050002C0EE11E98248101C22DAC1440004C1559
:10806000DC004220C0005625C0000C3544300934E5
:10807000A8F1DC004C35C62D1615C000C71DC00088
:10808000C0005635F27C0C0C000CDD93C000610181
:10809000FA7C040CECF01EF0849B111E934E955E4E
:1080A000973E8F0EB3148C08191EA10B9D1E8111D3
:1080B00084459B1EE004000285B381138BF3990471
:1080C000E5800000F8604015F83040154015C11EED
:1080D0004015E02C9704E05CA10B820831B4A22586
:1080E000AF8481711324ADA4E08400747C00044348
:1080F000F0804222E09002238245844D06741904E8
:108100008033E0880255861B8404F030190485F51D
:10811000E08806744442092E0D7EFA08003382215D
:10812000061BA823E6400C30F030025502C584043B
:108130000513E060EC0404408B4E8533E800313CCD
:1081400070884EA282718221E1AA4E7A1045C477CE
:108150008803FC1CE444840E8C5E8853FC1C16458A
:1081600098CE88C38B448D7420518924E0880C7488
:1081700008444B570C5EFB801E55CA0D4002403030
:108180000674D19482214088FA8018A4D094463293
:1081900040604605F190462206340F040009FB00BA
:1081A0001904E0308063A10BE6400060C0000025A8
:1081B000800004060000402580000406A6049144C7
:1081C00050588414E4D008F008F07C4EBE4EE4E031
:1081D0009544BCCEE80062088271210B80341E15E4
:1081E00080C04C1586189714DED5837D020B801B4A
:1081F0000C0CF8F1DD93F27CFA7C040CEDF01EF02F
:108200001E05A90E972EE0ACE0B41E251E059D0E9E
:10821000195EE0A0E64018209951151E1E05A30E18
:108220001E15E09C1E65E0B0130EE0A81EB581018E
:108230001E75E0A4BD0EE098B90EBB0EB50EB70ECC
:10824000B10EB30E8145AF0E0A50710CA15BEC0468
:108250002954FE95E640142012101B7E256EE4C0C2
:10826000E5800C40650118500A504002C0046601C8
:10827000101021CE1F5EE640E00844968171273E33
:108280009395ABBE020AA414C7FF63FDA10B8A0538
:1082900025B486D5AD2E963BF8C00C0378300C1370
:1082A000A324964B6B58A954A10BE8000C0382B58C
:1082B000812178C078300C13AB34964B6A98A15466
:1082C000A10BE800A7348445AD24ABB4E2A4040AB2
:1082D0000FFC43F680084496800054138891027185
:1082E000846104A184810D8581212BB4F8C00C0325
:1082F000F8300C13963B1D4468B89F542734E800AF
:10830000AD24A10B2002F895E5A004F006F01812A8
:108310003E2EE5D0E5B00AF09603113EE1AE400AEC
:10832000BC3E9BB42B34AD0EA144962BEFFC4CE825
:1083300000F018123E0EE5C0E5E00AF0962B11049D
:10834000A944AB342D04BC0E4BF886BB9704EFFC5C
:10835000E03000098405A10B657000F0E58004F0B1
:108360000AF018123E0EE590BC2E963B9B24AD04FD
:108370004AB89F44BD04EFFC99249514BB04AD0E8C
:10838000B534B3B4841A910E8B2E8DAEAF04932402
:10839000892EB1C4FCBEFE0EBECEABB4B944BC3E09
:1083A0009B04B7549134AD24E81875688101002B03
:1083B000F1D5A734837D8E181EF0D8D50C0CE5F0CE
:1083C000DD93F27CFA7C040CEC501EF0828B3E2E86
:1083D0000050009B1911E76081858121786040235E
:1083E000EC040210F8304023A11BC12C0C50FE15E8
:1083F0000E4067607C3EE4C0BEB481A19C0485D57C
:1084000063FD000A88A5C7FF78300E15A024960BDF
:10841000E042A43A4298E458090EE8009C14960BF6
:10842000A43AA024E458E042E8004208960B7E0EED
:10843000E0300E15A43AA024E458E042E800416878
:10844000FC34FE14F8604C13980C8914F8304C136B
:10845000846102A18E088871F45581ADA8F10101F3
:10846000F27C0C0CC1C3DD93180E2413441AF000E7
:10847000401AE4820224E40282CFE17C810100C33D
:10848000F2844222640104C04212C0801814F280B7
:10849000E1C7E17C42129823E1277280A22FE01706
:1084A000080E0823422AFF00442AE48E0614E40E34
:1084B000864FE17C421288230420F28CC0086401BC
:1084C000F2804212E17C06148623E9377280421260
:1084D000E817D927020E222F4222F8000212FA04CE
:1084E000C07F6BFD4010A11DA05D1C0040105D937E
:1084F000C1C39C00FA3C04CC886B008B602C100933
:1085000001A183412034C827214F867B0FAE820B07
:108510000DAE841B5298882B58AEE8301AAE809B63
:10852000E47004F0921B0E0BE83057A88435A10BC1
:1085300006F00F042214E460580E922B53988E0B11
:10854000A10BE83080181E0500044C0580000006D1
:10855000F23C0CCCC1C3DD93FA7C040CEC301EF071
:10856000889B007B602C0E090E29846B8351603040
:1085700060100E4B215F81B11C3486AB7CBE820B38
:10858000E8880454881B3EBEE8304F080090008BFA
:108590000195E4C041BE9911EC040210F83440B5D5
:1085A000E02C40B5FE15A11B658014A005C5E09127
:1085B000A10B8101280488D5E42004F06830530819
:1085C000A10B901B7C0486D5E41006F0A40E902B22
:1085D0009E14A804E8304EE88475A10B06F03E0412
:1085E000902BE410F8305205E06014054E189E14EC
:1085F000A10BE83080041E05003052058000000603
:1086000088A102B19A188891F49583BD0C0C98F159
:10861000DD93F27CFA7C044C847B1124889B15A4A6
:10862000FF8113B441F6A12B4C960FFC8A058008FC
:10863000442A2B3F463AE68A8161668E423A8F1E73
:10864000463AE502002465828203E1847298423250
:10865000739881310F24EFEC41FE910BA11B1FFC9D
:108660005FFC41FE0294A19B81814184509C421297
:10867000501A847380734026408A8E83AC8EF00A31
:108680008C0B280EF27C0C4CC1C3DD93E682401AA1
:1086900064010000DF07C0406FFD00025D93C03F32
:1086A000FB800004FE7C040CEC601EF0827B049BCB
:1086B0008161005B8111120B81B101A1030A81C5A7
:1086C0008275E23CF0080025F8040045564284A378
:1086D000821172ACFC958F1D6000174AE18400A4E2
:1086E0006000161AE0FC02B46000146A7E0EA20F4D
:1086F000E580420A6188421AE18400B4422A7C0E75
:108700003E3EED80E43010305E27895E89A5E05C56
:10871000601C4CCA440A8101400AE1808EE5E99C54
:108720008101262404CAA414041AE000022AE000ED
:10873000420AE000421AE5801E27E188420AE05C16
:108740008AA5ED80647C0B0A0050823B46206C8039
:1087500044529C0002067B800022C0002023EC7C57
:10876000EF8008146C000A047E04A13F4852A11F48
:1087700004227890A83FEC0482037C14942B253FBC
:108780007284423269F8963B0954EFEC67FD008A27
:1087900041F6C0FFA11B0FFCCFFC41F68261610CCA
:1087A0000C0A9091ECB5E240B0F13E04E018407143
:1087B000E01C4051F67C0C0CC1C3DD93F800044C66
:1087C00002100A280814EC04E03161FC834108130C
:1087D000831703A57830065BEC040420826080C018
:1087E00046C38AC3CD5AF8600AC40A631864FB0002
:1087F0004A427B004663F1949853602CFB144A1262
:10880000E05C4653F8F5A12B0C4C8101DD93F000A0
:10881000F804040C60880C3401458A7BF0985852A7
:10882000D97DDD2E0613FED5440A86038211618EA2
:10883000618E461AF09840420C34C4274242608848
:108840004652F088444270888195F098C11DC564F5
:108850004240CD6ED93D1C009C004650FCF5851B66
:108860000C0C8101DD93F004FA7C040CEC701EF01A
:108870000034008B0603E1FC1F1482BB0D3E83070E
:108880001D348A6B2374845B21A4A02B3E1E829B23
:108890000B4E900B7E2E8141093EAA233C3E961B37
:1088A0007C5E8A3B6CD88C5BA10BEFF80904867563
:1088B0003EAE81417E24961B3C0E8C5B8D34900B2A
:1088C000EFF86C0882D5A10B81410D24961B7E0424
:1088D0008C5B3E7E0904FC343C0E80236B18900BAD
:1088E000161BEFF80B64968D090E8CBB0A55944B42
:1088F0002594920BFA204212B0138211A71483130D
:1089000083B38D1EE80031EC70A046B2463A801B5E
:10891000828161AE00A5C437880B7C0C7C0C0855A5
:10892000F08C4492FC0C0EC5719848A20A438CA3AB
:108930003843B453084E98530D14804B8233820B46
:1089400009048C5E0C0CB8F1DD93F27CFA7C040C0B
:10895000ECD01EF080BB2904828B2F7443FE134E93
:10896000C0017FFD8A6B0F2EB144B32481017E0EBE
:108970009C0E913E970E990E41F6150E8B4EE00C13
:108980008D2E900CAD94881E91A4AB544062897ECC
:10899000420AF0ACC417E19AFC040A2584A5A12B75
:1089A00084E5A12DFC0412158E95A11D400A8201BB
:1089B000C407E19AFC000A158C95A11D7C001205E4
:1089C000820DFF1181A58AF5FC0412058A45A10BD1
:1089D0007C041205820DFF11030188A5E4B002F0AA
:1089E0008A7B1C0E0AF00B04142BE4C000BC8C3BE9
:1089F000E4A000F0960B3E0E8F14BC1E5658FE44A9
:108A00000D04EFF89924961B3E0E97349544940B71
:108A10009354BC6EEFF868088E5B0974E2A4000AF8
:108A20008101807582B19C0E808591BDA10B9C0453
:108A30000101EAE50C0CE8F1DD93F27CFA7C044CD0
:108A4000827B006B60140C19E00040C69475F41D25
:108A5000E0180C2992F5F02DE686502AE500110A5F
:108A60001921925576D88E0B8C1B6FEC64300070F8
:108A7000E0040206819101550210419CA11BEC0407
:108A80000060FE9581B1649081110195E500028A34
:108A9000412480E556228211D11DFAAC00B4FE15A6
:108AA000D8B761D098710F0E81A14861810103D5BB
:108AB00040961824A12BE0080F148485E18400243B
:108AC000813116036FEC5008F2A4421267FD008A50
:108AD00041F6C0FFA11B0FFCCFFC41F681011C0C2D
:108AE000847102A1D1AD8861150A80C58075E4FC4E
:108AF000F6E5A10BF27C0C4CC1C3DD93FA7C040CAF
:108B0000ECF01EF0866B04886010021900A98191B8
:108B1000060E6010C00072C088BB1D9E42967E1E6D
:108B2000C00167B98B1E8004110E8D1E6321415652
:108B3000150EC0016EA100061B0EC0018F1E840B16
:108B4000191E931E973E8C1BE80048C86C0400A0B9
:108B5000E00842C6741C010A090E8101808800A445
:108B6000045002F0E010101A1C00020580000206FA
:108B700000105E050904B18BED80420AC00842C6B0
:108B800042C6A10BE5AD00088A95FC1EA10BFC04B2
:108B90007E148A350E0B907B4998962B18B1E8000D
:108BA00004068111960B6008EFEC72C8E69E4E7ABF
:108BB00000068375E7AD610084159D0E00F0183442
:108BC0001A44E4E0E1EC0B76901B3E0EFE2489048F
:108BD000920B3C0EE80040C86D0C9D04937B829183
:108BE0007C04FA350C0CF8F1DD93F27CF87C040C73
:108BF00061064E0AE08812246006500A0F4488CBB2
:108C00004E9A866B8111669EE6A2509A8E630D3451
:108C1000402A10C3101EE68AF0A44E62650E443A44
:108C2000F0A450C2E58E463A8FAD81C546AA56AA39
:108C3000C41014A0D0A456B242127E3588C1D0AC64
:108C400052CA91CD546046B2FC15DC00E184180490
:108C5000425A02C340CAE6960C0CE0028135F07C11
:108C6000C1C38B45FA00040C480A086B400AE506AC
:108C70000A2465860244E184E84761B01834680735
:108C8000201FE184E0FC00344042A05F41B8F09432
:108C900042126FEC0406F2B0404060018403FF31E1
:108CA0008131070B728C42129FFC41FE41FEA11BD9
:108CB000400ADFFC0204F00A8413E184E002401A57
:108CC0008101180EF2000C0CC1C3DD936014440145
:108CD000083C81310A3CAF41FC0006146018440195
:108CE000E41C0030601C4401EC04003060204401AE
:108CF0004441C21783016010E0244411E02844116C
:108D0000E02C4401C1C3DD93042E0038A13BFFFCDD
:108D10008208844582E5A10B7180482226239001B8
:108D200040009031400173C173C146300623C00139
:108D300081358803FFFC002E860E842EC1C3DD938F
:108D4000FA7C040CEC501EF0867B090E6184001442
:108D5000E0AC0674886B202384138623E10E401A4E
:108D6000E10E422AE1AC0404611E562AE1AC04146F
:108D7000E11E502AE40404B0611E542AE080040677
:108D8000068422230623E0ACF184420204B47C2E44
:108D90007E1EE0AC3E0EA40385B5909B8235919B70
:108DA000E02C521AA0101E05A00C1E15A000016890
:108DB000E020521AA0000088521A090400F8E02CA2
:108DC000C000200180101E0580081E15179B80C55D
:108DD00080B58101BE148904E8004B0860880294C4
:108DE0000C2582918C137C04E11E529A842E8023E0
:108DF000F4B5959BA8F10101F27C0C0CC1C3DD9385
:108E0000FA1C044C847B028B866B009B00061C14AE
:108E1000E024E0804338A434A044E8009E14980E77
:108E2000880B602442B8A4349A0EE800F21C0C4C63
:108E3000C1C3DD93FA3C040C828B047B60240E19C1
:108E400010498321866B602460280E591C04809B86
:108E50002234A32FE0900244682C4888E89414241C
:108E60009C24A4142234980E040BCF1747D8942BBB
:108E70001A0EE82C0C0C8101DD93F23CFA0C040C68
:108E8000403A006B027BE50AE58A423A0000018124
:108E9000C00167D172A04212E03C44866FE871487D
:108EA0007F218131850B81311FFC41FE41FEA11BD9
:108EB000427ADFFC447AE502006465828203E09C2A
:108EC00072A04222E0A00464EFE86FE87FFD45FE57
:108ED000C50DC03F1FFD41FEA11B003F1FFD41FE10
:108EE0000C0CC03FDD93F20CA11B005B60084096A8
:108EF000640018500006C080070A400040C6E640E3
:108F0000190A4000C0FF67FCC00040C65C08A10B06
:108F10001814DA00A15D61FCE05702C3D63703C71D
:108F2000D18018C442CA8AC38413E086E0000212CA
:108F3000E10E421ADD93901E6506440A420A813111
:108F40000020E586C0046401F28C42125C08EE1D2C
:108F500041FE5A00C03F1FFCD7076A17A20F5D935E
:108F6000FA7C040CEC701EF081617E3E88BB092EF9
:108F7000E03404098D6EFC1EE80D3E0E602402A94B
:108F8000E00040C6150A981596B5E6408904FC1421
:108F90007518FE3404106FFCA10BE4307C0494952A
:108FA0008914963B72D8FE2400B0EFFC8111642036
:108FB000551D81751625812182114004020AC12E9A
:108FC000FE15E24089117E04B001017578104065FC
:108FD000EC040210A11BC16E0974FE557E8490B191
:108FE000BCBE8101C0717C94B08105B58A75A10BAE
:108FF000906B0B6E8984FE14F8100E25A004861465
:1090000073D8A4342224EFFC1C0480BBE46008F075
:10901000601012157698943B8C8B6FFC8295A10B97
:10902000781050B58D24943B8904A02E0014BC44C4
:109030006878960B0B64EFFC88818871BE1482619E
:10904000F4B5C36D0C0CB8F1DD93F27CFA7C040C22
:10905000EC301EF0806B064A04C9840A4C45E0C01F
:109060000249EDAC4C05E020C40AEDA8EE244C45C5
:10907000E0CC0449EDB04C05E0C80409E0C4047933
:10908000EDC04C45E0D00441EDBC4C05E02C04059E
:10909000EDB44CC5EDB84C75E0D404C1E0D8047112
:1090A000EDC44C45E0E00449EE284C05E0DC040149
:1090B000EDC84CC5EDCC4C75EDD44C45E0F0044901
:1090C000E0E404C9E0EC0479EDD04C05E0E80409E3
:1090D000EDE44C45EDD84CC5EDE04C758AC48844B0
:1090E000CA84C874E0F80491E0FC04A16DDC4C056E
:1090F0004CC581014C75EDF04C85EDF44C95EDF8C7
:109100004CA5EE484C05EE4C4C45EDE80645EDEC23
:1091100004C5E0340475E0104C45E0140645EE50FB
:109120000485E0380495E01804A5E01C4CC5E02057
:109130004C75EE704C95EE744CA5EE7C83A16E8060
:10914000EE544C45EE784C8504C58C44A194E02443
:10915000EE844C45A4888E444C459B74CC44EE88E8
:109160004C45A7B4CE44EE8CEE904C45E01006453D
:10917000EE944C45E0140645EE984C45E018064543
:10918000EE9C4C45E01C0645EEA04C45E020064513
:10919000EEA44C45E0240645EEA84C45E0280645E3
:1091A000EEAC4C45E02C0645EEB04C45E0300635C3
:1091B000EEB84CC54C3599C49734EEB46D884CC5A7
:1091C0007FFC59E69F44C020ED844C354C85C83463
:1091D0009D84ED806D8C4C4567FC0430582DC0FF9C
:1091E000E0081806017C18342344FF2181C018C40C
:1091F0006D944C7590B04632183425344C858140BE
:109200000E606D90C00D6600EE344C55EE044C259A
:109210009534FC3E6DA44CC5FFF459CE6D9C4C4575
:10922000FFF8088E0C85994B5082CD9C08405190D8
:1092300050A1CC04FCF5C0006E3C4C0567000060FA
:109240004C05C00600606D98C00265006E204C356C
:10925000E080068A6601066050C640044C65E00066
:109260004C05EDA04C35EE2C4C25EE308875EE14F7
:10927000EDF80C35EE280C4586B5874DEDB40C2580
:10928000E4080020E17C18049803FDC76108180475
:109290005802A101A9CDF1B0BEBE82D5EDC40CC566
:1092A000EDC80CB580F596CDEE7C0CC5EE800CB506
:1092B00080C596CD98F1100BF27C0C0C0CC5DD939B
:1092C000AACDEDCC2041FE15A6439833FC75A94DDF
:1092D000EDD00C35FAF5AC3DE4040620E1FC083491
:1092E000460206438347F1B0F8B5893DEDB80C4519
:1092F000EE240CC598438643F6B5854D6DD80C45D4
:1093000051F69131A24DE00C3EB482F50906A14B15
:10931000188600008605800049F6234B11C1E00C39
:10932000846589213EB4838549F6A54B59F6000C26
:109330008245800C82F5A74B600C49F6E00C59F68B
:1093400045F601458921E00CEE584C45EE5C4CC5D4
:10935000EE604C25EDE00C458235A24D84C5A14B55
:1093600041F6234B0465E00C8375892141F6A54B3A
:1093700047F6000C8245800C82F5A74B600C41F645
:10938000E00C47F645F601458921E00CEE644C05FA
:10939000EE684C35EE6C4C254C55C60A4002EE3456
:1093A0004C05FA148E0B6E34E80C5448680C46E8F1
:1093B00053B88E0B8E0B6804680872280C058E0B50
:1093C0000C15EE384CA5EE204C05EE18BE0D6E3C8B
:1093D0006E1C4CA5908440020E3C4C05000082039C
:1093E00081116C04EE404C056E444C05BE1E81019B
:1093F000BE048F55E31C010AA1ABD6D50C0584D55C
:10940000A70BEE1CA50B8225A30B82654AF882955B
:109410008E0B68006C1881858E0B6800551881458D
:109420008E0B6800EE180CA580F5A3AB8E0B7C1498
:10943000FC384208EE180CA58A35A5AB6E080C1551
:109440000C0587218411EE404C15830D40104E40D1
:109450000C15DC00010A6E280116E0404C05800066
:109460000C058E40820D6E20840402108E404C1537
:10947000E68A400AEE3C0C15EC3800004C05801DD5
:109480008E0B4E3CFC385608EE180CA58815A7AB81
:109490006E400C050C158721010AEE080116E0400C
:1094A000841100000E404C050C05830D4C15EE2078
:1094B0000C15CE40400AEE3C0000E68A801DEC18F8
:1094C0004E3C4C0550388E0B0CA5E8083E04EE18B7
:1094D0008201AFAB000CBE0EA10BE2000C05E265F1
:1094E00081116E0426068201FA8000040C25839502
:1094F00000006D9C0C45EC040223EE200433841123
:109500000453E030583AE060465AE19244C3E19295
:10951000468AE0304632E8304433D090A10BE06018
:109520005995F8F5C1C38181FA3C040CECA01EF0FA
:10953000548E2D84C010641113AEAF9463D1144EB9
:1095400091AEC0108D8E8F9EA1C4ABA4A974A564EA
:10955000A384A794897E8BAEFC6EFE9EBCCEBE8E8D
:10956000EFFC57680C0CD0F1DD93F23CFA1C044C74
:109570000C05806BA10DE0880C1580B5830DE0BC57
:109580008F0180A5E0984C050C158BC50C25E1409A
:109590000C75E0A84622E018870BF0840C35825544
:1095A000A13BE07C0C3580D5460AE0749295E080C2
:1095B000E1D00C19E088420A0321822563388C1B14
:1095C0000C25E8084C05E0A80C15E088875160C41C
:1095D000E0340C35E0A00C45E0BC4C15484A823321
:1095E0004A326696095DF1884C558551484260982B
:1095F0004C5590880640609C48328C04C42B71887E
:10960000182444470E55E08898737C10E0AC0C4554
:109610000825C4570A34FC148E53E0880000823DAC
:109620004C05840882A580C0063057C4C4C7EC042A
:10963000FC3008C5FC7584CD60BC4C35FDC5982B4D
:10964000F21C0C4C0C25DD93061460840C45E0885C
:1096500086736078823B01514C258221824360846D
:109660000EC58345DD84F810E0200C95C487C4C77F
:10967000FC3012C5FC201285F1B058824AC20ACDD6
:109680004610FA1482115C00FA85881D0C55981456
:109690000C45E03C0210E01C032DEC040443C227FF
:1096A000483386534853E030DA85E0608201031185
:1096B000E0984C15E09C4C15E0BC4C05C1C3F92565
:1096C000FAFC040C0C15806BA11DE08C0C05823596
:1096D000801DE0880C0580A5830DE0BC8F0180E52E
:1096E000E0984C05F2FC0C0C0C55DD930C25E14484
:1096F0000CC5E0A80C35E0180C4BE0B444526048AF
:109700000C2BF188851B6050E0C80C85E0CC0C75F3
:109710000C958275A19BE0800C9580F5520AE0744F
:109720000FB8E0800C55C000548660705202E03CD7
:10973000AAA3F1849645949D60940C55955BFDA178
:109740000C5594A51450E03416A4E40496A3E1FC4F
:109750008AA383A79245959D708452020291C637D1
:109760001494A031CB3761FCF9A114930CA5C297D6
:10977000949F6010189592C3B2C4F80C14A5C497B6
:10978000C4C77C24641016A0C7B786A3669248BAE3
:109790007FFC578E0840C3FFC947E50060200CB529
:1097A00088A3964FF00A48AAFC241695FC3016C5EB
:1097B000E68A444A0420A69398936600849DD127A4
:1097C0000C2584A59834E084E01C0C454C258221AE
:1097D00006306084072DEC040443C227F19446024E
:1097E000E0304833E06048030C05DE65FF916134EA
:1097F00060944C9573588C2B0C35E8080C25E08C44
:109800004832E088861B7180613C4C454240854D62
:10981000AB0D1C00E13C4C150C0982D5400AE1D08F
:109820000026E0904C05C0004C05C0980030409CDC
:109830009435CC1060340C05F188483286E5880DEB
:10984000E40402000614A8130C35E1FC86136084BE
:109850000C158317A223601C8403023160844C35ED
:109860004C25C23786136088603042234C058F2117
:109870004203E08C4C25E060E755E09860380C0529
:10988000F1884A12E0A40C45895D804330238A4563
:10989000F09C403260884C254C058C1B68B8E08CED
:1098A0000C15E8080C25E0840C35E01C4C05E0881C
:1098B0008211608C60844C150223C21744038F11FF
:1098C0008C0B6060E0304433E0984C15F2FC0C0CDB
:1098D000E00810A860BC4C054C15FD11E135E09482
:1098E00060A00C050C3587210C45E044400AE04897
:1098F0004C25E68A461260980000F18CA8136C187B
:1099000060BC4C354C25803D4C95E09C4C15E0945A
:109910004C05E0C0DD75C0BC60780C054452813157
:109920000054718000C3E08883558A0B1875F34496
:109930000C85F80CC447E0201045C4771075FC1066
:109940004872FC1C064DF190FA0C46425C004050F7
:10995000EC040A50FA65855DE0840C250C459834CA
:109960000C55E03C8221601C60844C25EC040630E0
:10997000C227072D460204534A33F1904A03E030D0
:109980002AE8E06085019FFCE0984C05609C4C054E
:10999000EC040010C1C3F505FAFC040C8781006BD0
:1099A000E0900C05E0180C15E0840C7560984C856F
:1099B000ACD5A10DE08C0C25AC45850D60200C5577
:1099C000E08804047C080225F0884612F810064559
:1099D000F80806C5781806350A25C427C4477C0848
:1099E0007C100A450AC5C4C7C4377C30FC0C0A3554
:1099F000A6C3A823906584CDE0340C2506248421D9
:109A0000FD37E17C852786234C05A4030404609080
:109A10000245E08846127C088E34F088C4479A24B8
:109A20000435C4370445FC0C4832FC108931719070
:109A30000A00854518046C0402C5E08812547C3085
:109A40000295E088C4C7FC247C3004C50495C49703
:109A5000B2C3FC2482F5A3CDE4081240E17C149447
:109A60009493FDA793CD859700904C559C00405052
:109A70009C0048C0EC040630F695A13B8C1B0321EA
:109A8000E8047D28613C0C450C35FFC11260603450
:109A90000C15E6200C25E0944A42E0884052F18CF7
:109AA000991B7B00FA004422E0904C250C15B04530
:109AB000981DE0840C05AE051414601C0CC5E084F0
:109AC00080A3E0A4E0301453F1B056520F38972D24
:109AD000021180004C158433081460840803E0846C
:109AE0000CA591114C15E0508C1B6050E0304023C8
:109AF00060604033FB000034E80855E80C159824FA
:109B00000C35E0844CA5E01C04206050051DEC04DD
:109B1000E084041446038433A0A5E0600C25A53539
:109B2000FF11609486B5832B613C0C250C05827176
:109B30000A7460349844E084E01C0C35608C0C0599
:109B40004C25A023084060900A33EC044C25897D05
:109B50004C75E0944623E0844603E0309865E0606D
:109B6000E0880C05E0A40C35E0904C25F1804822FB
:109B70008E25864D60340C35EC04042060BC4C25E9
:109B80004C4585414C45E0988033609C60944C1571
:109B9000EC0C063060C04C359215862D603C0C15DF
:109BA0000C2582710674601C4C75E0848013E0847F
:109BB000608C4C15440386234413E0300C09E060AC
:109BC000400AE1D08AE5E0847B0000144F388C1B0A
:109BD0000C15E8080C25E084C217E01C440382231E
:109BE0008515E06086F5A17D601C0C15E084047489
:109BF000E0400C3504238223463AE030A023E0A263
:109C000082A5862D02098E138201E1E0E1E0420186
:109C1000E0880C05E01C0C15E0840C758E13C277EF
:109C2000E03042034C058F010C0CE098DD93F2FC10
:109C3000E0A40C05E0840C15F1804052812D021146
:109C4000E0844C1598449425E01C0C35E08C0C0500
:109C5000EC0418401814191D86C3E084E0305853F2
:109C6000E06058030C09F8050C55E1D0400AE03CCF
:109C700002A5E084F0884052680849E80C158C1B66
:109C80000C25E0840C35E0909844E01C084002115B
:109C90000A14EC04891D608460844C1546038A33E1
:109CA000870160606030462380000076E0984C05B4
:109CB0008BA5EEA5606014A348A286C3A443FB1045
:109CC0008E05984D8211184460844C1508408433E9
:109CD000091DEC04E0840814402388034033E0307D
:109CE000E825E0600C3587F50814601C0C05E0845D
:109CF0008833E08CE0304623E0604603E1D00C2955
:109D0000E084440A000482E58C1B7B00E808454897
:109D1000E0840C15E01C0C25E08406144403862323
:109D20009804E060E0984C85EC040000DE65811D3D
:109D30000C3583B5A4536040E0A2463A82A5865D07
:109D4000001982038211E1E0E1E04011E0900C256E
:109D5000E01C0C05E0840C15E08406144023860307
:109D60004C85E030A404E098E0A40C35E0900C258C
:109D7000862D80330C3586C58033E03490A5872D41
:109D8000601C0C25E4040810603C0C35E08402449F
:109D9000E0844C4544038223423260304413F08017
:109DA0000C09E060400AE1D030F8E084E7B5DFFC60
:109DB00086F5A11D601C0C25E0840614E0400C45CE
:109DC00006338433484AE030A033E0A28285883DE0
:109DD000040982238201E1E0E1E044010C25A404AE
:109DE0000C15E01C0614E0848623E084E030440374
:109DF0008F01027160984C0531888F1B8C0BDFFC42
:109E0000F2FC0C0CE0042708E0FC0C05E1000C154A
:109E1000E0944C2560984C85F180402260BC4C0554
:109E20004C25A223E125E0C0F81C040C816102242A
:109E300060200015004581718834E0A0C8C48A54B0
:109E40000035CA248653601858529853825B708834
:109E5000044055CE81D5EC10827102847C181085A7
:109E6000F098528260101295B0C38861D5CE92C32B
:109E7000FC75857D60881844EC04084070B04A1277
:109E80000A50983318C06C3081F5EC4082214D7433
:109E900002858264C477FC307C300C950C6588C1E7
:109EA000B283FC1CD58E8C83FC35892DF01C0C0CE8
:109EB000C1C3DD93F87C040CED801EF060BC00751E
:109EC0000035FF61811160C0601800254015818157
:109ED0004065E07C0015E08800C5E0B44065E0A87E
:109EE000253EE140E088067460D8003500458623B1
:109EF0001620606C4ACAEC40812166864686213E67
:109F00002833E03C1B3EA051E440061008100B37FC
:109F10007C3EE410E4080610CB5702118537074752
:109F20008317195E81513E4E8141093E0015951EF1
:109F3000931EE0DCE0E000150015FE1E8D1EE028FB
:109F4000E02C00150015911E8FCEE0241D1EA37E6F
:109F5000E08402C481110B1E8EC32B1E81113CCEE6
:109F60001A38971E0AA0E0000B0AE4041A48E720FA
:109F70001615C000A24D60105E45AD6E5E25C05C3A
:109F800098F5C04CC41727BE60AC003519748CBB63
:109F900006C58E6BAB34FC0404CDAEC32B3E8833B8
:109FA0009C0058204E600E05298E9C00AF4E988B69
:109FB000E0B000358BC48F44FC04061560840614A1
:109FC00088338E13E032463A463A9DC490CB66B24F
:109FD000E5000630463ACF370D34E692421A861332
:109FE000421AF00A0210E68ED117E6001E4582CD15
:109FF0005820005C1E859C001E7580508265804440
:10A00000966B2F44E0884095A14BA984811180C5AF
:10A0100081E5AB1E966B01E583413C14E140409520
:10A020009413A5247B084412A52E8111A374AB1EA2
:10A03000AB249B14822DA7B4C00013F81278A34D53
:10A040004C80400027CEDC0016158321AF2EE01097
:10A0500060201625E0880814E0200035E010001587
:10A06000C42721C4FC100665FC0806257C100245A7
:10A07000100599AD93C48C239E6599AD83ADFE14F4
:10A08000EE34AA85FCC482140215C43742C2FC0C0B
:10A090001814FA044C22E08CC267F1B01E95906D42
:10A0A0004C8000580FB89C00298E8000E4100E40B0
:10A0B000C77740C4B3111F1EE686442A18259D1495
:10A0C00010207C0C1F34E4084E7AC58782CB66864C
:10A0D000AD110883483A10714977E686E09802246A
:10A0E00006060E830283E0041043831113E58F817B
:10A0F0001F5E83711615805B1665F8301675F820A3
:10A10000298EF8102C84C41706C5C467C4777C0454
:10A11000FC1806657C1C06750635C4872904FC20DE
:10A120008E639863866315347A184632E0840C2473
:10A13000806DA6631D849245E4100E40C7770A0B1C
:10A14000844342C466A24E7A9F54C4477C041815C7
:10A1500045778471087390CB027391814872901196
:10A160000414708C0606E1908911600887710BF564
:10A17000F8101675C477ACC47C1C06650635C4C7D8
:10A1800089C4FC3046C28C334C22FA0CC267F18C75
:10A190009EE5906D1840298E0215E410C7C77C1CFF
:10A1A00084431D740243918144CA88118643669E8C
:10A1B0008ECB4447060604214527E00804438571F9
:10A1C000E18C0414851107358A0B006BA374AD94E0
:10A1D000A7C4AF448D559F54C477AC74FC1C0615BE
:10A1E0004232BE340614FA044C22E084C267F18C79
:10A1F00092E5906D1840298E0035E410C7C76014B1
:10A2000084431D847C1C063558CA877110C1E6A2A0
:10A2100049C786131843843110CBC41704348243D2
:10A220008F81618860040606442A89118223E6B280
:10A230001124EF2F424A8443421AF00A8613E68A19
:10A24000826DF11F80501E6580581E9580441E75DA
:10A25000AF4488C5E088409523749714A7C4A34BE6
:10A26000971E8211001584958EA360F060A00025D2
:10A2700085418731442A94130610668E853DE4108B
:10A2800040485E154015831181B5E07C8195AD9401
:10A29000906B2D94A7C4AF448135A374A7C4AF4479
:10A2A00088B10C8B926B182B8AAB2514F0A85272D4
:10A2B00025A8829DA16D9FFC97248215E0F00015D2
:10A2C000832D8221C08840651EF001114015E58074
:10A2D0000C0CE098DD93F07CF87C040CED801EF013
:10A2E000FF31012160804025E03C4A86606C0025FA
:10A2F000001581B1816160B4608C40354035819139
:10A30000A453614460C00035E440041060A800C557
:10A3100000458B27A93EE0BCE01800A50410092EDB
:10A320000727E410E68646CA44427E2E4427F1B051
:10A3300050A2A031041070880211E4080527CB3721
:10A340001F3E8317E088064486A3215E81310F2ECD
:10A3500000159B1EA51EE0E4E0E800150015991EFF
:10A360008D1EE0ECE02800150015931E971EE02CD2
:10A37000E0240015231E95CEE08402C4B81B111EF4
:10A38000FF117C1E81110B1E81C11D1E0D0AB1A57E
:10A3900018B8E31CA2CDC0005C004E30DC0046C003
:10A3A0002DAE965520248CAB0015886B98B360AC0D
:10A3B000C4279F44FC080215F1904E120C05867DBF
:10A3C0009C004E308E9B2F9EE0B0005591749514EA
:10A3D000FC080A2560840A2482538823E01E4A5A16
:10A3E0004A5AA374927B669EE5000A504A5ACF5798
:10A3F0009314E686442A8A23442AF00A0420E68637
:10A40000D127E6001E95847D4E30005C82059C00BD
:10A41000A1CB0C4BE08C404501E580A501D581B175
:10A420007C248C4B404581B183C161448823A914AD
:10A43000FA044222AF94A91E946B211482BDADA4EC
:10A44000C0001348833123CD5C0046C0DC004A9035
:10A45000C00011B8ADBEAB7EF8101425E020005549
:10A46000F82014C5C4272514FC080AB5601000257F
:10A470000A75C4C7836D7C30FC3004C58EB30E658D
:10A48000836D99148D149C25836DA8740214A68580
:10A490008924C477FC1C0215FA044422E08C0224AF
:10A4A000F1844AB2925DC25780000FA812C02F9E5D
:10A4B000278EE410C014C797B3113E1EE68650BA2B
:10A4C0003EB4A314C58784816686529A16B59883D4
:10A4D000ADC17C1C582A10914997E6B2E0040E06E3
:10A4E00004B412830483E09810C3839113458F81D1
:10A4F000A78E83211475A8241485E0102F9EE020D8
:10A500001495C427C47760307C080A150A75C4877F
:10A510000A85FC1CC4977C20FC240A5582731B14FA
:10A5200090732F940AB40A734E12E084AE53FA1C4F
:10A5300090E5925D10C023944214E41096C3C7873F
:10A5400066A6508A0215C4C78481FC089883C58713
:10A5500090110283709C5882E19016149181121B15
:10A560000E060B95A78EE0081415A884C487E0108A
:10A570007C200A750A15C4178F54FC044E528E13A2
:10A580004AB2FA04C257F19C8665925D85912F9E6E
:10A590007C200415E41004C0C727238402C396C39B
:10A5A000442A88118EC366A2161444C70421E18C84
:10A5B0004527901B04C39181E0080E06852105D52F
:10A5C000925B0D05C4777E24FC1C0A15FA04442214
:10A5D000E0840224F1844AB2925DC257AF9E98058E
:10A5E00010C0278E0015E410C787601496C323940B
:10A5F0007C1C0215E0040E06E6A6508A8223108118
:10A6000084114987C42710C361881614121B84C3A0
:10A6100007218F8142BA89919213E686E51F17249C
:10A6200042CA82C3421AF00A8E13E68A825DF11F83
:10A63000805C1E55404588C5A33B608C882B1D144B
:10A6400048202784ADB4DC0082112B7486959D1EB2
:10A6500060F40015984B84CB718446220230FF21B0
:10A660002924EC409514841D5C0044301E25833D54
:10A6700083114050608040158B4E85318145A92E55
:10A68000ADB4A78406CBAB740840826110806C0423
:10A6900014A0EC108A9B6C108E3B0145925B7F35B9
:10A6A000834DA9149FFC2758A13D8B349D2482150E
:10A6B000E0F40015832D8221C08C40351EF001117D
:10A6C0004015E5800C0CE098DD93F07CF87C040CE0
:10A6D000ECA01EF060BC00854015FF110015E09055
:10A6E000911EE0C0E0300015E01800B500158D1E89
:10A6F0008B1EE024E064001589BEFE8E81110F1EC2
:10A700008111131E81113E1EADB5FC1EE31C050A0E
:10A71000C00016E860200075E08806A47C0C168551
:10A720008F1482210E95C487A11B7C2096C5932E81
:10A73000B413FE149645B01D60B40015065596334B
:10A740000625FA10C457E0207C140E450EC5C42718
:10A7500004107C088727E410FA104422601000954A
:10A76000082492C34CC2E0841285F190A36D7C2032
:10A77000A4B5BC8E601400458B94C2677C14084558
:10A78000E4100A8098834757E6A64A5A64081640A0
:10A7900045B7882356BA9051C95766A6C4270A837D
:10A7A000848308B1C7B70D44448A9683442AF00ACB
:10A7B0000420E692CF27E5001EB5846D9AE580104F
:10A7C000846DFC24C09040A589B4BE24C0085E6599
:10A7D00098B5A12BE0F8002544A291444822F188C5
:10A7E00083217A10BE2E914E00658BA542B260B4D3
:10A7F0000245F08C00B5FA100660E0144447E410FE
:10A800000E25873716C5FC104A32FC2004947A08BE
:10A810000654E0844622E084A33DF18CC0101EB5AE
:10A820001645A25550C27C103CCEF0A4E40816C0D8
:10A83000C5B70BC4844108838A83454766B256BABC
:10A84000484AC487C23766B288B10D54C7B70841B9
:10A850009643C747484A9043484AF00A0840E6965C
:10A86000CF47E5001EB5883D1EC580109865800065
:10A8700089B4FC4440A5883D5E35C090BE34C00814
:10A88000A13BBCC4003596159144E0F8F18C46A27A
:10A890007A104832914E833189D5BE3E10A00C34D7
:10A8A0000484EC04A01160887C08166502248B17D0
:10A8B0000E45C437C467FC0CFC180425FA08461280
:10A8C000E0880234A2A5891DE08C0234F18442C2E2
:10A8D000A0F5A31DB3414024669248CA8BC4C21799
:10A8E0007C1804253C6484410A60C5478C4364108D
:10A8F000AD614757E6B24A5A66B2582A1051CC2782
:10A90000E69A463A82C14957C3C70A4386430D3483
:10A9100098438443F00A444AE68E442AE500042022
:10A92000841DCF27FC2496C540A5841D5E15C090CC
:10A9300089B5C00810A002440454EC04E0880684E1
:10A940007C0C16358B67A0610234C4570835E0884B
:10A950000E45FC044C62FC140664FA0C893DE08848
:10A96000066490054622E08CA33DF18C40248E5570
:10A97000E40808C0C5470B74C4C739517C040415EA
:10A98000484A9B21C237669EE68A449A4A6A084131
:10A9900004C3E696E69E441ACC174747822108C3B3
:10A9A000C3270AC30D2482C342CA84C3421AF00AD1
:10A9B0000210E68ACF17E5008465823D823DFC14D3
:10A9C000C09040A5C0085E35A11BBE14001582557D
:10A9D0001114E0F842A2A2A3111EFA04BE1E8311B4
:10A9E00090AB111483AD93249FFC2928D0F1011161
:10A9F000E0984015F07C0C0CC1C3DD9360AC0015F1
:10AA000000258141815160A08185843406CDC5C473
:10AA1000FB3046321C004850855D82514045FE1592
:10AA2000DD93E0B8F87C040C601802658E35A32B2A
:10AA3000E04C02559465815D080406C40C25E0884D
:10AA400088637C106C040E00804B8381E0880624B0
:10AA5000FC0C183586AB03F5F8040C951895C497D3
:10AA6000959DFC24879D82A502A5826516A4E0B46D
:10AA7000F7B7E17C8EBB16A3949D8BA7A38B809523
:10AA800088BB82750C6002810E70EC1092AB6C0476
:10AA90008A8D964B9854F8451855C45781C5FC14B7
:10AAA000040406340C25E0880824FC080655E088D8
:10AAB000804B7C1002C58A3BC4276020E34002190A
:10AAC000FC081825E686463AE686425A8653042153
:10AAD000822385274800855D880BDC00F07C0C0C08
:10AAE000C1C3DD93F87C040CEC801EF0E0840015FB
:10AAF000B0F5A11D601C0025E0841214127384932C
:10AB0000A17DE0300045AED5875160A0E0601233F2
:10AB1000E696504AACA5913DAC75A13DAC25917D22
:10AB20000C70092E0045E40C00A5E0B4A041E0D46F
:10AB3000617C0A44FA8004A4F7570F2E04A40A4348
:10AB40000B47E1A00D4EE1A7E088086460180055AE
:10AB5000FA801624FE2EFCAE54520B5E0151F0908A
:10AB600081C5814182616924E02000C51825C42780
:10AB70008421FC0848228527866DFA100FC4FC85C5
:10AB80001223A01D8EC3C02CF0AC4EC25B1C4E2203
:10AB90009CF5A3CD892D8D2404B09C85FA2DEC0461
:10ABA000917D9C150D249AC5E18406B40CC00BA4BC
:10ABB0003E1EE404E0880264A8230F1E82A34427FB
:10ABC0008191262360AE462AE08804448C8B01B133
:10ABD0000315A6CB6924A4C3821482810215C4275D
:10ABE000C417FC08A6C3181360000412E800021280
:10ABF000A29304B3FC058E8D18900B840F14E40807
:10AC0000E40806B00325899461148283C02482611C
:10AC10000415C4170025FC04442AE0248A13668620
:10AC2000E50004204A12CF278E6DF088FE14FAE565
:10AC3000F420028A0C3488D585C76108F1B04662D9
:10AC400086E5A03D60D000057C248CC342CA8AC33F
:10AC5000D107F00AFA800004E692400AE68A421A16
:10AC600005078401E600021091170603820D3E04D9
:10AC7000D0A44002C1E00019C4040210C1E0401198
:10AC80000C0CC0F1DD93F07CF87C040CEC401EF061
:10AC900060A80015007581410025E0AC00A5E0B07A
:10ACA000A31D60A0884E9C4E831384358DF383339F
:10ACB0009CC48254FC100A559C5E985388C4C054AE
:10ACC0007C100A55985388410254885EF18448A24A
:10ACD0001870234D4C70E4100855DC00DC00505017
:10ACE000608806447C3E8E6BE0881614FE0C0C9542
:10ACF00082A17EAEA2A309138AAB3EAE89738333D1
:10AD00007C2C14A5CD84943B1493B093F19E86AB18
:10AD1000BEC4FC840254FEA4C4C78A830EA08EC3A2
:10AD2000489AEC0400D8E01C0E10A0008F13EC042D
:10AD300087738333E174D934AE33D594F13E9233C3
:10AD4000182040548875E41060880E440C85846B8C
:10AD500006A07E1C0913E404F1844832061407336C
:10AD600030ACE0888A9B68007C0C1295E9B492AB09
:10AD70001283B683F18E949B46524054C447F09C94
:10AD8000200100A8582240008305F0908A3B046B04
:10AD9000A00000D8EC04001083338113D90487731A
:10ADA000D524CD148403A203A0F1F10EF07C0C0C89
:10ADB000C1C3DD93F81C040C60A002350225874155
:10ADC000463AE0504822E6920630F080874DEC0487
:10ADD00002358AA50804601883C1E088FC10065576
:10ADE000C4578644FC1408550C0083F50E04640413
:10ADF0000675E08810647C1C0685E088C477FC201A
:10AE00007C1C08950875C487937DFC208B7D82058A
:10AE1000028580C5CA7760B48095907D806B23CB16
:10AE200002C180B584CD8C0B0C0CF825DD93F01C91
:10AE300060A00055004581310254E0180454608838
:10AE400081C5E08C4A4208CB713EF084943E844335
:10AE50008231103E60A000558B3D984BDD93FC95F0
:10AE6000F87C040CECA01EF081312D0D0455AC359E
:10AE70000445E10404A5E108135EE10CF1945612C7
:10AE80004A12114E0495F190401261100485F1A808
:10AE9000585261140445F9AC4CC261180F1EF98078
:10AEA000F1A44E1258120D7E2C7FF1A0F1904812A1
:10AEB000B87F0BCEA17DA87F7C4EA275E08802B43E
:10AEC000C45709AEFE8EBE9EE0180495E11C0485B1
:10AED000E0B404A5FC141275FC041215E02004551E
:10AEE000C417C477FC040A45FC1C0A15E12004754C
:10AEF000E6A2504AF1904812669E4E4A907DB48375
:10AF0000044598E50C0461241235E0889304FC188C
:10AF10000A35C4374232FC0C421AF184924B6692D5
:10AF20008C258E1DC4B78DB4FC2C08050A65C4079A
:10AF30000405FC004662E128463AF18C9104E68261
:10AF40008825823DC4A78BA4FC2808050A95C40760
:10AF50000405FC004292E12C421AF1988904E68231
:10AF60008425861D0435FC04C407E130FC00080577
:10AF70000A05C407B203FC00E68E400A820D7E0477
:10AF800080041E058875A90DE0740415E094420A3A
:10AF90008FC486C5AFCDA0C3C4C78655181588C356
:10AFA0001825F818F034F8080A15C417C4277C04CB
:10AFB0007C080A250A35C437A413FC0C841DA6237B
:10AFC0008C1000000C0CD0F1DD93F07C060B803B64
:10AFD0000C0CD0F1DD93F07CFA7C040CEC901EF0AC
:10AFE000827B0B2E0240090E0008E4C0E7000440FB
:10AFF00066400A4001F599C14265816118C0783008
:10B00000C56EEC044265D56C4A63E02CC966E02C41
:10B01000E02C4461FC55A1CB608802047C0EC20781
:10B02000E700004000403E0E7E1EE640E4C01230C5
:10B0300064C01440E6400C308181110E12058D452C
:10B040009921783043389C1A1C1AE81C7FFD57FE62
:10B050004002CFFF99217BACF83054054278E504DB
:10B06000690EE81C8F9E9921E02C120541F89C1A6C
:10B07000593AE81CFBAC400299211E1A54058DAECA
:10B08000860B602CE81C4148992111B40C03ED0C8F
:10B090009E1AE05CE81C42A8602C0C031E1A80ABD0
:10B0A000423899210C03E81C809B608C99211E1A60
:10B0B000E81C41C88934FC244222FE44B42371A414
:10B0C00092230013402A8E38441AE0921144E092F1
:10B0D0000202A13B920B600060000622EBFC04120E
:10B0E00002323E340006EBFCA19D40009C004090E3
:10B0F000603048030C269033461182818F94E030F3
:10B1000091BE8DA482088B04E655818DC8F10101A2
:10B11000F27C0C0CC1C3DD93E08400447C000A0384
:10B12000F0805852E09018C3FD0120C380CD3C044C
:10B13000978018C4440418C08615A31DE68A44CA23
:10B14000E50E582A658E442A18C08131C100640179
:10B15000728C4422DE27E3C702CDA4CF80F5931181
:10B160000A298853E22DE1E08B11805540118803B4
:10B17000DD93E3901824425A9833E088E030063596
:10B18000C35DC65780000A06D1944A128215CB3D92
:10B19000E010000B8203C6075C08C03D04439A0020
:10B1A00048018501DD93E390FA7C040CED301EF03C
:10B1B0001E259B2EB7C4E08899411D4E1E25952E55
:10B1C0000CC06084B5B4E7901E25972E992EE080C0
:10B1D000A32EBF24912EBD24932EBB240F2EB92461
:10B1E0008145812108405926A14BEC041F1EFE9584
:10B1F000E5800A5060004F06E00811068191213E6B
:10B20000161587D5020AFC1CC7FF63FD48C28C6572
:10B210008D1170A4E3904811A11B801A942480E53D
:10B220000286C32D4811C000821AC3908265A11BFB
:10B23000709C44C20425CE17C22DE030C0000236F7
:10B24000C3904811C01AA55E8205A11BFC20182BD3
:10B250000236C22D4811C0002314C390163B922B16
:10B26000006B984B787898AB2134EFFC255494CB45
:10B2700002918C0B087188518E188481F055839D42
:10B2800002299F14040AE0348485E3FC985B1524AA
:10B290000D2E9D448B2E8921892E9724FE2E8F24DE
:10B2A000FC2E9924BE2E9124BC2E932440989B24DE
:10B2B0000101E800E5301EF0F27C0C0CC1C3DD9307
:10B2C000FE7C040CED001EF0848B7C0E955EBB04AE
:10B2D000110EFE4EB704A30BB304BE0EB1048B0EC9
:10B2E0008E28890E8675972E817103658E039504CD
:10B2F000E390000982D5AD0B8E4B7C048B348924FE
:10B30000E0200013FE549504BE04BC0EEFFC7068F0
:10B3100082719724FA758F2BE0003998E03002098A
:10B32000B5B49514A10B1F0E021015011D0EE79068
:10B33000C0000046C0385E059B0EBD0481A5B9045F
:10B3400004200438AD3BEC0480381E350000423147
:10B35000A12B82110994FCD5E200002A81A10B7473
:10B3600060080D06400A8131962B66A640090C063E
:10B37000420AC000400AE51E0210E59EC0086401B2
:10B3800072A84002E807D9178111220FEFD853287D
:10B3900066A6446A640000004212C100E30772A876
:10B3A000651E462A442ADE174C02659E0630F98443
:10B3B0004008640140228111D93772A8962B680792
:10B3C0008131260FEFD8516800001734C1006401A5
:10B3D00042121B445E17F2A80434E307A20F6088F0
:10B3E000A61B08236401064004204009C00964012B
:10B3F0006008488611B48151852581C1A9BB15A477
:10B40000FC10147314958C7E4695FC1452A260C0F7
:10B4100012A9F1B046A5E3908295E180887E8C73F5
:10B420000E7595744475FC141279E0C04475E39070
:10B4300018C0E18084416C0488310821991B88512F
:10B440001F24F6D51B44815191B481C16088062424
:10B45000193EA41B0F3E8833E5E004806581063069
:10B4600008404009C00A678108628515F09452427D
:10B470005265A9BB1075F9805275FC144E8278C0D4
:10B480000EA9F1B0A4AEE240006382B5F09452324E
:10B490001065A46E5265FC140E69E0C05265E2406E
:10B4A00018C0E18084216C04991B88511104F6F5C1
:10B4B0001754FF819F148141004A1B34000CE00C9B
:10B4C0000454E20000146880420AE8808135E68A6C
:10B4D00082414D8EFEB5834D0E041B148141E088E0
:10B4E00065810610933EC0091BC48595E0880A4417
:10B4F000829B13648AC39FA466010AC018C0400AD5
:10B50000C009640194B4836582E5A1BBE1800CB5F8
:10B510008265A1BB9834B0B416B4A6B3170AF08004
:10B52000C0036081800052B56C0414A088618891CA
:10B53000FA55A1AB824117548B4B8E139114F4F53D
:10B540000A48A91B0368C000C00040016696420A71
:10B550009B34814105B5C4171B548613F0944642B1
:10B56000C4371364829B1FA40A308A33400A6601E1
:10B57000640118308365C009A13B94340C3582E521
:10B58000A13BE180B0348265B63398B4F0801634C4
:10B590006081170A52B5C00314A0800088916C0422
:10B5A000A1AB88611754FA558E138241F4D58B4BA9
:10B5B0001B1487459934814106108613C0096581A3
:10B5C0008595933E0A441BC41364E0889FA4829B24
:10B5D0000AC08AC3400A6601640118C08365C009B5
:10B5E000A1BB94B40CB582E5A1BBE180B0B4826587
:10B5F000A6B39834F08016B46081170A52B5C00320
:10B6000014A0800088916C04A1AB88611754FA558E
:10B610008E138241F4F58B4B420A9F349944E6968F
:10B6200086131B340613C41706308833400965811E
:10B63000933E81411BC48595136488531FA4C4574E
:10B640008AC3829B66010AC018C0400AC00964010F
:10B6500094B4836582E5A1BBE1800CB58265A1BB92
:10B660009834B0B416B4A6B3170AF080C003608152
:10B67000800052B56C0414A088618891FA55A1AB82
:10B68000824117548B4B8E131B94F4F58D05814129
:10B690006682424A7FFC55FE139EDFFF0D1E923BE1
:10B6A00059FEFF515FFF7FFD0385FF618C1481917F
:10B6B0008405911B4A60951D58A05C000275DC0052
:10B6C000DC004C9092BB191D1C005650FB305812E8
:10B6D000941B965B88310291819D82AB1394FA355D
:10B6E0008C85915BF1A842C2E1DC030A58A00855A1
:10B6F0001B94DC00E088024460880664E0881654ED
:10B7000012901213C00A6481FC0C1235E9C00215B4
:10B71000FC2C1295F18C4612063432131394F080EF
:10B72000F08002144A60871D58A01C008A6B9C00A0
:10B730008131121B458E8135813D82318D14FEB5DC
:10B7400082631B148263C467024198CE854D8E9339
:10B750001B34E8158D35819143FE139EDFFF7FFD7D
:10B76000FF4106BB7FFD4BFEFFC15FFF819103855B
:10B7700091ABACA483AD84055C0048C0DC004A10EA
:10B78000589002750BADDC004C40926B4AA21C0035
:10B790008C4BFB14029182AB941B8EB3FA35859DC2
:10B7A000914B13944C528E450D0AF1840855E1DCFF
:10B7B000DC004A100C941BA412C4E0881644608874
:10B7C0001463E088670114A01495C0090C65FC247B
:10B7D00014A5EA205262FC2C3463F1A4F080129488
:10B7E000F0800C64936D13941C0048C09C004A10B8
:10B7F000011188CB856D816150844832C4040C608E
:10B8000040004885D09C421242CAFCF59B44E68227
:10B81000C4179213845E881388310291E6B5819D26
:10B82000022A91140C28E010C0004001FF311B6473
:10B8300081C17F41136E8B757FB18C5B0345FF61C6
:10B840008A9B8111FE1C12A519A491ABDC0046A0B5
:10B85000DC005610FC280A554850915B4C105C00E7
:10B860000211DC00851D925B91BB80A5916BFA658E
:10B8700091BBFA25916B8C8542328C450214F19074
:10B88000030AF0808695E1DC02C41B940AB4E088C8
:10B89000146460881213E088670112901255C00981
:10B8A0000215FC141295EA204A12FC283213F19476
:10B8B000F0800A54F08002148095835D893D818573
:10B8C0009F1480C5E6824A6A98130155668242BA7F
:10B8D0001B54985BC4178A13848E8A1382C1136425
:10B8E0009F5488618BCB9714420AE8F58151668694
:10B8F000C4179B2454220B85192EF084141B84BB7F
:10B900007FC1FF2181E58161919BED944690459433
:10B910004460DC00919BDC005C005860DC004890D7
:10B92000816D8261912B80A591CBFC05912BFAC58D
:10B9300091CB8CC542328C850214F190030AF080C1
:10B9400086D5E1DC02541B9414BBE088E0880C240B
:10B95000E08814C412901213C00A6481FC181265A6
:10B96000E9C002157C2812954C1296AB3213F1985F
:10B97000F0800C64F08002144CCA015546CAE00401
:10B980001714E010DC00582002069B248A13C00024
:10B99000E682421AC4179813848E841382511924A4
:10B9A0008E238EA3835B97149724EA359BB49F1450
:10B9B000E68A400A00138F341D94C4074CB2C417A2
:10B9C00080B370848111091582AB1504862B0F3E5C
:10B9D0008C4B163B82031B146790000081658151DC
:10B9E00088410251882108319FC488118845995D9A
:10B9F00093CB80C884C4FCD5841591CB5FFD3F28D0
:10BA000088C4C3FF80F591CB91CB8CC490C4809542
:10BA1000F8E591CB801689117C0481D58924944B5B
:10BA200000138B349504E020BC0EFE547758BE04FE
:10BA30001B04EFF80F34941B172482110E038E633E
:10BA40001B0E8EB3851B8E331EF0F0150C0CE5001B
:10BA5000DD93F67CFE7C040CEC601EF0829B00AB58
:10BA600060940034E18402A4820325C4602A400A61
:10BA70002984A1714202816140C27BB0A273FA8025
:10BA8000F398426240128073CB777298E0EC020424
:10BA90000E042E1F0B1EE194FA90402244422E1FEA
:10BAA000211BFB88EFFC43F6A403201C7398426221
:10BAB00080084C968000101848AA9F24897EE6AA28
:10BAC000064406233E5EE1840623CA27442A823BBD
:10BAD00084C3E012F29844624E22A0C1CBC7729890
:10BAE00060EC167438BFCB777FFD45FE56CAC03F69
:10BAF000802B6408E0000E1AE180420A1FFD57FE09
:10BB00000E06403F5758C0000404EFD4D01761E040
:10BB100045FE241FC03F7FFDFFA1500742CA7C9E07
:10BB20007E8EE408E008421A406A0B940984E028FB
:10BB3000E580420AE188421A6D80420A41FE922B5A
:10BB400043FE5FFCC03F1FFC6FD44BE8122B903BC1
:10BB50004B98903B023BEFD423A4802BE028446A0F
:10BB600006CA21841D94E5FCE1FC061A6580420AA0
:10BB7000421A960B8E1B6188ED80420A5FFC45FEDF
:10BB8000C00447F6EFD4536847FE3E24C03F7FFD14
:10BB900089B4A774446284937E84F298442290937B
:10BBA0007C94F298442292A354CA7298041AE40C2A
:10BBB000420AE0000406E18055FE4000C03F1FFC41
:10BBC00061E006A450A7D0271403A62F4212FFA1BC
:10BBD00045FE7288DFFF7FFC640842CA421A847106
:10BBE000C7776008E028406AE580420AE188421A87
:10BBF000ED80420A1FFD43FE41FE5FFFA11BDFFCFB
:10BC00000B24824545F8963B0131EFD44F188E2B1B
:10BC10008195EFD48E2B0131EFD44EC8963B0B2487
:10BC2000EFD4452843FEA11D5FFF1FFDDFFC41FE51
:10BC300082E5A11B963B0B24EFD4446860F8041402
:10BC4000240FC5070131C5174D388E2B81E5EFD480
:10BC50008E2B0131EFD44CE8963B0B24EFD44348B4
:10BC600060F80414240FC507211DC5177FFD45FE8C
:10BC70000414C7FFFF3101880188000480F8021412
:10BC800019844602465AA12B409A6028400AE526AC
:10BC900047FEE18404065FFC0033C000E5A6409A3D
:10BCA0004022953B47FE7280A10B9FFCDFFC47FEC4
:10BCB000F00A403A0C0BA00C0C0CB0F1DD93F67CB2
:10BCC000814101B582414954985DC5C480000A068E
:10BCD000D1B04A52814DCD5E5D93FCD5C1C3810187
:10BCE000F87C04CC67900A30E6A0183081610F4ED2
:10BCF0004806088B03A5E0242066809B18A3A51B9B
:10BD0000160E40001478D0000001160606A590001B
:10BD1000F27D0000484A80B554A2E49C65AE90AC28
:10BD20000831826104C182518AA88281F8D5956D5B
:10BD300088D5E5AD82418F44885B033181C103B56D
:10BD400078040A699478A51BE08810647C2000853B
:10BD5000E0881274FC240095938D80958175809500
:10BD600080A5928D78044A71946683C182310AA8B5
:10BD70000CA482518D3DFA80A3CDF8958101F6C5C2
:10BD8000F07C0CCCC1C3DD93FA7C040CED901EF06A
:10BD9000E0841E75A74E9D5EAF2EA13E9E14A91E87
:10BDA000E0200E05E08C1E85E0881E65E0801EA563
:10BDB000820B250E47F8AD1E1F0EE8140E0583C139
:10BDC0004C05E0180E09EB54DC34E0580060310EED
:10BDD000C00B65419E48AB0EE0200E1B5C589C28B2
:10BDE0004C35A9CF4C21EB50C0026D6904C41E0430
:10BDF0004C13E894C00166B16D6D4C414C51C002CA
:10BE0000C0026D71E8144B2860180E050E29809B46
:10BE100090BB604CF0145605E0480E0914199BAE17
:10BE200081A16034E0900E39E0940E4978185601F3
:10BE3000E7F4030A781056310010810102700404FF
:10BE40005641E460904B780CF8145621E01C0E35F6
:10BE50005001A31E9901604850A1AC0650A1E054C6
:10BE6000AB04E058B124AD14EFE074688D51210BA0
:10BE70002FC490A5B11480AB640100600470400928
:10BE80000165E4A04944823BEC040630A13BC14E6D
:10BE90001E05FE75A1AB60909D0E96D5E0A4180915
:10BEA00012C5A10B8460128064601280E48002C01D
:10BEB00064E004C0E5F006C0640100600860400969
:10BEC000C002650166010A6018604004C00667018F
:10BED0008DBE8F9E895E8BCEFC6EFE4EB104BE0E73
:10BEE000A554A744A904BC0EEFE8720880AB311436
:10BEF000A1AB2FC405E588A5AFC49551E070180922
:10BF0000EE45A10BE074180996F5A30BA114A30448
:10BF100000349D24E44000C0A0114654FC2EFE6E67
:10BF20003C1EBE0E2904921B9F24989B65B8B14409
:10BF3000210BEFD890858F5192CB00AB00C0F3D589
:10BF4000962B66F06FE443C880AB923B8265A1AB51
:10BF50009D0497511EF000AE025EE5900C0C940B10
:10BF6000DD93F27C028027040460E67040096401DE
:10BF7000924B963BE02C0059FE1EAF043114A71ED5
:10BF8000FC6EA001992EBE2E8E1B3C1EA324970E84
:10BF9000EFE0480880AB1D04995121AB239EF69534
:10BFA00064D10E802B04C0022D14962BA7348E4B27
:10BFB000EFE06D48A1AB80AB79C58AA512099D5110
:10BFC00092CB6070D605A10B60580E096500046025
:10BFD0000660C00240046601670108605B78C00625
:10BFE0008C1B68109151210BAFC4D0B51809B11446
:10BFF000A10BE070020BD045E4A004706401066060
:10C000008C1B4009EFFC65E880AB311493512FC4C1
:10C010002D7EE91566310480A574C001FC2E99942B
:10C0200000702B2E3E9EE440E17C0204962B771795
:10C03000820323340A042F04155EE11431048E4B6D
:10C04000E7000200A904BC0EE8044808A1AB80ABDD
:10C050000AF660352F04C000AD24963B0009A114F8
:10C060008F2EE304B0112B248D2EA3448B6EB124AC
:10C07000FE2E899E9F6495243E7EFC2EBC0E8C5B1A
:10C080009724A904EFE04BA8A1AB80AB0B465875F1
:10C090002F04C00021748C2BAB64963B00002D94C0
:10C0A0000270E7108C4BE4406FE058E800AB925B05
:10C0B00021AB8E2B52D5927BC0000BC608802F047B
:10C0C000C003649164700220162B849B254E8E3B26
:10C0D000E7200000EFF47828A1AB80AB0BD64E75BB
:10C0E000120BC0002534961B4CB88E2B80ABE80495
:10C0F0004C15A1ABC0000BE61215AF74122BE0106B
:10C10000A994E03C0E0BB1440E39E188919EE320E6
:10C110008D2E8F4E9F148B1E0070090EA344E730A6
:10C120009B14FE1EA534FC3E041027543E3EE44002
:10C13000BC6E963BEFF843A8A1AB80AB5FFC30B878
:10C14000C0000BF663800E1964500880120BC00407
:10C15000A534962BEFFC5C684A0600ABDFA5E00037
:10C16000FA7C040CEC301EF082AB1914849B15741D
:10C17000866B3E5E88BB7C1E6040128947F8941B2C
:10C180008E3B6800E044120982E5A60D8665A90B86
:10C190008C25AD0BAF0B7CB4100B9A1561F88E1B80
:10C1A000A30DEFD88D158C258E45A50BA70B7CB460
:10C1B00002609695900B64206FDC4108A30D8E2BD6
:10C1C0008B3582258E1B100BEFD860A8A30D7CB495
:10C1D0003E6492958E1B900B6FD861A8100B8C2B30
:10C1E00069B88E1B8C2B6FD8921B140B6FD86D689F
:10C1F00087B58C2B642002607EF8900B8E2B6FD855
:10C20000A30D7CB43E648C558E1B900B6FD86008D8
:10C21000100B8C2B6A788E1B8C2B6FD80E098565C2
:10C22000C0056FD184E5A10B67FD0E159704C00111
:10C230006FC90E290E39C005C0056FCD60090E4BC0
:10C24000C21EC003E0105615E0585621E05C56317E
:10C25000E03056436FD85B487CB48E0B80B5A30D9D
:10C260008E0B3E14EFD8634898F1010140162C0E56
:10C270002E0EE0000C0C8101DD93F27CFA7C044C64
:10C28000846B028B867B6028A008A218E810626885
:10C2900060581019A204802B6678E034C817681023
:10C2A000E0440C199C55A51B4E05E014C00167DD48
:10C2B000E0180C0B98349A2467E14E150C19C00154
:10C2C0004E03E038C0026FE1E0540C0967E94E25E7
:10C2D0004E35C001C00167ED6FC94E11A10B40057D
:10C2E000603C0C190C2981010C39E0404E11E048EA
:10C2F000C0056FCD6FD14E014E21C005C0056FD571
:10C300006FD94E31B0A5C00560510C0902604001E3
:10C31000C0036491E08804047C080235F088481268
:10C320004E358463400167F9E08406046060084587
:10C33000065B82338013612068014E4583414001D2
:10C3400060094E530C25C003063BE1BC4E41E15051
:10C35000C0056FD167FD4E254E33C001C003600D8F
:10C36000E300020960214E010209C0064E01E330DC
:10C37000C0066025E360020960294E010209C0067B
:10C380004E01E390C006602D0C2991450670604077
:10C39000E014E470E0104E0508241A044E15E088FD
:10C3A00086436014603C0E59E08410248C0B100E00
:10C3B000701500158683400260540CC9445A8433BA
:10C3C0004815E68A001BE100C0047811781900497D
:10C3D0005013C008425264004641FBB058726A00D4
:10C3E0000049F088C0087815EC004611EB00464182
:10C3F000781100494641C00808246D000059E084C6
:10C40000400878090E43C42704708473400767719D
:10C41000677108404651C01106C06E00C0136770B6
:10C42000815107657C1400C9649010600EC4C0037C
:10C430001095E08854827C1C8C73F09C78014495A4
:10C4400012C4400214A5E08490936060612012BB86
:10C4500044A5988348B3E400C0027801E1BC0E759E
:10C46000E150129B4E32497E519CF09410C982518A
:10C470009CC6E300E33010C9E4004EC1E36010C97C
:10C48000E8004EC1E39010C9EC004EC1F275835D27
:10C49000F27C0C4CC1C3DD93FA7C040CEC901EF0D2
:10C4A00084BB0B1E80AB2B1481813C5E866B3E4EA1
:10C4B0008D1EAE04AF74A514FE1EA7944FB88F8EC8
:10C4C0001639E810981AE094A53B9A2AE010521306
:10C4D000E0145223090E8A557401000EBE7EC00777
:10C4E0008301260E85017C0E2D64A18CFA80020446
:10C4F000940B29748D34FE24E8004D28609416199D
:10C50000122B940B49988C3B0B64E8001629940B72
:10C510008E4B6090E094161968004E888D148C3B09
:10C520008904BE748F05FC941619A334CC28E090BE
:10C530008295C51DC51DCE2800141E6580001226DB
:10C5400000181E15800050C6090E96E5F084403292
:10C5500060200019E47004F0E120000960805E11A1
:10C56000E48002F060845E0159788C0BA10BE80036
:10C57000008B80E58B64879189048D140F048955A5
:10C58000E47004F0608402040C13C407021B80638F
:10C590000C05E2485213E02402F06028A60EE48065
:10C5A00057B8BE648C0B68008B11210B88F5FC1EFC
:10C5B00004F00F04FE14E4700215C4078C0360102D
:10C5C000E024000502F00203E60EE4805658BC6445
:10C5D0008C0B68008475A10B8C1B0F0404F0216484
:10C5E000C207E47002F00203000BE4805203E0187B
:10C5F0008C0B603CE80055288465A10B808B0B6494
:10C600008B910D14021B89044418E1A84C03EFE040
:10C61000900B6018C8F11C8E0C0C9E9EDD93F27C72
:10C62000BE7E8F048063C207E0180C0BE038520313
:10C63000E0941609C1C3EBB5FA04044C843B066BC5
:10C640004406027B0C0BE00057B8861BA67DEFD09A
:10C65000A97B8225AD7B80A5AF7B82250185869550
:10C66000A57B8101A77B8285810184D54C03DA0EED
:10C67000020660284C13E10081D5E038DA0E810112
:10C68000E0284C0360304C03E1000006E0384C0326
:10C69000E03C4C03F2040C4CC1C3DD93FA0C040CD7
:10C6A000847B066B4446028B0C0BE00C54988E1B6B
:10C6B000AD8BEFD0E00C101AED80420A800000062E
:10C6C00080704C01A58B82E5012182B5E480006079
:10C6D00060704C21E4B002700C0C99211318F20C1C
:10C6E0000C0CFFD0DD93F20CF83C044C8C35A51BF0
:10C6F0006FD106090619C005C0056FD96FC9062993
:10C700000659C00540056FCD4811A10B4821E03402
:10C710004851E0204801E0249AC5E03067F9060559
:10C72000061BC001C0036009602D06294805C0062C
:10C730004813E0100605E0E0C0016801600D061B2B
:10C740004821C0034805E2804813E0408B45E110D2
:10C75000603C0659F08840326E700019E68018403F
:10C7600081710161E0344811EA700019E02048113C
:10C77000EB700019E0244811E68A425AEC70000977
:10C7800060840414E0880A141002862300106C30C0
:10C79000C0166770677102200450400FC00B6771AC
:10C7A00060304881E5000A40029B853550327C1894
:10C7B0001085F08840047801F09854C27860549352
:10C7C000F098521278304A850685846188217C0869
:10C7D000E400129B5032558E5493F09C52C2783034
:10C7E0001089F09C82717C000889A4861084E03056
:10C7F000917DFA800C4CF675DD93F03CF88C040CBE
:10C8000060384611462181510430603CC00164709B
:10C8100060184653647018300C30C00240026671D4
:10C82000E00C43F68171032579004455F09C506279
:10C83000F15CC95E63005071A0568271E1005051F5
:10C84000E2005051E4005011E1000E0A0430FAD524
:10C8500040166771E010180649568145EC0418C06F
:10C86000FE95A1CB67F14655040640014655EFF011
:10C87000C00167ED67E946554611C00140056FD913
:10C880004623881BC0026FE9602D46510C0CC00680
:10C890002438F08CC1C3FFD4F81C040CE0180079D4
:10C8A000E0280039E02000C9087006684A3AEC0424
:10C8B0000049E6920089E0145252601C0059F0B021
:10C8C00081016024D26D041840C6080E8E55E00028
:10C8D000EC041240E6A6525AD21D9093D96D8C7585
:10C8E000D11D8C35A13B8AF5A15B8AA552C28A6510
:10C8F000128AF9A088D5F0008895F07D8855F44D0E
:10C90000EC081240F4F4130AE57D86B54E328675C4
:10C91000A27FF9940E8AAC7F8495F0004E1AB01372
:10C92000A17BE116B86382F5E10E586A8255A1CB6E
:10C93000E00E406AE016421AE692400A080E8203B0
:10C940000C0C8101DD93F01CFA7C040CED501EF000
:10C9500080AB3D048191255E848B154E1630130EFD
:10C960003B04E520E0080D068171211EA30EA99E5F
:10C97000270EB904650100A01B0EC002660100A0CD
:10C98000190EC004670100A0170EC006640100A0C4
:10C990001F0EC009650100A01D0EC00B8D85810111
:10C9A0009855A10B78901603AC12945BA734A5247C
:10C9B00072F8A344A10BEFDCA13494F516039D4457
:10C9C000AC12F890E03016238B4E8C38A7549F445D
:10C9D0009744894E9944FE4E9B44FC4EBCAEBE4EDD
:10C9E0007438A544A10BEFDC93448EF51603A134F3
:10C9F0002C12F890F0A44A42603016238E388C43F3
:10CA0000E0510F5E094E8B5EE54008F09D44FE4EFE
:10CA1000A754915E9F44FC4EBCAEBE4E79789544BF
:10CA2000A10BEFDCA904883511048FC40034A30BDB
:10CA3000C0000006C0005835C0605835A14484B518
:10CA4000160393245058F890E58008C00423AC12D4
:10CA5000894EFC18FECEA744BE4EFCAE3C4E95441B
:10CA60006BD883410271EFD804B18891A218846118
:10CA7000E4F5837DE5501EF0F27C0C0CC1C3DD9320
:10CA8000FE7C040CEC601EF084AB06B86010002342
:10CA900002149941000B81513E0EE014E760003012
:10CAA00041568145EC040840FE95A14B6C040010F2
:10CAB0007FFC49EE3E04CFFFE410414AE00404DA73
:10CAC000ED80420AEC0400006FF9015A40C6400FA5
:10CAD000420AE000175AED80420AE4300006ED8079
:10CAE000BC0EC000800013C8600A402EE760123000
:10CAF000E6A01030E502441AE582481A0224092E05
:10CB00007E4EE184E0FC0044C347201F8B4EFC1E98
:10CB10002012A535A8348101401AA01D423AC686CC
:10CB2000403AE5820414E5020620F680050A6C808E
:10CB3000005BE47CFB8C48226C7C06429C004A1023
:10CB4000688C18544A0081510C341C000E54EC00BF
:10CB5000A6436F8C789C4C62EC040842ACCF0B640B
:10CB6000689008C4483BA75F4D4ACACB4C1AE40CF6
:10CB70008C3B600C420A7C644D6AE580421AE430CA
:10CB8000420AE1884052ED804E20509808F5DC00C2
:10CB9000D28C42420865A12B80000E066C040E2048
:10CBA0000F0A803B4610E47C02201C004472EC8497
:10CBB00000067B840222C0000804EC7C0A146F8407
:10CBC0002223EC00233FA30FF8904852A83F0B14F8
:10CBD0006C040422A53F8C03F2844232FE34892483
:10CBE000EFCC47280070002B0870E42C010A6C542D
:10CBF0000331E47CFB90480200000606E48000CA92
:10CC00006200000CEC7C0A426F941804EC000C5497
:10CC1000AB3F2A4378B05862EC040842AB0F383F70
:10CC200044AA293F471DE400E00C41F6E00C421AFB
:10CC3000E580420AE188421AED80420AA11B9EC5A6
:10CC4000BE448EF5F6800024F6800244028A8013EA
:10CC50009075E48064740F0A9C158341BD113E04F5
:10CC6000402AAE13044466820270E88404206408FB
:10CC7000A32FEC04F808460298D5853B6C8006107B
:10CC8000E47C030A461201210416FB8C02CA400010
:10CC9000080CE480023262000A44EC7C18146F84B1
:10CCA0002233EC004AC2A32FA34F789406322A2FD6
:10CCB000272FEC048111880342220755040BF284CC
:10CCC000BE248131EFCC496864080670070A8121CF
:10CCD00001E5E47CC000041664080670E512402AF1
:10CCE0006592422AE47C070A0406832108708000CA
:10CCF00006CA6C780A0CE480483262000642FB9057
:10CD00001854EC7C0C346F8C2643EC005862A72F2F
:10CD1000A75F78B00842382F292FEC0442128A030B
:10CD20004C78F28804706FCC008AE40C41F6E7FC82
:10CD3000A11B000CC00C41F616B0A40682916C0435
:10CD4000848108A10244819586716884EF0F820373
:10CD500000027F45A1BBEFFCDFFC2DD8B0F13C0405
:10CD6000F67C0C0CC1C3DD93F804040C80CB061DCB
:10CD70007A0C4C12FB0442321C005820F1844662AB
:10CD80001C004400670FFF01E17C0CC4698C0EC4D9
:10CD9000F89840028403AE0F79084C02F9304E0235
:10CDA000A16D8E6F040484F5BF6170804662632FAD
:10CDB0004229F18C0424A7CF06C476800420FC7C91
:10CDC0004222EC042263F1846D3FA30F0335841BE0
:10CDD000A31D860341FC04241FFC41FE0275DFFFF6
:10CDE000D088400260010606C30760000210062FCB
:10CDF000A40FEC04941E900EF0040C0CC1C3DD9340
:10CE0000FA7C040CEC701EF0889B1D34826B00CB06
:10CE10005022062D5890FA0C52001C0021049C0050
:10CE2000FB084632718C54829C004C504A107ECED6
:10CE30000D0E9C001F048C1B095E942B0B0E868B21
:10CE40004378980B007BEFCC7F0182BB7CAEFF1157
:10CE500042F8942B09A4EFCCE17C0464788840026A
:10CE6000F8884212B61F2E0F56023E6E4E12F0A4E4
:10CE70004072F2A842727928820FF9189835A10DF4
:10CE8000E17C0274F08440B272844472441FC20F89
:10CE900040F8902B211BEFCC0014BFC181115680AC
:10CEA0009C0440009680000484800000EC040C0088
:10CEB00044627C840020F1A0050A6C804822E47C56
:10CEC00042B07B8000429C0056706C7C06149C0033
:10CED0000A046F804652EC00A1BF788C4EB27EB43B
:10CEE00047F6F98CB0C3600071A04A320B0AA04328
:10CEF0005852647C1EB5FBB0965B00046C04104273
:10CF0000EC7C08C240000A06EC0014446F901254F6
:10CF10001014B17F40A2688002B4F8A4A8C368903E
:10CF200000C2201F211FEC04E89000547C7C0214F6
:10CF3000F1884432EFC87BE803D59003F29C42129B
:10CF4000FF01238D020682F560006001E0FC0074A1
:10CF5000C37743B7B60F02AF79A84272EC040C80D6
:10CF60007FA781A57FFD43FE0121DFFF42229403BD
:10CF7000906B7284880E8B240D048A1E806EB8F12B
:10CF8000F27C0C0CC1C3DD93FA7C044C887B0A6BE9
:10CF900076801424E00048C6B4431951090A34537A
:10CFA0004A42E47C81C17B946C7C08529C0058000E
:10CFB00000000006E4B012106F9002C4EC001644AA
:10CFC000788442B22853A90F0252A20F86A36C04A0
:10CFD00068840204E89000C46FC85B0881818131D5
:10CFE000FF213493849D1E1E82859C0E128A189EFA
:10CFF0008A55E0FC6FC87428ECF8049051E60525CA
:10D00000322BE000050A803B4610E47CC1111C0075
:10D010004222B2130412FB840834EC7C813168880C
:10D020001C004600EC000A246F8800344052A41310
:10D03000204FF880EC04001268800244E888003435
:10D040009E1E9C0E0C4C988EDD93F27CF87C040C9A
:10D05000887B52C4F0140E65E682521A6090580A1A
:10D06000041683C1A16B400044C20DB41224918800
:10D07000423AA32B8FA4E6860824118419C49B800E
:10D080008088084410904E72E08808140A70147E5C
:10D090002C5EE41017649071F0904A721490285E30
:10D0A0000A94E40C12A460887D97E17CF094567297
:10D0B000F97112A3708452B2209E8EAF103494B3D3
:10D0C0001204608854B2E08850B270A018AEF0A488
:10D0D000303E9033E0E0440A020613349524C00049
:10D0E000C000461586018295E17C18049803FDC7AF
:10D0F00080838E0F8A83104390130C4E0C0C881E75
:10D10000DD93F07CFA7C044C88AB027B617C10746C
:10D110001003866B527284BB509FF2A0100BC08F1D
:10D120006C78921BA11BEFC8D68000149C044000B1
:10D1300096800004848000006080010AEC84020074
:10D140008255A81E41FE7F77DFFF7FFD81010073BE
:10D15000A80E987E561B85158203902B6C800200CA
:10D16000E47C010A7B844002C00004066C7C02025D
:10D170009C0050906F840424EC0006144432220377
:10D18000238FF888EC040002A17D248FE8800084BE
:10D19000D18000040C4C980EDD93F27CFA7C044C98
:10D1A000827B0A6B617C0264E17C067481A102438C
:10D1B000586211B40603F284F90450C2728C4A72A8
:10D1C0005842C60FC65F7904E5B2420AE532465AB4
:10D1D000E5B2485A428A02334842E502528A72A8AE
:10D1E0000613E582E522465A72A44842E5A24A5A4D
:10D1F000708C5042E532400AF2A84852F9904682BB
:10D200008E85A13B06440F2E4A82E17C5842F08C69
:10D2100007CBF28C06C4C6CF90CB5680990C4A52ED
:10D220009680065484800630EC040A30E47C0B0AB5
:10D230001C005840EC8408307B904A52C000100615
:10D24000EC7C08526F901284EC00144452A229CF57
:10D250002853F8A41216B2CF0A5260042693EC04A5
:10D26000E89414C4922B298FEFC86248B41F0F248E
:10D2700081A1300F01E584B3A11DB2B356B202659E
:10D2800004B39088E0FC0614C317430716B0260FBA
:10D2900021BDEC04E00004B21FFD43FE41FE5FFF30
:10D2A000048ADFFCFF8160FC603880F504206FC8D1
:10D2B00045E6ECF84E6FE000F18048A2906D135403
:10D2C0004040154446A29C004230F384961E9C00C8
:10D2D000902E940EF27C0C4CC1C3DD93FA04044CE6
:10D2E000807B026B811158046BC804F65818813199
:10D2F0000404EFC8C21761FC7C7C00048403A22FE5
:10D300007C7C02040013FF077001000E411DCFFF5B
:10D31000E1C000140000581E803F0FFD45F65C146C
:10D320004022C3FC009AD180C03F634D200100F829
:10D33000DD1740006D8D0000401AC03E87116682E7
:10D340006686400AE0144306009A8FA5C03F61C973
:10D35000200100E80000C000C03C6F2D6682401A2A
:10D36000400A8711028666868D95E03061BD009A7D
:10D3700000E8C03EC00020016D750000401AC038B2
:10D38000871166826686400AE0800386009A8B8554
:10D39000C03C6071200100E80000C000C0306DF5A5
:10D3A0006682401A400A8711038666868975E128DD
:10D3B00061C9009A00E8C037C00020016F29000051
:10D3C000401AC024871166826686400AE25403062A
:10D3D000009A8765C02F6149200100E80000C00065
:10D3E000C0166FC96682401A400A87110206668617
:10D3F0008555E41063F9009A00E8C022C0002001BE
:10D400006D590000401AC00A871166826686400A7C
:10D41000E62842060721834562D9009A421AC012C3
:10D42000400AE68A40002687295943060000C000CA
:10D4300080022DB92686400AA8240206E086400A0A
:10D44000D1800004F2040C4CC1C3DD93FA04044CF7
:10D45000E0300229E090440AC0000006C000420506
:10D46000842480F50416A12B40228000442A918058
:10D47000E4500C108171230BC427811190884C62F9
:10D480006FC86C08987E8C0BF2040C4CC1C3DD9302
:10D49000FE7C040C6C611EF0133EC0010E09807B03
:10D4A0008121604C60BC5E255E25886B81A160B4E3
:10D4B0000AF01D0EC00164515E25DC345E25E0AC2F
:10D4C0005E25E09CA13B608C06343F2E5E25C15456
:10D4D0005E25E1045E25E1005E25E0FC5E25E0F8C6
:10D4E0005E25E0F45E25E0F05E25E0EC5E25E0E8F8
:10D4F0005E25E0E45E25E0E05E25E0DC5E25E0D828
:10D500005E25E0D45E25E0D05E25E0CC5E25E0C857
:10D510005E25E0C45E25E0C05E25E0B85E25E0B093
:10D520005E25E0A85E25E0A45E25E0985E25E094F7
:10D530005E25E088BD2EE084443ABB2E8731468EBE
:10D54000800C0E25E0500E090424971EA32D81386F
:10D55000C40004068121192E9314982E60204231B4
:10D56000042E8131E7C002F004F00D1E0B2EE7D02F
:10D57000E7E002F004F0091E7E2EE7F0640102F0FD
:10D580007C1EC001641104F03E2EC001643102F023
:10D590003C1EC001910E832197449D14EFFC5588D9
:10D5A000E1141E05AB0B8004E008001AED80420A6E
:10D5B000C0003C58E10C1E05A10B8004800000B6A1
:10D5C00080004C0580003BB8676000F064400AF0C2
:10D5D0000D0EC001E77000F000F00B0E090EE780A1
:10D5E000E79000F000F07E0E7C0EE7A0E7B000F0C0
:10D5F00000F03E0EC001642181213C0E81311104F6
:10D6000097449D14EFFC5248E1101E05AB0B8004BB
:10D61000E008001AED80420AC1141E05C000000592
:10D62000C000342861081E05E58008F0610C1E1555
:10D63000E5700AF08004813181110424EFFC4A680E
:10D6400006F03314B104E5307C3EAF24E54006F02B
:10D65000804B3E3E825B3C2EEFFC5A2881611B7E54
:10D660002FB891540E09E00081116040E09C5E15D6
:10D67000E0885E1540003D1E1E05F3F8AD0B60F41A
:10D68000E0985E15E0945E15E08C5E15E0845E1512
:10D69000BB1EBF1E88F5956E60F01E35E7100CF0BE
:10D6A00018F00044AB14E6C07C6E8C30E17C0A4478
:10D6B000A904BECEBC3EA724EFFC572860B41E15BB
:10D6C000E70006F060B01E051E258C4B51B8E0C483
:10D6D0001E25EFFC1E35E0DC1E05E0D81E15E0C05F
:10D6E0008195E0C4E0F01E15E0DC1E25E0D81E3573
:10D6F0008410800408F008240C30E5C0E5B00AF07E
:10D70000EFF87348819101810E09A9D54000E040EE
:10D71000AD0BF3F81E358A750CF060F81E05E710A6
:10D7200018F060FCAB14E6C0FC240631FC20004578
:10D73000BECEFC6E0A442904A724E17C52F8BC3E0C
:10D740001E15EFFC06F060B41E05E7008C4B60B0C0
:10D75000E0C41E25EFFC4D88E0E41E25E0E01E3508
:10D76000E0C01E05E0C41E151E0581D51E15E0FC97
:10D770001E25E0F81E35E0E40005E0E00211FC2083
:10D780000425FC2408F07C200631E7500AF07C24B4
:10D790006EB8E7401E25EFF8A32DE0D4DC04809599
:10D7A00082C5A10B60D01E1508F0840B0AF06750EB
:10D7B0001924E7406D989D311E25EFF81E35E0D401
:10D7C00008F060D00AF0E6A0830166906FF87DE86B
:10D7D0000E0981114000E040AD0BF3F81E358AF5CB
:10D7E0000CF061001E05E71018F06104B314E6C0E8
:10D7F000FC240631FC200045BECEFC6E0A443104F8
:10D80000AF24E17C4CB8BC3E1E15EFFC06F060B4C2
:10D810001E05E7008C4B60B0E0C41E25EFFC4748B6
:10D82000E0EC1E15E0E81E25E0C01E05FC200245C8
:10D83000E0C41E15FC2404311E0583151E35E104C9
:10D840001E15E0E81E25E0EC0005E1000245FC2085
:10D850000411FC200631FC24282BFC24E73008F0BE
:10D860006FF86848E7200AF0A58EA39EA10BDC04A0
:10D870001714842553388E0B1E05EFFC802B60CCCB
:10D8800060C81E15E73008F067200AF066D89D31A1
:10D890001E65EFF812F060CC1E35E7400EF060C850
:10D8A000FC9EE6E00A643E7E1E15E17C8C4B60AC7B
:10D8B000E0A81E05E0A41E25BC3E9F3E46F8A15EE2
:10D8C0001EB5EFFC1E85E0BC1EA5E0B8961BE0D09F
:10D8D0006D38900B942B6FC4E00002CAE000021A6E
:10D8E000670500EA420AC927421AE580420AE18830
:10D8F00082A5ED80727D10068101400260B85E85D0
:10D900005E0581A181B160BCE0D05E05609C1E1502
:10D91000E65006F006F07C3E3E3EE6601E05904B6B
:10D92000965B6098E0941E2566B8BCAE1F34EFF895
:10D93000FC9E8C4B1E15BE7E1E05E0BC1E25E0B86D
:10D94000BC3EE0D042B8A1541E35EFFC18F060D0C8
:10D950007CCEE610E62018F01E15BECE1E05E08C2B
:10D960001E25E0881E55E0841E45E0BCBC3EE0B8A4
:10D97000EFF8648860A41E35E5D018F018F07CCE6E
:10D98000BECEE5E0BD04BF141E55BB241E45E0AC71
:10D99000BC3EE0A8EFF86368A584A39482919B74D1
:10D9A0009D0488812B28930B3944DFFCE5D00CF0D3
:10D9B0000EF03734FC6EE5E00A443E7EBF14E17C95
:10D9C000BB24BD047EB8BC3E7C6EEFF83E7E813148
:10D9D0003F148341BD048151BC3EBB24EFF8612854
:10D9E00081513904BB94B7143D44BF34E984040425
:10D9F000F6800C24376EBE61F18442626C800410A4
:10DA0000E47C030A7B8850129C004A006C7C0E82E6
:10DA1000817C00046F9C0254EC00047454220C9D21
:10DA20001604F884AE83689C82A5A55E7198449222
:10DA30006238880B861B6FC4823B004B8C9B3D4E2B
:10DA4000BB6EBF3EB4BF379D148202F50490EC0458
:10DA5000880B6C286FC46128004B861B3D4E959146
:10DA6000BF3E823B2524BB9EF98C404202B4210B71
:10DA70000235E8A8E89C00248341012183213F2E40
:10DA800081313D2E6FC445A83F1E882B1E15B26301
:10DA90000EF0609C1E35E6601E25E0983B6EE0941B
:10DAA000E6500CF0860B3D0E864B7C6E825B3E7E14
:10DAB0007758BC2EBB34EFF8BE7EFC6EE09C1E1582
:10DAC000E0981E05E0941E25BD44BF547678BC3E08
:10DAD0001E35EFF881716098E09C1E55E08C1E1594
:10DAE00060941E35F18C487273944A72E61018F0F7
:10DAF00018F07CCEBECEE620E0881E05E0841E2510
:10DB000057F8BC3E1E65EFF8FF01608CE0841E856F
:10DB10001E95806D0C0640885E7580008C1B008C05
:10DB200000885E751206902B5A788000920B6FC4A5
:10DB3000E00002CAE000021A640100EA420AC100E1
:10DB4000421AE580420AE1888225ED80608C5E758C
:10DB50005E05FF0181A16088FF010305E044108A92
:10DB6000048082F5920B6C406FC4588881A18C1B95
:10DB7000E08C5E15E0885E0591549B74210185550B
:10DB80003003E1114402B013010A7B84121BE47CD0
:10DB9000EC7C0022400002069C0052606F8006145C
:10DBA000EC000804A19F202346421154269FF88CC4
:10DBB000EC04042200141B74259FE8805E0581A1FB
:10DBC0005E95E0889564E08C1E2593341E45E10443
:10DBD000026460F81E35E088861361008261460E9B
:10DBE0001E159DC400C4E0FC983360888013002398
:10DBF00061045E251E2598435E35E0F41E35E10084
:10DC00005E15E0F0882160FCE0EC1E1560F45E25F6
:10DC10001E2582315E45E0E4801360F8E0E81E4591
:10DC200060DC1E055E3580231E35E0F0984360E021
:10DC300060EC5E151E1588015E25E0D8983360E41F
:10DC400060E85E455E35A121821160E0E0845E25DA
:10DC5000E0DC5E05E0D85E1510688B6B1304DFFC1A
:10DC600001B5811141249801EC040A50454A9E34C3
:10DC7000040CE40C8413E200FCD5A15BE0580E090F
:10DC80001E059334811D6114E200040C8EAE8C2EAF
:10DC90004611800489116024A50B9324C0000266FC
:10DCA000E0204411A50B173493148645A31B84145C
:10DCB000CE1480E5E094424A00300E250E198430DF
:10DCC000AD1BE040400C0615C4300030AB0B8AF5AC
:10DCD000800C06059C940004800C4605E1101E058E
:10DCE000A51B80140E1982750410E040A11B6C184E
:10DCF000E40804DAED80420ACE1488F5E0440E29E7
:10DD0000F0C042104410292BCE2EFC04800480F574
:10DD10004210A50B46159C0CCE14800CE094420AD0
:10DD2000003082058921643091218125801EA41F45
:10DD3000E0500E09420193141EF0E028C001646116
:10DD4000F67C0C0CA31BDD939314FA35A31B8414EF
:10DD5000FD45F4A5FA7C040CEDF01EF0829B233EF9
:10DD6000E0981E35A50EAB4E0619A73E1EB5E090F5
:10DD70000089E0A88013E04860700261AC1E811148
:10DD8000E0105615E04C0019A91EE624605000A9C9
:10DD9000E080440A975ECE78241482E5E084441A39
:10DDA000020CA11BA41EE200A0000078921B01013E
:10DDB000EFF874E8440AE6240016E0884290400038
:10DDC0007458DC0000F0CFF80AF065600D0EE5D065
:10DDD000E59000F000F00B0E090EE570E5A000F0F4
:10DDE00000F07E0E7C0EE580E5B000F000F03E0E07
:10DDF0003C0EE5C0291483210C3B940B5278924BC6
:10DE00006604EFF8E1318111E08C400AC0741E0510
:10DE1000C00040151205A7440819C00C860FE094F5
:10DE20002554E60EFC1044101FE8AB2B159EC000D5
:10DE30001C08A16DBB04C000A50B800480001F5806
:10DE400060A01E051470C8770025E4409404E0101B
:10DE5000FF0100230024802D520AC1AC8215C12A83
:10DE6000D707A40B400AA00B1200E1AA0A09EC0490
:10DE7000400AE0644420E094400713FDC0C00694CB
:10DE800040281E25D9884632400844350A19AB1B64
:10DE900008258068AB34E018529223140C24908437
:10DEA0008418E120A71B521806298215851BE02C37
:10DEB000062984158175E028E02406298235851B12
:10DEC000E0200629821102214C2A9F1E8135E69A04
:10DED0009F1E83118825A16B02641F24832DE0847B
:10DEE00008158685400A60209D6EE088E6A2461AE5
:10DEF00084D59B3E403A9F24813166A2600A442E1D
:10DF0000E17C02047758932E0414EFC0A12BE19416
:10DF10000C248E2587E5F680AC0E89011F04B155CF
:10DF2000E194023476800214E00044068EBB1F7434
:10DF300076800004E5E00AF000102023192EEC188A
:10DF40003344802D918842020884003484140210E6
:10DF500051804222C000045600342D34400AC904C6
:10DF60004222669EBD1ED1848C309024E09A400AE5
:10DF7000EFF46FC8AD14BD04407E8406930EE01E1E
:10DF800004048DA506146194A62FE0ECF6800C2401
:10DF90000460C061804B6C14647C050A48108EBB21
:10DFA00002601C001D74EC94FB844222EC7C06127F
:10DFB000688C0A444800814118341C000044EC007D
:10DFC000447A6F8C40C2E6AAA61378800012205FC4
:10DFD0000254EC0400446880442AE88C8131669E37
:10DFE000EFC06728802B2704AB2EC0084E62A31E0B
:10DFF000840B71806FC075E81D648E2B0014A11B0B
:10E000000004D68000009680AE038480E080010A80
:10E01000C0541E05421682952B04E000F180441284
:10E02000A314A12EEFC07468A273A1140AF03344A4
:10E03000AD14E5E09024BD7E8E1B0430EFF46968DA
:10E0400046061F24BD04E0000424AD14A433F6806A
:10E05000993E8406609C1E0525549EB1A74481C14B
:10E06000406AAB0E926B669A93B5910EF08444921F
:10E07000040CD52D0A29E200A40F6064FBFC000A01
:10E08000444A80858665E090E17C06640663963F9D
:10E09000956D943B40000606E08C440A40541E35C2
:10E0A0000464A6634422E0880420D08CC0090401E3
:10E0B0009090442284A004208473882482110261F9
:10E0C000F4B5838BFBFC000A0A0980C5404AE06472
:10E0D00098A5E09000741B141934E094E0880AC4F9
:10E0E000A203B744F0800404E1940224F6800214F1
:10E0F000EC1802104212823D0424918C0210088414
:10E1000042328414065651840424C0004232490429
:10E110001F34D1849D04A10D442ABD1EB134E68E66
:10E12000E082402A7C14082506318A43215EFC30B7
:10E13000D18000040AF023CE6178E5E0A3C4EFF4B7
:10E14000BD14B10480169803A744A554E0640A09DD
:10E15000E084404A93048885B544A124E69E400AA1
:10E16000847B2F34F6800204A41D11548000020623
:10E17000CC080210A30F3D1E7C1C0825400A8E43CC
:10E180000AF060160631E5E05EF8FC30A3C4EFF457
:10E19000BD14AF0480169803A744A554909302C100
:10E1A00081CBA90440000E06C0000206000662559D
:10E1B0009714C0000A49B9348408E0548C248618A6
:10E1C000E682401AE4040220E692480A891B8C1E6B
:10E1D0003B0480D5801E851183659534A12D1534AF
:10E1E000A10B84750A2984250424E040040AFC005C
:10E1F0008255F018E182401A1E05A10B02560074E8
:10E20000401580000A098000400AE0648285E080B1
:10E210008014BB040615A51B4210800C46159C10EB
:10E220008311000C1EF0801E0C0CE5F0DD93F27CD7
:10E23000FA9C040C605000190029826B81C1604C6B
:10E240000A1090CE0E14640C0059E088525060649D
:10E25000C00173F06686502A48C592731280E010A0
:10E26000C487640C73F15290907341FF60844A0A32
:10E2700010069273404000014C8590715292400408
:10E280004E7290A0100610A44CC5800012740004B9
:10E290004A0AE188B28F60800E741A8E10848084DE
:10E2A000A8711CC400044C85DCC0108440044C855B
:10E2B00060440E8A08A5C01880000066E04000791E
:10E2C00086D5EE7DE00C1036E49C504A00898635F8
:10E2D000F38DE048007604C506898000FC8DE02CB3
:10E2E000068982B5FC8DE02406898235FC8DE02804
:10E2F000063980B5FF3DE02001358215930191017B
:10E300000C0C900EDD93F29C6044000918CEE027BF
:10E310004C25A22F2B0BE010FEAC01F68101580E0C
:10E32000000001065A0EAD7BDC940004400C4C0545
:10E33000E0804A4A40000006DC004260CFF848888E
:10E340008C1B0301F29C0C0CFFF80828FA3C040C0F
:10E35000EC201EF0829B006B0E603E2E088BEC04BE
:10E360003C9E86AB012181010141893156988E1B6B
:10E370008C5B6FCC82B5A10B81013EAE81213C9EAE
:10E38000814111318C5B0E1BEFCC55C880A5A10BD0
:10E390000C0C90F1DD93F23C81013E8E81213C9E7C
:10E3A000814121318C5B0E1BEFCC54C80C0C90F1D9
:10E3B000DD93F23C8605A11B880DFF41C1AC08042A
:10E3C000C106484AD19048121780080473FC4000E7
:10E3D0000844C0070840812C424A84048816E1861C
:10E3E00081010C0E5D93DD93E0084096FE7C040CE9
:10E3F000ECE01EF0886B00BB60181689067B844B2E
:10E4000004F082AB06F064D0094EE4A07D38880B9E
:10E41000901B6FFC64C004F0E49006F0901B140B9A
:10E42000EFFC7CA864B004F0E48006F08E0B0B7E59
:10E430006FFC7C281E09901B98B160D060C01E390B
:10E44000E084048460B01E5942079623EC0804203F
:10E45000708042B20010C2374EB26C08570DF08C7B
:10E460004257849B9C0052006C080070F09446B2A6
:10E47000845B570D1C004A00EC08003084CB570D1C
:10E4800058001504FC0E9C000B048904130481AB96
:10E49000E000541AED84400A9104BE0E81013C0E46
:10E4A0009195FE0E8AAB0F8E8E5B048AA40A8D9E18
:10E4B0008994FC74400AB0030F2A669EC008640069
:10E4C000521A8B740E00601CC0046400400D41267B
:10E4D000D7774000400D5E058C9B400020000188EE
:10E4E000A0000C06B00A8C6AAC03BC446692400AD9
:10E4F0006400091A4926C008C000200D200D5E45A1
:10E5000000004000C00464018063D70706258E83A5
:10E5100080000E06824B147ABE14A80A400AAE038D
:10E52000031A6686C0086400200D43265E15C000ED
:10E530004000200D640100005707C0048073881B51
:10E540007B800064FB800C847A804C62E4080010BD
:10E550007B800274E408411A7A984212591C926B2B
:10E560004200961B00503C00411AE408967B640868
:10E570004E000D440030BC00963B64086408411A0C
:10E580004600969B00403C000F84E408E408411AD2
:10E590003C005200E40800A06408411A4A00965B5F
:10E5A00000C03C00411AE40896CB64083C005800C7
:10E5B000EC041080E000101A3FFD37687E04C3FFB2
:10E5C0000C0CF0F1DD93F67C71884412E1F5823396
:10E5D0008401C20700045D93C1C3FA80FA00004CB5
:10E5E000E506440A6586400A04208111C2006401E0
:10E5F00072844002E1CC082460B802040624DA07E1
:10E60000A04F61C879844432FC7C0044601002064B
:10E6100075988131084CEFBCDD93F200FA04044C8C
:10E62000802B046B4E96212B82C5E00860C8001435
:10E63000E1840624DD170603813101716FBC744843
:10E64000F29C42128E0B980EF2040C4CC1C3DD9367
:10E65000E506440A6586400A04208111C20064016F
:10E6600072844002DC07E527A40F5D93FA00004C9A
:10E67000822B4207811104017A8000047B9881314A
:10E680000404EFBCA22FE1A041FEA12B0004DFFC9B
:10E69000084CFA80DD93F200FA00040C6FFC7A0853
:10E6A0000264846B8203E184E01A400AF2000C0CDD
:10E6B000C1C3DD9369294386441AC001401AE502AB
:10E6C00081116582640104204002C200E527728442
:10E6D0005D93DC07C1C3A40F04348331A33F688872
:10E6E000422A82218013E68E00145D93C1C3FB8011
:10E6F000FA04044C847B066BEFFC77288461C267C4
:10E70000FA800264E69E421AE502441A6582401AC3
:10E7100004208111C008640172844002E807D927EF
:10E720000C4CA40FDD93F2048111210B00008465D1
:10E73000040E6C044602FFF0A13BF808418400047B
:10E74000C40402100214FE3500047B80D017FA8046
:10E750005D93A01FFB8000147A800204A11FD107E3
:10E7600000105D93C1C3E404FA00004CE502482A9E
:10E77000E5824A2A6506403A423A882B8A3B6586FA
:10E78000EFBC7388600104068131420042128403A9
:10E79000F907728C60900414240FF917850BFF2180
:10E7A0001FFC41FE41FEA11B084CDFFCDD93F20083
:10E7B000FA04044C866B211B81710A4588E5A12B64
:10E7C0007E81060E481A40004A0AE50A400AE50E14
:10E7D000461AE58E1854658A5607E1D4E18402444E
:10E7E000003420CF5657E0FC0434A01F401261844F
:10E7F0004222F094882B72B0EFBC6668850BFF2133
:10E800001FFC41FE0165A11BDFFC41FE4E9601018C
:10E81000180EE0080C4C8E0BDD93F2047FFD47FED2
:10E82000860DC03F00000602083EA11B80000206C4
:10E83000409C0634C184081450904632423A81010B
:10E8400040964006881E8008C1C3DD93FA00040C80
:10E850008A25A12B0A0206130614E000030A7A8017
:10E860000830F47C81116C807B904632003281410B
:10E8700048506C7C0A069C00184400000C04EF8091
:10E88000A0336C0078B05862214FA15FE18400246E
:10E890000632385F275FEC0442528803813172846C
:10E8A000EFBC6128F2000C0CC1C3DD93FA00004CF0
:10E8B000A12B003BE506403AE586423A06208265F8
:10E8C00083416C048131274F6F38880342126FBC3B
:10E8D000FF21F28C41FE850BA11B1FFCDFFC41FEDA
:10E8E000F200084CC1C3DD93FE00044CA32D003B95
:10E8F000E406403AE486423A0820867583316C0487
:10E9000068900834211D81C1E17C0A4471904CC299
:10E91000E8880434739458C2DC0048605C004AC044
:10E9200042528803062472845078E17C034AEFBC8B
:10E93000021AE00000EAE000420AE000421AE58024
:10E94000420AE18880F5ED807FFD41FE0C4CDFFF3F
:10E95000DD93F60006067F21E0006001E008434AEF
:10E96000E008421AE40C416AE580420AE188421A52
:10E97000ED80420A000100060C4CE000DD93F60039
:10E98000FA7C044C866B044B70900809082981516D
:10E990001210788C0839E600141078841806E4C048
:10E9A000FFF857CE4E461A265856E000DA368181D7
:10E9B00089A58F4EF0A04042E04000198AA5A11B16
:10E9C000E06000198A25A11BA11BA41A081988C59B
:10E9D00044627C204411F0A00019E0104411E020B2
:10E9E0000019E0304411E0400009E0504401E060CB
:10E9F000A42AE070AA14A804E18406248131060345
:10EA00006FBC5628F294421242620F44040EF09CEE
:10EA1000120B815181F5F820F0A04062E0104051C6
:10EA2000E0304051E050405160704051F09C4062F5
:10EA30008101005E71AC4262040C8281EC0816B068
:10EA400088710491B18B90A18101ECD5F27C0C4CC2
:10EA5000C1C3DD93F87C040C060006286001E600C3
:10EA6000E610081065100A1059C6F811816160009F
:10EA7000027983F5A17BF820847884A58445A17B65
:10EA80008084947406AB8294107AF8200CBA8E833A
:10EA9000F2985292008E829E46A38EA382B1782075
:10EAA00002C18CBC04418431085190010EC0821116
:10EAB000857DECF00C0CF6F5DD93F07CFA3C040C53
:10EAC000846B062883814438807B46089111258F0A
:10EAD0006FFC5CE8E88C128414041C141E34E09073
:10EAE000020B902B6418941B1C14EFFC980E922BB5
:10EAF000020B9E346398941B9C24EFFC0E1B9A0E11
:10EB00001E34E0106318840B922B6FFC0C0CD80E93
:10EB1000DD93F23CFA1C044C887B44488101009B45
:10EB2000846B0A8B860B0B0E902B0E1B68004348E0
:10EB3000AB9B883BA59B84050C6002E5A79B8410DA
:10EB4000A99B824540800225A39B9C000861867595
:10EB500081258E0B0D149061E45006F06298982484
:10EB60000B14EFFCE000001A619C4E0A0F24810197
:10EB7000200102060206C000881EC000F21C0C4CD8
:10EB800040C6DD934E0A60084E1AE99C8111619CD3
:10EB9000C1C3FDF58403A72F5C08C30D00061A004E
:10EBA0005D938000F1804012FA7C040CEC501EF062
:10EBB0006461000081414003FC1EBE0E06088BF517
:10EBC00001B181A1814D81717E4E92650209881348
:10EBD00081A160B060F00239024981B18161609029
:10EBE00060D00229420A9D118033668681713E54AD
:10EBF00088230813C417094E8141025318858325C1
:10EC0000C001783110A3F1944842818192B3F2A0FF
:10EC100072A04C6282118271FC55851DF051020177
:10EC20001E15870D58504010FCF5DC0084D5E57D9D
:10EC30006184107440828191813170A872A4424233
:10EC400044188E2B00ABEFBCF0AC408272A4426241
:10EC5000439881318E2B6FBCFC1480BB0044FE4472
:10EC6000061060880444E510860360848241043302
:10EC700040B580AE4673E0208408E080E815814D01
:10EC80000C0CA8F1DD93F27CFA7C040CEC701EF005
:10EC900081C13001827B7C0E0C700DCE0BCEE4F076
:10ECA00089CE81A1FC94FECE1E0889558DCE81119E
:10ECB00001ADFECE89CE81018C058BCE70A8566247
:10ECC000F0A8509278E01609E43004F078A0161904
:10ECD000E4600AF0F8201039E02010499B213C2E16
:10ECE000E800430878C01609E45004F0788016194B
:10ECF000E4400AF0FC281239E040104993213C2EF0
:10ED0000E800420881C17E048085A10BA11B8B1401
:10ED10007ECE80B50BCE81110D248101F0A8486212
:10ED200082A10934F8204801F8604821F8404831B0
:10ED30009C089016EE5581AD0C0CB8F1DD93F27C79
:10ED400058120033143EF080F09040320000190D4C
:10ED5000001BEC0402C081513C148C04FB044422CF
:10ED60008235843D885B040DC0000016D18C4002C2
:10ED7000D0884A02DD93845EFA3C040CEC201EF03D
:10ED8000828B0A6B847B11948C1B080B6FFC698847
:10ED90000101902B856591A18835A10B608012152A
:10EDA00012458131902B6040E0601255BE9E9C0858
:10EDB0008C1B3C1EEFFC6B088435A10B6080121588
:10EDC000E480049060401245125581319E08E06055
:10EDD000902B3E2E8C1B3C1EEFFC69E86C0414A0AB
:10EDE000A1AB889190F1F655F23C0C0CC1C3DD93B8
:10EDF000FA3C040CEC201EF0827B1584846B179483
:10EE00008E2B13046FFC65C80101901BE00814C62B
:10EE1000A10B857512158855813168C06460124553
:10EE200012558E2B9808E6903C1EBE9E6738901BAC
:10EE3000A10BEFFC12158455049068C0C00264C099
:10EE400064601245125581319A08E6908E2B3E2E51
:10EE5000901B3C1EEFFC66086C0414A0A1AB8891CB
:10EE600090F1F635F23C0C0CC1C3DD93FA3C040C76
:10EE7000EC401EF0809B1584847B0A6B008082AB83
:10EE8000088064503C0EE410E4400A80EFFC776890
:10EE90008415A10B67A00280E760008004807E1EBD
:10EEA0007C2EE7903E0E941B7A388E2BA10BEFFC44
:10EEB000A0F180A5F23C0C0C1744DD930E1B920BC5
:10EEC000103B8C2B0C0CA0F18115F23CFA0C040CBD
:10EED000868B086B847B020B6FFC6D88100B8C1B80
:10EEE00066388C1B1009EFFC0000E358E20DEC0CB7
:10EEF0001C0040709C0042608FFC5AE80C0C8101A1
:10EF0000DD93F20CF83C044C6201025B81C14001CC
:10EF10000CC485950E64FB808263608460010C895B
:10EF200082734002E8000E7B06A5C487C4777C206C
:10EF3000FC1C00955082D3AD5095D08C0489C00044
:10EF4000A18BE0300C6082C5400864019868807332
:10EF5000C4679C747C1808858863CF77988E8E83ED
:10EF6000588A82C1F4D5EC140C4C8101DD93F03C3D
:10EF7000F87C04CC81C10F4E81610D3E64090039DB
:10EF80008745C00260340299FA800EC4603002B92D
:10EF90000485C477A1BBFC1CE5A6548A6526508A6B
:10EFA000F09C5222D187F0A756820F848E83F9A855
:10EFB0008DA4A0BE8EA302C5C65AA864E516486AF1
:10EFC000E5964A6AEE57D347F9944C42A0BE8CB3FB
:10EFD000807324444E4582C1A844E904E9444E4567
:10EFE0004E65A0444E45E9C4588AE984F275F40C94
:10EFF0000CCC8101DD93F07CF800044C8141193187
:10F00000185483954C12608402C3F094185B8241BB
:10F010000CC9E800C0026001E0880C547C1800654F
:10F0200004C5C4C7D96DFC30D0804A520C014A31A6
:10F0300002CBC00440016201FB800A44F855D95D4F
:10F040000C4C8101DD93F000FA7C040CEF101EF0F3
:10F05000848B026B64090C09807B4002651002F00E
:10F06000E61004F0813101650000493EC53EEC0424
:10F07000FE75A10B661012F0E51014F08C1B0E0B40
:10F08000923B102B6FFC740816F0944B8C0B6410A1
:10F09000922B101B964B143BEFFC76C88C1B0E0B6F
:10F0A0006FFC7AC80101962BE7101EF0F27C0C0C65
:10F0B000C1C3DD93FF010024832D841400000006EA
:10F0C0005D93822DC0000016FA7C040CEC901EF0BB
:10F0D000829B7E2E02063E0E0921E01068F1064E4C
:10F0E0004EF8C010920B6FBC811101018101090E15
:10F0F0008381111E81A10F1E81317C0E0D3E91A5D1
:10F10000E088007412058B1E4C78FC000C74E8003B
:10F11000010A6084C00164004C039263000468002B
:10F120001E1580844002800400B3908400010C010D
:10F13000C00C4126C0085E0547FC57F6FBFC100AD0
:10F140007EA486C5E48004F0647006F01419960B62
:10F1500047B8E0281409E800808B602CA10B280236
:10F16000400E82454206602E400AE0F8AA12E08670
:10F17000FA0440028111090E81A10905008A8B045D
:10F1800014A0F43C02F604040CE580008000100694
:10F1900089148F04F18040B2F080000482C5830D91
:10F1A00004F07E0406F0E4800019E470960B6028F9
:10F1B000E8004428818102A10B0483F5E48004F077
:10F1C00006F07EA48201E470E0281419960B0B0E61
:10F1D000E80043C8602C14092802808B8245A10BEB
:10F1E000602E400EE0F84206E086400A4002AA1275
:10F1F000090EFA048B1481A192730D344E118F0401
:10F20000C00260016C004CA34C038231C001640950
:10F210006201120B0E344001C17DFB800010DC3511
:10F220005201E404C0026409C8F17C04F27C0C0CB5
:10F23000C1C3DD930A448844AA43E9048101004321
:10F24000C34F084EDD938C4EA30F0C0E8101080EA8
:10F25000C1C3DD93603C0209A10B803B409606656B
:10F26000483A8008403AE0020844E1028243FA80CA
:10F27000EC7008498101490D861382A56B71021952
:10F28000F41DC005460680F5464AE0648311648497
:10F2900081118045DD93881600045D93C1C3FA8017
:10F2A000FA7C040CEC301EF082BB007B677110709E
:10F2B00012704011C003677181A13EBE81010161DE
:10F2C00000A4852504F07B807C58E4208E1B6FFC15
:10F2D000A11B91181FFD43FE56159FFF82E580007C
:10F2E00045FE201ACFFF7FFDFB800C64E017826192
:10F2F000AC1EB41FC41DA414C00040C688B102A136
:10F30000889104816001140AF695C00198F13E14B9
:10F31000620142630C0CC001DD93F27C81015D93BC
:10F3200060380019A11B8121000002168008409658
:10F33000CC2A8625E02806097CC00824484AE22712
:10F3400002106686010AEC0440C66440442AE000CC
:10F35000080660120006F000422A80004242E6865B
:10F36000CE2CF184E0104613C1C3DD93FA3C040CAB
:10F37000808B066B60380C09210B847B869581019C
:10F380008E1B100BEFFC78E8409600AB140AE008E7
:10F390008445E2A4677112808E1B40038C2B120BF4
:10F3A000EFFC69484126008BA18BE00C9C0050A02B
:10F3B000E3C8100A0C0C8095DD93F23C8E1B120BF7
:10F3C0006FFC6448A10B8C2BDC0050000C0C900BE4
:10F3D000DD93F23CFA00004CE1001E06619C004601
:10F3E00066388311C1C3EFB8FA0C040C806B027B42
:10F3F000603C41F673D8811181816FBC6000427618
:10F4000062988C0B7ED8E8248C0B680CE13C00865B
:10F4100080188004F1FC421000C600168004E1440C
:10F42000018600868004E144404600868004E14471
:10F43000404600860C2BEFDCC0156E0973F54220A8
:10F44000444A40FF4C13E098C0156E09F87000392B
:10F45000F3EC4430F87040214C818445402B6C2102
:10F4600073F942104C13C0FFC0156E09F82040819B
:10F47000F8100019F3F84210F810401142108018EB
:10F480008016F3F8421080188016F3F4F830001953
:10F490004011C8194081F8300009E030400AF830C6
:10F4A00082E5E08843F61C04FFC06FFD020E020FE8
:10F4B0004000F000C3007C019C049C0E9C0E820F57
:10F4C0006E0D0C09A30BC0360C098415C0386311EE
:10F4D00041C6A30B002012FD000102064C81BFC1F2
:10F4E000803803118000401568005FA842868C0BAD
:10F4F0008C0B6000E8245B08EFFC76E8FA00040C53
:10F500008B11006BE8285688612400C6E000420693
:10F510004C118004402B6C1D00168111E13C0086CB
:10F5200080188004F1FC4210400600168008EFDCD1
:10F53000E080400A0E090C0B4000C015C0FF137D8F
:10F540000E094C038C0B4015E8005CA8E8005C0831
:10F550006144404680048511018600168004E14420
:10F5600000C600168004E1440C098016C02B6C21F3
:10F57000EC0402008495E71DEC2C020084B5E71D25
:10F58000EC10020084D5E51D8625AD0B8665B30B16
:10F5900086B5B50B0C0C8C0B2058F2008C0BE05888
:10F5A000F2000C0CE04035480C0C8C0B0838F200D3
:10F5B0008C0BE054F2000C0CE04C10C80C0C8C0BC3
:10F5C00085B5F2000C0C8C0B8575F2000C0C8101DA
:10F5D000DD93F200FA00040C8111010168207DA87E
:10F5E000034681618331614C08368424E11444C6AA
:10F5F0009036884408668824841487218311042661
:10F60000F2000C0CE0203C68611440C680048311B9
:10F61000C1838016DD93C713FA3C040C0C09806B80
:10F62000C02B6C214096B30B4C018000802B0C1D2D
:10F63000406682254C01E000402B6C1D41788C0B0C
:10F6400040F8E8508C0B681861D10C09807B40159C
:10F650006C790C19400AC02C8201E68667F9008A91
:10F6600041D6C0030E66003C00048004A17B5A8092
:10F6700066314C038245C0166C1D0C298C0B402B47
:10F68000680C7048A10B8E1B47B898758C0B6844AA
:10F690006C210C09807B402B8855B30B92D5A17B44
:10F6A000683C72C8007B8C0BE13441060296000472
:10F6B0004C11E004C02B6C1D000E00160C19FFF855
:10F6C000C02C6CFDE3F0020AC40400106CFD4C0178
:10F6D0008C0B402CE8044BE88C15A17B217B8785A3
:10F6E000E00040666C1D4C018A15C02B614C5546EC
:10F6F00066E010602804C0A3676112600260C09FCA
:10F70000405465C1654104600660C054405466D1F0
:10F710005ED8904B925B6FC0A17B807B280482F502
:10F72000663102600860C0AD40A164716178902BC1
:10F73000923B6FC0A17B807B0C2982E5402B6C1D26
:10F740006A388C0B8E1B680C8055A10B8E0B817157
:10F75000F23C0C0C2804DD93648104600660C099BF
:10F7600040A2652150D8901B7395EFF8C1C3807BF0
:10F770006451008A80F5C003611801468004871136
:10F78000DD9380166439008A80F5C0026118014655
:10F7900080048511DD938016611803466418014AC0
:10F7A0008414C001E200000CDD9384066661028AC5
:10F7B0000306C003046601040215800086C58000AC
:10F7C0006499028A0306C0030456010402158000EE
:10F7D0008485800066C9028A0306C00204460104CB
:10F7E00002158000824580006495030A03064002EA
:10F7F0000414E1040426872104268000E1040306A2
:10F800008418841465794011DD93C02B030AC41752
:10F81000C00F6681028A86F5C00F64F5010402C636
:10F820008000040680000215028A8485C00C66CD23
:10F83000010402C68000041680000215030A8245F6
:10F84000400A64A1E10402C6852104148000043644
:10F8500002C684268414E10440118418C02B657507
:10F86000C1C3DD93E1180586882888240015A12BE3
:10F8700000090E0DC1180546C000042581B0021410
:10F880004000042984040210C4040420C00A421A5F
:10F890006E014013DD93C015E124014684288014D5
:10F8A000F3F84420430604268414E1140424842835
:10F8B0008426FC9484288014F3F444208004842655
:10F8C000421080188016F3CCC1C3DD93E1240146B9
:10F8D000801880048016C219C1C3DD93FAFC040CA1
:10F8E0000026006B4C01E00C402B6C1D651881015B
:10F8F000811168206FA90C15251BC00BE12403465C
:10F9000082458424424A881880C5E0800C0C83110B
:10F9100023F8F2FC3E0EE02088188C0BF3F842101E
:10F92000028608167578E00C81216850614410C683
:10F93000E1485386FFA12004E1245746C707800809
:10F94000F0044E0080C5A17B6FA90C05A50BC00B70
:10F95000A40482D5940D80000C298405402B6C1DD5
:10F96000E00C0296680C592881958C0B8008A00445
:10F970000155C707F0044E00EFFC52E88004AC04C8
:10F98000F835A10B83113E04F2FC0C0CE02020287A
:10F99000FAFC040C0036007B4E01E00C402B6C1D81
:10F9A0005F788101811168203E0E8181E12401C6CA
:10F9B000554600048086E1248064A8048E0B001460
:10F9C000E82074A843A603910321E00C70388E0B45
:10F9D0004186E8508014E1140346048C8414E12429
:10F9E000C4298428434604260414E11884B88321DA
:10F9F00002C604868414E124028604968004E00C86
:10FA00008E0B009CE8506E88612401C68004A91109
:10FA10008E0B0096E8207208600C02866DB881217A
:10FA20008E0B6850E14400C6800880045200C7076E
:10FA3000120AF00480C5FBFC6FA90E05A30BC00BD6
:10FA400001C686B58004E124414600868004E118A1
:10FA500000C600B68004E124014600868004E1244B
:10FA6000421080180016F3F4E00C02A66C1D0E295B
:10FA70008E0B402BE80C50A800C681858004E14421
:10FA8000C7078008F00452008004A804F445816B85
:10FA90008E0B2B11E8206E080014A8046DB88E0B95
:10FAA00001C6E8208004E124414600868004E11874
:10FAB00000C600B68004E124014600868004E124EB
:10FAC000421080180016F3F4BE048311F2FC0C0CF3
:10FAD000E02016087001000602064020FFC0600109
:10FAE000DD93801EFA0C040C808B027B8101046B79
:10FAF000682055084386811149C661480424E148BD
:10FB0000700102060434C0208858A18B0848902454
:10FB1000600104060CC9FFC0402B6C19A65F843F2E
:10FB200060C7D0474652A85F0C49F9B0C02C0CFD05
:10FB3000C0E00844442200B5A17BD09049FE80C5B6
:10FB4000C03F7FFDA43F883F8311043EF20C0C0CA4
:10FB5000E0201208FAFC040C5006006B0C09E1A02E
:10FB6000402D67CD209E8191E14C05C6E080400A82
:10FB7000C00000160CF54C014006402C8004E14CFE
:10FB800088048074E1E01674E0E014B4FCC002A4C0
:10FB90000074001E0814E1C0FCC404A4F010000AA4
:10FBA0009405842EF008000A000A9885AA65F00CD6
:10FBB000F004000A40001368C14C17C6025604AB9B
:10FBC0006ED8E0108C0B682061980546FB800074AD
:10FBD00072FD49C602064020C02073014012204336
:10FBE0002014F180E14C17C68555882A6C080A401C
:10FBF000775D807BE1900A3473FD4A500816400F10
:10FC0000484A8000E13766964A30843341FF73F1F9
:10FC10000600C5478253641088CB016518C05D8417
:10FC2000D58EEC04FE75A1CBE0880A44709448029E
:10FC3000F094403248309034BF4BF03C1F15F6151D
:10FC40000256942B8C0B608068206AA80C0B847B76
:10FC500040156E09E14C17C64000AC14C0FF72F1AC
:10FC60006E094C038C0B4015EFF87C088E2B1BA5FE
:10FC700002563E2E6938E0208C0B68207B80007491
:10FC800072FC43C64012C02002467180C02072C080
:10FC9000041000340991E40017C68811083EE14CB5
:10FCA000E198054608CA85A5EC080A400A34775D44
:10FCB0004A50E190400F73FD800008166696484A4E
:10FCC0002074E13746C086C341FF73F1E1880A44DE
:10FCD0008ACB0801827B0E334DA48155EC0418C0F9
:10FCE000A1CBDDAE0034FE75FB80189488C3445769
:10FCF00012C00A13C53EE410F03C4830F495BF4BE7
:10FD000091F5BE246040025664988C0B4C91E8201B
:10FD1000403864C54A588C0B45D8E8000C0BEFFC02
:10FD200040156E09FFFC03EEE8000E0A4200820F48
:10FD300040007C044C13FD0440156E09E1980386D5
:10FD40004C03849E40156E09FB80007462E54CB143
:10FD500017C640158E05E14C72FD49C60546402088
:10FD60000206E198402073012014A043F180401264
:10FD70008555882A6C080A40775D807BE1900A34BB
:10FD800073FD4A500816400F484A8000E1376696D6
:10FD90004A30843341FF73F10600C5478253641033
:10FDA00088CB016518C05D94D59EEC04FE75A1CB8F
:10FDB000E0880A4470944802F0944032483090340D
:10FDC000BF4BF03C0C19F61540156265E14C00463E
:10FDD0008819800444208028A22FF3EC0C09802687
:10FDE000C02B64C56C214C018C0B402BE80045886E
:10FDF00000602044C05465017B8004041911810116
:10FE000072C106464F58C0202C14E800002E9F21D6
:10FE10007C514EA0847EC300EFF86DE8A9910E2BB3
:10FE20006001020600947FC02C24FB80A01F841F69
:10FE30007C014010880EC30067CD0C09400AC02D1C
:10FE400080E5E0806C110C09400AC02B8095E09899
:10FE5000F2FC0C0C8C0BDD93F2FC0C0CC1C39FA5C7
:10FE6000FA00040C4186006B8014E1484420842889
:10FE70008426F3BC84288014F37C442080048426E8
:10FE8000421080188016F1FCEFF87A6883110101A6
:10FE90000C0C8C2B2278F200C1C3FFFCF81C040C64
:10FEA0006141001908004015C0D96601614500296B
:10FEB0000A004015C0D965C16211003991C14015D1
:10FEC00081710161E686442A621D00194021C01536
:10FED0004015630940318121C015630D061007C527
:10FEE0000C4AE4400C1AE000400AF87C0A50E18415
:10FEF0000E06041094848000500A51848225E49CEC
:10FF00006C34128012DAA18B420AE4088095ED80ED
:10FF100082610271BF8B8505A16B882500958245A2
:10FF2000C00D696D12C0936B4093842080160BE165
:10FF3000F03C528002A5B99B9B8018C4A19B4987C5
:10FF400073FD508018C4400F508AFB8090C3C6A632
:10FF500088C17D05E5FC0D0A4023F0A5400A68959F
:10FF6000FB8008C4688940138833400A6FF1068A11
:10FF70000A34402B0049FB80002D07CD4013881127
:10FF8000400A688DEC040230689140330606400A4E
:10FF9000C0207001688540130214400A4840FB806D
:10FFA000A61F1C2007CD40410045802DC00D69696A
:10FFB00064F940154015C00BC00B64FD8941095B15
:10FFC0000E09002B4043C015C00A688112FD442071
:10FFD0004023C0FF40150E09E14004460086082476
:10FFE000881EE140801E8004F01C0C0CC1C3DD9310
:10FFF000F804040C61980B46E0900C144E0014CAEF
:020000040804EE
:100000000C64F03CA10B7B8000162E6F5822800000
:10001000401A71B004C4E68202C460C0246FFB8041
:10002000496E862B945AC507020002534A50E404D5
:10003000C1FF73F18A43016500005154C95EEC04AD
:10004000FE75A10B4032C4170C0CF084DD93F00454
:10005000FA7C040CEC501EF00C09806BC0366E016B
:100060004060A30B4F789C004106880002966134E3
:100070000004E004E1A050066C1D4C118171402B7E
:100080000016A07E0C0B8111C0156E0973FD400097
:100090004C03C0FD40156E0967B881017E0EE81C57
:1000A000E148418641C60014FC1EE14880048418E2
:1000B0000C298008C02D67CD68890C0B0604400A06
:1000C0000229E0A03E3EA61F241FF0274C15C507BD
:1000D00040026801643106608311C0284675C11D65
:1000E000021058047E75C404C4100630618D0C0BD8
:1000F0000860401CC0D9660165C10A6081B140D961
:10010000BC0E81A1F8044605090EA004E198014641
:100110008101009A144A8B85141AE000400AF87C89
:100120000A50E1841606041094148000420A511407
:1001300090E5E4AC8425A1AB696D0C2585ABC00DC1
:1001400008910C0B4000800A80FF13F19098400248
:1001500006000EA580280401EC34041080B5E42DBF
:10016000BF1B4D1E87258AD58A65A11B703C581080
:10017000E1C00414B9CB0C1E848B01714917824570
:100180004E10A1CB400F73FD4E7A808BC577C6B25F
:100190009223091473F14020883141FF0203862B1A
:1001A00081A58E1B0210218B00C5EC048801000084
:1001B000000044C5A11B88214477FCD58E33900BE9
:1001C00082A102B1E5FC150A9D01E8E59F010C0E34
:1001D000BC048E0EFC04CC0E0C198008C01562ED18
:1001E000F017BE24A20FA40F68014C058C0B40022F
:1001F000E8104AC8E148418680188004E090420A2D
:1002000080188265421080284420F080A22FF37C61
:10021000F88042207E0480165BB883110186E81CBA
:100220008004E1980C0BA30B80150E099CA400041C
:100230000E094C0380858015680049C803018C0BAA
:10024000451881118C2B6FFC0C0CA8F11C38F27C2A
:10025000C1C3FFF8F87C040C630900198121401523
:1002600000C9911540366E09FA800824630D0069B3
:10027000460240150659F090C0156F41586AA1CB4F
:100280000C306692C0DB66106E1146518645C03652
:100290007A800EC412848181CB9DFA8054928405A9
:1002A0005602F09C16B9F0A8C01A6E417C85B9BB05
:1002B0008404108094CB32538145985681710B9BF6
:1002C0000A8A80A5837174081876807518C48E5BBD
:1002D0000C007A80C058664060880EC4E0881244E2
:1002E0007C1C0C85661014001493C0DB0A0A8C7306
:1002F00082217BFCE0405285E8000E8562405285F9
:10030000E08410C464000E7518638C83D08058C2DA
:1003100061405275E08412446801107B949340015F
:10032000527388A3107BE680C0016C01E780527392
:1003300060010C795471C004C001610164010C4971
:100340005441C004C001620168010C495441C00419
:100350004001630118498141C01A0E4162114641B2
:10036000448AC038DED5F404F07C0C0CC1C3DD93A4
:10037000FA84040C8101006B681C50C80C1B8111AD
:10038000400A68910060807B402864017001040687
:100390008811C020C517016502104134C93EEC0424
:1003A000FE75A11B6148418680048C2BE0198018E2
:1003B000830100166FF8798850D881117D18EFF805
:1003C0008C0B680C618D0C0B8311401C4C0382015B
:1003D000401C618D0C0C8E0B0DB8F284C1C3E01C67
:1003E000FA00040C4386026B0414E148E09806040A
:1003F000F100463044208428262FF2FCE19807863D
:100400000C0E84260C1B820940156E094210D00781
:10041000C0FE73FD4C13A01FC0156E09EFF84DC848
:10042000811101010C0C8C2B35D8F200C1C3FFF8EF
:10043000E10001868008800482095D93C713C183AF
:10044000000CDD93C0006101FA0C040C8101006B0B
:10045000828B047B65394C010460402CC0B165413E
:100460008C0B0311E80042888C0B0311E8004E2826
:1004700080D5A10B68485988A10B8C0B0C0C80858A
:10048000DD93F20C457601110931E0005D588C0BCB
:10049000A38BE848A10BFCB50C0BFC7552388E1BE6
:1004A000A10BE8000111FAB58C0B8121F20C0C0CA8
:1004B000C1C3B145F87C040CECC01EF06004468654
:1004C0004031A51B402B6C1DE0040E06A1810EA53A
:1004D000AA35A31B600C41E6E00C59E601A6170EF5
:1004E000110EE004E004012601860F0E150EE00453
:1004F000E0040006A1010B0E0006090E7E0EE004CA
:100500007C0EA101E004018601860D0E3E0EE00482
:10051000E00401A649F63C0E4BA6E00C03A6600CD5
:100520000706E00C110660040DA6E00413A66004A3
:100530000FA6E00C55A6600C13CEE00CE00C41E6D3
:1005400057F605950006E00C891160089101130E1D
:100550004006170E0D0EE000150E85010B0E8301EF
:10056000090E81017E0EA1017C0E83010F0E810117
:10057000110E85013E0E8101E000400681313C0EE6
:1005800081910161140601510101E00416068141C7
:1005900081C1E0088BC488C689C48AC6FEC4C8C6A7
:1005A000FCC4CAC6E0184481E0144431E01044C1E0
:1005B000E01C4431E0204431443195348F34E02450
:1005C000E028443144318D349134E02CE030443122
:1005D0004431BE34BC34E034E03C4461E04044612A
:1005E000E0384431E0484491E04C4471E044441127
:1005F000E0504411E05844A1E0544451E05C4451BF
:10060000E0604451E0684401440193049704E06CC5
:10061000E07844B1E0744441E0644401E070440196
:10062000E07C4441E0F10101F07C0C0CC1C3DD939E
:10063000FA04040CEC901EF0806B251B810104254C
:100640009295A31B654102608C0B40B1E84862E8BB
:100650009095A10B4C018301C02C6539428687E53A
:10066000040660044C11E004402B6C1D601102066E
:100670003E1EC400091C83111516A111E00042069C
:1006800085711F16891125163116AB16AF269111EB
:10069000040635269706E0089B769906A1769D0606
:1006A000A706A306AD06A906B706B306BB16B9068C
:1006B00060805E11E41002F0BF26BD06E0845E019A
:1006C000608C5E015E218C0B5EF8E088A10BE8482F
:1006D0004C7180B5C02C6539C8F18101F2040C0C55
:1006E000C1C3DD93FE7C04CC806B027B649002F07E
:1006F000E48004F0E810496860901E89E0040E2A46
:10070000E0801E79400101880460C00040B165C1ED
:100710000155993149168111EC040630FE95A13B33
:1007200065F104609D3140B1491C8145EC040630FF
:10073000FE95A13B15C601910785EAF0A10B81B199
:1007400040628E15047470A8009CFA80E0900084CA
:10075000799C4202F0AC40626EF1401143F6402BAE
:100760008000400D603140914011C02C802C42B17E
:1007700043F1401102B4002C4091FA80002C4171E9
:100780004F588C0B1E89E800008060900204E4043E
:1007900082B17A80048084A1434AE424020CE408F4
:1007A000500062000273DC00170A8101F205E53C8B
:1007B000F67C0CCCC1C3DD93FA7C040CEE501EF029
:1007C000A11B006B65390C09848B402C42668A257D
:1007D000A50B60046C1D4C118191402B81B102C5A9
:1007E0008C0B0511EFFC7268A1BB80BBC0000BA88D
:1007F0006804544880BB8C0BE440108AA1BBA275EE
:100800000C29A235402B6C1DE00042B6680463E859
:1008100056B68C0B230BE0009ED58181230B9525CA
:10082000E00440A66C1D4C018205C02B8C0B03110B
:10083000EFFC7008A1BB80BB00C6A49502F0600865
:100840000155E42045B681B1EC040000FE95A10BF2
:1008500010600101C0B0657181013E0E15063C0EAD
:100860008955E004788110099511400161901204C6
:10087000429A9E098203E686E630010A034680F525
:100880008414E134B71B84140C2982F5402B6C1DB1
:10089000E008033668045FA80F368C0B230BE008D2
:1008A000E00800C6A1BB88054EB006D52018DC00C4
:1008B000E42004F06140140A8816802300045E9549
:1008C00080000E0680005E953E0482C500048171A2
:1008D0004092FA80BE0EFB800004BC044092FA8075
:1008E000BC0EFA806C0414A08EBB8281EE75A1ABA5
:1008F0008CF5A1BB0004BC04C407FA800E003E04C2
:100900001204E4108C0B7A80680054A803D5C497B5
:10091000A1BB80BB40F688D5400061A181B58111A3
:100920006080420A1029902B06F05C000233E4201C
:100930008C268211E230020A0C0BFC954B58901B5E
:1009400000BBE804E0004F768275A1BB7A80029478
:10095000FA800474642006F049988C0B80BBE84848
:100960001EF0160B0C0CE650DD93F27CFA7C040CA6
:10097000EC301EF0828B009B0C907C2EC0AF64711B
:10098000F0A05462E2801419E8004C88807B428712
:1009900067C000A03C6E9063654512903E0EC0B1EA
:1009A00001A181B105558181FC248161F8041209FE
:1009B000440AA418D007E08048004D080E0FA20F8B
:1009C000FB8002648245830B1084031114A4FA8017
:1009D000B71F7B80828122AF3FBB806B1E0582B137
:1009E000849100048000408180001E05800040A3A7
:1009F000E040160A0101F6750C0C98F1DD93F27CCB
:100A0000E57C030A041482B58E19618C0009840305
:100A1000C02C65C1E484404AE200000C5D93DD9384
:100A2000C1C38101FA00004C64710000041440AF9E
:100A3000000BE08480137C08E5000219684C6828EC
:100A4000D0078211F200084CC1C3DD93FA7C044C3C
:100A50006C590019829B402B887B0A6B84AB068BF8
:100A60008111231BA19B8825A1AB80A5A18B80654B
:100A700000298295402B6C1DE0084296680450685E
:100A8000E00856968445A30BE022407AE122427AA0
:100A9000E02A400AE026421AE6A2400AE026400A7E
:100AA000020282031816EFFC960B81B1F27C0C4C0B
:100AB000C1C3DD93FA7C044C6C59001982AB402B06
:100AC000887B0A6B849B068B8111231BA1AB86E577
:100AD000A19B80A5A18B806500298295402B6C1D70
:100AE000E008429668044D28E00856968405A30B5A
:100AF000E022407AE122427AE126400AE12A421AC3
:100B0000E6AA400A020282031816EFFC960B81B196
:100B1000F27C0C4CC1C3DD9361900414442AA931CA
:100B20000614668E8E39E184812104038131060327
:100B3000000001E5C09C678170140049E080420A12
:100B4000C1900844254F9E49A83F8821E040040AEF
:100B50005D93FC95FB8000349F2101118131039549
:100B600068840824FB800634E34F804F618C0A447C
:100B7000E184184484C902591844385F4647E08428
:100B8000385F88C9A85F90498811235F020AAA3F8D
:100B9000F8F5E04000345D93C1C3FB80FA7C040C9F
:100BA000EC701EF09D8100AB81911E0B9D110155D3
:100BB0000210419CA11BEC0400A0FE9540B165F120
:100BC00081459D110210419CA11BEC0485C5FE9539
:100BD00070A44CA2FA800E946EF10CB9940B402BC9
:100BE0006FFC7108000A8E1B86B5F0046CE91409CD
:100BF0000C19C02CC02C62B1FA800004FA800214D7
:100C00008435830B73C040B047079E1B022B9EB9EF
:100C100083317C008013373FA62F940B8E1B042C4E
:100C2000E8004248120A8291F475E140648D00E6C2
:100C30009E1B40209D2101650420453AC13CEC04E7
:100C4000FE75A12B648D40A69E1B4020452A815530
:100C5000EC041080A18BC12C7758FE75940B68446E
:100C60000C0CB8F1DD93F27C833100136EF10219A4
:100C70000414C02B9E19618CA33F3C29002B8403D4
:100C8000C01662F94033A43FC01662F9C1C3DD93B8
:100C9000FA7C040CECD01EF002F0009B5C18E4C05F
:100CA00004F0680C1239E4B0C02B6C496C41120995
:100CB0001219C02BC02B6C456C4D12891229C02B08
:100CC000C02B6C39403A8D3E1239E682C02B6C3D08
:100CD0006686548AE18802045201910140266481AB
:100CE0000F2EC5A75221920BC02664915231893E26
:100CF000C02664B112B98B1EC02B6C516C551269A1
:100D00005211C02B402664D1E4A002F064F152A13C
:100D100067D8C026807BE80CA655A17B066445B742
:100D20007CBEE1888065A1BB82F5A13B6C1D1229C8
:100D30004296402B120BE0087A78866B4E9668003C
:100D4000230BE008A0858C3BC5870D044BF67C1473
:100D5000488AE00C81B1600E440AC5078F04E006A2
:100D6000BE2E8B140203BC4EE68A424A00000924C0
:100D7000FE0EEC0400A084A381A16C0452118D0E20
:100D8000C02C653D4C928BE50C09F0ACC02B6EF18C
:100D900062B14C514C51C02CC02C63F1F03C42006C
:100DA00092D5C51DC81D8D447E149275C20DC9070C
:100DB0008F1490F59095C30D618C00B4F01C44B075
:100DC00083413E09044412030019E888402C65C1A0
:100DD00008A4868B0AF07A807C14E490F988581273
:100DE00004340B3440C1FA80402C65C10214920BCC
:100DF00062D8FA8006346FFC807BFA808A15A17B6A
:100E00000AF03E041E49E4801E39E0903C04E0A054
:100E1000FA80020463F14C410404C02C920B7A80E6
:100E2000EFFC64A8A17B807B1E09847582A1608091
:100E30004BF6103B4C01E00CC02C62B182B189240E
:100E4000E53C170A4098E825920B68000E0B807B62
:100E50000C0CE8F1DD93F27CFA1C040CEC301EF073
:100E60008181006B6C590C09A30BC02B02F08A85A1
:100E70008C0B6420E80C5D8888D5A10B6FDC4006E4
:100E800080088191E080404A04F100600060C0ADBC
:100E900080AD04F90315800AFB800E047A80028479
:100EA000E41008F08C0B0121680042887C0A8E3B1C
:100EB000FB80129480938281C18DFC044C93FC15BD
:100EC000C016629998F18101F21C0C0CC1C3DD932C
:100ED00082F5FC1D021483318211FA80F438030A72
:100EE000081482150834FA80804FE890FC85A14BE5
:100EF00081010816C1C3DD93FA7C040CF80010FCD4
:100F0000ECF01EF0805B029B63FC120AFC2E810158
:100F1000900CBE4E80000B9810504937C0B066B19F
:100F20000E503C3EC0B0643181A101B181617E5E52
:100F30000E098585930BE3C0FC04883580F5A30B6F
:100F40006CE90A09A018C02C8615830B7A8002B4BC
:100F500055788A0B000AEFFC1E55F00482D5C00CB0
:100F600002A41C0804F0E08882A1645082237E540D
:100F7000806370AD804588BE02B1819582718281A7
:100F8000E53C170AA1ABF4E50A8B9EE5C0156A7D26
:100F9000C987BC14FB8000146A810A0BD10D40156F
:100FA0009C005010FB800284C01DC907DC0050006B
:100FB000EC18510A3E148465E090006400F0040CC3
:100FC0000195E45041249F11EC0414A044118A239C
:100FD000C02C6171FE15A1AB81318B750034850584
:100FE00002F060880215E4500014FC008A03E084DB
:100FF0006E39002B810140158285A12B444A810165
:101000004420E08040FF13F9C404000004247E352E
:101010000A13C18442018231C02C6171F815953BDD
:10102000947B21068323A1434E8AABE38A25EC20DF
:10103000645012F082B1FFB18845D5BD00502464E0
:10104000C0AF6471E44004F060840264000B80630C
:101050000C19FC0473D8E5002108EFFC0C198891E9
:10106000830BE500050102600E7440014201DB8044
:101070000E7040007E54C404EC204E8AC1C3F6B505
:10108000C8773E040101807C18FCF8F10C0CF000DC
:10109000DD93F27CFA00040C0246026B0414E12892
:1010A00084348321657500190045C01BC0066D4955
:1010B000657900098231401BA111232F880B212F54
:1010C000EFE875488101180EF2000C0CC1C3DD93E6
:1010D000FA7C040CEC501EF0887B008B650D100927
:1010E000826B402B60880274101384AB230B812128
:1010F0004225869BC00B61A5A70B8225100B8C7522
:1011000040156A79910C81B13E5E850566910010AB
:101110007C0EC0B142B8900B8E1B680002F04907EC
:101120003C1EE440FB80160464300AF00C1B900B5C
:10113000123B942B43B8964B7E14E800FC24A10B81
:101140008435881EBE54910AFB8006040416973B22
:10115000408040004270DC0048505C006CD8DC00ED
:101160008101CFFC0C0CA8F1DD93F27CFA1C044C3D
:10117000807B026B81810191407283250009F0A47C
:10118000C02C63F1E3FC000A8D0B8225029480F5EC
:101190008E0B7A80EFFC448882918083E140120AB2
:1011A000900BFAB5F21C0C4CC1C3DD93FA7C040C15
:1011B000EC501EF04006006B0004E118191482BBCD
:1011C000088B8A7B0008869B7E1E84AB64F8911195
:1011D000002BEFE8E44000F00A843E0E3C7EE090F5
:1011E00064E10660160BC0AD4DF8941B924B6FB4D2
:1011F000A17B807B0C298265402B6C1D54588C0B85
:101200008E1B68008101230B090480E5C9078171E9
:101210006FFD00027E14C0FF040CA8F10C0C8E0BB5
:10122000DD93F27CFA3C040C0E00026BC0B06571D9
:1012300064711000810140AF6004130683759DA1A5
:1012400078810E194410C001C917703CE6AA442ADF
:101250008D2B822380000E198000100B0848672810
:10126000840402106C04129084818271FA35A19B6F
:101270000C0CD007DD93F23CFA00040C0206006B64
:101280005DF8E28043F6E8480586600C7B98E01044
:101290008C0B6FA8457601110C0BE0000C0C8C3BFD
:1012A0003E38F200C1C3E040FA9C040C4096006B4B
:1012B0004C01E004402B6C1D0206827B8C0B62808B
:1012C000E8485C08E4400E8A0C2982D5402B6C1D4E
:1012D000E00042B668004DA850B68C0B230BE0002E
:1012E0008C85817161880074060991910494831141
:1012F000A11F69804022C82781117984441281A5E9
:10130000044AF91C4462F80C82115084C000440164
:10131000E040020A0111FCB50C0B9F2167B88C3B21
:10132000808BE8408455A18B6AA90C09A30BC02BC4
:1013300000608435408B66B1E0100206411E814595
:10134000EC041290FE95A19B900B8181F29C0C0CF9
:101350000C0BDD930C0C8C1B1C78F29CC1C3E03C85
:10136000FA00040C61004C46E00445364021981414
:10137000C02B6C1D442084288426F3EC8428981408
:10138000F3F84420434604266258E01C8321684455
:1013900080189804F3F442100C0C8016DD93F200D0
:1013A000FA80000C4186003B0004E148E004094655
:1013B0006C1D46418048C02BFC9C084441C6004639
:1013C0008004E148830100166C2546218111402BE1
:1013D0006FF078A8080C862B0FD8F280C1C3FFF0FD
:1013E000FA3C040C8101006B68144D488181811125
:1013F00068286FC81286807BA404E13C42108018E4
:101400008016F3BCE83072C8951103A18C0B032140
:10141000E8445E28E11041468486801480A680045A
:101420008018A4040016E01979B88C0B00C6EFFCF4
:101430008004E12C421080180016F3F8E1184106F0
:1014400000868004E114410680188004F2FC4210FA
:10145000414600160004E11400868311E114418620
:10146000008C8004E118000600868004E118004624
:1014700000868004E11800C6008680040C0C8E0BE8
:101480000878F23CC1C3E014FA3C040C816102AB61
:10149000807B21AB419C0CA4E00401166C1D4E0125
:1014A000849B402B50044C604738810181116814A3
:1014B0004256008B5CF8E0008E0B68140106216B2D
:1014C0004E01E004C02B6C1D012688A5941B60040E
:1014D0006C1D4E018E0B402B6FFC764841C6922B43
:1014E000402072FD600102068004FFC00206020F68
:1014F000C02072C1FCC4000401C6040E8004E1983F
:101500008475A30B72C102068E0B4020EFEC76E8C7
:10151000013681F5941B60046C1D4E018E0B402B2F
:101520006FFC74088195922B6800416842968E0B7F
:101530008E0B6000E81459086000426658B88E0BA4
:101540000311E8144258900B8C0BE814F23C0C0C7D
:10155000C1C3DD93FA84040C0C0B806BC0156E09BB
:1015600072F940004C03C0FF40156E094C01810127
:10157000C02B64D5E8007D688C0B007BE8185E48C2
:1015800068007C8847F88C0BA17BE80C49F886251D
:101590008C0B68006800418801C68C0B42466FDCEA
:1015A000421EE00402168311E01C4346F808401571
:1015B000EFF069280C0C8C0B0A78F2840C0CE00C10
:1015C000DD93F284634900190656402DC001600185
:1015D0006401403583314005681540338121400A5C
:1015E00065454031070640224031E008401B656DEB
:1015F0004031E0194022654D4031A14140286489C5
:101600004011AF31402D6349601102264031C0C006
:1016100040286491E00C47F6632940159111400B76
:1016200067C940310606402D4033E0084013698504
:10163000E08C0606681140134011C00A402763156C
:10164000E010038669914013438640134033E00065
:1016500040136995E00046866331401189114027A7
:1016600063354031003BC027C00A69316C614011CD
:10167000851140226C6540119D1140226FB14011CF
:10168000023440224021FCA8C02C6E51680940233E
:101690004023C00AC00A680D611D40259521400AFB
:1016A000656540414043C01BC0146241648D4021C8
:1016B0004043C028C0136981631140414021C027C5
:1016C000C0226FB569314013DD93C00AF87C040C69
:1016D000600C148663C0040E40A3C0BB40156DB5FA
:1016E000EFFC55F66DC140A355F6401540A1E00C46
:1016F000402C6CFDE07C0706636940A155F6402D47
:10170000C02072FD645940250506400540A5E0084B
:10171000400B64E1E00457C664E540A5BDA1400B61
:101720006E254021832140296E8140B1B7B1402C04
:1017300063A940A11456402DC02070016AE14033D6
:10174000120640154033E008401C626DE0004686FA
:1017500060240D86E05C11C66E8940B1ABB1402CAF
:101760006225403346C6401C4021E000402B6511F5
:101770004021A351402B65D1E0400E0666814021F7
:101780008111402B6685402191C1402B6B8D4021FA
:101790008541402B6B9140214021C02BC02C6D61B5
:1017A0006E5D40214021C02CC02C6E616E914021A5
:1017B0004021C02CC02C6E996331402140A5C02D22
:1017C000C00B64ED64F140A58DA1400B681D402164
:1017D0004021C02DC02D69D969DD40214021C02D97
:1017E000C02D6A7D64D54021A92140386B1D40631E
:1017F0000C0640154083F90040156DB1E0CC10D6C1
:101800006E9540B116C6402C40A1E00C402D63D12E
:1018100072BD55F64023C020401C6211E01044C642
:10182000622940330706401C4091E018C0296E2110
:101830006E2940914091C029402C6E9D4051B59138
:10184000402B65C9EFF04B866D9540650C0E400A44
:101850004083FFC040156DB9E0005066634940B158
:101860001786402D4023E060401C62154033A121C3
:10187000401C622DE0F84606632940914091C02D3E
:10188000C02D633963D940914091C02D402D64092A
:101890006001120640A5C020C00B64F964FD40A59C
:1018A0001466400BC02068016B19405399514015D4
:1018B0006D9940658961400A6D9D40758B71400A44
:1018C0006B9540818F81402B69A940B387B1401649
:1018D000623140334646401C4095E0F8C00B650538
:1018E00065094095B991400B651140A540A5C00B15
:1018F000400B6515402393A1C01C62216241402327
:101900004023C01C401C6245E018040662054011DB
:101910004041C015C02B653165CD40C14051C02B41
:10192000C02B66416AA140714061C02BC02B6AA5E3
:101930006B8940614081C02BC02C6D516E59408134
:101940004061C02CC02C6E656E69406140C1C02CE6
:10195000C02C6E856E8D404140C1C02CC02C6EA540
:10196000632540714071C02DC02D633563414041F6
:101970004071C02DC02D6345635940B14071C02DE9
:10198000C02D635D636140614071C02DC02D6365F2
:10199000636D401140B1C02DC02D637163A14071D2
:1019A0004071C02DC02D63A563D540714081C02D0D
:1019B000C02D64016405407140C1C02DC02D64314B
:1019C000643540714091C02DC02D6439646140A1DF
:1019D0004071C02DC02D6465646940914081C02D67
:1019E000C02D6531653540814061C02DC02D681125
:1019F0006A31404140C1C02DC02D6A356A3940B1BD
:101A00004061C02DC02D6A7164D140114013C038AF
:101A1000C01C6219621D40534033C01CC01C62359B
:101A2000623940134013C01CC01C623D6249402310
:101A30004023C01CC01C624D625140234013C01C97
:101A4000C01C6255F07C0C0CC1C3DD93F83C044C07
:101A5000614C4446E4500A0091C10A140C86483493
:101A6000C00061954E860844C0006195E686443A00
:101A700061900644E4100800558A8355EC0418C0B0
:101A8000C987D19266A2502AE1F41494508A86A99B
:101A90009493600EFB001294508A8597D99EE68637
:101AA000A1CBDD8E0012FA75619904860202C00096
:101AB000619906C6881EC0000C4C8C0EDD93F03C6C
:101AC00004C60002C0006199840D88245A005C0895
:101AD000C0000006619504868834C0004486870DE6
:101AE000C0000195C000042504358EB5870DE01CAB
:101AF00001990446042580008C858000833101A56E
:101B0000FA8008340845C447804DFC08823180B50E
:101B1000F418070A0630FCC50A34EC040850FA80B1
:101B2000C45764047C080A350825C447A623FC086A
:101B30000605A12B800004066195588646024000E8
:101B40000A55F18C0845FC30AA43FC30E17C18446E
:101B50009843F5C7463A8D47443AE692CC27E08A47
:101B600004148A23619906868C34C000FA0040323E
:101B7000E682400AE082402AE40042CAE200000C09
:101B8000C1C3DD93FA7C040CEC501EF0828B7C2EDA
:101B9000866B621875B8BE1E6008EFFC81A191814A
:101BA000E100000A104609157C14C00000049603E9
:101BB0008013FA80EC0002198885C3AD400ABE1478
:101BC0009403E686FA800E0460840074E088027450
:101BD0007C040C1500038C03C0016C01619C04148F
:101BE000E43002F0C5077E2E00F0110C7698E44038
:101BF000A10BEFFC50984E72C00000E60C014E01A4
:101C00008291C004FA800094F415D10D8211BC14A5
:101C1000FA800014560AD10D120646A25E15C000C5
:101C2000FC35C000BE0482A17C7581ABC0000206F9
:101C30000C0CA8F1DD93F27CF87C04CCE45DC25876
:101C4000400898958F5E81416100000A0B959101D3
:101C5000C0000046107498734E12FA800E99F0A0DE
:101C6000D34DEC00508A8E858883E696FA801084E6
:101C7000F0A054226C0114B9BDBBC004214B8C15DB
:101C800064010E708A15C00388D5A59B6404128078
:101C9000640014A05622C013068470A416B9E08410
:101CA00040046C018483C487169428B61420E08411
:101CB000400E6401145BC49786A37C2C0455A85C79
:101CC000205EFC2464010A200A8BC00C86537C2C05
:101CD0008F54948C06909C989C36EC040E64826120
:101CE000C17DFA808D34EE1518348231C1CDFA8071
:101CF000468258CAC0000C06C0185E358241FC35C9
:101D00007C958B4BC0000606F07C0CCCC1C3DD93E8
:101D1000E1144246841884146BF14011DD93C02B0A
:101D2000E14C000680088004E000004AE200000C5C
:101D3000C1C3DD93614C000680048111DD938016E0
:101D400061484186E19805C683310004C2198018B4
:101D5000883E8016C1C3DD9361484186E19805C67F
:101D600081310004421080188016F3F8DD93883E1C
:101D7000E14841868000800441C6A10D00058148EC
:101D8000001980004210800040119C04DD93800007
:101D9000E14841868000800441C6A10D00058148CC
:101DA000001980004210800040119C08DD938000E3
:101DB000E14841868000800441C6A10D00058148AC
:101DC0000019800042108000401193F4DD938000E0
:101DD000E14841868000800441C6A10D000581488C
:101DE000001980004210800040119C10DD9380009B
:101DF000E14841868000800441C6A10D000581486C
:101E00000019800042108000401193ECDD938000A7
:101E1000FAFC040C8101006B680C7BC88181811184
:101E2000613456862C04807BE14C1306832103A188
:101E3000A4048086A4048086A40480A60C15808651
:101E4000C00B69F94086A11B00158FDC8C0B0000CC
:101E5000E8404DC883112C04404600A68004E134BC
:101E6000A40480A6A4048086A40480A68C0B00860B
:101E7000E81067A88E0B0311E80C78C867CD0C0931
:101E8000A409C02D8275A50B6C210C09A70BC02BD2
:101E90008C0B80D5F2FC0C0CE02C1228F2FC0C0C04
:101EA000C1C3DD93FA7C040CED501EF09711006B5A
:101EB000E8104D28EFDC4246400084088406F3F821
:101EC00062650C09404AC0152258E08C0C0980005C
:101ED000C02D6B8521F8A10B0660800040B667A17C
:101EE000E0040006645004F08145811100004916A9
:101EF000A10BEC041921FE953E3E81511B48810146
:101F0000000AE0001B48F000525AC0008693E68A9F
:101F1000E02012A91249A1AB15F8802812B980005F
:101F2000B1AB602CE0281249E18400B440407C0E43
:101F3000890EF0FCAC05FE4E1E05B3AB40028010CE
:101F40000049909880150F4180000BA88EE5B5AB35
:101F50001E05B7AB400280100041909880150E41DD
:101F60000C09AAC54015621189C4B9ABE68240CA02
:101F70009A800004909840020E410049A6E5801A1C
:101F8000A425BBAB8A45BDAB81413FAB140AA60576
:101F90000C45E040800D0859140AA2850C45E04428
:101FA000800D085D140AA0C50C49E0488036018503
:101FB000140AA0C58685E04CE050140A89048815EF
:101FC0008C03C40768E500458F35C00DC20789043E
:101FD000004B8C03C00A6DA189048F2500418C033E
:101FE000C0156E416D4100010D35C0158904A04337
:101FF0008C03C407686500458BB5C00D080409242F
:102000003C5EFA808C2389016F410439812140159F
:102010000E2485458873FA800E708C73C06B664100
:10202000110A988B0635F41CC40404207010000AB1
:10203000E40418801C58FCD5FA80108410898C8325
:10204000C02E67C1FA800A54FA801084FA35915B79
:1020500093C1040B89217BF5F40C448A180676752C
:10206000000AC00004047010A215FA80E080561A1D
:10207000A000085806F07C040944E450BC548321B5
:10208000E080400A5C100629F09040324420BE34C3
:102090008026D004890495058C03C40764D10045CB
:1020A0008175C005C407890400458C03C00565D14E
:1020B00060010006814BFC00800008F8E024120952
:1020C0008445AB0B8465A30B8865A50B8885A70B9E
:1020D0008A85A90BA015A10B814DA404A6049035F7
:1020E0008265804DA40487D5814B0395814DA4045E
:1020F000A60480958C85804D04F07C048944E450CE
:102100006080400A040983010735DC10D0044000D8
:1021100001E5A404A604804D09C4804DE45000F0FC
:102120000029FC348265FC30A404831509C4814B6A
:10213000E45000F00029FC348205FC30464A7E441D
:102140000406E080018580007E44843BE080460AEE
:10215000462083319803D004BE3480367C0481D578
:10216000E45004F0404A894481016080DC10040995
:1021700088237E4407158806BC549921564A845505
:1021800082E5E08006F07C0409C4E450FE4481212D
:10219000E080404A5C300629F0B04032FBE5802602
:1021A000010A3E3484F5F40C8685AFAB8A85A5AB75
:1021B0008C25A7AB8CC5A9AB8E85ABAB9025ADAB01
:1021C0008235A3ABC227882304438C23400C6D21A6
:1021D000EF559921FE4499217200404009458251F2
:1021E0000823CF07664100600624C058802360841E
:1021F00064010429860340046C010043BE34C0011D
:102200000705C827882384438C23C4276891044585
:102210008585C005C427882304458C23C0066091AA
:10222000882385158C23C2276921044B9921400CF2
:102230008823E96504498C23401A6A41E7F599210E
:1022400000600823C0586641608406240429802366
:102250004004600100438603C0016C01C827BE34FE
:102260006575A4430B0A992124C8E4FC4C159FFC16
:10227000400B69ED4C158101400B69E985A5812171
:10228000645006F0EC8008107C040639FB904A127A
:10229000647C030AEC7C08526C00104406CBA85303
:1022A000180682110EC4800081C168909C005830CD
:1022B0006F9006C44682A9CFB80F788C0652267F4D
:1022C0004C05EC04400B69E9AE2FA77F69ED4C2566
:1022D000020AC00BF4B5E100A10BA40F0C0988059C
:1022E000C03864C564C10C19430DC03864C50060B2
:1022F00086F5C0E1EFDC42468818822B8816C219A9
:102300006E0D0C19A31BC0368000021603114C1170
:1023100081F58038C209840883258406EFDC4046B5
:102320008408801BF3F8400000600406C0E164C527
:10233000020A80180210E3FC4011C4041EF0C00021
:102340000C0CE550DD93F27CEFDC404680288018D1
:102350000419C217F3F444208026A22FC1C3DD93D1
:10236000EFDC0286E0700229E084440A9A005C08EF
:1023700064D50029A72BC02B800002299C20442073
:1023800080004221FFFC1468FA00040C6C51001913
:102390000029C02BC0156141E08406146686422ADC
:1023A000FA8004346C494031060A402B421AF0008E
:1023B0004011E00AC02B6C41810180A5F2000C0C99
:1023C0000029DD93402B6C1DE00842966FF845E82C
:1023D000E0084C960C06A30B8C0BC000F2000C0C12
:1023E000C1C3DD93FA00040C6C5500190029C02B01
:1023F000C0156145E08406146686422AFA800434DA
:102400006C4D4031060A402B421AF0004011E00AA0
:10241000C02B6C45810180A5F2000C0C0029DD93D6
:10242000402B6C1DE00842966FF84308E0084C967C
:102430000C06A30B8C0BC000F2000C0CC1C3DD9387
:10244000FA04044C0C09806BC0156145EC040200D1
:10245000F41C030A0C1982D5C0156141EC04041068
:10246000F424050A400A80D5008AE6868435E544CE
:102470006C1D0C290FF6402B03F6E0088C0B60084E
:10248000EFF840480D78A30B0C198000C01561418E
:1024900061510C0904144015440AFA80050AE68AC1
:1024A0008295E4A061450C290C39C015C015615511
:1024B000E68A443AE484048A0C298495402B6C1DF6
:1024C000E0084E76600842767DF88C0BA30BEFF4A3
:1024D00080000B2861410C190C09C015C015615111
:1024E0007A800214FA80040461490C39422AC0152A
:1024F0008613E686E4A0030A0C198415C01561450D
:1025000061550C290C39C015C015614DE686422A6B
:10251000028A86138415E4846C1D0C294E76402BA8
:102520004276E0088C0B6008EFF47B08A065A30BF3
:1025300061510C09000AC01586D5F01061550C09CF
:10254000A90BC0150C098635C0156141E080404AD1
:102550000C0980E5C0156145E080400A0C2982A580
:10256000402B6C1DE0084E066008420678D88C0BA4
:10257000A30BEFF40C099805C0156149F80C004A4B
:102580000C098465C015614DF80C004A0C0982A540
:10259000C0156151F80C004A0C0980E5C015615561
:1025A000F80C000A0C2982A5402B6C1DE0084E1681
:1025B0006008421676988C0BA30BEFF40C098E85FD
:1025C000C015614188B5A30B61450C09A30BC0156B
:1025D0000C098815C0156151EC100000F430010A97
:1025E0000C0982554015615500008171008AEC107C
:1025F0008835F4346C1D0C294E36402B4236E008E9
:102600008C0B6008EFF474280355A30BC0000E0672
:1026100061510C09B10BC015A90B82050C09841579
:10262000C0156155A90B016561550C09B10BC015A9
:10263000817100D50C4C8E0BDD93F2046C1D0C29BE
:102640004E26402B4226E0088C0B6008EFF471E820
:102650000E06A30B8E0BC000F2040C4CC1C3DD931D
:10266000FA0004CC8101006B66350C1B9906C0167C
:10267000424A9106420660804C11E004C02B6C1D5A
:1026800080000C586FFC6DE8A10B8C0BC0000BF8A0
:1026900061410C0904F040150C19E420C015614596
:1026A0006682401AE43002F063094C018C0B40153D
:1026B000E8004B8861490C099918C015614D0C2937
:1026C0001138C0150C09C507401561414C11801324
:1026D000402B6C39E188082461510C198643401560
:1026E00061550C29A30B401561450C394C41C015AF
:1026F000C02B6C3D6C514C114C21C02BC02B6C5528
:10270000060A80959C45F004F40C070A4C21845578
:10271000402B6C4D4C31EA0DC02B6C4563588C2519
:102720008C0B6FFC9C55A10B6C410C0985E5C02BF3
:10273000F010060A680D86154C218931C02B6C4DAE
:102740006C454C318685C02B6FFC6208A10B8C0B4D
:102750000C0996B5C02B6C418615AB0B6FFC644819
:10276000FD158C0B6FFC6408A10B8C0B0C0992F50A
:10277000C0156141F495E80D6C510C194C11C02B3A
:10278000C02B6C496C414C010C19C02B402B6C4583
:10279000FA8000046C4D0C39401AC02B0C19E682EB
:1027A000C02B6C556C510C09000A402B0416E040FC
:1027B0004C218000802C0C816C490C294C11C02BC1
:1027C000002B0C6DFA8002140C694C01443A802BEA
:1027D000401AE68A402AE6824C01E002402C6C79DD
:1027E000FA80020466314C134498C0168C0B6800C2
:1027F0008295A10B6FF064E8A10B8C0B73B880F588
:102800008C0B682468304F0821118C0B4C118321EC
:10281000C01B656165414C210CCCC022DD93F200E8
:10282000681100490039C02740276815088A8101CE
:102830000844E54000408188068A0C500406E50003
:10284000063481010034818800009A8088068C401B
:10285000A13B8438C4080630C1880634C000423128
:10286000C0000409FBFC000ADA800004C408000070
:10287000C188000440004401DD938101FA00040C8A
:10288000680040C8A10B806B0C0C8085DD93F200C2
:102890000C0C8C0B8B55F200FA04044C0C19806B59
:1028A000C02B6C516C550C09441AC02BA12BE502AE
:1028B0000C398605C02B6C4D6C490C490C59C02B4A
:1028C000C02B6C456C410CC9464AC02B48CAE50E6A
:1028D000464AE516443AE50E0365E00AEFFC042299
:1028E0006C1D0C294E56402B4256E0088C0B60089C
:1028F000EFF45CC88805A30B6C510C198121402BA7
:102900006C550C090424C02BC2077A800422017183
:102910004C01ED00401B63054C11C217401B6301C5
:10292000E004000663094C014C21C01BC01B630D71
:1029300063114C718E0BC01BF2040C4CC1C3DD93B0
:10294000FA7C040CEC301EF08101006B630D0C79F5
:1029500002F0401B0C99E420C02B6C516C550CA963
:10296000FC0EC02B3C06890645188C0BA10BE80019
:10297000C000100600081E859095A10B641002F09F
:1029800074F89E2B8C0B6FFC8E65A18B6C3D0C3903
:102990000290402B3C48EC04EC0404A06C390C5928
:1029A00081C1402BA8338908608C083464200660FC
:1029B000A053C06DC6570545124402C151CDFA80DF
:1029C000F0945412790046A1F0A4562282258CB6C8
:1029D0006C510C990A54402BC297FA80925301D53E
:1029E0006C550C4981C1402B6C390C59C247C02B26
:1029F000924320530E70C65782316C04F6B5A17B0A
:102A000098F18101F27C0C0CC1C3DD936C5100394B
:102A1000824B402B6C4900290019C02BC02B6C4104
:102A2000C1C38725FA04040CEC301EF08101007B41
:102A3000826B7C0E02F03E0E7E98E4208E0B6FFCC3
:102A40008415A10B641002F041188E0BA10BE80055
:102A5000FC048235401ABE140002E682180EEFFC18
:102A600098F18101F2040C0CC1C3DD936C5500395F
:102A7000824B402B6C4D00290019C02BC02B6C459C
:102A8000C1C38125FA00040C8285A13BE50A401AE6
:102A9000E00E400AEFFC00028101100EF2000C0C67
:102AA0000029DD93402B6C1DE00842566FF44EE880
:102AB000E0084C560C06A30B8C0BC000F2000C0C6B
:102AC000C1C3DD93FA045E65EC100CF0741C5E600B
:102AD000BC6E8861FE8003FCF804170CEC301EF01D
:102AE0008193818341C6C183432661488004E00C01
:102AF000418600168004E148021480188016FC9C70
:102B0000EFE456A86F9C6248C1C38101FA00004CF3
:102B1000614841C6E00C433600168004601100068F
:102B20000004C020E148438680188404FC9C021401
:102B30005518801660B8EFE481016F9CFA00004CD4
:102B4000614841C6E00C434600168004601100064F
:102B50000004C020E148438680188404FC9C0214D1
:102B6000539880165F38EFE481016F9CFA00004CA7
:102B7000614841C6E00C43760016800460110006EF
:102B80000004C020E148438680188404FC9C0214A1
:102B9000521880165DB8EFE481016F9CFA00004C7A
:102BA000614841C6E00C439600168004601100069F
:102BB0000004C020E148438680188404FC9C021471
:102BC000509880165C38EFE481016F9CFA00004C4D
:102BD000614841C6E00C43A600168004601100065F
:102BE0000004C020E148438680188404FC9C021441
:102BF0004F1880165AB8EFE481016F9CFA00004C20
:102C0000614841C6E00C43E60016800460110006EE
:102C10000004C020E148438680188404FC9C021410
:102C20004D9880165938EFE481016F9CFA00004CF2
:102C3000E2C0002C614841C6E00C43F60016800457
:102C4000E148418680188004FC9C02144C388016B0
:102C500057D8EFE481016F9CFE1C04CC6FF8462826
:102C6000807B806BE0000E2A400105F805018000A2
:102C70004C018191402B6C1DE19400061060009E78
:102C8000C0AF641DEFE87D688265A10BA0068701D7
:102C9000EFF84528EFF84568EFE449E8EFE87D08EC
:102CA000458601116AD8EE108C0B6F9C6FDC008694
:102CB0006A78811144C66F9C0086E0004286600CF1
:102CC0004C15E03C400E60D9600102064C05C07D09
:102CD000C00E60CD60D14C054C05C00E400E60D5D5
:102CE0004C058B01400E60DD4C158301400A6D4997
:102CF000E05003E66E914C010006402C4C13E400BA
:102D000040166739E0004216673D4C0300764016D6
:102D1000C02060096E014C13871140154C1180963C
:102D2000C03864C10006830510606194C0AF641CA4
:102D3000231B80144C118311402B6C1DC000020614
:102D4000C0004015EFE45AA8646018F060188C0BBE
:102D50008D04E8108255A10BA19B8F94014680E55C
:102D60008004E134A30B80045ED888958C0B680C3A
:102D700010B6202802B6E0088C0B6008EFF07868E7
:102D800068384AC851F88C0B8C0B68047D38A18BCD
:102D900050006FF47D589C0041D8EFF40101EFE43E
:102DA0006A1883118C2B6FE40CCC900BDD93F61C0E
:102DB000680C7A48008B8C0BA18B8C0B4878808533
:102DC000FBF5EFF4E81464E8A18B808B7A18F655D4
:102DD0008C0B6FF4E8004588400104488C0B000020
:102DE000EFF447686FF07F0801C68C0B42466FDC3A
:102DF000421EE00402168311E01C4346F808401509
:102E0000EFE466A86800482800C68C0B9711614C57
:102E1000A39B000481810191004600160004E14C4F
:102E200080169D11745880B58C0B680C020E808B37
:102E300040106001E5400006022B8185EC04000093
:102E40000233C934C69F841BFE15A10B72FD41C617
:102E5000009EC02044188C0BA18BE8388135E4B566
:102E6000E83843C88E1B0C0B6FE86F08808B8E2BE5
:102E7000E255A18B9F2101118C0B0331E8344DE801
:102E8000808B7135612000C6800481110106001617
:102E90008004E120014600168004E120018600162E
:102EA0008004E12001C600168004E12040060016DF
:102EB0008004E120404600168004E1204086001690
:102EC0008004E12040C600168004E120410600167F
:102ED0008004E120414600168004E120418600166E
:102EE0008004E12041C600168004E120000600169F
:102EF0008004E124004600168004E12400860016C8
:102F00008004E124DD9380166265000902464015C5
:102F10000414E14C8809813144208428202FF3ECEB
:102F2000E13440868311042600168004E1344046D3
:102F300000168004E14C010688368024881680241F
:102F400000368004E134400600168004E14C00861F
:102F5000430600048016E000C1C3DD936805001B32
:102F6000002BC00AC00A68016815003B004BC00A6C
:102F7000400A6809002BE017400A680D005BA41F97
:102F8000400A6811801EE037282FE027822EAA3FD2
:102F9000DD93C03EFA045E65EC100CF0741C5E60BC
:102FA000BC6E8861FE8407FCF804170CEC501EF020
:102FB000819381830161C183E03C41F66FA055A8F4
:102FC000010681114F066198001AE14CE138440670
:102FD00088449C34001CC2194601A101402B6C1D81
:102FE000101683118804831141F600665418E03CE2
:102FF0007BD8EFA01C04E8144D188111A8F1E80853
:10300000F0041F0CF6840FFCFD64BCF4C1C3C15373
:10301000FA045E65EC100CF0741C5E60BC6E886196
:10302000FE8003FCF804170CEC301EF081938183C2
:103030000106C18345066198001AE14CE1384686D5
:103040008C548844001CC4194801A301402B6C1DFA
:10305000141683118C0481118804801667CD001921
:10306000C819C02D67CD40118311402DE80849884B
:103070001F0C98F10BFCF004BCF4F680C153FD6406
:10308000FA045E65EC100CF0741C5E60BC6E886126
:10309000FE8407FCF804170CEC501EF0819381832A
:1030A00041F6C1838111603CEFA04E48614C4D0652
:1030B0009804A5116C1D40118511402BE8084708A4
:1030C000E1384F4680189C04E080420A010686459C
:1030D00045066198801AE138C81988348C08801C2C
:1030E0008C06C20980188804F3F8421098048016F0
:1030F000E8347568022618044518E0109C04E808B6
:10310000400A800884C5E08461980106E1384506DC
:103110008834801A801CD019C4098C0888048C0655
:10312000421080180016F3F4E02002264378980439
:1031300041F6E8088311603CEFA049C81F0CA8F1D4
:103140000FFCF004BCF4F684C153FD64FA045E6520
:10315000EC100CF0741C5E60BC6E8861FE8407FC91
:10316000F804170CEC501EF08193818341F6C18363
:103170008111603CEFA047E8614C4D069804A7110F
:103180006C1D40118711402BE80840A8E13C0E4619
:1031900080189C04E080420A010684E504066198D8
:1031A000801AE13CE01988348C08801C8C06C20926
:1031B00080188804F3F84210023600169804E010D4
:1031C000E8047EE880189C04E084420A0106860533
:1031D00004066198801AE13C02148834801CFC9437
:1031E000C4098C0888048C06421080180016F3F479
:1031F000E02002367D3898049C04E804400A8008E8
:103200008A05E08861980106E13C04068834801A4A
:10321000FC9802148C08801C8C06C809801888044D
:10322000F3EC421041C600168004E13842108018C9
:103230008016F3EC001B9804C0156E09FC9802146C
:103240006E094013023640157A98E0404C38E80485
:1032500041F6EFE08311603CEFA040C81F0CA8F1DD
:103260000FFCF004BCF4F684C153FD64FA045E65FF
:10327000EC100CF0741C5E60BC6E8861FE8407FC70
:10328000F804170CEC501EF08193818341F6C18342
:103290008111603CEF9C7EE8614C4D069804A911B9
:1032A0006C1D40118911402BE80477A8E13C0F0602
:1032B00080189C04E080420A010686A504C6619835
:1032C000801AE13C02148834801CFC9CC2098C08E2
:1032D00088048C06421080180016F3F8E0100246AD
:1032E00075D898041804E804E00C4296E8044C6889
:1032F00080189C04E084420A010686A504C66198F1
:10330000801AE13C02148834801CFCA0C4098C089B
:1033100088048C06421080180016F3F4E00C42A6D4
:103320004AB898041804E804E0200246E8047388C8
:1033300080189C04E088420A010686A504C66198AC
:10334000801AE13C02148834801CFCA4C8098C0853
:1033500088048C06421080180016F3ECE00C42B68C
:1033600048B898041804E804E0400246E80471886C
:1033700080189C04E08C420A010686A504C6619868
:10338000801AE13C02148834801CFCA8D0098C0807
:1033900088048C06421080180016F3DCE080024698
:1033A0006FD898041804E804E00C42C6E8044668A4
:1033B00080189C04E090420A010686A504C6619824
:1033C000801AE13C02148834801CFCACE0098C08B3
:1033D00088048C06421080180016F3BCE1000246F7
:1033E0006DD898041804E804E00C42D6E804446858
:1033F00080189C04E094420A010686C504C66198C0
:10340000801AE13C02148834801CFCB000048C0853
:103410008C06FC9480188804F37C42100246001647
:103420009804E200E8046BC842E618044258E00C35
:103430009C04E804420A801886C5E0986198010659
:10344000E13C04C68834801AFCB402148C08801C49
:10345000FC98000488048C06421080180016F2FCC8
:10346000E400024669B898041804E804E00C42F647
:10347000E804404800009C04820DFF1100C686B598
:103480008014E13C042484288426FC9C8018800459
:10349000F1FC421003060016842AE19804249804E3
:1034A000042CFCB8E8000246E80467A843061804A8
:1034B0007F98E00C41F6E8008311603CEF9C6DA81A
:1034C0001F0CA8F10FFCF004BCF4F684C153FD649A
:1034D000FA045E65EC100CF0741C5E60BC6E8861D2
:1034E000FE8407FCF804170CEC501EF081938183D6
:1034F0000161C183E03C41F66F9C6BC84F068111AE
:103500000306614C1C04E198E13C4646AB41042AA9
:1035100040418C54C02B6C1D7CBC0024040C8321C6
:1035200094268B1180668C0463989C049C04E804A8
:10353000EFE07128603C41F669B88311A8F1EF9C77
:10354000F0041F0CF6840FFCFD64BCF4C1C3C1532E
:10355000FA045E65EC100CF0741C5E60BC6E886151
:10356000FE8C07FCF804170CEC401EF0819381835D
:103570000161C183E03C41F66F9C67C84F06811131
:10358000AD01614C83811C146C1D42018301402BF1
:10359000EFE47288E13C41C60486801480048D11FA
:1035A0009C048066E8045FC8603C41F6661883119D
:1035B000A0F1EF9CF0041F0CF68C0FFCFD64BCF432
:1035C000C1C3C153FA045E65EC100CF0741C5E605C
:1035D000BC6E8861FE8407FCF804170CEC501EF0EA
:1035E0008193818341F6C1838111603C6F9C642883
:1035F0004F068161AF01614C42019C14402B6C1D50
:103600006EF881011C04EFE45C988F110086E804D9
:103610008018EFDCF8C0020A801880E5F0C0421084
:10362000E080020A9C1482B56C150219420AC02B74
:103630000019E0848018C070F3DC42109C048016EE
:103640006C150019420AC02B8445E08468045A882E
:10365000E010027668D89C049C04EFE46E09001B1D
:103660004210C015C0FD73FD6E0940130146C01520
:10367000831161400016800400668311E03C41F62E
:10368000EF9C5F881F0CA8F10FFCF004BCF4F684DB
:10369000C153FD64FA045E65EC100CF0741C5E60AE
:1036A000BC6E8861FE8003FCF804170CEC301EF041
:1036B00081938183001CC1834000E2C002067F0029
:1036C000840EE19CE340001C614C4106E14042C68F
:1036D000B1310004834104246C1D40310846C02BE5
:1036E0008414812191110426E80455A81F0C98F137
:1036F0000BFCF004BCF4F680C153FD64FA045E6573
:10370000EC100CF0741C5E60BC6E8861FE8407FCDB
:10371000F804170CEC501EF081938183001CC183C8
:103720004000E2C002067F00840EE19CE340001CE2
:10373000614C4F06E13442C6B3211C044DC604144B
:103740004021E198C02B6C1D1816841852789311F3
:103750009808E80482E5A70B84A5A30B8665A50B52
:103760008855A10B02961C045198E010C183E8040F
:103770008385C11302961C045118E080C183E804BC
:103780008305C71302961C045098E020C183E80407
:103790008185C31302961C045018E040C183E804DD
:1037A0008101C513004698068311614481210004FC
:1037B0008016A8F11F0C80260FFCF004BCF4F684E0
:1037C000C153FD64FA04044C68005EE8A10B806BF1
:1037D000C0001D4863290C39404E402DC0106CDDDF
:1037E00063210C190C29C02DC02D63256184083478
:1037F0005478823982496F9C1BF8A10B0C39C000A8
:10380000402D63396CE5400E0C19C010C02D63319A
:1038100063350C290834C02D823961846F9C53288C
:10382000A10B8249C0001AA863490C39010E402D32
:10383000C0106CED63410C190C29C02DC02D6345DF
:103840006184083451D8823982496F9C1958A10B80
:103850000C3BC000401669A96CF901CE0C19C010D0
:10386000C02D6359635D0C290834C02D82396184F1
:103870006F9C5088A10B8249C000180863710C39F5
:1038800041CE402DC0106D0963610C190C29C02D6B
:10389000C02D6365618408344F38823982496F9C3A
:1038A00016B8A10B0C39C000402D63A96D31400E34
:1038B0000C19C010C02D63A163A50C290834C02DBC
:1038C000823961846F9C4DE8A10B8249C000156864
:1038D00063D90C39400E402DC0106D3963D10C19DD
:1038E0000C29C02DC02D63D5618408344C988239D1
:1038F00082496F9C1418A10B0C39C000402D64093B
:103900006D41014E0C19C010C02D640164050C29D5
:103910000834C02D823961846F9C4B48A10B8249C9
:10392000C00012C864390C39404E402DC0106D4D96
:1039300064310C190C29C02DC02D64354A18823908
:10394000864B6F9C1198A10B0C39C000402D646907
:103950006D5500CE0C19C010C02D646164650C2932
:103960000834C02D823961846F9C48C8A10B8249FC
:10397000C00010486F9C4F4841F681018311603CA4
:10398000EF9C478863290C0903C6402D8414E13855
:103990008209C707424604060C09E138C02D633985
:1039A000C707841404068209E13840C60C29801434
:1039B000C02D6349C927843846308229A43FF3F8D3
:1039C0008004843663490C198028C02D8419C917D6
:1039D000F3F444200026A22FE13841C60C2B8014BA
:1039E000C01669A9CB27843846308229A43FF3F852
:1039F0008014843669A90C2B8438C0168429CB27FF
:103A0000F3F446308436A43F0C1B8004C01669A929
:103A1000CB17802844208819A22FF3EC00860026BB
:103A20000C19E13CC02D636900168004E13C01469D
:103A300064E10C158004C00B0186001E0C15E13CEE
:103A4000C00B64E5001E8004E13C03C663A90C09B9
:103A50008414C02D8209C507420604060C09E13C06
:103A6000C02D63A9C707841404068209E13C40C63F
:103A700064ED0C158004C00B4106001E0C15E13CE2
:103A8000C00B64F1001E8004E13C434663D90C097D
:103A90008414C02D8209C507438604060C09E13C45
:103AA000C02D63D9C707841404068209E14000468B
:103AB00064F90C158004C00B0086001E0C15E14053
:103AC000C00B64FD001E8004E14002C664090C09BD
:103AD0008414C02D8209C507030604060C09E140C1
:103AE000C02D6409C707841404068209E14001C699
:103AF00065050C158004C00B4006001E0C15E14046
:103B0000C00B6509001E8004E140424664390C097F
:103B10008414C02D8209C507428604060C09E140C1
:103B2000C02D6439C707841404068209E140414668
:103B300065110C158004C00B4186001E0C15E14078
:103B4000C00B6515001E8004E14043C664690C0982
:103B50008414C02D8209C507020604060C09E1443D
:103B6000C02D6469C707841404068209E134014644
:103B7000800480048455BF0B6C1D0C290EA6402BBD
:103B800002A6E0088C0B6008EFEC48080E06A30BB9
:103B90008E0BC000F2040C4C8101DD93F2040C4C3E
:103BA000C1C3DD93FA00040C0C09806BC02D6321A6
:103BB00063250C197AD8C02DA10BEF980C09943508
:103BC000C02D633163350C197A38C02DA10BEF98E5
:103BD0000C0990F5C02D634163450C197998C02DEF
:103BE000A10BEF980C098EB5C02D6359635D0C19BC
:103BF00078F8C02DA10BEF980C098C75C02D63616E
:103C000063650C197858C02DA10BEF980C098A3503
:103C1000C02D63A163A50C1977B8C02DA10BEF9837
:103C20000C0986F5C02D63D163D50C197718C02D0A
:103C3000A10BEF980C0984B5C02D640164050C1923
:103C40007678C02DA10BEF980C098275C02D6431D8
:103C500064350C1975D8C02DA10BEF980C0C80851C
:103C6000DD93F20064610C090C19C02DC02D646550
:103C7000F2000C0CFF9834E8FA80000C6C1D00294F
:103C80004038C02BA30BEFEC41F682558111603C0C
:103C9000EF986F08F280080CFFD839E8F280080C22
:103CA000C1C3DD93FA0C040C0C0B806BC0156E09BC
:103CB000E080400A0C298235402B6C1D0C0C8C0BCB
:103CC0003E38F20C4E46FFE80E09EFDCC209F81050
:103CD000F8104E016C210C09A70BC02B42368CF555
:103CE0008C0B6000E8005B886004424657388321F3
:103CF0008C0B683081811C08F3F840009C089C06FE
:103D0000F3F440004E819C060C0BE030C0156E09A8
:103D100073FD40004C03C0FD40156E0940F88C0B4C
:103D200075F8E8208C0B6FE8614400C6E00042465D
:103D300000868004E14401860086800458B88C0B1C
:103D40000C0CE8003478F20C4256FFD88C0B600063
:103D5000E80058286E090C0B02064015FFC06001F0
:103D6000FC9800046E094C0341C64015C02072FD4A
:103D7000020F800472C102060004C020040EFCC4BD
:103D800072C102068C0BC020F20C0C0CFFD832E87A
:103D9000FA00040C8225A11B6F9866C840068311A7
:103DA0000C0CFA02DD93F2007A024C06E03C41F67C
:103DB0006F9866088C0B8111F2000C0CC1C3DD9367
:103DC000FA7C044C1206006B14C6E00857466114D6
:103DD0001086E1108101613C817109956C1D4C9147
:103DE0008C0B402BE80044881415A10B0219C0006D
:103DF0008E75C000680048C828148C0B8418A10B6D
:103E0000420A8C958C25E0848E1B0C0BE8004D0833
:103E1000E0C8000A62388AB52C04E81C83218111AD
:103E20009511001668304D882C048C0B8016831178
:103E30008008A804E084404A40001605C00002063D
:103E4000C00040118018A004F3DC4210A0048016CA
:103E5000421080180016F3BCE11000C680188004E0
:103E60000016C219E0004126E87D82710C4CEE0577
:103E7000DD93F27CFA0C040C6FEC7AC80E16806BA2
:103E800042C660084C71E010402B6C1D4A388121FD
:103E90008C0B6830614400C6E1245086A014800475
:103EA00084388028E080464A444A8465FE25E08CB8
:103EB000EFEC7A086C1D0C290216402B6E58E008B6
:103EC0008C0B6FE88095A30BE8304F484F18819515
:103ED000A004E830400A800880D5E0848E0B817110
:103EE000F20C0C0C7858DD930C29EFEC402B6C1D78
:103EF000E0080E26600802266C788C0BA30BEFE816
:103F0000C0000E060C0C8E0BDD93F20CFA0C040CA8
:103F10006FEC76080026806B428660084C01E03C1E
:103F2000402B6C1D457881218C0B6830614400C6A4
:103F3000E1245046A014800484388028E080464A5A
:103F4000444A84A5FE25E08CEFEC75486C1D0C29D5
:103F50000E46402B0246E0088C0B6008EFE86968CB
:103F60008095A30BE8304A684A388375A004E8308E
:103F7000400A800882E5E084EFEC73C86C1D0C29D0
:103F80000E56402B0256E0088C0B6008EFE867E8FD
:103F90008045A30B008681718004E13CD019801814
:103FA0008E0B0016F20C0C0CC1C3DD93FA1C044CF2
:103FB000806B027BEFEC70E860080036E00442267C
:103FC0006C1D4C018121402B6830406800C68C0B71
:103FD00052C661448004E1248028A414464A8438EF
:103FE00084A5E080E08C444A7038FE250C29EFEC73
:103FF000402B6C1DE00810666008026664588C0B4C
:10400000A30BEFE84558809581E5E830E830452876
:104010008008A404E084400A100600E5697D800061
:10402000E0005126900B80A5F21C0C4C6E18DD931D
:104030000C29EFEC402B6C1DE0080E766008027630
:1040400062388C0BA30BEFE8C0000E060C4C8E0BF5
:10405000DD93F21C6FA50025A12BC00B9A005C0814
:10406000E06C020A04CD00259AA580050025A51B59
:10407000800B0A0D840404200A0D402598C5800B8E
:104080000025A71B800B0A15840404200A1540256F
:104090009685800B0025A91B800B0A11840404203F
:1040A0000A1140259445800B0025AB1B800B0A1993
:1040B000840404200A1940259205800B0025AD1BBD
:1040C000800B0A1D840404200A1D40258EC5800B28
:1040D0000025AF1B800B0A21840404200A214025FF
:1040E0008C85800B0025B11B800B0A2584040420DD
:1040F0000A2540258A45800B0025B31B800B0A2921
:10410000840404200A2940258805800B86C5B51B38
:104110000025B71B800B0A2D840404200A2D40259E
:104120008485800B0025A31B800B0A0984040420CE
:104130000A0940258245800BFC044410E074040AFF
:10414000832180B56A3140250025C00B400B6A01F0
:1041500064010600C627C0BA448604334615E00051
:104160004206E0344615FC060015E038C00B6A0133
:10417000441A82114015E10AC00B6A010015A12BF7
:10418000000B0A05800004060A0140250210800B7E
:1041900040158404800B0A05C1C3DD936FA500257B
:1041A000A12BC00B9A005C086B7500250600400B24
:1041B000C0BB65D1E0004A868623C6274606C81ED6
:1041C0000045FC06C00B6B7598214A3E4A4A824165
:1041D0004045E116C00B6B750035A15B000B0B79F8
:1041E000800008060B7540450630800B403584047E
:1041F000000B0B79F024020A020A98A588C5F00486
:10420000F008020A020A9A658A85F00CF010020A88
:10421000020A9C259E45F014F018020A020A8AE55B
:104220008E05F01CF020020A020A90255C08F000BE
:104230000015DA00C00B6CBD821188246CBD4015DE
:104240004025C00BC00B6CE50015DD93C00B6CC1A5
:1042500040158211C00B6CC140158814C00B6CE96D
:104260000015DD93C00B6CC940158211C00B6CC9E1
:1042700040158814C00B6CF10015DD93C00B6CD594
:10428000821188246CD540154025C00BC00B6CFDF5
:104290000015DD93C00B6CD940158211C00B6CD991
:1042A00040158814C00B6D010015DD93C00B6CDD4B
:1042B000821188246CDD40154025C00BC00B6D05B4
:1042C0000015DD93C00B6CE140158211C00B6CE151
:1042D00040158814C00B6D090015DD93C00B6CC52B
:1042E000821188246CC540154025C00BC00B6CEDB5
:1042F0000015DD93C00B6CCD821188246CCD401568
:104300004025C00BC00B6CF50035DD93400B6CD124
:104310006015020A8231C0086CD140358834C00B68
:104320006CF940358445C00B6015020A5C08C00476
:104330000015DA00C00B6D0D821188246D0D40153B
:104340004025C00BC00B6D150015DD93C00B6D1122
:1043500040158211C00B6D1140158814C00B6D19EA
:10436000C1C3DD936FA50025A12BC00B9A005C088B
:104370006D1D00350800400BC0BD64716D25002522
:10438000C637C00B864302216D254025A921400B6D
:104390004206D21E4815FC060015E010C00B6D1D2C
:1043A000441A82114015E10AC00B6D1D0015A12BA6
:1043B000000B0D21800004060D1D40250210800B0E
:1043C00040158404800B0D21C1C3DD93FA04044C15
:1043D0000C05806BC00B6FA58AA5A10B6DE90C05C0
:1043E000A921400B668A440AE0880604F08C4E62DC
:1043F00000208C2340BD67C16A38A9214006EF9098
:104400004E05FC06C00B6DC96DE90C058201C00BA1
:104410006DE94C05004A400B0C05F81C400B0DEDF6
:10442000C00002060DE94C150000C00B4C05C40489
:10443000C00B0DEDF2040C4CC1C3DD936FA500253C
:10444000A12BC00B9A005C086EB10025863AC00B08
:10445000F008024B1824065A041AE08C00C3C42743
:1044600058538023C0176D7D6D7958135833C0178A
:10447000C0176D756D7158434206C0174415FC0690
:10448000C00B6E916EB100158211C00B6EB140155C
:10449000024A400B0015F81C400B0EB5C000040684
:1044A0000EB140250210C00B4015C404C00B0EB560
:1044B000C1C3DD936FA50025A12BC00B9A005C083A
:1044C0006F190025C634C00B609008240043C42730
:1044D00048358023C00B6F2D4835C434C00B6F297D
:1044E00048358634C00B6F2548158414C00B6F21E6
:1044F000FC0642066EF944150015C00BC00B6F197F
:1045000040158211400B6F19F81C024A0F1D00154F
:104510000406400B4025C000C00B0F19C404021054
:104520000F1D4015DD93C00BFA0C040C614C4D06B9
:10453000E1980346812118046E104786E1000AC6FF
:104540000386040C042EE198E19803C60286042E2B
:104550004025E1A4400B6FA9E10000460486001E3F
:10456000083EE10066A108100210C0BF40B967F123
:10457000E1000506944E980476F8881E1804EFF0C2
:104580004071B571C02B6C1DEFF44EA842C61804E3
:10459000840EE198E82C49A845861814880EE19805
:1045A000682C49884286820B040EE198E03C41F673
:1045B0006F946608001C81115006E2C0C00061992A
:1045C0000046200E5618E19CA004EF94E340001C26
:1045D000603C41F664D8831183816F94438618044C
:1045E000C480601569FD40150396400BD9846309AA
:1045F0006C1D40714015C02BC00B6FA16FA540858D
:104600004058C00B9804E800C1C3FFD5FA0C040C55
:1046100041F6007B62D8E03C81116F940901816111
:104620004E01B711402B6C194E118E0B402B6C1D97
:10463000511883110E0BEFFCC0156E09E098404A2B
:104640000E1982E5C02B64C58AF5A71BEFDC028634
:10465000420A84188A25E080E080400A051188C556
:104660004F988E0B5F78EFFCA10BE8085F9880B540
:104670008E0B68080E0B806B40156E09400083118D
:10468000C0FF72FD6E094E0341F640155F18E03C15
:10469000A16BEF940711A4D54DD88E0B72F8EFFCE7
:1046A0008E0B6FD4806B11E58E0B0911EFFC4D481A
:1046B00064D50E09A70BC02B108692D5A008EFDC9D
:1046C000F8C0000AA00880E5F0C04000E080000AC1
:1046D0000E0B9055C0156E09E080400A0E098E053C
:1046E000C02B6C218C75A70B404AA0088AE5E08C92
:1046F0008E0B1B11EFFC4B086FD854C81D118E0B8D
:104700004A988E0B7C18EFFC8E0B681864CD0E0552
:10471000E214C00586E5C20DC809A0088E0B20066C
:10472000E8187F286E090E0B83114015FC980004D1
:104730006E094E0341F6401559B8E03C0B11EF9459
:1047400048988E0B4138EFFC8155E80C8E0B1F11F9
:10475000EFFC4828603C41F658B883110E09EF94ED
:10476000C02B6C11E098404A11118A8547388E0B96
:104770000E05EFFCC00E60F5400685054E05FC06F3
:10478000400E60FD6F588E0B56B8E8088E0B680817
:10479000FC06400660F90E250E15C00EC00E60F531
:1047A00061014E058221C00E60F94E250010400EB9
:1047B0004E05EC04C00E60F5F815A10BC313C183C0
:1047C000603C41F6555883110064EF940C0CFA805C
:1047D000DD93F20C6C194011DD93C02B6E0D0019A6
:1047E000A31BC036DA005C0863110019A31BC03894
:1047F000002B82F540156E09E14C03C64420841459
:10480000C0FF72F16E0940231EF8C015DD93FFD47E
:10481000FA84040C4106006B0004E11483218371C7
:10482000C4198018410600160004E128007685119D
:10483000E1284006007680047CD88C0B4046E828AE
:10484000BD116128832100048C0B0076F2840C0CCE
:10485000E0283C28FA7C044C4186008B0004E128C7
:104860000311827B5672866B154670888016E13480
:1048700040868D25831161288121000441C6007680
:104880008004E128020600167A58E010900B682890
:10489000614400C6E12C0246841480048038A824B8
:1048A000A14B8448884480858475A54BE08C460ADA
:1048B00088348085FC95A53B6C1D102902C6402BD1
:1048C0005E38E008900B6FE4E00812C68CD5A10BAF
:1048D000612C0086000481118004812141C6180EDC
:1048E0008004E128020600167758E010900B682833
:1048F000614400C6E12C0246841480048038A82458
:10490000A34B8448884480858475A74BE08C460A75
:1049100088348085FC95A73B6C1D102902C6402B6E
:104920005B38E008900B6FE4E00812C680D5A10B5D
:1049300082710861E6C5D67D920B8191F27C0C4CA8
:10494000C1C3DD93FA00040C61284246041481615E
:104950000466832173F883114006E8288004E12867
:10496000410600668004E114421080188016F3F4BA
:10497000F2000C0CC1C3DD93E0180015E0500025D7
:104980006127E017700142104025C300C0096E097D
:10499000E0500025FB8004240406241FC3C06001EE
:1049A0006E0D40150015C009ED17E054F3F04210EC
:1049B000684140110015C027DD17E054F3F04210A4
:1049C000684540110015C0274011E058C0386315F4
:1049D000E05800150406041FC30060018121051B77
:1049E0008000022603154011020000388395E5700F
:1049F00088210434C63BF137621142318434C02728
:104A0000C63BE137621542318434C027C63BD137FB
:104A100062194231C534C0274231C63BC027620DFE
:104A20006061048AF8B5C00165D1020081214001AE
:104A3000463B837542318821C0266D71E13784344D
:104A40004231C63BC0266D75D13784344231C63BF6
:104A5000C0266D79C63BC5346D6D42310434C02625
:104A6000E040048AF13778F5680140310015C0272D
:104A7000E117E184680540110015C027F117E188AE
:104A8000681140110015C027E117E1886815401131
:104A90000015C027FF17E18C67F140110015C027F2
:104AA000F117E18CF0FC421067E140110015C027BE
:104AB0000025E18CE917E18C9E194727A41FA02946
:104AC00067ED40110015C0270025E18CE117E18C4E
:104AD0009E194527A41FA02967E940110015C0278A
:104AE0000025E18CD117E18C44203E19241FF08071
:104AF000E004040667E540110015C0274015E19069
:104B0000C00A6EE9E1FC00154013E117C0136C29DF
:104B1000E1FC00156C2D40130015C013D117E20005
:104B2000686540110015C0274011E200C027686980
:104B3000E20400154011F117C027686DE20400156A
:104B40004011E117C0276871E20400154011D11728
:104B5000C0276875E2040015687940110015C02768
:104B6000F117E208687D401102004027C00264315D
:104B700045348175EC0404206C294235A12BC00911
:104B80000200FE354003643181B581218421043463
:104B90004233E137C01368594233C534C0136855F6
:104BA000E500048A0200FC95400367318175892184
:104BB000042045344235EC04C00A6B1DFE35A12BA0
:104BC000677100009311400341248175EC040210C9
:104BD000603D4025A11BC0055D93FE35C1C3810129
:104BE000FA00040CEF4C022980B5A12BEF3C0229FE
:104BF0009625A12BF9310121815107415852838516
:104C00004C52780C82C3F890FC1818C991C1582FE7
:104C1000440A81B5C227609C73F9442018C0400142
:104C20004420EC04A1CBD8748251FCB5E1400A0ABF
:104C30000706F8F5040A61380C34FBFC9FF8059E62
:104C4000FA80042402398C2E872BEF4C074680F51E
:104C50008C34E134AF3B8C34021986F5832BEF3C66
:104C6000034680F58414E134AF1B8414024684B5F6
:104C70000CE661948638E0086C1D00298466C02B20
:104C8000F3F046300636C439E00802E6EFE07FE88C
:104C90008255A10B005681858018E194F3F04210F3
:104CA0008016C2198C0B8161F2000C0CC1C3DD931C
:104CB000FA00040C0206006B4C38E2805A98E82C8B
:104CC0008C0B6FFC45F601110C0BE00C5C388C3B37
:104CD000A10BEFFC637882D58C0B6FFC8C1B0C0B4B
:104CE000EFFC780880B5A10B6FFC648881018C0B08
:104CF000F2000C0CC1C3DD93FA0C040CB911006B6B
:104D0000682C4A08E4100E60812129118E3B0C0B9F
:104D1000EFFC5A28A17B807B615880C58C0B6FFC0F
:104D2000E0001E08642010600921851159388C0BA1
:104D3000903B6FFC8C0B007BEFFC60681D18A17B27
:104D40002014C000E1080E0604149C04D11761C0B1
:104D50007A800614FA800424A1391F2968005C684F
:104D60001C048911E114034684148008830B841801
:104D7000C0001AE8E1340146800480041A78A90BC7
:104D80005A148000E1444F0604149C04F11761C0DA
:104D90007A800624F87C4410788046305A588B116B
:104DA0001C04E800E14842C684148008830B841880
:104DB000C00018E84F465A149C04E14461A0041452
:104DC000FA8002147A800424F88046108B113F295F
:104DD000E80058C843061C048008E148841884147D
:104DE0001758830B0C45C000028660108404E1480C
:104DF000E1E0044444200038C43DFBFCE14780D599
:104E0000FA8004448065C53D84048026038600083A
:104E10008414E148830B8418C00015A8E0100C0529
:104E2000E0B8400A02468485D50761488609042413
:104E300004048806E14803C684148008CB1784184C
:104E4000830B8619C0001448E0100C05E0B4400A3A
:104E500002068485D1076148860904240404880673
:104E6000E14803C684148008C7178418830B861989
:104E7000C00012E8E0100C05E0B0400A43C68445CB
:104E80008E0961448806842403C604048008E1482E
:104E900084188414830B8E19C00011A8E0100C052F
:104EA000E094400A42068405C70761088609042485
:104EB00004048806E114038684148008830B841894
:104EC000C0001068E0140C05E0F8400A02C68445F2
:104ED000F10761489E09042404048806E14842065B
:104EE00084148008830B8418C0000F28E0140C057C
:104EF000E0F4400A03068445E90761489E0904245A
:104F000004048806E148424684148008830B841810
:104F1000C0000DE8E0140C05E0F0400A03468445AB
:104F2000E10761489E09042404048806E14842869A
:104F300084148008830B8418C0000CA8E0140C05AE
:104F4000E0B4400A43868625C90761008409042429
:104F500046308838A03FF3F404048836E11403C6D1
:104F6000841480088418C307C01FCD17E080424A0C
:104F70000C05AAC5400AE0148605E0B0610043862E
:104F80000424C90788388209F3F846308836A03FE0
:104F900003C604048008E11484188414C01FCB17CE
:104FA000E080424A0C05A485400AE0148625E0AC66
:104FB000610043460424C50788388409F3F4463069
:104FC0008836A03F03C604048008E114C307841494
:104FD000C7178418424AC01F9E25E080E0140C05C4
:104FE000E0A8400A43468605C507610082090424FB
:104FF00046308838A03FF3F804048836E11403C62D
:1050000084148008C5178418424AC01F96E5E080C2
:10501000E0140C05E0A4400A430684C5840961003D
:1050200088388424F3F446308836A03F03C604044D
:105030008008E11484188414424AC01F90E5E0847B
:10504000E0140C05E0A0400A430684858209610053
:1050500088388424F3F846308836A03F03C6040419
:105060008008E11484188414420AC01F8AF5E08085
:10507000E0180C05E0F4400A02468605EB076104DF
:1050800087310414788C460284288609F3F0442082
:105090000426A62FE1144206841884148619CB171F
:1050A00084B5811BE0180C05E0071A14700140005C
:1050B0008171430061C00414FB8002146E094C2509
:1050C000A20F40096E0D4C0581B5C0096C1D0C295D
:1050D0004E66402B4266E00C8C0B600CEFE05D6886
:1050E0000C0C8E0BDD93F20C69840824E9840A34DD
:1050F00018440048B85FE0840425A75BE9840244B3
:105100008625A35B86A5A55B5C08A15BC44DDA0080
:10511000A11B8065A11B84858185863582E5A11B45
:105120005C08A31BC44DDA00C74D82559A005C0889
:10513000DD9380368205C44D80D5A11BDD9380268A
:1051400080168111C74DDD93A31B8065DD93FC455F
:10515000FA1C044C986B008BEFF875C867C10E8081
:10516000434640AE0121E00C7758900B8E3B6FF820
:10517000A10B81911C1482357FFD45FE434AC03F3F
:10518000120CE408980EE2000C4C9A9EDD93F21C7F
:10519000FA84040C61984F061C6E806BE1000206D5
:1051A000E82865088C0B1C14E80040888C0B1C1444
:1051B000F2840C0CC1C38765FA84040C807B026BFB
:1051C00060084026655002704E01C089402B6C1D5E
:1051D000641100600921C0116A9881310060E818EB
:1051E00040116421650102702921C08969F881316B
:1051F0000060E81840116471656102702121C08966
:10520000695881310060E818401164B165A10270ED
:105210004506C08989316018F2840C0CE018288892
:10522000FA7C040CECF01EF082BB006B6E050C09DE
:10523000A30BC03616099675C00464A1E3FC000AEE
:105240000C0994A540386321E19C4E0A001A818123
:105250000B38E000C0002001600C00564C01967B2A
:10526000402B6C1D66B112601460C0BF40C0652148
:10527000641100B002B0C011401464616621166070
:105280000460C0AE40AE65A165E1187009BEC01FE4
:1052900064C106607ECEC0AD652108607C2EC0ADC5
:1052A00065410A603E1EC0543C0E941B5538920B5B
:1052B0008E2B6FC463210C094E0A4038001AE19C02
:1052C00007B8E000C0002001600C00666560066061
:1052D0004C01C0D8402B6C1D141B920B4D988E2B8B
:1052E000964B6FC04E0A0DA54046E19C43466008B0
:1052F0004C01E14C402B6C1D641104B01860C011CE
:1053000040AE65A1640110B00E60C010409F67619F
:105310006611086014B0C0AD401365B1679112B05A
:1053200017BEC010662116600404C0AE66D10260CC
:105330000FBEC0546451066019BEC09E0D9E8EBB48
:1053400066710A608B8EC0A2FECE89AE186013CE45
:10535000C0A364A108607C4EC06C6701964B3E4EB2
:10536000BCCE9B8E9D2E951EEFB84988A18B808B5D
:10537000405688750A606008C0A164706C1D4C01BD
:105380004146402B1734E14C9924964B023080045F
:105390004014646165E10E30892EC01FFC1EFE7E44
:1053A0009B249D14861B3E1E923B3CAEEFB44EE800
:1053B000A18B808BA18B8A456E890C051056400A03
:1053C0000C15C00CC00A6E8D6E910C250C35C00AF0
:1053D000C00A6E95693D4C034060400A4C13DC00E6
:1053E000400A6941C00C025669454C234C33C00A3F
:1053F000C00A69490C1D0C294478C02B100BCFE062
:105400000C0CF8F1DD93F27C60084266E14C4146F9
:105410006C1D4C110260402BC0B667010A60192454
:10542000C0A366E19B3480048E2B7C2E9514BE1E97
:10543000BC1E934469589D1417B4EFB4A18B808BA4
:105440009FFC30184E0A77A5C1C3E99CFA7C044C36
:105450004106008B008EE198E100020668284F2883
:105460000191900BE6D45406836117B1817109C58F
:105470006E19101B00644015801FE8A49005A11B45
:10548000E13443868428841480A5A12B801F8418CE
:105490008CC5A11BF0A44C8268810C09000AC01BBA
:1054A000410663FC8014E198049480E5900B7A80B7
:1054B000E800432868188145900B6FFC68810C094F
:1054C0000606401B0C14E138EC0404B0000A8361AA
:1054D0001005E3FC1009DC28002707E55005A17B37
:1054E000C00A6E698255842CE1984106900B001425
:1054F000EFFC6988613806068C04807B029180BCD1
:1055000084B188A1E040120A8E0BEC95F27C0C4C21
:10551000C1C3DD93FA0C040C808B027B600840361B
:105520005001846B402B6C1D641100700280C0110F
:10553000406D65714FB88921813168186421007010
:1055400002804011C06D652181312921E8184F0882
:1055500060880064658002800225C06D82037C0043
:1055600089310C13611D4E250025C0014E25E040F8
:1055700040016121E0184506E080000561254E05E7
:105580000209C0014E01E300C00464A163400209A6
:10559000E0184306E686426A64A54E018283400411
:1055A00064B1007002804011C06E6501F20C0C0CF9
:1055B000E0180BE8FA3C040C15C6006B1060E1A083
:1055C000405466D165411260286EC05467610E6018
:1055D000100BC0AE0C2B921B6A388E3BA10BEFCC8C
:1055E00028248455121B900B6C188E3BA10BEFCC1A
:1055F000000014259C0040801C0042909C004670D6
:105600008FCC68E86E890C15A10B400A6E8D0C25B5
:105610000E06400A0C358000C00A6E916E950C454E
:105620004C13C00AC00A693D69414C234C33C00A7F
:10563000C00A694569494C438265C00A6C1D0C2942
:105640000E56402B0256E00C8C0B600CEFDC71E820
:105650000C0C8E0BDD93F23CF87C040CEC601EF01D
:105660006141001915C640150029E010401561453B
:10567000422A81B10029E686C0156211FA8002141F
:1056800004000B2EC066664904007E2EC058665189
:1056900004007C2EC06B664597C5BE2EF08C44027C
:1056A0006F410479E57DC0158B2482D5E68A483A9E
:1056B000F09044026E410429F02DC01A544A80D55E
:1056C0008075E48882B1157569910029A52BC02BDE
:1056D00040880444C0000A16D080442208910495F2
:1056E00086B5C00560840444802383516D21046322
:1056F0000454C00CCF2DFA80808808449080484222
:105700000891089588058005825108238023C227C7
:105710006D2104238D2DC00CFB55FAA5FA8004548D
:105720000844CF2D48428084086B9080800C0D2166
:1057300008238265C427825104258023C00568910F
:10574000FAA5D22D0B24F905FCC4D5974A2A899EC7
:10575000FE24E68E60840654E088085498433EC4D4
:1057600004640433FB27FB00985306291064846308
:1057700083617B00858709C5F02D9428544A809564
:105780009025E48818248C2286C9E1F40424982307
:105790008527FB005822102412C0F1A0130AEDB097
:1057A000C0046475D52702E56D4018C0E004524678
:1057B00060A658CA89948221EC0818C0E00A449A6D
:1057C000099483D5190A8221C0026045600A449A6F
:1057D000C00013E6402658CAC0041306589202F5CA
:1057E0009F91D1B066A658CAE00452466EC118C057
:1057F00058CAC00418C0E0A6D82DEC14C00004D6C6
:10580000C0004A218431026182510841ECB5CF6D5C
:1058100006B4EBA5C33DFA800101D0550C0CB0F1E4
:10582000DD93F07CF81C040C63150019A51BC0382F
:1058300000199415C03864D19275A11B61410019FB
:10584000813140156145002989414015E686442A89
:10585000621100190795C015FA80042470B04A023D
:10586000E68658CA67410A5081614057988385850A
:10587000F0A04E026E410E99AB9BC01AC28786F50E
:1058800010838083C00C6D21E1F41284009386990B
:10589000401C626D108492838587FB0082D5928DB7
:1058A0006A410E890099C01AC03864D5D28DC38769
:1058B00006410E704E41806B826180001064147846
:1058C000CF8DFA808231F4B5FA801834F0F5C5CD69
:1058D0000C0C8101DD93F01CF804040C61410019EB
:1058E000FB3140156145002981414015E686422A79
:1058F0006211002909F5C015FA800214668A4A7AF5
:1059000066400C005862C05818C9F094C0046C017D
:1059100018062BCB8675E0800E798073C0156F4119
:1059200084A5A17BE084185481C118636C010C63C9
:10593000876DC0010CC480C58CC3E1FC83C701F531
:10594000600D0D0A59F6402082C5E07CE17C0CC454
:105950008CC3F96718C089C70053E5C84AC18241A2
:10596000C01A6241186483850D0A61F4C003607C2B
:105970008CC386C9FB0018C485C776E5617D0D0A16
:10598000F8B5C009E17C0CC48CC3FB677D6587C793
:10599000E53018C0FA800E44EC35C37D0C0C810153
:1059A000DD93F004FA9C040C5106006B206EE19824
:1059B000670112600315C0940C0B8171C016663527
:1059C0006080404AE01000065C004060DC004270ED
:1059D000CFDC42A88271650EE2300E0A2014FAF57F
:1059E0000C0C8C0B8115F29CFA04040CEC301EF0AC
:1059F0000006006B4C01E00C402B6C1DE14C414655
:105A000064810E6018604099C08B646104603E7EC2
:105A1000C0AE66A106600004C09F67616521086092
:105A20000A6040A2C0A366E16218BCCEA10BEFC819
:105A30000E0602A50C298000402B6C1DE00C0E56B2
:105A4000600C025652188C0B0E0BEFDC0C0C98F10C
:105A5000DD93F204E10400068008800482095D936E
:105A6000FA7C040CEC301EF08101008B6FF0592899
:105A700081718111600447C61005806B40096E0D6D
:105A8000656104801015C0ADC00A6D496C1D5031B0
:105A90005C58C02B809BEFC482C5A19B6C1D102954
:105AA000900B402B6FDC4F280311921B57188C0B67
:105AB0001575EFF07C6E927BE10401466D5910156F
:105AC0008004C00A1005801EC00A6D596E0D1015A5
:105AD0005BF8C0090000EFC4C0806401E1C012049B
:105AE0006FCC6488100B920B6BD8921B100BEFCC11
:105AF00065D8921B100BEFCC6898921B0146EFCC37
:105B0000028661188004E118842480080404880651
:105B1000E1040386102B8008C016673950018414F5
:105B2000402B657DE10401C68321042C673D101BD9
:105B30008004C01641C6001C8004E100C219801810
:105B4000004600168004E104D0198018900B00165E
:105B500060CD101563F8C00E1009E82040386315B9
:105B6000E1041406A50B83210E9110194106402C67
:105B70000005C1104011C000891140000016A804A2
:105B80001015900BC00E60D1E82062688F61280468
:105B9000006683211015900BC00E60D5E82061C807
:105BA0001676280400B6E0044C58900B5075E800B7
:105BB000400E60ED5075A10BC00E60E960F15075AC
:105BC0008885C00E0346FC640186E11883A1611834
:105BD00080A6800480088404409A82015003E00279
:105BE000C0156E01EFE04D68E11800C680A6800484
:105BF000E8206608EFCC4F088C0B0311EFF04CA89F
:105C000098F10E0BF27C0C0C1015DD93C00E60E5C4
:105C100060DD10058211C00E60E55015A10B400E2D
:105C200050158311C00E60ED60F150159685C00EC1
:105C300083913E9EA8048905421080188016F3ECDB
:105C40008018A804F2FC4210A804801642108018A4
:105C50008016F3F48018A804F3F84210A804801604
:105C60008321002660D11015900B400EE8205B4880
:105C700083212804900B006660D510155AB8C00E19
:105C8000A804E820900B00B6E80045689015A10B29
:105C900060E510058291400E60ED10158201C00E86
:105CA00060E550058211400E60DD10055015C00EF4
:105CB000C00E60ED89210201EED5C19D6C1D102939
:105CC0000236402B7E18E008900B6FD8E0080E36A5
:105CD000831100AB45D8FC0421ABEFF03E94806B00
:105CE00080000E061029EF15402B6C1DE0080236CF
:105CF0006FD87CC80E36900B00ABE008FC04831113
:105D0000EFF04488806B21AB0E066BF51005800028
:105D1000400E6105E118034660E150955095C00EB4
:105D2000C00E60E9D30D7C6401055095BE94C00E91
:105D3000C1C3E9D5FA00040C60D900158121400ED9
:105D4000682054A800C68161038661448004E10094
:105D500080288414464A843800C5E09080000C16E0
:105D6000E08C444A8C0BFCE5F2000C0CC1C3DD93C3
:105D7000FA1C044C8101006B6FF040C881818111D5
:105D80000186007B0004E118E00443D66C1D4C1131
:105D90001286402B8086E13C6E0D0C05A414C009D0
:105DA0008201D9076E014C038408C015F37C4000C2
:105DB000000604068014E104442084288426F3ECC1
:105DC00084288014F2FC44208014842644208428F3
:105DD0008426F3F480188004F3F8421041C60016BC
:105DE0008004E100421080180016F3F8E104004638
:105DF00080188004F3DC42107DB88016A404EFDC28
:105E0000021480188016FC94EFC87E688E0B031174
:105E1000EFEC7C08E11800C680868004F21C0C4C74
:105E2000C1C3DD93FA04044C4326006B0C01E0046B
:105E3000C02B65B56C1D4C11400AC02B0C09E084C9
:105E4000C02B05A943068C958418EFDC80B5A31BF5
:105E500066E90C0985B5C026F700008A0C1980D5C3
:105E6000C02666EDFCA5A11BE098404A0C1980C530
:105E7000C02C6CFD8265A11B820DFF110C198215CF
:105E8000C02666ED0465A11B80004046E094400AF0
:105E900005A90C090260002B80AD05B10441026028
:105EA0008418C09E08450C098203C027E100428681
:105EB00084068414A10B8408840880A5E504008A64
:105EC000404680958406E00061004E469C04832194
:105ED000421080188016F3DC80189C040016C2194A
:105EE000479887118C0B682083211C04C4198018E3
:105EF00099110016682047089C048C0BC81980185B
:105F00000C4C8016DD93F204E10441C68018800435
:105F10008016C219C1C3DD93FA04044C4246007BCB
:105F20004598E0048121682000C6816103866144B0
:105F30008004E10080288414464A84388425E0984F
:105F4000E08C444A0E29FE25402B6C1DE0080C868F
:105F50006008028669988E0BA30BEFD8C0000C0670
:105F6000E8204A880C4C8C0BDD93F204FA00040CF8
:105F700041F6016157D8E03C81116F88E14441C688
:105F800080668004EFDC6EA8EFDC7148EFDC7328DC
:105F9000603C41F656D883110C0CEF883358F20060
:105FA000C1C3FFC8FA00040C40C6006B4C01E008F6
:105FB000C02B6C1D6D490C054C05C006C00B6685D9
:105FC00066850C057778C00B0004EFC04C05FB809C
:105FD000C00B668965390C094C01C02BC02D6A3590
:105FE000653D0C094C01C02BC02D6A39F2000C0C28
:105FF000C1C3DD93FA00040C40D6006B4C01E008ED
:10600000402B6C1D0C059111C008695966794C052F
:106010000C09C00BC02B65CDEFC072A86A054C01FE
:106020000C05C02DC00B637D667D4C050C0CC00BB0
:10603000DD93F200FA0C040CC417006B600840E614
:106040004C018C13402B6C1D0205847BC0066D61D6
:1060500066794C050C09C00BC02C6E316D0D0C0916
:10606000A30B402C404A84150060E08C00AD054D28
:1060700005A10260006080B340AD05490591026052
:1060800081C5C0B3608C404A65C002600060C0B387
:1060900080AD0545054100608008C0AD91110484C4
:1060A000EFC06E686A054C01A37B402D03890C8507
:1060B0004C85800BC00B667DF20C0C0CC1C3DD93CC
:1060C000600848F640418231C02B6C1D6671004566
:1060D000A14BC00B06710045463AC00B4035C012BB
:1060E000C00B6669666900350045C00BC00B666D64
:1060F000E192463A666940354021C00BC02D69D116
:1061000069D54011DD93C02D6008430640118921F7
:10611000C02B6C1D6A7140210019C02DC02B655128
:106120004015D617C00B66916D5100154015C0067D
:10613000C00B669569D10019A51BC02D031184D52C
:1061400040118121C02D6A7565F500154015C00B01
:10615000C00B669965F900154015C00BC00B66A110
:1061600066B14025DD93C00B681500198121402DD3
:106170006A7540110015C02DC00B65FD669940156C
:106180000200400BC0B666C168150039872DC02DCE
:106190009A005C0878A80235024582210055F898DB
:1061A000C00B6669E692485A424586430235F810AC
:1061B000C237F810F8104235F810023569D5004999
:1061C000C247C02D084B8043C0146669E012463AAE
:1061D000F8104235F81002354235C3370235F81051
:1061E0000245F8880055F878C00B6669E692485A6F
:1061F000844E8643C23784348434843E69D5004952
:10620000C247C02D084B8043C0146551E092463A06
:106210008434843EC53E8337C1C3F785667D00154F
:106220004015C00BC00869456A0500194011C02D12
:10623000C0226549C1C3DD93667D00154015C00BC2
:10624000C0066D4D6A0500194011C02DC01B65695F
:10625000C1C3DD93E0280225E02C0215695D4025CD
:1062600045F640084015E02CC008696162C940232A
:10627000DD93C011FA9C040C808B046B6088006471
:106280005282827B433670805011E008402B6C1D97
:10629000668100900270C06D892164A068106488D6
:1062A00000908131406D6781E4B002708131092135
:1062B000E81063E860184106E4C002706682406A34
:1062C000E024040680838531650100800C0CC06EDB
:1062D00022D8F29CC1C3E010FA0C040C826B007B44
:1062E0006CFD0E3943F6402C6EB8E00C85216FFC36
:1062F0006FFC70C867F88E0B8E0B6FFC600840A6B1
:1063000065E002704E01C0B6402B6C1DE14C414669
:1063100004700004C0B6664164A0086062188C3B3B
:10632000008BEF94E00841266C1D4E010070402B5D
:10633000C08965A164C00260E024040668105F881B
:10634000900B8531F20C0C0CC1C3DD93FA1C044C8C
:10635000866B008B708852821219827B401B688189
:1063600010398321C02C6CFDEFFC6AC86FFC6CE80F
:106370001219900B401B688165D8900B8C2B6FFC19
:10638000600840B665E002805001C0B6402B6C1D2D
:10639000E14C414604800004C0B6664164A0087028
:1063A0005DF88E3B1229EF94401B6881100B806BC7
:1063B00076188E1B8C0BEFFCF21C0C4CC1C3DD93CA
:1063C000613000C6E1300306054600040786E1306F
:1063D00009C661304A06E130584661308004E13038
:1063E0008414841400138824E13040868C3488247B
:1063F0008C3484138613904494549044945488139A
:106400008A13B0C48004B0C48004981382035D93DF
:10641000FA00040C0146006B0004E124E124454627
:106420006E090C158008C009C5078824440008348B
:106430004DB8F00C8C0B68206CFD0C198121402CA0
:1064400064B54C054C21C005C01562E162E94C21E0
:106450004C11C015C01562EDF2000C0CC1C3DD93E8
:10646000E118420684188414655D4011DD93C02252
:10647000E118420684188414657D4011DD93C01B29
:10648000FA00040C0046006B0004E128E118420603
:10649000841480044C058201C008694591110408E8
:1064A000EFC04E6865494C010C0CC022DD93F20030
:1064B000FA00040C0046006B0004E128E1184206D3
:1064C000841480044C058201C0066D4D91110408AE
:1064D000EFC04CE86D010C194C01C02CC01B656964
:1064E000655D4C110C0CC01BDD93F200FA00040C2E
:1064F00001C6006B0004E13480048B3165490C292E
:106500000C19C022C0226559695D4C0559F8C008B4
:106510004C05EFC040086961E00C43F665914C11F1
:106520000C0CC022DD93F200FA0C040C68206DC83C
:106530004278806B8C0B6800668100600206406DBB
:10654000C0206341600404064F1881310E60E810DA
:10655000406D678181F5A18178400E050C298B3152
:10656000C01B656965790C195718C01B5D0EEFC01B
:10657000EC041080FC35A18BF20C0C0CC1C3DD9334
:10658000FA9C040C0206006B45B8E0040E60E8209B
:10659000406E64810195A1815D188C9B5E788C0BA7
:1065A000650EEFD4EC041080FE15A18B65810060B0
:1065B0000406406D0131E0040C0C8C1B0B78F29C3E
:1065C000C1C3E01065A1000002064089C020631D20
:1065D000602404060AB88731C1C3E01065010000D9
:1065E0000206406EC02061016240040609F887314E
:1065F000C1C3E010FA7C040C6D911EF0006BC00466
:10660000E13041466C6D0C2942C640220C39E13024
:1066100040226FBD4C41854140226C69000481716C
:106620004C21822140226C6D4C31823140226FBD61
:1066300064D104F00414C002E41006F095511D4129
:10664000818101C112C4836582C17A80E112529AAC
:106650006696549A120CBB9B10A3E20014A492837A
:10666000C4A7FA80FC2800B502A5C9BECDAEFC289F
:10667000E230180A0060FA354090658164D102F07A
:106680004506C00281316020E8104528664100605F
:1066900002F040924506E41081316020E810448801
:1066A000613000C6E130024604C600040414E1383B
:1066B000663106600824C08B83658141700C4A40B6
:1066C00018548241A75B608462000A0C18C48EC310
:1066D0008A737A80C4C708CEFC300065F82046650E
:1066E000FC3002C5B14BCDCE1EF0FA55C004659109
:1066F000F27C0C0CC1C3DD93E118420684188414AB
:106700006CAD4011DD93C022E11842068418841458
:106710006FFD4011DD93C022638500154015C00B4D
:10672000C0086B21C1C3DD93638500154015C00B04
:10673000C0086BF5C1C3DD93FA1C044C8101008BCA
:106740006FE87288816181110006007B0004E1100E
:10675000E00443166C1D50118391402B00460096B7
:106760008004E108C2198018008600168004E10840
:10677000C21980187C9880167CF8EFF8900B6FF89F
:1067800082E5A10B6C1D10290C86402B0286E008C7
:10679000900B6008EFD467A80B45A30BC0000C0654
:1067A000EFD86E886FF874084558900B900B68000E
:1067B00061144106E0044566801880040016C21981
:1067C000E1044086435600040096E004E1180046C8
:1067D00050118004C02B6C1D00C600968004E11887
:1067E000010600961019E10CC02C6E5D502180044A
:1067F000C02B6C1D00C600161019E10CC02C6E6574
:1068000000168004E10840866E6110198004C02CD7
:10681000404600161019E108C02C6E69001680046D
:10682000E14441866E5910198004C02C417600164F
:106830005001E004402B6C1DEFFC41F66800490854
:10684000031181116A588E0B8C0BEFE8F21C0C4C73
:10685000C1C3DD936E8100290346402C8414E110EE
:10686000038604260029E110C02C6E8504268414BA
:10687000E11042C66E8900298414C02C4206042609
:106880000029E110C02C6E5104268414E11005C6C5
:106890006BAD00198824C02BF0FC421043C60816CB
:1068A0000029E110C02C6EA1842684146315001900
:1068B000A51BC0380EA500290246402C0215C114A4
:1068C0000416C000430680000215811004268000D3
:1068D000E11402066E5500298414C02C0286042699
:1068E0000029E114C02C6E8D842684146EA9001931
:1068F000211BC02CE11043868425842408168111B5
:10690000E11045468816882463150029A52BC03858
:10691000030684E5832161108375841408168311AE
:10692000E11045468816882463150029A52BC03838
:1069300041100306C0000406C0000215050680D5FC
:106940008824E1148125881600098426402C6E9D38
:10695000E110024684068414C1C3DD93E11C04C621
:1069600008168824E11C050608168824E11C054643
:1069700008168824E11C058608168824E11C05C633
:1069800008168824E11C440608168824E11C4446A5
:1069900008168824E11C448608168824E11C44C695
:1069A00008168824E11C450608168824E11C454683
:1069B00008168824E11C458608168824E11C45C673
:1069C00008168824E120040608168824E1200446DD
:1069D00008168824E120048608168824E1144386DA
:1069E000840C8414C1C3DD93612401C68004811129
:1069F000DD938016FA0C040C0046006B0014E118BD
:106A0000E00804C66C1D4C218121402B11C6037186
:106A10000426E124E12C4306042684148004851115
:106A2000A00480768C0B0026E818524802762004D9
:106A30004C11E008C02B6C1D0C0C8076DD93F20C21
:106A4000FA0C040C827B043B861B012168186C48FD
:106A500000068161434661280004E12CE14404C63C
:106A60008131041480C8882484488458500A888856
:106A70000405E08C80080D56C75745C7C44702C9B6
:106A8000A6CF0459AACF084946C2A8CF877BF81CD5
:106A900070F8FA758C0BE818F20C0C0CC1C3DD937E
:106AA0000286022B4011E008402B6C1DF9958F11D6
:106AB000FA84040C0046007B4E01E008402B6C1D5C
:106AC0007998826B8E0B6FFC600800864E018F11E7
:106AD000402B6C1D8C2B8E0BF2840C0CC1C3F72544
:106AE000FA7C044C613811462004806B7001025618
:106AF0000E86F7AB1246613C0321E114801E8BA188
:106B000080189C04F3F44210891100160016A404A6
:106B100066188B118C0B6818E11416C68008AC043B
:106B20006080400AA60599016FA90C15A31BC00B34
:106B300001C6A4658004E100404A80089B0160848E
:106B4000A51BA2650B11A225645883218C0B681824
:106B5000E1104046800880046090404A9E859F0175
:106B60006FA90C15A71BC00B24049CE583218B1176
:106B70008C0B00A6E81863088008AC046080404ACB
:106B80009A45A1016FA90C15A91BC00B01C698A5B8
:106B90008004E100400A8008A30160842B1B96A5B5
:106BA000E10015C60B119625615883218C0B6818DE
:106BB000E1104046800880046090404A9285A5011B
:106BC0006FA90C15AF1BC00B240490E58321851120
:106BD0008B11001668186008AC048C0B404A8008C2
:106BE000A70160800C158E25400B6FA9E11044466B
:106BF0008C45B11B8008A8046084400A8A85A901DD
:106C00008A45B31B61004106800485118804801603
:106C1000404A80089D0160900C1586E5C00B6FA965
:106C20008645AD1B81B1240483210B11E11054462C
:106C3000410600B68004E1108C0B00B6E8185CC871
:106C40008008A8046090404A80C597016FA90C1580
:106C5000B51BC00B20148295700104760604F7ABB7
:106C600080BB7A804C35842EC00B6FA96110410621
:106C70000004831100168321E10041068111000404
:106C8000911100160016A4045A588D118C0B681827
:106C900002662004F7AB70019C04801EC4198018A2
:106CA0009C1480164400840800B47C408426FA803A
:106CB000F27C0C4CC1C3DD93FA7C040CEC501EF04A
:106CC000613853062404806BE00402066C1D4C11ED
:106CD00054C6402B5106E1388018E1348016C219A1
:106CE0008018A404F3F84210A804801642108018FB
:106CF0000016F3F8E00402164C11A004C02B6C1D22
:106D00008C0B0016E8187B686D150C09807B402CF5
:106D1000E084404A400A824582E5E0886D210C19F2
:106D2000420AC02C8225E08861380046800489111F
:106D30000C098016C02C6D15F81C004A0175809551
:106D4000E99C4E0A6D110C19A11BC02CE0000E1A13
:106D500020010258400AC000400AE99C86C5E99C0F
:106D6000E094404A0C098865C02D631186D5A10BBB
:106D7000022620044C11E004402B6C1DE110164645
:106D8000A31100160016AC0464788C0B0C09E80003
:106D9000402C6E9DAC14807BA17B8406000680E5B0
:106DA00087116138801C800440469B958014E10067
:106DB000442084280426F3ECE13C028684288414D1
:106DC000FC9C042480048426C81980180C098016B1
:106DD000C02C6D15E080400A0C0980C5C02D6311E0
:106DE0009AA5A10B61380006800487110C09801C4C
:106DF000C02C6D15E084400A0C0980E5C02C6D2183
:106E0000E084400A0C098E75C02C6D1128C5A10BB9
:106E100080000E06026620044C11E004402B6C1D1D
:106E2000A121A1B100600016C06E648102F001755D
:106E30004138E410EC040420A12BC5366538FE75FA
:106E40008C0B681C8C1B0C0BE80443280060007B37
:106E5000C06E648102F001754528E410EC0416B0A0
:106E6000A1BBC1260C09FE75C02D67C99CD5A50B19
:106E7000680074480F258C0B2004807BE0040246D8
:106E80006C1D4C110016C02BE13800468511000422
:106E90008C0B001668007B28807B8C1B8C05A17BEB
:106EA00061380006801489210336042C0004E008B0
:106EB0004C118B21C02B6C1D8B05802C02362004BD
:106EC0004C11E004C02B6C1D004600160004E13894
:106ED0000016831144588C0B0C09E81C402D67C91F
:106EE000A10B807B709880B58C0B68000006807BBE
:106EF000A17B6138871100048C15801C6B18EF95FD
:106F00008C0B6FF863110C09400AC02D8275E0806C
:106F10006FF875A86B588C0B8C0B6FF86FF86E8838
:106F200081858C0B6FF857C80C0B8C0B59388C1B58
:106F30001606EFF889116138001CAC04E008013630
:106F40006C1D4C018C0B402BEFF05248807B2C04C5
:106F50008B11217B11E8801C280480008018A17B04
:106F60008016C2198018A4048016C2198018A404BF
:106F7000F3F8421092C58016A17B2404C219801830
:106F8000A4048016421080188016F3F88018A80414
:106F9000F3F842108A9580166FF863C820048C0BB2
:106FA000E00402B66C1D4C118016C02BEFFC51E8BA
:106FB000613C10862004839180188321F3BC421029
:106FC00000C600168004E110421080180016F3F885
:106FD000401895118C0B681861104146801481216E
:106FE00080048426A0048096E0198018000680168C
:106FF00042E661380004E000001CA8F1E13C008694
:1070000080188004F1FC42108E0B0016F27C0C0CF0
:107010000C09DD93C02C6D15E088400A0C198C25F5
:10702000C02C6D21E088420A20048A65E0040276C3
:107030006C1D4C110016C02BE1380046871100046E
:107040008C0B0016E8007BA867C90C098171402DE4
:1070500080B5A70B68006528807B8C0B63110C0939
:10706000404AC02D80E5E0806FFC4C6877F88C0BBF
:107070008C0B6814E035A17B6D150C09400AC02CFF
:107080008645E08C028620044C11E004C02B6C1D68
:107090008C0B0016E80079C867C90C09807B402D6D
:1070A00080B5A90B680062A8807B8C0BD8B5A17B4A
:1070B0006D150C09400AC02C8425E0906FD46F48F0
:1070C00020048C0BE00402966C1D4C110016C02BA2
:1070D0007BF88C0B0C09EFC4C02C6D156088400A3E
:1070E000D26581716D210C09400AC02CD0A5E088C1
:1070F00002A620044C11E004C02B6C1D0C09801664
:10710000C02D6311E080404A70F884258C0B6FF825
:107110006FF870486F188C0B8C0B6FF86FF86F68F6
:1071200079188C0B8C0B68004DD883358C0B681C40
:107130006FF8628801958C0B013181010C1B8C0B5F
:1071400050588E2B8271EFF8E0400E0A210BFCF5AF
:107150003138807B7C38DFFC8C0B680066350C0B8B
:1071600081714016E080404A9FFC30886FF85828B3
:107170000C098C0BC02D6311E080400A62F88EB5BB
:107180008C0B6FF86FF859685CF88C0B8C0B6FF8F0
:107190000C098765C02D67C98215A30B68005AE8E2
:1071A000807B8C0B2DA8A17B2004DFFCE004025621
:1071B0006C1D4C118016C02B6C810C090200C02C78
:1071C000E51DEC0440C682C58311610400168004ED
:1071D000E10C018602060004801EE800FFFC215835
:1071E00040C6A10B0206010400058000401180008A
:1071F00020A880004218FFFC8C0B6FF843B62004D7
:107200004C11E008C02B6C1D8311001668007B48F0
:1072100057358C0BC1C3807BFA7C040CEC301EF01C
:107220000486006B0C09E13CC03863150C19A50BF2
:10723000402C0E99C1140106C00000058000020612
:107240008110010680000005410600168004E1144B
:10725000E019801888048016421080188016F3DC2C
:1072600080188804F3BC421000C600168004E110A8
:10727000C21980188C0B0016EFE45A4881013E0EAB
:1072800050863C0E0391E124E1244E46612454C60D
:10729000A185810100067C0E4C01E008C02B6C1D0D
:1072A000EFD4598860080016E01042C66C1D4C01EE
:1072B0008121402B6814690800C68C0B8004E144CE
:1072C000816580B8EFD4596863294C91A004C03817
:1072D000400A800880C5E08063290C09A10BC038F2
:1072E000560A8245FAE5E08C63290C09A10BC038E7
:1072F000FD45FA55E8146DE88008A004E084404A92
:107300000C0980C5C038632980C5A10BEFD457286C
:1073100063294C9155F8C03855B8EFC00026EFD41A
:10732000428660084C01E03C402B6C1D6538812191
:107330008C0B6814E14400C680B8800455988165C0
:107340004C91EFD4C038632980089C04E080404A07
:10735000560A8245FC85E08C63290C09A10BC038D4
:10736000FD95FAF5E8146A6880089C04E084404AB8
:107370000C0980C5C03863298285A10BEFD453A8BE
:10738000E13C0086801880048016D01963294C9156
:107390000086C0388004E13CD019801851B88016AE
:1073A0000C09EFC0C02C6EA90106A30B00058110CB
:1073B000409180009E258000E11400C68008800472
:1073C000E084400A50589AA50036EFD4422660085F
:1073D0004C01E004402B6C1D5FD881218C0B68149C
:1073E000E14400C680B88004503881654C91EFD4E8
:1073F000C03863298008A804E080404A560A8245C4
:10740000FC85E08C63290C09A10BC038FD95FAF5C9
:10741000E81465088008A804E084404A0C0980C587
:10742000C03863299225A10BE90DFC044D38902545
:1074300000C6EFC0574661100004E1108018832198
:10744000F3F84210811100160016AC045C38951157
:107450008C0B681443462C040486E1100096E13C32
:10746000E11400C680088004E084404A4000020520
:10747000C0000206C000401180188804F3DC4210EE
:1074800088048016421080180016F3BCE11000C674
:10749000801880040016C219E00C41F6FC04BE0EF0
:1074A000E80D82019FFC2F88BC0EBE044A1881851E
:1074B0004C91EFD4C0386329EFC048E863150C093C
:1074C0004F064038A50BE11470B882158C0B6FF88D
:1074D0004C01BC0EC0386329E13C00868018800452
:1074E0008016E01980189C04F3BC42103C048016FE
:1074F0000C0C98F1DD93F27CFA7C040CEC301EF05D
:107500000809804BC02D67CDE08C400A080B96D54A
:1075100040166BE1668112401440C0B540B565412C
:10752000BC4E817173F140008803C0FF64011000FC
:1075300000404028C0B366B100407C0EC09C67414B
:1075400087B5BE0E7C04A80A73F14C0028BAC0FFB0
:10755000816B88636D9880F5880B6810A10B3C44A3
:10756000BE048C1580F5816B68106B283C44880B39
:1075700088F5A10BA10BA40A240A86A5A41AE0B7DA
:10758000210B9E0973C1441020BFC0FF0016C9170C
:10759000A4BF0000E686400A4507E1BE0165902BC6
:1075A0005934801BEC040210A11BC93EC407FE75B0
:1075B00004918083827184A1E49C0F0A8101F0858B
:1075C0000C0C98F1DD93F27C6C1D08294000402BD7
:1075D0004801F3F4402D67CDE00C0E36600C023606
:1075E0007538880B230BEFCC0E0698F18E0BC0007C
:1075F000F27C0C0CC1C3DD93FA0C040C827B006B93
:107600006D210C098181402CE084400A40C68AE546
:1076100085316104834100048C0B0086637D0C1569
:107620007978C00B822B681463110C09404AC02D75
:1076300082C5E0806FF85E0848188C0B8C0B6814CC
:10764000794102068C0B5DCDEFF862C80C0B8155B9
:1076500064388E1B008BEFF446388C0B0C09E81451
:10766000C02C6D01653D4C01900BC022F20C0C0C3E
:10767000C1C3DD936C8100090200C02CE51DEC0440
:1076800040C682A58311610400168004E10C0186C6
:1076900002060004801EE800A10BDD93DA005C08FE
:1076A000610440C680048111DD938016FA7C044C8D
:1076B000826B007B6D390E098181402CE080400A8D
:1076C0000E099CE5C02D63116D414E81404AC02CCE
:1076D0004070E0805E38DC001406C80091B161386B
:1076E0000E098BF5C02D6311E080400A1206047567
:1076F0000206C0005DCD79415DB88E0B01D5EFF873
:107700000331808B0C1B8E0B6218922B008BEFF4D5
:10771000120A8291FCD5E0406D410E09A10BC02CEC
:107720000000140580000266800040130D410E0920
:10773000000A802C1405F00440B38000A18B0000E7
:1077400001118AF551788E0B0E09E800402C6D412D
:10775000A10B808B0000140580000276800040138E
:107760000D410E09000A802C1405F0040296000059
:1077700040138000A18B00000E1B829540166635D9
:107780000E298E0BC02C6D096FC84188808B821921
:107790006D410E098201C02C6D414E010E09C02CB5
:1077A000C02C6D416D110E19C30DC02C900BE675E8
:1077B000F27C0C4CC1C3DD93638100158531400B15
:1077C000638500258141400BE0142C48FA00040C2D
:1077D0000C09806BC02C6D516080400A828581014C
:1077E000680056880C198C0BC02D67C94060AB1B14
:1077F00068389C000C198FFCC02C6D51E084420A43
:10780000625882858C0B6FEC67C90C19B11BC02DB7
:107810009C0040608FFC67286D510C19420AC02CF7
:1078200082A5E088680056280C198C0BC02D67C90A
:1078300080B5B31B0C0C8C0BCBF5F200F2000C0CDA
:10784000C1C3DD93FA84040C0C09806BC02D653133
:10785000E080404A0C0980E5C02D6535E080400A93
:107860000D118C85794104064EB8DDCD8C0B6FF877
:107870008085A10BF2840C0C6BD8DD938C0B6FF41C
:107880006AAD0C090C79C02BC02C6CFD1E79A30BC2
:107890009C00406008106BA89A8002746D510C091E
:1078A000400AC02C8425E08C61344106E00845A6DE
:1078B000027400044C21FA80C02B6C1D8C0B002636
:1078C000E8004D68F4F5A10B04060F11DDCD7941F8
:1078D0000C0C8C0B0B58F284C1C3FFF8FA04044C57
:1078E0008101006B6FE06568007B8111E148418692
:1078F00080088004E090400A0C098CC5C02D67CD3B
:10790000E084400A0C098C05C02C6D15E090404ABB
:107910000C0980C5C02C6CFD88B5A10B603C41F6FC
:107920004A7883114206EF7C8C0B6000EFE07948C7
:1079300061380106E00C43F60C298004C02D67CDA8
:10794000E088444AC00040154216FE358C0B6000AA
:10795000EFE0782867CD0C094000C02D4C01F3EC16
:10796000C02D67CD8E0B0311EFE061480C4C8101F7
:10797000DD93F204FE7C040CEC601EF0806B3E1E76
:10798000650D0C098111402B81A10B1E002A911C51
:10799000810160040098FE0EC0004001645002F0B6
:1079A00077988C0B80ABEFC86048020664988C0B0C
:1079B0000060E81440096401610112067C0EC020D9
:1079C000E6E41006817109156E190C0B400AC0150A
:1079D0008C65E49CF09C4062688100B9160AC01B6B
:1079E0008A65E3FC40010178BE04C0000406A10BD7
:1079F000061600244060800042901C0042629C00F9
:107A0000450650A00646C0184060400068F8DC00FB
:107A10000B34E804E4400AF08C1B0C0B964B7C24DE
:107A2000EFC87588A1AB80AB7E1484B5910A81A1A3
:107A3000FB800214FE0E820312900271C0026501E7
:107A400066C11080FE7DC001FE04F00562994C0302
:107A5000140BC0160C0CB0F1DD93F67CE11000C6DF
:107A600080188004F3F84210DD938016FA84040C29
:107A7000807B026BEFEC798882B5A10B66350E1B1B
:107A8000420AC01680E5E0808C1B0E0BF2840C0CC1
:107A9000E01016E8F2840C0CC1C3DD936389001575
:107AA0008531400B041083411538EC28C1C3E01424
:107AB000FA00040C0C09806BC02D67C98235AD0B30
:107AC0006FFC51C8A10B8C0B0C0982B5C02D67C986
:107AD000701C000A80D581010C0C8C0B10D8F200B0
:107AE0000C0CFFFCDD93F200FA84040C8171006B36
:107AF0006D150C09400AC02C8CC5E0906FEC55C880
:107B00005AB88C0B8C0B6FEC6FEC68E80C098C0B83
:107B1000403864B5A10B807B04210060026000E165
:107B200080540701074104600660005480580641F4
:107B30008FD042A864B90C09A10BC03807010060BE
:107B400002600054805407410FD04788064004600B
:107B50000C098058C038632180C5A10B0C0C8C0B1C
:107B60002BB8F2848E0BFFECF2840C0CC1C3DD93B6
:107B7000FA0C040C0A86006B0C09EFDCC02C6D0DAE
:107B80006D150C190C2BC02CC01666316CED0C79E0
:107B9000404A402C0C89E080C02C6C716CF10C497F
:107BA0004210402C0214DC20400A1C0C0660E090BD
:107BB000C0B30531053506608C3880B36D114C318A
:107BC0004610402C4C31FC10C02C6D154A0A9458BC
:107BD0000424E0840424C084854BFA80DC10023441
:107BE0001C504210E08C404A6D154C114010402C46
:107BF0004C0193F0802C0D15547880858C0B680413
:107C000063110C09400AC02D0C09E080C02C0D1531
:107C1000D3F840000D154C01100A402C8465FFFC80
:107C20007A800084FA8002740C09811B002C0D15E7
:107C3000800002060D114C114000802C4C0193E095
:107C4000802C0D150C0C8101DD93F20CFA00040C54
:107C5000680043084898806B8C0B680C6C110C0909
:107C6000400AC02B8465E094EFDC4006400A80089F
:107C700082B5E0806C210C09A70BC02B4FB882B5F0
:107C80008C0B6FFC68046B0881458C0B6FD44EA87D
:107C9000A10B8C0B575882558C0B680080B5A10B3B
:107CA000680044E881018C0BF2000C0CC1C3DD9329
:107CB0006C21001945C6402B4021E008C02B6C1DEB
:107CC0004226A31B40118000802B0C1DA71B8A4558
:107CD000A51B8205800042360C1D40118515802BA6
:107CE000E00042466C1D40110286402B8428EFDCE8
:107CF000F0C04420E040040A842880E5F0C044201D
:107D0000E080040A842880B5F3DC4420002984261E
:107D1000C02B6C11E094440AC0000416C0A042219C
:107D20006E09001BC419C0156E094013008640156A
:107D30008018EFDCF3F84210DD938016FA9C040CF7
:107D40008101007B6FE04268818181116C210E0905
:107D5000806B402BE00843D66C1D4E11A50BC02B49
:107D6000A70B88450E0BA275C0156E0973754000F0
:107D70000004C0FF4E03FC9440156E0960988E0B02
:107D80004838EFBC8E0B680064D50E09A70BC02BDA
:107D9000A50B8605008608C5A30B8FDC03D588F5E7
:107DA000EFDC00866E090E0B4000C015C0FF73713A
:107DB000FC9400046E094E030C0CC015DD93F29C7C
:107DC000EFDC0086424A801880E5E08C6C150E19C5
:107DD000420AC02B80A5E08401558008FC080004FD
:107DE000C8098008EFDC02864F9884068E0B6FE48A
:107DF000EFDC1286400AA40882B5E080400AA4089D
:107E000082F5E0888E0B3D11EFE05268680049680A
:107E100087258E0B8E0B3F11F29C0C0CFFE011C8D6
:107E20006E090E0502064009C0FA6001E002401A20
:107E300064CD0E150404C005D017E184C20D84136F
:107E4000C00000460002401AE14C0386040E841470
:107E50000E0B9511C0156E09FC9800046E094E03B7
:107E60008E0B4015EFE04F88603C41F6601883119F
:107E700047D8EF785281EFF00311E0A00C0C8C0B87
:107E80003878F29CC1C3FFDCFA00040C0146006B99
:107E90000004E124E00843E66C1D4C114546402BEC
:107EA0000C15E124C0096E09882480080834C50730
:107EB000F00C4400681079A802868C0B48866FDCB1
:107EC000860EE03CC424860468B10C3B480AC00A14
:107ED000000E6692C3D06400600E400A8823C94732
:107EE0004002C50D020991884000C0004201DC0437
:107EF000000640004C05C000C00564CDF2000C0C2B
:107F0000C1C3DD936E09001504064009C0FA600183
:107F100064CD0005422AC005D007E006E1840414C0
:107F2000C01D8403C00000460006400AE14C0386E1
:107F3000840E8414C1C3DD93FA00040C41F6006B77
:107F40004C01E008402B6C1D4858B7118C0B6FE0BA
:107F500064CD0C15028AC00580F5E5948C0B0121D7
:107F6000F2000C0CE01006C88C0B3B11EFE0474808
:107F7000600442468C0B8121F2000C0CE0100608D4
:107F8000FA7C044C0006006B0004E13800BC83B1AD
:107F9000E1940046A1AB80A80C298265402B6C1DA2
:107FA00067388C0B941B6FC80E08A10B0E60C000C5
:107FB00040B3645160B88C0B8E1B6FE067CD0C0929
:107FC0000204C02D420AE1908219608006314C13F0
:107FD000400A40168625E0846C110C19424AC02BD9
:107FE0008465E09461380306E00C45F6404A841449
:107FF0004225E0880C09C000C02D07CD4000FE35A9
:108000004C01F3ECC02D67CD64D10060106040B32B
:10801000C0AF641181A10F0E819113A5FBFC160A5C
:108020001311A60541788C0B120AEFE041067BFC88
:108030004C01E000C02B6C1D41269CA54C01E000CA
:10804000402B6C1D5DD88C0B0F14E80063388C0B33
:108050001911EFE07FF88C0B4166EFDC4C01E0007A
:10806000402B6C1D6F388C0B80ABE80098F5A1ABF2
:10807000E00041366C1D4C018C0B402BE810596818
:10808000A1AB80AB414696954C01E000402B6C1DA6
:108090004A788C0B80ABE8149435A1AB6D090C09C0
:1080A0000C1BC02CC01666356C040400E000415661
:1080B0006C1D4C019E29402B8C0B0219EFC077E8F8
:1080C000A1AB80AB41768E954C01E000402B6C1D3E
:1080D00054F88C0B80ABEFFC8C35A1AB61380006FB
:1080E000E00043864C118004402B6C1D001C851160
:1080F0005E388C0B80ABEFF48835A1AB6C710C094A
:108100004396402C4C11E000C02B6C1DE3FC000A90
:108110000C1980E5C02C6CED1606811B01F5800062
:10812000411681A14C01E000402B6C1D42388C0BA4
:1081300000ABE800A1AB83918391E4258E1B0C0B6F
:10814000EFE05468901B0C0BEFE057A8D8E5A1AB0B
:108150006C910C09210BC02CE00041A66C1D4C0158
:108160004060402B53D89C00940B8FC8F27C0C4C81
:10817000C1C3DD93FA04040CEC501EF00306006B3F
:108180000C0BE008C0156E096C1D4C118311402BBF
:108190006D094C11404AC02C810160940D0D0C19E1
:1081A0004C03C02CC01666716CE94C014210C02C07
:1081B0004C11DC40C02C0D0D69650C150C29C00D4F
:1081C000C02C6D0DE000021AA0000038442080C5CC
:1081D0004C21F3DCC02C6D0D66350C1B4420401681
:1081E0004C01F3E0402C6CED4C21C229402C6D0D6C
:1081F000E00C45F66CF14C21420A402C4C03E09413
:1082000040160681E088420A0CF94C21420A402CB3
:108210004C01E08C402C0CFDE090420A03354C05EB
:10822000420A400B4C21E09CC02C6CF5685880E55C
:108230008C0B6FF066350C1B420AC0168625E0A039
:1082400067F10C598C0B402767ED0C490C39C0279E
:10825000C02767E967E50C290C19C027C02767E12B
:10826000E8044188A17B807B0C1B9EF5C016663517
:10827000E0A4420A031182854E7881218C0B6FC0E5
:10828000A17B807B0C1B9C35C0166635E0B8420A8A
:108290007BF880E58C0B680CA17B807B0C0998B582
:1082A000C02D6311E080400ADC004060CFEC67C85D
:1082B00065510C094346402B0414E104000085512C
:1082C0008E09EC040C098406C038632D4006210B8E
:1082D0004C01E008C02B6C1D0C0982F5C0386315F9
:1082E0000245A50B80000A8600C5A30B80000A6624
:1082F0000A46A10B0260800040546541641104608D
:108300000860C09E40A26671E43000F006F021567D
:108310007F58E410A10BEF800C1D0C290206402BA6
:1083200084B5C00460084416645000604C21C09EAF
:10833000402B6C1D64A102607818C0A3A10BEF80D4
:108340000C298605402B6C1DE00402166E8D4C1521
:108350000E56400A4C05E00C400A6E89E00C0256AD
:108360006FC849480E0B8C0B0C0CA8F1DD93F2047E
:1083700069650C05A10BC00D0C0980E5C02B6C11C3
:10838000E094404A414684E54BE6614C0004E00C31
:1083900066D106600C29C0544015630D66E1086083
:1083A0000C19C0A3C01563096C1D4C516278C02B19
:1083B0000C09EFA0C02B6C116094404AE00C004601
:1083C0006C1D4C018645C02B66B10060026040BF49
:1083D000C0C0652164C10460066040ADC0AD6521C8
:1083E0006FAC7288662008600060C0AE40D86561DE
:1083F0007078811104C66F707765E010C1C3817118
:10840000F87C04CC6D0D00C90316402C4011E00827
:10841000402B6C1DEFDC48066C7900190079C02CEC
:10842000402C6C75FC0010C46D0D408100ABC02C5D
:10843000C016663100198D1EC02C6D09631500B57C
:108440000069C00BC02C6CF900198F1EC02C6CF594
:108450006635005B0099C016C02C6CF1F8600829E5
:10846000E084440A0F1B865506108331020A440437
:108470000616E3FC120A00004031E3FC402C6CF5C8
:10848000808583210490959B4021C404402C6CF18D
:1084900082CFF111C4C9076563FC020A1654964BDA
:1084A000832161B483310245E0840674FA80063486
:1084B0008331071BC40406106CF54031120A402CAE
:1084C00080E5E3FC02A4C2A7839BFA80C404049065
:1084D0006CF14021560A402C80A5E080FA800234DD
:1084E00080F5CE1DE080564A464A80E58085E080D2
:1084F0005880015558C0FC1808BBF3E0EFDC480673
:108500006D0D40C1580A402C82C5E084FA80026497
:1085100083110F1B44040260F3FC0C0A8000021656
:108520006CF940110029C02C402C6CFDFFF8020EA4
:10853000FFF80C0EE3FC040A44040220E0B44A0AEB
:108540006CFD40118855C02C42C2911118C478842A
:1085500022CFFC0C40C1A11BC02C6D0D8D149015B9
:10856000020A8F3480E5FBFC7A800214FA8004341E
:1085700084F5832B6CED00198321402C6D0940217B
:10858000020AC02C88D5E3F08D148575020A8F3459
:1085900082A5FBFC7A800214FA80043480E5832BE8
:1085A000E40402306D0940118395C02C6CED001974
:1085B0009121402C788844C2FC0C18C4832124CF1C
:1085C0006D094021020A402C40C1E3F0C02C6D0D22
:1085D0000C1080654061E404C02C6CED6CED00195A
:1085E000A11BC02C42C082C54011F3BCC02C6D0D34
:1085F000421090189016F3F86D0D00C98315C02C29
:10860000E08C584A00198225C02B6C11E094424A34
:1086100058C000B558C0DC4040C1F3BCC02C6D0D43
:10862000E08C584A00158405C00B63158265A11BB8
:10863000633500258311400B0220972B4015C4049D
:10864000C00B6335F07C0CCCC1C3DD93FA04044C41
:10865000680C46880E01807B402C6D01008A816188
:1086600082D5E1B86C1D0E290C46402B0246E00C69
:108670008E0B600CEFC470A80C06A10B8C0B800055
:10868000F2040C4CC1C3DD93FA00040C0C09806B9E
:10869000C02C6CFD80F5A10B6C6D0C09404AC02C00
:1086A0008265E08C63350C05A10BC00B0C1582654F
:1086B000C00B631580D5830B6D150C090555C02CB7
:1086C0000C09C609C02C6C6DE090400A0C09862587
:1086D000C02C6C898485A10B680C42480C118C0B52
:1086E000C02C6D056C890C290C01C02CC02C6D01AF
:1086F000F188461282F5870D840D82230C0982953C
:10870000C02C6D15F3F040006D154C010C0CC02C05
:10871000DD93F2006D150C194C01C02CC02C6D05B9
:108720004C11C619C02C6D15C1C3FF3582C5A93BBC
:1087300002A5A33B818804248485A53B8485A73BAF
:108740005C08A13B0FD8DA008975FF705C08A12B8B
:1087500045349A00EC0404207BFD4630C13EDFFF27
:108760008131FF6583318145DD938125F81C040C3F
:10877000900145274BFE0141C03F7FFD0484859554
:108780000674A33BC4C48841A01146641BFD5080FD
:108790004E709FFF1FFF1BFD12748A8F58C060E050
:1087A0009FFF1BFC1BFD4C60B09F1FFF10C4517747
:1087B00061C7E0C0FB800E7418C450672E8FFA802A
:1087C0004095B86F4085F8084065F804C54DF00C39
:1087D0000C0CF4F5DD93F01CF81C040C90014527FB
:1087E00049FE0131C03F7FFD7FF10A0E180E403F68
:1087F000C03F7001026583D58631700CF8080275A0
:10880000F8040285781052624095F1671274780876
:108810000A9FE0A02C9FE177E0C00C84780440958B
:108820002E6F986F4065D1874085F010C53DF80CDC
:108830000C0CF875DD93F01CEC401EF0601800295C
:1088400000498131BE3EE010C5277C3EA72B7E3E0D
:10885000668A464A0A26834118060000826580001F
:108860008151252B814103C1A32B80C5015180F586
:10887000814181C1FCCEBE5EC008FE4E00340013B3
:1088800001B5FA80484A81310AF0610A8231E41068
:108890000A45C447C546FC10FA800834FC95C14D12
:1088A000A0F10101C1C3DD93EC401EF0601C002962
:1088B00000498131855160147C3EBE3E272BC5277F
:1088C000E68A484A18167E3E8205800081C1252B23
:1088D000A32B80A5015180D5BE5E81C1FECEFC3E9A
:1088E000813142080044001381A5FA80610A484A98
:1088F000E4100AF0C4478231FC100A450834C5462A
:10890000C14DFA800101FC95DD93A0F1F81C040C27
:10891000610C07C6E10C490646060CC40C64E10C68
:10892000E10C46864F8610540C44E10C1C348B81BC
:10893000E4600E001C988175EC041080DD98F196BF
:10894000A18BD9961800FE358961647471788155C0
:10895000EC040C60A16BD5761D51FE75815580CB62
:108960000A507168D166EC04FE75A15B95411C014B
:1089700041588155EC040840A14BCD560020FE75AE
:1089800083316C0468800034080081C100346C04B9
:108990000A00E88881016C04816103450E54E92DC9
:1089A000000448B08255DB80E8B00E4400600073DC
:1089B0000034E4300E7468800E03FB8086C182614F
:1089C000FAB58D1B610442066BFC010A0414C0FF5A
:1089D000DB80000404010000040CC0800C0C810149
:1089E000DD93F01CFA04044C4216006B6298E00020
:1089F0000C09E80C402B6C45E10C42460E60041457
:108A0000C0AF6431000CA90B0406E20071588E0B54
:108A10008C1B6FFC6438026074788E0B0C19EFFCB1
:108A2000402B6C39E46000606C410C298131402B93
:108A30000C498185A14BFC0441168075821182315D
:108A4000FE15C53D6C3D0C090260402B0C39E474E9
:108A5000402B6C45446281410195F08088589C21EF
:108A60008075A15B8241450682210201FE15C74D3A
:108A70006C450C298C0B402B6C410C197478C02B65
:108A80004298EFFC8C0B68100C4C8101DD93F204D2
:108A9000FE7C040CED401EF04016006B089BE004C9
:108AA0004C0186AB402B6C1D010184BB5EB1828BF7
:108AB0008A7B613061205EA1E2800206E1105E9156
:108AC0009F0EA10E5E019D0E5E01E0D05E01E0C032
:108AD0008C0B60B0E80C5B689F2101118C3B0C0B88
:108AE000E80469A860900084E18C028440000D8E47
:108AF0004E09F1C0E0040E6A71845002937E8F012A
:108B000000B8958E80004001FA800084150E900117
:108B10005E0191019F0160B040A20F0EB20FF9AC4F
:108B20009AA5A10B4F761E89118EE000F0AC50A2E1
:108B3000928307656C1D0C294376402B4A58E00050
:108B40008C0B6FC45EB1A10B5EA1C1305E91C120E0
:108B50001548C110160AC00081017000440400B01D
:108B6000F000164A6200020CF000144A6200040C85
:108B7000141A828381117000240502A084834000AE
:108B80007000124A060C8121121A62000490F00053
:108B900040002405049B868380BB82ABF265E88D90
:108BA0005EB193045EA1E1301104E1205E91A30B5C
:108BB0005E07E1101504E03CE4200E001E75897E7E
:108BC000160A40201074FBFCB003FA8044000C2508
:108BD0001504F07CE080500AA12B8875A0018885DF
:108BE00060D05E01F3C0420065C4028A02808E0B31
:108BF0000080043C5E118C04838580D06C1D0C29A0
:108C00004376402B4418E0008C0B6FC4E0004F7695
:108C10000F48A10B9BA1C000E1205EA1A12BF14553
:108C20008440000060D05E015E018E0B00F0E0C069
:108C300016F065003E0EE4D0E4C008F004F00B2E00
:108C40003CBEE530E4B00AF08C0B011168004DE841
:108C50001EA98C3B140A60C08605FBFCE0804E0A0E
:108C6000443C0270CC040070C0D05E118B0482B50D
:108C7000E040000AC0281E05C440000080281E05F0
:108C800060D05E015E018E0B00F0E0C004F064F085
:108C90003E0EE520E4C008F00AF03CBE0311E4B04B
:108CA0004B388C0B8C3B680060C01E99FBFC120A91
:108CB000504A86A50E70E0805E71CC048495C0D0C9
:108CC000A10B8B0480281E0580D05E01950482A52F
:108CD0005E01A001420060D0028AF3C00E80E5C4AC
:108CE0005E718C085E7180D000F0E0C004F064E03A
:108CF0003E0EE510E4C008F00AF03CBE0511E4B0F9
:108D000048388C0B8C3B6800807B858196D5A17B95
:108D10008C3B13141E198F04A11B60C040101E252C
:108D2000FA800004FB8040A27B804092FA8002140B
:108D300040205E25FB804212040491048C0B7A8053
:108D4000E80456A8A17B807B0C0B90354CD88C1B7B
:108D50001E07E80040C6603C0004E10801218511BF
:108D6000020681710016C000E1084106022C800451
:108D70000026E200E108414600168004E108418631
:108D8000020C80040026E200E10841C600168004BF
:108D9000E10C000683110004004600168004E10C7B
:108DA000008600868004E10C8D3480269F14A10487
:108DB0004C319D24C02767E167E54C014C11C02769
:108DC000C02767E967ED4C214C71C027402767F544
:108DD0001304A9319F248B411D04A1144616A10B35
:108DE00008F64000442AC000D017668EE692400A7A
:108DF0008023822369594C250E0BC008E5401EF0E4
:108E0000F67C0C0CC1C3DD93FA7C044C93348F3E8A
:108E10008B7591649488909894F5D19D500218A810
:108E20001079F0A44027634156A283C110B4F1A485
:108E30004E7061901684FBFC16C4FA80967FE8ACF5
:108E40008675A17B108A0FC40EB6F41016160000AA
:108E50004E7280000E7491A018799A8016B47C240A
:108E60009893889CA476B67F0E7088788876EC04F8
:108E700082718C7498A88C7E7A8012A4EC040E10F7
:108E80006480149098A6E57DA11B8455148A8655AC
:108E900084F5F6000E904AA750A0ED44B073F08020
:108EA00090789876EC040E7081B59076F3FC150AF4
:108EB0000E9082159876ED880E7090789076EC087A
:108EC000A18B888881C5EA156C1D00294366402B5B
:108ED0006DB8E0084D666FC0A10BE0088161805558
:108EE0000C4C8C0BDD93F27CF87C040CEC401EF0F7
:108EF00066B104009131408B814101550630494EE5
:108F0000A13BEC040121FE95015181318B958141FA
:108F100010447C2E7E1EFA80F408088A888104287A
:108F200081913E4E0C2488AB0E2461940469E19C2F
:108F3000E18418240E242E6F0879E18C2E6F90C9DD
:108F4000386F9E294867A9C1800058168B612C2F65
:108F500000000CF6FA800E244E0A85758665E4A49E
:108F60007A8008A4F000065A7000060A041C98BB18
:108F7000025462004447FA80DC0056604402051B3C
:108F80000415F09040086BAD80101606441596133A
:108F9000C0086BAD600C121A0A0A829154807BFCE7
:108FA0000A0CBC00B19BE2007C24F635BE44833938
:108FB0007C0C040A020C82217E14E200821182439E
:108FC000F43C050A0101E8C50C0CA0F1DD93F07C2E
:108FD000FA7C040CEC301EF04056006B4C01E000B3
:108FE000402B6C1D7C0E810171788C0B0C09E80004
:108FF000C02B65F9E080400A050100600206409B35
:109000004FF8C00004064F6C0C09C018C02B6C212F
:1090100088F5AB0B6D210C094000C02CC209F3F0A0
:109020006D214C018C0B402CEFF47AC86D210C099A
:10903000807B402C4306217B8321EFDC400004260B
:10904000C409F3F06D214C018265C02C6C1D0C2904
:109050008C0B402B6FC061A8A10B8E1BC0000C387D
:109060008111017181A1135512B43E34D09DFA8053
:10907000004A9C359AC5FBFC7000060A0111960B4C
:1090800084058121F004060A000000069C0042B01D
:1090900004060225060A800082B5F008811101014C
:1090A0004C01962BC02767E567E94C114C21C0277E
:1090B000C02767ED80F5A17B6FF47648807B8C0B31
:1090C0008245A17B6C1D0C298C0B402B6FC05DE889
:1090D000A10B8E1B02F0A0F58C0B6420E8004E88DB
:1090E000807B7C0465F90C194486402B400AE03CE7
:1090F000420AE00ACF07E0808405FC0E7A8002A4D1
:10910000650004600614C09B0433E0888C0E822343
:10911000E40044B14411BC140C1BE50040156AF98D
:10912000C30D82A1D19D862507F50C0916B04027F5
:10913000E675C4046AF50C1BC11DC0150C1B820525
:10914000C0156AF143F6430D8855E00C415603C53E
:10915000BC14E000160A83D543F670148615E00CA3
:10916000020ABC148495F00C6AF50C1BC11DC015D5
:109170000C1B8205C0156AF143F6430D8215E00C05
:10918000E000414667F54C0143F64027030AE00C36
:1091900086D5F40C67F50C09004AC0278605FBFC50
:1091A00067E10C298C0B402782113E1E02143C1EE5
:1091B00041D8FA80808BE8001656EB8D000600003F
:1091C000D4658000E000413667F54C014CA1C02712
:1091D00040266CF173D88C0B4106EFB481116FDC23
:1091E0000E0B80160C0C98F1DD93F27CF81C04CC6D
:1091F00067F10059A71B402718240131153CE18C69
:1092000005418F6180040F5602160485251B8000DE
:10921000E0084EA60000020680001006231B8265AF
:109220000295814103568111834160048111291601
:1092300012F08381B09FE4503863A476FBFC0A4AA5
:10924000701C58200A648121FF617A800000048626
:10925000E8B01864084405554C12FA8010F0708884
:109260000063E4500C798B1B40276341E1FC0C1434
:109270000C6482634C12FC001069F1984E727C18E9
:109280000C7F9830A17B816150045070C1840E74B2
:109290004C627E750634D0A088137A808A1D8C3388
:1092A0000034F6A50CCCFA80DD93F01CFA0C040C0B
:1092B000827B006B6D590C059121400A6E0D0C15D7
:1092C0005EB8C0090C29EFA8402B6551E118434650
:1092D0008351041484188448637D0C359E49C00B67
:1092E0008E19C9170224235F63F8E09004546FA815
:1092F0004678E890808B6FE8601002066598902BA6
:109300008E3B6FA8A17B807B0C2982E5402B6C1DD6
:109310004BB88C0B8E1B6FC00E06A30B8E0BC000C0
:10932000F20C0C0C8101DD93F20C0C0CC1C3DD932B
:1093300064C100390216402B4011E00C402B6C1D1B
:1093400000198341C01562196635002B0059C016FB
:10935000C02B650D6C7540110019C02C402B6C1191
:10936000700544204031C080402C6C7D7EF9442043
:109370000039C079C02B65096094424A40118511BB
:10938000C02265956D3140110206402C4041C0005D
:10939000C02C6C8D6C8540514023C02CC0166635A6
:1093A0006D3540314011C02CC02C0C810E1940137A
:1093B0004011C015C02B0C59C1C3DD93E014022924
:1093C0006635003B8444C016063482294045FC00C3
:1093D000400B63154033A43F40166635EFDC08862A
:1093E00060240229FC0C0634C22790584A500429F4
:1093F000A45FF3F402299056C627E028A62F9029EF
:1094000066354023042440160239FC10C837E02C8E
:10941000A43FA0396635403346304016C0FF737D07
:10942000E03002294420CA270029F080402B64C57F
:109430004033A43FC0166635E01002394031A72BF7
:10944000C02C6C71002980F5C02B6C11E094444A4B
:10945000022982650239E0184021E020C02C6C7995
:10946000663140330229C0160039E03CC02C6D2122
:109470006D3900598229C02CFC000634601C022979
:109480004031A43F402C6D21FC0406346040024969
:10949000F3F84A506C8940210400402CC06E64C12E
:1094A0008449C2474041A64F402C6D21F3EC48400F
:1094B000E0440239A65F82396D3940510239C02C2F
:1094C000C437E048A64F88396D2140410239C02C8D
:1094D0000049E04CC02C6D154630CA3748407080BA
:1094E000A64FF37C6D1540410239C02C0049E05075
:1094F000C02C6D5108448239A64FFC006D5140418B
:109500000844402C0239FC04C237E054A83F843997
:109510006D5140310634402C0249FC08C447E058E4
:10952000A83F88496D5140314630402C0249F3DC58
:10953000C647E05CA83F90496D5140319F31402CB7
:109540000249816506306034C946EC04FE55A13BF2
:10955000E038022968FD40210219C01B4011E034A7
:10956000C0226FB9C1C3DD93FA00040CEC601EF099
:109570000C05806BC00A6D6562190C190C29C015A9
:10958000C02B6C2165B90C393C0EC02B1116810122
:109590000F3683118B06A32B82258D168285A72B70
:1095A0005E11A52B042600248085800045F6130655
:1095B0000345E00C0C4B833140156E090C25FD5121
:1095C000C00D6965212BCB47060C8521C84B620075
:1095D000041613364642C0000C49F994C02B65B5F9
:1095E0008B21092600162706C040701182490B0EF8
:1095F0008C0B1536993697369D269B16A1169F46DD
:10960000A516A316EFFC69688C0B1E1BEFFC6D887A
:109610000C0CB0F1DD93F200FA00040CEC601EF0CB
:1096200070000216E00404068101006B83113E1EE7
:109630008B2111269B16BC0E9F069D26A306A11604
:10964000A706A506AB16A916AF06AD168C0B13061A
:109650009716951666D899161E1BEFFC6AF88C0BA8
:10966000B0F1EFFCF2000C0CC1C3DD93FA00040C66
:10967000EC601EF08321006B61D10C190C39C01510
:10968000C01562196D650C058916C00A65B90C19FB
:109690001136C02B3C0E87318F16810165B50C1930
:1096A0001B36C02B8B068D3182190D2602161F1614
:1096B000C0407011A1269D36A526A3261306A70635
:1096C0008B1E8C0B97269526633899261E1BEFFC64
:1096D00067588C0BB0F1EFFCF2000C0CC1C3DD93AA
:1096E000FA00040CEC601EF08321006B65B50C09D8
:1096F0008141402B62190C390A164015BC4EF0000E
:10970000618C020411368209F88842128B311F06DF
:109710008C0B3E5E9D369B26A346A146A716A5460A
:10972000AB46A926AF46AD269526934699269726A1
:10973000EFFC60088C0B1E1BEFFC64280C0CB0F1D6
:10974000DD93F200FA00040CEC601EF00416006BCE
:10975000C00460116C210C09A131402B83213E2EE5
:109760008B3111366034004A020C8101BC0EE200DC
:109770009D369B26A1069F06A526A306A926A71609
:109780001306AB06AD268C0B9526AF269926972699
:10979000EFFC5D088C0B1E1BEFFC61280C0CB0F17C
:1097A000DD93F200FA0C040C0206006B7498E28060
:1097B0004046E8040F8660044C01E010402B6C1D0D
:1097C00081958C8B6381100940F8C0276106E80001
:1097D000EC040E70FCF5A17B457601110C0BE0004A
:1097E0000C0C8C3BA915F20C61840404E18C02047E
:1097F00070804420F03C480060840604282FA019A3
:109800004630C607A22F7100720040005D93A62F5C
:10981000C1C3A40F60044826640C4B064041C0201D
:10982000402B6C1D640D48068135C020D1C6CDC8C3
:10983000FEB58B4B81158531FA7C044C4106006BDB
:109840000004E1144786867B524660044C31E12CCB
:10985000402B6C1D0038AD7BE03981B1000600362D
:109860000004E118E00447966C1D4C318331402B15
:10987000A4048036868580B68A05A37B8CC5A57B2B
:109880009025A77B92E5A97B8445AB7B96B5A17B10
:10989000612C010680049F11014600B68004E12C72
:1098A000A4048016421080188016F3E401868BA56C
:1098B0008004E12C01C600168004E12CA40480265B
:1098C000421080188016FD80010689C59F11612C09
:1098D00000B68004E12C0146801680048018A404A0
:1098E000F3E442108016C419010687C58004E12CF8
:1098F000014600168004E12CA4048026CC198018AF
:1099000085F58016612C0186E000437600B6800460
:10991000E12C01C6801680048018A404F27C421059
:1099200083F58016612C0186E000437600B6800442
:10993000E12C01C6801680048018A404F27C421039
:10994000FC94021481D580166C1D0C2911A6402BA5
:1099500003A6E0088C0B6008EFBC59889A85A30B1E
:10996000E12C54C68008A80480F5A10BE13401461F
:109970008004800482B5B10B6C1D0C2911A6402B0C
:1099800003A6E0088C0B6008EFBC58089485A30B75
:10999000E47D240488D5801881214219428600166E
:1099A0007198E03C8C0B6800614400C6E1340546C8
:1099B000A814800480388824480A84488085E08080
:1099C000B54B8844460A8E158085E08CB53B8834BB
:1099D0000C29FC75402B6C1DE00811B603B605750B
:1099E0006019E00800168121E03C428668006F485B
:1099F00000C68C0B054661448004E1348824A81419
:109A000084488038E090480A884480858475B34B48
:109A1000E08C460A88348085FC75B33B6C1D0C29AC
:109A200011C6402B03C6E00852F8E0088C0B6FBC4F
:109A30008045A30B73D881812404E800E00802F676
:109A4000410600B68004E1146C1D4C118018C02B37
:109A5000F3BC4210000600168004E118900B00B61B
:109A6000F27C0C4CC1C3DD936004485664200B8625
:109A70004041C020402B6C1D641108068135C02078
:109A8000D1C6CDC8FEB58B4BDB758D31643149062F
:109A90004BC64020C0206439CDC881358B4BD1C620
:109AA0008B31FEB5C1C3D9A5E00444766C1D4021BD
:109AB00041C6402BC020643905C60165C020643D05
:109AC000C136C538FEB5850B81015D93FA1C044C87
:109AD0008111007B81310121EFFC6B080E70006B5E
:109AE000C09A66F1640D5106A1914020E10881758C
:109AF000EFFC67C812905D06A19BEC048C0BFE3551
:109B0000F21C0C4CC1C3DD93FA1C044C8111007B88
:109B100087310121EFFC69280E70006BC0B366B17C
:109B200064211186138640208175E01065D8E10814
:109B30005D06EFFCEC041290FE35A19B0C4C8C0BE7
:109B4000DD93F21CFA7C044C0046006B0004E11823
:109B5000E00442366C1D4C1183B1402B613055C678
:109B600000B68191E13410C60096A804E1340006E5
:109B700084288014F3C04420800484269E19801811
:109B8000FF404210008600168004E134A004809655
:109B9000A10B8008014680F58004E134BB0B8004F2
:109BA0000C2982B5402B6C1DE0080FA6600803A6A7
:109BB00046B88C0BA30BEFBC28048A45E03C4286D8
:109BC00000B6812160788C0B00C6E8000546614430
:109BD0008004E1348824A014844880388085A14B17
:109BE000BD4B8844460A84758085E08CBD3B883433
:109BF0000C29FC95402B6C1DE0080FC6600803C6BD
:109C000044388C0BA30BEFBC81718045E8006528BC
:109C10000096A804E1180046009680040C4C8E0BB8
:109C2000DD93F27C0025A11B000B0521812C43C68E
:109C30008000021580004225A31B80C5A51B8085DE
:109C400083658225653100250206400B8414E130CE
:109C50000025842E400B6521E12C43C6042E84147C
:109C6000E1300206653100058414C00BDD93840EDB
:109C7000F80C044C611804460834A51B8C4681413D
:109C8000A31B882543061025A11B812C00399A357A
:109C9000402D6531E12C43064BB6041489C1E00C1C
:109CA00084488239F3F848408731264F437604468A
:109CB0000049E00C402D65316531000007D5C0B585
:109CC0000049C247402D6531E12C43068249843466
:109CD0004A508C58A85FF3F884348C56653100499B
:109CE0008C58C02D8849C247F3EC4A508C56A85F67
:109CF00000498434C02D6531C2478C584A50904980
:109D0000A85FF3DC04148C56E0084BF66535003987
:109D10001806402D8448E004A039C837F3BC4840F9
:109D20008F31264F43F604460049E004402D653547
:109D300065350000CA47C0B5612C4D061874984FB0
:109D4000FA8006348A8F9C889C86A88F8008984465
:109D5000C5079058270F8209A05F825F08049056BC
:109D600080168311F00C0C4CC1C3DD93F80C044C2D
:109D700061880414E198478686190C546090082481
:109D800064B00600A24FC08B0A43C44781D58151FD
:109D900018C05D844C85EC04A1CBF0102031FE5539
:109DA00008408251C00164011846A55B4C40400048
:109DB0007C95DC00DC004E3061984686E0004B86E6
:109DC0006516442A640000000C34C08CE00C480680
:109DD0008151033565124C5AF0B04E120065846310
:109DE0008C737C3088C144779C6E8673E0E0180ADF
:109DF0007001FC55B55B825118067E558101C0008B
:109E0000F00C0C4CC1C3DD93F83C044C6188061483
:109E1000E0080B069321061966964A3AE09008344A
:109E2000668A581A65B00C00A24FC08B81C11853C6
:109E30000E608375898164408AAB089B59AE818529
:109E4000EC041080601C4C958891C8A1FE15A18B74
:109E50000A5002C1C002650165000840A5CB8E6BA7
:109E60004B86FA3508006000C09065806516463A5A
:109E7000E00C40068151035565024E5AF09850128D
:109E800070985242867388614E8A8E83A47EE68AD9
:109E9000E2305285E0E00C0A0251FC15B55B984BAC
:109EA00044E01840C0000C068101FCD5F03C0C4C8D
:109EB000C1C3DD93FA00040C6FFC44688C0B806B0B
:109EC000F2000C0CFFF005E800005D93C02865412E
:109ED00000005D93C02B66116108038684149D21E8
:109EE000030604260424E10808168311E11445063C
:109EF000883888240836C839600106060025C04025
:109F0000C00A6EF1A121472D08050029014600274E
:109F10008004E128010600268004E128DD938016F4
:109F2000E128038684288414872B84380220FEB518
:109F30004011ED5CC02C6D01C1C3DD936008435638
:109F4000E12805866C1D40118814C02B84388428B4
:109F5000FEB5872BED5C02206D0140114011C02C35
:109F6000C015613165394011DD93C0226008436638
:109F7000E12805866C1D40118814C02B8438842884
:109F8000FEB5872BED5C02206D0140114011C02C05
:109F9000C015613165594011DD93C01B60084396BF
:109FA000E12805866C1D40118814C02B8438842854
:109FB000FEB5872BED5C02206D0140114011C02CD5
:109FC000C015613562F140114011C015C01B655DBF
:109FD000C1C3DD936E01000B070640150C34E1444C
:109FE0008721A12BE686400A00C60C0E8014E144AE
:109FF0005C08842680049A00424A8018FEA5E08C02
:10A0000080168111C1C3DD936E01000B07C6401598
:10A010000C34E1448721A12BE686400A01860C0E10
:10A020008014E1445C08842680049A00424A801827
:10A03000FEA5E08C80168111C1C3DD93F800044CAD
:10A0400061384BC6143485618C48A12BF3EC484031
:10A0500048460C4610C4E144B0368131B06690C425
:10A06000303690C4E14458866E01000BB0C4C01570
:10A070006686400AB00E871100169004E13C000687
:10A0800084C8801484C6C8C980188004F3EC4210C8
:10A0900094048016C819801880E5801680189004F2
:10A0A000E08C424A8036FEA5F0000C4CC1C3DD9323
:10A0B000614400C680048111DD938016FA9C040C73
:10A0C00043E6029B086BE0044011867B402B6C1D2D
:10A0D00041B8848B4206E800C267611884690414A1
:10A0E000424604968414E118428604868414E118DA
:10A0F000420604768414E11044208428AC2FF3F443
:10A100000C0C842683F5F29C61144106E114478609
:10A110008141001484188428CB278C3482190429A7
:10A12000A41F0C5A80348C4C8C48E057F3F84840FC
:10A1300000348C46F984405242408C488C16F2FC24
:10A14000C1C3DD9361144386E1C0040448000414D4
:10A15000CA07F004F10040004306042C8424E114F3
:10A1600046308838A83FF3F8841488364420842881
:10A17000A02FF2FCDD938426FA9C040C41F6009B90
:10A18000066BE0045201847B402B6C1D7BD8828BD4
:10A190001229EFFC402C6E95E11C0246C88704147E
:10A1A00071C0488004269E79E1184346883884248B
:10A1B000F23C46308836A83F84288414F3C04420FB
:10A1C0000426AE2FE11C028684668414F29C0C0CDB
:10A1D000C1C3F7A5FA84040C826B007B65350E3988
:10A1E0000E29C02BC02B6539653D0E197C58C02B3C
:10A1F0000E0BEFFC66B88C1BA10BE8000C0C8085E5
:10A20000DD93F2848C1B0E0BF2840C0CE00027E82B
:10A21000FA3C040C41A6006B4C01E004402B6C1D81
:10A22000E00443A66FFC7D88807B8C0BA4D5A17BCA
:10A23000653D0C290C19C02BC02B653965350C09FF
:10A2400064B8C02B008BEFA0E1040146902B000402
:10A250000CA58094C0096E0D65410C39920BC02B82
:10A260006FA064884C05941B400B636D0C39920BF6
:10A27000402B654963D8941B902B6FA063654C05F8
:10A28000920B400B65450C39941B402B6FA0632843
:10A290004C05902B400B63710C39920B402B654D94
:10A2A0006278941B902B6FA06D590C159121400A78
:10A2B00063694C05020BC00B5EF8941B4C05EFA0C4
:10A2C00040066D49E11C02864C058414C0086941B2
:10A2D0006B1D4C054C05C008C0086BF14C0184088F
:10A2E000C01B65714C018408C02265514C01840873
:10A2F000C0226CA1434604088414E1186FF14C019C
:10A300008408C0224C019E09C01B65759E09840803
:10A3100065554C018408C0224C019E09C0226CA5E1
:10A320009E0984086FF54C018408C0228E09C90774
:10A3300065794C018408C01B8E09C90765594C0119
:10A340008408C0228E09C9076CA94C018408C02268
:10A350008E09C9076FF94C014078C0228C0B680048
:10A360000C0C8E0BDD93F23C68B1001B060E400A0C
:10A37000C3D06401E18404146C7900398623402C35
:10A38000E006422AE1840434422A8223002BE00EB4
:10A39000C00A68B50206C41D421280004015D1886B
:10A3A000C00B6375C1C3DD93FA9C040C0C19806B60
:10A3B000C02B64C165510C990C79C02BC02B65C9A9
:10A3C000EC040010C797650D810102150C09A71B4D
:10A3D000C02C0E31830180B56E314C010C09C02CAC
:10A3E000402C6D0DF004000A8E930275E08C404AFB
:10A3F000054D006001C580AD05490060404AC0AD13
:10A400000060E08C80AD0545054100608088C0ADEE
:10A410006FA04E080294900B81417A806102461A27
:10A42000101B8C0B64B88E2B0C09EFFCC02B6551F4
:10A430006C1D0C19C807C02B6AA94C034C03C00D36
:10A44000C011629966494C034C03C011401167F179
:10A4500052188C0BA10BE8000C0C8085DD93F29C4C
:10A460006C1D0C198C0B402BF29C0C0CC1C39F85EE
:10A47000F804040C6E3100190019C02C402C6D0D2D
:10A480008245A11BE08C424A05A1040001C580B3AE
:10A4900005910400424AC0B30400E08C80B305C1BA
:10A4A00005B104000069C0B3C02B64CD005B8824F3
:10A4B000C0156AD16AE1004BA36B401568C900CB97
:10A4C000003BC00AC00A68CD0461006584C58005F0
:10A4D0000065A56B8005045D00758425400B6375E0
:10A4E0000285A76B9C004C70645D0065CC7DC00547
:10A4F000046100654C628005424A9A9CD8C7608C12
:10A50000026402E55857E0B04A5AD847484AE00A80
:10A510004055E00AC00B6379637D4045481AC00B83
:10A52000D81D600A421258374045D1B0400B6381B4
:10A53000481A8141423AC00A4045E00AC00B63858F
:10A54000638940158101400BF0040C0CC1C3DD93FD
:10A55000FA3C040C00B6008B5001E008402B6C1D47
:10A56000067B88AB4E18849B820B6FA06FA04F6850
:10A57000210B806B0206FF11A3AB0000820302E5F2
:10A580008295D30D84A5A37B5095A17BC00B05219B
:10A5900050958415C00B6521A37B8335A17B82C5B3
:10A5A000052150058235C00B652150058185C00B02
:10A5B000653150958145C00B65315005100BC00BBE
:10A5C00073188E1B5A18EFF80E646FFC4386E1A0D7
:10A5D0008414E11843C604768414E1180C0C8466D4
:10A5E0001B18F23CC1C3FFFCFA04044C866B4227E3
:10A5F000042484210624FA808233E184600A4E3ADE
:10A600000029C62D402B0C1DC0084296CFB473E81C
:10A610006001000681317D09E01E400AE51A420A08
:10A62000E59A440A648100104222C7A1040E728C8C
:10A63000C00374246F5C74880C4C8131DD93F20488
:10A64000FA00040C6C010C12811140286F605DA8A7
:10A650008C0B8C2BF2000C0CC1C3DD93FA00040CA4
:10A660004206022B0414E118E12447868418816114
:10A670008C388C348245871B60080366E0080D66C1
:10A68000EFB470480C06A10B8C0B8000F2000C0C90
:10A69000C1C3DD93FA00040C4286022B0414E118B6
:10A6A000E12447C6841881618C388C348245871B2D
:10A6B00060080376E0080D76EFB46E880C06A10BF7
:10A6C0008C0B8000F2000C0CC1C3DD93FA00040C6B
:10A6D00002C6022B0414E128E11847468418816160
:10A6E0008C388C348E39C9378245871B60080386C5
:10A6F000E0080D86EFB46CA80C06A10B8C0B800053
:10A70000F2000C0CC1C3DD93FA00040C0286022B8C
:10A710000414E128E1184746841881618C388C3490
:10A72000871B9E39039682450D9660086AD8E0081B
:10A73000A10BEFB480000C060C0C8C0BDD93F20027
:10A740006C800412813181114800C53D0004500421
:10A750004212C18406305090FCF5C404820B5D9314
:10A76000FA00040C0C09806BC02B65B5E084400A2C
:10A7700005A90C194086402B0005C1004011C000FE
:10A780008495C0006D210C09400AC02C82C5E08070
:10A7900063790C158531400B8C0B03416FFC6DA860
:10A7A0008C0B822BF2000C0C81018165F2000C0CE9
:10A7B000C1C3DD93FA7C044C0086006B8004E13C4D
:10A7C000421080188016F1FC65B50C09404AC02B78
:10A7D0000004609880C5FA006CFD0C19A11BC02C08
:10A7E000FF1182858235820D66ED0C19A11BC026F2
:10A7F00002600285809906E5E094400A0445026003
:10A800000260C09E80AD05A953F604180C39E00023
:10A81000C02B65AD70844432050AA613161264FC81
:10A820001224E000400A1A800060E090409906F18E
:10A83000C00002064F604E68C018040615860FBEA1
:10A840000101E1008975817161004086E0084206DE
:10A85000832100048C0B00B6EFF87BE8603C428655
:10A8600052788C0B007BEFE075B88C0B0C09EFF87D
:10A87000402C6D01F0A04462A17B28146BF14401CF
:10A880008408C02641F682658111603CEF644F2840
:10A89000600C430660788C0B5938EFC80C19EFDC5C
:10A8A000C02B65B5E090420A02848265046060882E
:10A8B000C09966F09023041344B1840E0C15E40093
:10A8C000C00A6D610206C20D4C11C000C02606ED23
:10A8D00082B180D5FA8010B4ECE5D28D65B50C1943
:10A8E0008291402BE090420AC01C1E25D1884482F0
:10A8F00006E14C21938B40260C0984F5402666E541
:10A90000E10042868321041466ED4C210406C02632
:10A91000E03C41F66F644AE8430681118C0B600C01
:10A92000EFC85C28420A8595448660940824E100BB
:10A93000044102604CB1C09E402666E505B102604C
:10A94000841880AD021290138816ECFC6C6D0C29F3
:10A950004C11C02CC02666E969B54C05440AC009F3
:10A960008245E0906FF86DE80C098C0BC02C6D01EE
:10A970006D054C014046C02C8014E1004420842821
:10A980000426F3ECE13C028684288414FC9C042415
:10A9900080048426C81980188E0B0016F27C0C4C9B
:10A9A000C1C3DD93FA00040C40A6006B4C01E0002B
:10A9B000402B6C1D69588C0B6E38EFF48C0B6FE8D4
:10A9C0000C19A10B802C0D15937C42100D154C1108
:10A9D0008111002C6C214C110C0CC02BDD93F2006A
:10A9E000FA1C044C8171006B66350C0B43F6401663
:10A9F0004C73EFFCC0166671E080404A0C199885D4
:10AA0000C02B6C496C510C890C29C02BC02B6C5588
:10AA10006C4D0C39C517402BC527C587482A4537CB
:10AA20004A3AE6A20644E6860854FA80893BFA8050
:10AA300080000016888C0004020010C50C398C04BC
:10AA4000402C6D09E084400A6686442AFA80081486
:10AA5000815101116C040030400283310009D0980B
:10AA6000C02C0CA16CE94C018305C02C8425A18B62
:10AA70007A801884E89412346032584AFB800214B9
:10AA80004C13B21FC0166671855D98538345FC1543
:10AA90006C1D0C294296402B4F78E0088C0B6FB44C
:10AAA000E0084E9666710C1BA30B40166CE90C096E
:10AAB0000E06402C0004C00002147A80400AFB807D
:10AAC000A11FE6A266714C138E0B4016F21C0C4CB3
:10AAD000C1C3DD93E1044206841A84146E19401345
:10AAE000DD93C015F87C040CEC601EF06C4100692D
:10AAF0009F71402B6C4900398181402B6C5100497A
:10AB00008191402B423AAF76421AE69ABE1EE0127D
:10AB10006C4D00193C1EC02B6031020E7C1EC241E0
:10AB2000E04002168F110D1C95111D1685111F1680
:10AB30008B1121169111231697112516991127169D
:10AB40009B1129169D112B1681112D166C5500C9CC
:10AB50008365C02B64200AF00A2982B18023FC0897
:10AB6000688144818281401B6C4100690A64C02B6A
:10AB700004B47A809453FA80FAB5CB2D00298291DF
:10AB8000402B6C45FA8014940494C5AD5420C088C1
:10AB9000C00313F156A07AB50029DC00402C6C816B
:10ABA000FA8018C4E012463AA32B3C24DFFC4FEE97
:10ABB00068BD40713E24C01BFA800A246032485AA6
:10ABC00064800A000745C06EFA8004246E1900CB29
:10ABD000580AC01559E6E4844C50000C88A59C0026
:10ABE0006C7900C9E5CDC02C94C888356C410069EA
:10ABF0000079C02BC02C6CE9E01A50CAE00E527AE2
:10AC0000E11A58CAE692508AE10E4C7A58CA10935B
:10AC10000E94E68E50027A804E7AF0848CC3668A57
:10AC200064810C808EC3C06E021198C6020A8251E4
:10AC3000F2B5E0400C0CB0F1DD93F07C0000101494
:10AC400000434AB00000092C00001A24004354C0FD
:10AC5000000000200000194400000000000000E097
:10AC600000000000008002000080020100000000DF
:10AC70000080021100800212000000000080021615
:10AC80000080021700800218008002190080021A5A
:10AC90000080021B000000000080021D0080021ED8
:10ACA0000080022000800224008002260080022C06
:10ACB000000000000080022F00800246000000001B
:10ACC0000080024A000000000080024C0080024D1B
:10ACD0000080024E008002510000000000800253FC
:10ACE00000000000008002570000000000800259B0
:10ACF0000080025A0080025F0080026000800261D2
:10AD000000800262008002630080026400800265AD
:10AD10000080026600800267008002680080027383
:10AD200000000000008002780080027C0080028128
:10AD300000800286008002870000000000800295EB
:10AD4000000000000080029900000000008002A3C3
:10AD5000008002A800000000008002AA008002AB70
:10AD6000008002AC008002AD008002AE008002B123
:10AD7000008002B200000000008002B6008002B72E
:10AD8000008002B8008002B9008002BA008002BBD5
:10AD9000008002BC008002BD008002BE008002BFB5
:10ADA000008002C2008002C3008002C4008002C58D
:10ADB000008040000000000000804002008040034E
:10ADC0000080400400804006000000000080400930
:10ADD0000080400A0080400B0080400C0000000012
:10ADE0000080400E0080400F0000000000804013F3
:10ADF00000804014008040150000000000804019D1
:10AE00000080401E0080401F0080402000000000A5
:10AE100000804024008040250080403C0080403D70
:10AE20000080403E0080403F008040400080404124
:10AE30000080404200804043008040440080404504
:10AE400000804046008040470080404800804049E4
:10AE50000080404A0080404B0080404C0080404DC4
:10AE60000080404E0080404F0080405000804051A4
:10AE70000080405200804053008040540080405584
:10AE80000080405600804057008040580080405964
:10AE90000080405A0080405B0080405C0000000061
:10AEA0000080405E00000000008040600000000064
:10AEB000008040690080406A0080406B0000000014
:10AEC0000080407400804078008040790080407AA3
:10AED0000080407C00804084008040850080408865
:10AEE000008040890080408E00000000008040907B
:10AEF0000080409100804099000000000080409F49
:10AF000000000000008040A1008040A2000000007E
:10AF1000008040A8008040B0008040B6008040D053
:10AF2000008040D1008040D4008040D50000000067
:10AF3000008040DD00000000008040DF008043DC36
:10AF4000008043DD00000000008043E400804404F2
:10AF50000080442800000000008044480080444CE9
:10AF60000080445000804454008044580080445C79
:10AF70000080446000804464008044680000000059
:10AF80000080469800000000008048C8008048C942
:10AF900000000000008048CB008048CC000000008A
:10AFA0000080491C000000000080343C00808000CC
:10AFB0000080800100808002008080060080800781
:10AFC0000000000000808009000000000080800E6A
:10AFD0000080801000000000008080140080801835
:10AFE0000080801C000000000080802D0080802EEA
:10AFF0000080803100808032008080350080803683
:10B000000080803700000000008080390080803A96
:10B010000080803B0080803C0080803D0080803E3E
:10B02000008080400080804400808048008080490B
:10B030000080804A000000000080804C008080502A
:10B040000080805400808055008080560000000001
:10B05000008080580080805C00808060008080617B
:10B0600000808062000000000080806400808068B2
:10B070000080806C0080806D0080806E0000000089
:10B0800000808070008080740080807800808079EB
:10B090000080807A000000000080807C008080803A
:10B0A00000000000008080880080808C000000008C
:10B0B0000080809400808098000000000080008064
:10B0C0000080008100800082008000830080008476
:10B0D0000080008500800086008000870080008856
:10B0E000008000890080008A0080008B0080008C36
:10B0F0000080008D0080008E0080008F0080009016
:10B1000000000000008001010080010200800103B6
:10B110000080010400800105008001060080010715
:10B120000080010A0080010C00812C0000812FFCAE
:10B1300000000D00000000640000BB8000001A4801
:10B140000000FB8000000000000000000000000084
:10B15000000017EC00001854000018BC00000000AC
:10B1600000000000000000000000000000000000DF
:10B1700000000000000000000000000000000000CF
:10B1800000001A3F00000000000000000000000066
:10B1900000000000000000000000000000000000AF
:10B1A000000000000000000000000000000000009F
:10B1B000000610160006101600000000E17C0008D2
:10B1C0001D850008000000004F81000882008200F9
:10B1D0004A020000000102030405060708090A0BE1
:10B1E0000C0D0E0F101112131415161718191A1B27
:10B1F0001C1D1E1F202122232425262728292A2B17
:10B200002C2D2E2F303132333435363738393A3B06
:10B210003C3D3E3F404142434445464748494A4BF6
:10B220004C4D4E4F505152535455565758595A5BE6
:10B230005C5D5E5F606162636465666768696A6BD6
:10B240006C6D6E6F707172737475767778797A7BC6
:10B250007C7D7E7F808182838485868788898A8BB6
:10B260008C8D8E8F909192939495969798999A9BA6
:10B270009C9D9E9FA0A1A2A3A4A5A6A7A8A9AAAB96
:10B28000ACADAEAFB0B1B2B3B4B5B6B7B8B9BABB86
:10B29000BCBDBEBFC0C1C2C3C4C5C6C7C8C9CACB76
:10B2A000CCCDCECFD0D1D2D3D4D5D6D7D8D9DADB66
:10B2B000DCDDDEDFE0E1E2E3E4E5E6E7E8E9EAEB56
:10B2C000ECEDEEEFF0F1F2F3F4F5F6F7F8F9FAFB46
:10B2D000FCFDFEFF00112233445566778899AABB16
:10B2E000CCDDEEFF0055AAFF00FF000080808081CA
:10B2F0008182828384858687898A8C8D8F919395BC
:10B3000097999B9EA0A2A5A7AAADAFB2B5000000D9
:10B310002100200069006A006C006B006D006E0067
:10B32000630062000000000094540308985403086E
:10B330009C540308A0540308A4540308A854030809
:10B34000AC540308B8B1040889DF0108000000000C
:10B350000000000000000000C300C300041C000047
:10B36000C0540308C8540308D4540308DC54030829
:10B37000E4540308E8540308F0540308F85403089D
:10B38000005503080C5503081455030820550308FD
:10B39000B8B104087DE001080000000000000000D2
:10B3A0000000000064202B0000000000B8B1040879
:10B3B0000DE2010800000000000000000000000095
:10B3C0006420D12700000000B8B10408A3E50108FB
:10B3D00021E5010800000000F9EE010864200401E5
:10B3E000C0080000B8B10408C10302080000000052
:10B3F00000000000A104020804010401010400008F
:10B4000001000100010022030100010001002203EC
:10B410000100010001000200010001000100010023
:10B4200001000000E4570308E8570308EC5703083D
:10B43000CC57030890540308F0570308F457030847
:10B44000F85703088854030890540308FC5703086E
:10B450000058030804580308DC57030890540308F5
:10B46000E0570308085803080C580308B0540308B1
:10B47000B4540308785403080104010401040104CE
:10B480000104010401040104010401040201220376
:10B490000104010401040104010401040104010484
:10B4A0000104010401040104010401040104010474
:10B4B0000104010401040104010401040104220344
:10B4C0000201060002012203E4570308E8570308BB
:10B4D000EC570308F0570308F4570308F85703081C
:10B4E000FC570308005803080458030808580308C9
:10B4F000DC57030890540308BC570308105803088E
:10B5000014580308185803081C5803082058030847
:10B5100024580308285803082C58030830580308F7
:10B520003458030838580308905403083C5803085B
:10B530004058030844580308485803084C58030867
:10B540005058030854580308585803085C58030817
:10B5500060580308645803086858030890540308A7
:10B56000CC570308B05403086C580308B4540308BC
:10B5700088540308785403082503040404040404CD
:10B58000040404040404040404040404040407017B
:10B590002603030403040304030403040304030451
:10B5A000030403040701010501050104010401046A
:10B5B0000104010401040104010501050105220340
:10B5C0000201060002012203C45703087058030851
:10B5D00074580308785803087C58030880580308F7
:10B5E00084580308885803088C58030890580308A7
:10B5F00094580308DC57030890540308BC57030809
:10B60000985803089C580308A0580308A458030836
:10B61000A8580308AC580308B0580308B4580308E6
:10B62000B8580308D857030890540308BC580308B7
:10B63000C0580308C4580308C8580308CC58030866
:10B64000D0580308D4580308D8580308DC58030816
:10B650000C580308E0580308E45803089054030802
:10B66000CC570308B05403086C580308B4540308BB
:10B6700088540308785403082503040404040404CC
:10B68000040404040404040404040404040407017A
:10B690002603030403040304030403040304030450
:10B6A0000304030407010105010501040104010469
:10B6B000010401040104010401050105010522033F
:10B6C0000201060002012203C4570308E8580308D8
:10B6D0005C540308EC58030808550308F0580308A5
:10B6E000F4580308F8580308FC58030800590308E5
:10B6F00004590308DC57030890540308C057030893
:10B7000008590308BC5403080C59030810590308CE
:10B7100014590308D8540308185903081C5903087E
:10B72000E0540308D857030890540308BC58030892
:10B73000C058030820590308705903082459030806
:10B74000285903082C5903083059030834590308B1
:10B750000C580308E0580308E45803089054030801
:10B76000CC570308B05403086C580308B4540308BA
:10B770008854030878540308F4340508ED0D0208D2
:10B7800000000000000000000000000064203220E3
:10B7900001040000B8B104084D10020800000000C8
:10B7A00000000000611002081A001A008002000068
:10B7B0009C350508000000000000000000000000AB
:10B7C000000000000000000000000000D834050860
:10B7D0000000000000000000000000000000000069
:10B7E0000000000000000000B8B1040800000000E4
:10B7F000000000000000000000000000C300040181
:10B8000000000000B8B104080000000000000000C3
:10B810000000000000000000000000000000000028
:10B82000B8B10408000000000000000000000000A3
:10B83000000000000000000000000000B8B1040893
:10B8400000000000000000000000000000000000F8
:10B850000000000000000000B8B104080000000073
:10B8600000000000000000000000000000000000D8
:10B8700000000000B8B10408000000000000000053
:10B880000000000000000000D127D12700000000C8
:10B89000B8B10408291502080000000000000000EB
:10B8A000000000006420D12700000000B8B10408A7
:10B8B0003F1502080000000000000000000000002A
:10B8C0006420D12700000000B8B10408B5160208B2
:10B8D000A116020800000000000000006420D1272B
:10B8E00080020000B8B10408611502081D150208A5
:10B8F0000000000000000000C3000401400600003A
:10B90000B8B10408232202080D220208000000003A
:10B910007519020800000000C0030000B8B1040857
:10B920000000000000000000000000000000000017
:10B930006420642040020000B8B104080000000048
:10B940000000000000000000000000000401D127FA
:10B9500080030000603605087D2302080000000017
:10B96000000000009124020882000000810700000E
:10B97000A034050821260208000000000000000095
:10B98000000000000000000000000000B8B1040842
:10B9900045270208E126020800000000812902086C
:10B9A0006420642000030000B8B10408A12B020841
:10B9B0000000000000000000000000000000000087
:10B9C00080020000B8B10408A12A020800000000AB
:10B9D00000000000000000000000000080020000E5
:10B9E000B8B10408192C0208000000000000000093
:10B9F000000000006420642040020000DD2E0208E8
:10BA0000AD2E02080B00020000FF010018BA040866
:10BA10000000000000000000C4CC0408D4C70408E3
:10BA200030C7040830BA04081000022838D00020BB
:10BA300040BA040890C60408F0C504083D3100006F
:10BA400000000000000000000000000002000000F4
:10BA500000010000000000000000000000000000E5
:10BA600000000000000000000000000000000000D6
:10BA70000000070004FC00000000F7F601080403C2
:10BA8000FA010800070205000000000000000000A5
:10BA900000000A01FF00000000000000000000009C
:10BAA000000300FB0000000000FD03030000FE0097
:10BAB000FF0200FE00FEFFFD00000000FE0000FE91
:10BAC000FE0000FE00FD000000000000000000FE7F
:10BAD000FE00FE00FC00ED0000FD0003050000FD7F
:10BAE00002020503FD030000F70000000000000053
:10BAF00000000000FA00000000000000000000004C
:10BB0000000000FCFEF800FAFF0000000000060044
:10BB1000FBFF000000FD0000FFF40000000000003B
:10BB20000000000000F3FF0600000000000000001D
:10BB300000000000F9000000000000000000000507
:10BB400000020000FD0000000000000000000000F6
:10BB500000000000000006010000000000000000DE
:10BB600000000000000000000000000000000000D5
:10BB700000000000000000000000000000000000C5
:10BB8000FA000000000000000000000000000000BB
:10BB90000000000000000001030205FE000003FE9B
:10BBA000FBEA01040300FE00060005000500F100A9
:10BBB000FE050005FE0302000000FE0000FD0D0072
:10BBC0000D00050007020305000000FA0000000058
:10BBD00000FF0001FDFEFD0100FE000000FA000074
:10BBE000000000000000000000F60000000000005F
:10BBF00000000000000000000000F700F600000058
:10BC000000FF0010FEFE0202FF00FE020000F8002E
:10BC100000000000000000000000F0000200000032
:10BC2000000000000000000000F6000A0000FA001A
:10BC30000500F5F0F5FD050000F50002FC00FE0032
:10BC400000000000000000000000000405EC0000FF
:10BC500000000000000000000000080001000000DB
:10BC600000000101FEFD000000FE0000FF000000DA
:10BC7000FD00FF00FCFD00FCFBFBFD00FD00FD00E6
:10BC8000000000FF0000020001FE000000000002B2
:10BC9000FF000000FF020200000000FD00000000A5
:10BCA000000000000002FF00FE00FD0000FF000594
:10BCB0000000FE00000000000000FFFF0000FE008A
:10BCC000FE000000000000000000FFFF00FEFE007C
:10BCD00000000000000000FF00FEFEFE000000006B
:10BCE0000000000000FF00000000FFFE00FE00FB5F
:10BCF000FFFB030000FD02030400FC00FE0000F84F
:10BD000002FF01F802000000F800F8FFF2FF00F85F
:10BD10000003040002000000000000FDFE00FB0024
:10BD20000000FE000000FE0000000000FFFF00FF1A
:10BD3000FE00000000000000FEFE00FFFEFF00000D
:10BD4000FE0000000000000000000000FFFF00FEF9
:10BD500000FF00FD020000FE0102020000000000E2
:10BD600000FF0000000000010000FE00FEFFFE00DA
:10BD70000000000000000100FF00000000FEFE00C7
:10BD8000FD0005FF00FB000004F8F8F9FD0200FFCC
:10BD9000F6FD00FD00FD02FDF600FC0000010001C3
:10BDA000FF000200FBFA00F8FCFDFCFBFEFC00FDBE
:10BDB000FC01000000FE0000000100020000000085
:10BDC00000000000000000FE00FF0000FE00FDFC7F
:10BDD000FC0000FB000000000000FF00000000016C
:10BDE000FF0000000200000000000000000800004A
:10BDF0000000000001000000FE0000000000000044
:10BE000000000000FD000200000000000000000033
:10BE100000000000FF000000FD00000000F8FB0033
:10BE20000000FEF80000FE0200FC00000000000020
:10BE300000000000FD0000FD000000000000000008
:10BE4000000000000200FD00000000020001FDFDF6
:10BE500000FEFEFE000000000000FB00FE00FEFEF3
:10BE600000FCFCFBFF00FD00FB000000000D0000DB
:10BE7000010000FE000200F90000000000F1FD05D5
:10BE800005FFF90002FE00F8FFFE02F5FE020002C7
:10BE9000FAFEFAFBF90000F600090000FF000000BE
:10BEA000FFFFFEFCFB00F1000000000000000000AE
:10BEB0000000000000000000000000000000000082
:10BEC00000FE00FFFEFE0000FD00FE00000000007E
:10BED000000000000000000000000000FD00000362
:10BEE000000200FC02FF00FCFE00FEFEFF00FEFD63
:10BEF0000000FF00FFFDFE0000FE0002FF00FC004E
:10BF00000000FD00FD00FDFD02000000000000003B
:10BF100000FD0200FE00FFFEFBFFFFFF00FFFE0032
:10BF20000000000000FEFFFF0000000002FF00FF15
:10BF3000000000FFFEFFFFFEFF0001060000FC0006
:10BF4000FF0300FEF9FE020000F8FD02FD0100FF04
:10BF5000FFFB00FE010000FD0000000202FDFD00ED
:10BF6000FDFEFEFEFE00FD01FDFD050000000000DF
:10BF700000000000020000000000000000000000BF
:10BF8000000000000000000000000000FD000000B4
:10BF900000000000000000000000000000000000A1
:10BFA0000000000000000000000000000000000091
:10BFB0000000000000000000FF0000000000000082
:10BFC0000000000000000000000000000000000071
:10BFD000000000000000FFFE000000000000000064
:10BFE00000000000FE0000FE0000FEFE0000000059
:10BFF000FE00000000FF0000000000FF0000000045
:10C00000FE00FD000000FB0001FC0300FFF8000043
:10C01000FCFE00FAFCFC0000F9FEFAFAF800FC0055
:10C02000010BFE00FCFE00FEFDFCFDFAF9FCFE002B
:10C0300000FF00000000F5FF0504FCFA0000FB0013
:10C04000F8FFFE03F1FE000000F6FEF8FEF400002B
:10C05000F500090000FF00000000FFFFFAFF00F6F6
:10C0600000000000FB00FF0000FCF80000FFFEFBEA
:10C07000FE00FF00000000F9FEFBFBFFFDFCFEFDE3
:10C0800000FDFFFBFE00FEFDFEFD000100FFFB00CA
:10C090000300FD00000000020001FD0700FEFEFE9F
:10C0A000000000000000FB00FE00FEFE00FCFCFBA8
:10C0B000FF00FD0106000000000D0000010000FE71
:10C0C000000200000000000000000000000000006E
:10C0D000FFFD0000000000FF000000FEFE0000FD6C
:10C0E000FE0000FD0003FF00000000000001000052
:10C0F0000000020301FF00FBFD0005FBFBFDFD0648
:10C100000302F2FF03FE00FE02FEFA00FE02FEFF43
:10C11000FBFF0000050300FC00F7FE05FEFA00FE31
:10C12000FBFBFE060200FE00FC000105FCFAFAFC27
:10C13000050000F4FF02FDFFFC00FCFAFEFEFF001C
:10C1400000FCFDFE000504FEF700F7FE00FAF70014
:10C15000FBFDFBFC040000FE00FDFF00FEFD0003F4
:10C16000FB020000F800FEFCFDFFFBFCFBFC00FBFB
:10C17000FEFCFDFBFE00000008FD00FBFE00FEFDD6
:10C18000FCFCFCFAFEFD0300FE00F8FE0103FBFAD6
:10C19000FDFB05FE01F1FD03FCFDFA00FBF9FEFECF
:10C1A000FFFEFDFB0000000504FFF600F6FC04FAAC
:10C1B000F5FDFAF9F8FB0300000000FE000002FEA6
:10C1C0000301FD030000FB000000000000FF000071
:10C1D00000000000FE0000000001050000FE00005D
:10C1E0000000FFFFFE000000000100000000010051
:10C1F000FF000600030000FE000300000001000035
:10C200000000000000000000000500040000000025
:10C2100000000000000000000000F600FE03000522
:10C2200000001002FDFD0202FF00F8000008F60009
:10C2300000000000000000000000F50616000000ED
:10C24000000000000000000000F6000000000000F8
:10C2500000000000000000000000000000000000DE
:10C2600000000000FD0000FDFF00000000000000D5
:10C27000000000000000000000000000FF00FC00C3
:10C28000000000000215FDFF0504FC020000020290
:10C29000FE0000000000000000000000EB040000B1
:10C2A000000000000000000000000000000000FC92
:10C2B000000000FC00000000FCFF000000FC00FE8D
:10C2C00000F80000000000000000000000F5000081
:10C2D000000000000000000000FE0000FD00FE0065
:10C2E000FC000000FD02FE0000FCFEFC0000FC0063
:10C2F000FE00F800FE0000F3FDFAFEFA0000F50073
:10C30000FCFF0000000000000000FEFDFFFD00003B
:10C310000000FC00FC02FE0300FFFCFFFDFD00FE30
:10C32000FFFF01FC00000000F2FFFE00FC00FFF830
:10C33000FF0000FFFF000000000100FFFDFF030001
:10C3400000000000000000000000000000000000ED
:10C3500000000000000000000000000000000000DD
:10C3600000000000000000000000020000000000CB
:10C3700000FC00FF000000FD02000000FCFEFD00CC
:10C3800000FC00FE00F800000000F000FDFAF800DC
:10C3900000F500FFFE0000000000000000FEFEFFB0
:10C3A000FE00000003FE000508FEFEFB0208030479
:10C3B000FC02070205040400000000000000000069
:10C3C00000000A08FDFE00FF0D070D00000002003E
:10C3D00000060000FD000000000000000000FF005B
:10C3E000000000000000000200000000F3FEFFF962
:10C3F000F80000F500000000000000000000000050
:10C400000000000000FD000000000000000000FF30
:10C4100000000000000000000200000000F3FEFF2A
:10C42000F9F80000FA000000000000000000000021
:10C430000000000000000000FF000000FC0200FE01
:10C44000010302FB0000FF02000100000000FC00ED
:10C45000FFFFFD00FFFA000AFE00FCFF00FFFD00E9
:10C46000FEFCFDFE000000FD0000000000000000DA
:10C4700000FF00000000000000000200000000F3C8
:10C48000FEFFF9F80000F5000000000000080000C1
:10C490000000000000000000FD00FBFEFF05FFFEA5
:10C4A000FA00FF00FFFC000400010001FCFAFE009E
:10C4B000FAFDFCF9FA00FDFDFEFEFFFFFEFF00FFA6
:10C4C00000020002FF000500000000000000000064
:10C4D000000000FFFEFE0000FC00FF00FD00000069
:10C4E0000000000000000000F60000000000000056
:10C4F00000000000FEFE00FE00000000FF0000FD46
:10C50000FE0200FDFDFF00FBFFFCFFFE00FD000042
:10C51000000000000000000000F500050000FD0024
:10C52000000000FE00FE0000FF0000FF00FC000015
:10C5300007FEFBFB01020200FC010201050105FFF1
:10C54000FC0000FA0000FBFC0000FD00FEFD00FE08
:10C5500000FE00FF0200FFFBFE060000FF00FD00E2
:10C560000002FC0002FE010000FB00FF0000FE02D2
:10C57000FF000000F9FEFC00FB0000F80006FE00D2
:10C58000FD000100FE00FEFB00FE0200000000FFB7
:10C59000000002FE000000FEFF00FE0000000000A0
:10C5A000000000000000000000000000F600040091
:10C5B00000FF000000000000FEFE00000003000479
:10C5C0000000000000F6F700070503FA0107000667
:10C5D0000003000000000000000000000008000050
:10C5E000000000000000000000000000000000004B
:10C5F000000001020003040502060708090A090AEF
:10C600000B0C0D0E0F10110C121314151500000059
:10C6100016171819171919191719191A1919191993
:10C6200017191719031B1C1D1D1E1F202122230073
:10C6300024002526272727002726282926262A2AD8
:10C64000272A272A2B2C2D2E2E2F2E3000002309AF
:10C6500031090000000000000000000000000000A0
:10C6600000000000000000000000000000000000CA
:10C6700000000000000000000000000000000000BA
:10C6800000000000000000000000000000000000AA
:10C69000000001020003040502060708090A090A4E
:10C6A0000B0C000D0E0F101112130C1414000000CF
:10C6B0001516171819161A1B1C1D1D1E1F201D1DCF
:10C6C0001621222303241E2525262728292A2B006C
:10C6D0002C002D2E2F303132332D343435302D2D8A
:10C6E0002E2E36373839333A3A3B3A3C2900000986
:10C6F0003D090000000000000000000000000000F4
:10C700000000000000000000000000000000000029
:10C710000000000000000000000000000000000019
:10C720000000000000000000000000000000000009
:10C73000200000005F000100000000000000000079
:10C7400000000200B0000000F3F7600058C70408C2
:10C75000000000003E0003000000721F51EF58EF80
:10C760005BEF5CEF5DEF61EF63EF65EF69EF6CEF3F
:10C7700071EF76EF77EF78EF8EEF93EF98EF9BEF17
:10C780009CEF9DEFA1EFA2EFA3EFA4EFB7EFB8EFFF
:10C79000BEEFC0EFC1EFC4EFC7EFC8EFC9EFCBEFFB
:10C7A000E3EFE5EF14F015F017F019F030F037F083
:10C7B0003AF043F06CF074F0ABF03BF190F191F192
:10C7C00092F193F194F1D7F1E3F13DF254F2AAF42E
:10C7D00012F7F2F700000000000000000000B002B5
:10C7E000000000000000B002020700000700F00394
:10C7F000040300040D0000070707000026003006B0
:10C80000060900FF41007008090700006100E0060A
:10C81000070800FF7D00200202030004800060037F
:10C82000040900FE92006003030900FEA00000045A
:10C8300004040003A800D00506050001B70040026B
:10C84000020300FFBA00D00304010002BC00400252
:10C8500002020000BE0080030509FFFFD500B006FC
:10C8600007070000EE00B00303070000F900C00551
:10C87000060700000E01C005060700002301B006F0
:10C88000070700003C01C005060700005101300603
:10C890000607000066010006060700007B0170061F
:10C8A000060700009001300606070000A5014002BF
:10C8B00002050000AA014002020700FEB101D005F6
:10C8C00006050001C001D00506030002C901D0051C
:10C8D00006050001D801C00506070000ED01500A59
:10C8E0000A0900FE1A0250070907FF003A029007E2
:10C8F0000707010053024007070700006C024008C9
:10C90000070701008502B006060701009A026006CB
:10C9100005070100AC02C00707070000C502200898
:10C9200007070100DE02200302070100E5022005DF
:10C930000607FF00FA023007070701001303F0059E
:10C94000050701002503900908070100410320089D
:10C95000070701005A036008080700007603400734
:10C96000060701008B036008090800FFAF034007BA
:10C9700006070100C403300606070000D903E005DE
:10C9800006070000EE03F007070700000704200772
:10C990000907FF002704400B0B0700004E04C006E8
:10C9A00007070000670480060807FF00830490065D
:10C9B000070700009C045003030901FEAA0480033A
:10C9C0000509FFFFC1045003030900FECF04D00591
:10C9D00006040001DB040005050100FFDE0400067B
:10C9E00003010106E004000606050000EF04D0067E
:10C9F000070700000805B005060500001705D0066A
:10CA0000060700002C052006060500003B058003F4
:10CA1000040700004905E006060700FE5E05D00693
:10CA2000060700007305D002030700007E05D00250
:10CA30000409FFFE9005300607070000A905D00293
:10CA400002070000B005900A0A050000C905D006DB
:10CA500006050000D805600606050000E705D006BB
:10CA6000070700FE0006D006060700FE1506200494
:10CA7000040500001F060005050500002C06200423
:10CA8000040600003806C0060605000047069005AB
:10CA90000705FF005906000909050000700680051A
:10CAA000060500007F0690050707FFFE9806300583
:10CAB00005050000A5068003040900FEB706000373
:10CAC000010901FEBC068003030900FECA06D00569
:10CAD00006020002D006300404040003D806200336
:10CAE00003020002DB06000A0B0B00FE1807000A17
:10CAF0000A0800004007000A0A0A00FF7207000A3D
:10CB00000A0800009A07E00607080000B607000AB6
:10CB10000A0B00FEED07000A0A0B00FE2408400B7A
:10CB20000C0A00FF6008000A0A0B00FE9708400B81
:10CB30000C080000C708000A0A0B00FEFE080005EA
:10CB40000508000012098007080800003209400BA0
:10CB50000C0A00FF6E09000A0A0800009609E006A8
:10CB6000070B00FEBD09C008070A01FFE009C00865
:10CB7000090B00FE120AC008090A00FF3F0AC0089C
:10CB8000090A00FF6C0AC008070A01FF8F0AC008E3
:10CB90000A0AFFFFC10A4006060A00FFDF0A400634
:10CBA000060A00FFFD0AC008090A00FF2A0BC00898
:10CBB00009030002380B400B0C080000680B800CC6
:10CBC0000D0B00FEB00B400B0D0BFFFEF80B000A27
:10CBD0000A0A00FF2A0CC00809060001450CC0081B
:10CBE00009060001600C800C0D080000940C000A7E
:10CBF0000A080000BC0C000A0A0B00FEF30C000A35
:10CC00000B0BFFFE300DC008090A00FF5D0DC008C8
:10CC1000090B00FE8F0DC008090A00FFBC0DC008FB
:10CC2000090900FFE50D000A0A0800000D0E400684
:10CC3000080BFFFE390EC008090B00FE6B0EC00882
:10CC4000090B00FE9D0E400B0C080000CD0E000AE3
:10CC50000C0BFFFE0F0F8007080B00FE3B0F800C34
:10CC60000D0A00FF7C0F800C0D070000AA0F800C3E
:10CC70000D070000D80F800C0D0700000610800C77
:10CC80000D0700003410800C0D0700006210800CAE
:10CC90000D0900FF9D10C008090B00FECF10C00851
:10CCA000090B00FE0111000A0B0BFFFE3E11800C68
:10CCB0000D08000072118007080B00FE9E11100A7B
:10CCC0000B0700003E2D2C1C05012D578456832395
:10CCD0004100B028000B04604AEADC802808208C60
:10CCE000DBEB40640B000830B00000130008DEC32B
:10CCF0005B27114D570006CE8000299A32275B3CF6
:10CD0000DEB200270029920290091190A10082282A
:10CD100074000188496840000B290A00083280A08D
:10CD2000038008870003CB7000A40D0005BA6000E3
:10CD30007CC0105A07BB37800AE00ACC977000000D
:10CD40000057562302C009600D100E000E000E00A1
:10CD50000D10096002C06800E00B30950860950B6B
:10CD600030E0680024424DD4799702200000000092
:10CD700085003BDCB1008500008500354A555CC369
:10CD8000026A0002B00085000D00049000A3000DAF
:10CD900000058000B2001C000004DDB101E206B015
:10CDA00069000E178000D269000E11E206B004DDA2
:10CDB000B100BEA05A05A05A05A05A05A04CDD50EE
:10CDC0004201F00000F0000A8000A9000B80008FF3
:10CDD000DDD58DDEE0000C4000980000BD90000025
:10CDE000D35101E26DDD600007A00005C00003D152
:10CDF0003101D20B308DCCFD70000B300000B30040
:10CE00000FDDD01D00002C00003EDC600001D4319D
:10CE100000C45CDD8002BDD41E40006A00007AAB15
:10CE2000A16E105C1D003C04CCB2BDDDE8B400D3A3
:10CE30000004C0000C40003D0000A60001E0000717
:10CE4000CCB23D006A2D00790BECF26A004D7900FE
:10CE50003E09CBC41ACC609600B39700C909BB8ABF
:10CE60000000880002E22DDC406A0100026A6A01CB
:10CE700000006A3832000010005AA13E610006B975
:10CE8000300002813BBBB10000003BBBB110000091
:10CE90002BA4000018E104AB503710003CDD5052C9
:10CEA00001F00003D0003D2000850000100000B418
:10CEB00000004A99A70006900003A01B07CB9B47E0
:10CEC000654B008B0A7377003B0A653B008B0A1B9E
:10CED00006CB6CB30690000000004A9AA200000145
:10CEE000F600000088C000000D09400006702B000D
:10CEF00000DCCCE300590004A00C30000D10FCCC89
:10CF0000B20F0007A0F000880FCCDF30F0002E0F2A
:10CF10000001F0FCCCC500019DDC30D600355B0083
:10CF200000078000005B000000D60035019DDC306A
:10CF3000FDDDB30F0003E2F000069F00004BF000A0
:10CF4000069F0003E2FDDDB300FDDDC0F00000F050
:10CF50000000FCCC70F00000F00000FDDDD1FDDD34
:10CF6000CF0000F0000FDDD7F0000F0000F0000050
:10CF7000019DDC40D700255B0000078000075B00B7
:10CF800001D0D6003D019DDC50F0000F1F0000F1E4
:10CF9000F0000F1FDDDDF1F0000F1F0000F1F000C9
:10CFA0000F10F0F0F0F0F0F0F004DDF20000D2002D
:10CFB00000D20000D20000D20601E008DD60F000DF
:10CFC000A80F009900F099000F9F4000FB4E200F22
:10CFD000105D10F0006B00F0000F0000F0000F007B
:10CFE00000F0000F0000FDDDA0F2000097FC000340
:10CFF000F7FA500CA7F1D06977F079D177F00D608E
:10D0000077F0010077F4000F1FE200F1F6D00F1F58
:10D0100009A0F1F00B7F1F001DF1F0003F10019DF2
:10D02000DC400D6002D45B00004B7800001E5B000A
:10D03000004B0D6002D4019DDC40FDDD90F000A7A7
:10D04000F0005AF000B6FDDC70F00000F0000001C6
:10D050009DDC4000C7003D405B00004B07800001A5
:10D06000E05A00004C00D6002D4001ADDD4000002C
:10D0700004ABA0FDDD90F000A7F0005AF000B7FC73
:10D08000CF90F005B0F0009708DCC35B00114D2095
:10D090000006DE9000019A33005B3BCCB2CDEEDAA5
:10D0A000009700009700009700009700009700008D
:10D0B00097000F0001E0F0001E0F0001E0F0001EDD
:10D0C0000E0002D0A7009801ADD9000C40001D0051
:10D0D0005B00087000E200E10007906900001E1D7F
:10D0E0002000009CB0000002F4000088000F400205
:10D0F000C3D005EA00860D20A4E00D10880D0A4378
:10D10000C002D5904A86000DD300ED10008E000AB3
:10D11000C0005C001D10980B5000DA900006F20071
:10D1200001D7C000C50A808A000D300B5000C30231
:10D13000D0069000881D10000DB6000005D000003C
:10D1400004B0000004B0006DDDDF10000B700008BB
:10D15000A00004D00002E20000D400008FDDDD302A
:10D16000FB1F00F00F00F00F00F00F00FB103A0063
:10D1700000C1000760001C0000B2000580000D0027
:10D1800000A30004909E40B40B40B40B40B40B408D
:10D19000B49E4000A800029B000925601B00B099C6
:10D1A00099903A301BCD600100E01AAAF17800E1B5
:10D1B0002CAAE11E000001E000001EACD601F30124
:10D1C000E21E000A51F401E21D9CD50007DDA05CBF
:10D1D00000408700005C004107DDA000000E000059
:10D1E0000E08DC9E5C007E87001E5B006E08DB8EF6
:10D1F00008CC905A00878CAAA85B002007DCB107F6
:10D20000C90E009FB60F000F000F000F0008DC9E34
:10D210005B005F87000F5C006F07DC9F03004C1A08
:10D22000CCB21E00001E00001EACD41F303D1E00FC
:10D230000E1E000F1E000F2D00101E01E01E01E04B
:10D240001E0001E0001000E000E000E000E000E06F
:10D2500001E0AD601E000001E000001E01B601E229
:10D26000D5001FDE2001F25D001E007B001E1E1E89
:10D270001E1E1E1E1EABC5BBC21F205F10691E00F6
:10D280002C004B1E002C004B1E002C004B1EABC470
:10D290001F203D1E000E1E000F1E000F07DDB15C9B
:10D2A000007B87001E5C007B07DDB11EABD601F35F
:10D2B00001D21E000A51F401E21EACD501E00000CB
:10D2C0001E00000008DC8E5C007E87001E5C007E75
:10D2D00008DC8E00000E00000E1DAA1F301E001E6E
:10D2E000001E002CCC4880002ACA21006A6CCC3079
:10D2F0000F009FB60F000F000E1007D92D001D2D37
:10D30000001D2D001D0E106D06DB9D0C3009505ABE
:10D3100001D000D28600069D00000E8000B201F10F
:10D3200002B5807B80850D0D1D0D008990998002CE
:10D33000F202F2005B03C0089C1000E7000A7C20A8
:10D340007902D10C3009505A01D000D27700069DE5
:10D3500000000E800000D1000CD600006BBEB002B1
:10D36000D101D200C4008EBB9004D309500A500AE8
:10D37000405F100A400A50095004D3EEEEEEEEE092
:10D38000AB00D20D20C209C0C20D20D2AB001A9151
:10D390006244299007816208620807811923E4002A
:10D3A0000000049C100016BFFFF2003FFFFFFF20AB
:10D3B00005FFD941F2005F20001F2005E00001F2C7
:10D3C000005E00079F2048E007FFF2AFFE002BD869
:10D3D00007FF9000000001100000000041888888CD
:10D3E00014EBE7777EBEA2D0000D2AEBE3333EBEFE
:10D3F000B4FBBBBF4BD9D0000D9DB5D0000D5BB7C2
:10D40000FFFFFF7B0000000000FFD6FFFFFFFFE7EC
:10D41000FFFFFF6752777776EFC6FFFFFEFFE7FF5C
:10D42000FFFF6752777776EFC6FFFFFEFFE7FFFF4C
:10D43000FF7863888887000000004100000006FD37
:10D440000000006FF77C1006FF70DFD16FF7001D42
:10D45000FEFF700001DFF70000001C60000000000C
:10D46000000CD102EAAFD4EF80AFFF8002FFF102DF
:10D47000EFDFD1DF80AFB67000850000A6000002AC
:10D48000A0EA29000EE1EA5FA07F40EA08F3BD00B0
:10D49000EA01F7CC00B700F8AF000004F64FA00097
:10D4A0001DF109FD89EF50006DFFC4000000000070
:10D4B0000000018810000005FF40001ECFFFFCD0D7
:10D4C0007FFFDDFFF72DFA00BFD10BF7008FA06FB4
:10D4D000FE55EFF64FFFFFFFF3063AFFA360000390
:10D4E000FF3000000000000000000000000000000D
:10D4F0006F90F8000009F8ECF80001BE5A5CF800E3
:10D500002DD5EFF6AF50DA6FFFFF87F111FFFFFF68
:10D51000F51002FFC39FF60002FFB07FF60001BBCB
:10D52000704BB30000008820000001FF6000000184
:10D53000FF60000001FF600001FFFFFF60005FFF70
:10D54000FA000005FFB0008BB98B8BB9DFFFFFFE3F
:10D55000DFCFFFFFFCBE0000000000002444443089
:10D560000001EFFFFFF4000BC000008E106E1000F2
:10D57000000CA0EECB100ACDF2FFFFB89FFFF4FF26
:10D58000FFFFFFFFF4CFFFFFFFFFE1000487305FE5
:10D5900002DFFEFC7F1ED3003CFF9F1005FEFF4410
:10D5A000000266661222000011FFFF5000DAFFA39E
:10D5B0001008F4FCFB66BF80F55CFFD5003100006D
:10D5C000000000007000BFABDFFFFFFFFFFFFFFFA9
:10D5D000FF003EF0002C00007000000BF000ABDFFD
:10D5E000F020FFFFF0A6FFFFF059FFFFF092003E92
:10D5F000F0000002C00000000000400000007000C9
:10D60000AA00000BF00A4A70ABDFF023E2E0FFFF54
:10D61000F0A695C2FFFFF05976C3FFFFF092C3E179
:10D62000003EF009A6B00002C0033E20000000004A
:10D63000C3002444444442FFEFFFFFFFF30DFFEF1C
:10D64000FFF84EFE25FFFF9DE2006FF90120004F1D
:10D65000F74444447FCFFFFFFFFC001A000007F5AA
:10D660000000EFC0008FFF603FFFFF1BFFFFF9FBD3
:10D67000FFFFDD6EFFFC7E59FF609FFF80001310EF
:10D68000000000000E7003E4E704FF5E75FFF5EC98
:10D69000FFFF5EFFFFF5EAEFFF5E71DFF5E701CF09
:10D6A00059500092880000000FFE500000FFFFC399
:10D6B000000FFFFFF910FFFFFFFE5FFFFFFFFAFF04
:10D6C000FFFFF80FFFFFB200FFFD40000EF7000064
:10D6D000001100000000000000000DFF90DFF9FFC6
:10D6E000FC0FFFCFFFC0FFFCFFFC0FFFCFFFC0FF11
:10D6F000FCFFFC0FFFCFFFC0FFFCFFFB0FFFB8BB21
:10D70000508BB5000000000DFFFFFFF9FFFFFFFF8A
:10D71000CFFFFFFFFCFFFFFFFFCFFFFFFFFCFFFF7F
:10D72000FFFFCFFFFFFFFCFFFFFFFFB8BBBBBBB599
:10D730000000000BA000E7CFB00E7CFFC1E7CFFFD9
:10D74000DF7CFFFFF7CFFF9E7CFF70E7CF600E7797
:10D7500050009500000200000000AF60000009FFCB
:10D76000F500008FFFFF4006FFFFFFF30EFFFFFFF6
:10D77000FA03666666620DFFFFFFF90FFFFFFFFB0E
:10D7800006888888840000000001C7001DF501DFBD
:10D79000501DF5004FD00006FC00006FC00006F9D8
:10D7A0000000510000003E30002EF30002EF300078
:10D7B0002EE30009F8008FA008FA005FA000060021
:10D7C000000000100000008F40000009F50000007C
:10D7D0009F50009BBDFCBB6FFFFFFFFB133AF7336D
:10D7E00010009F50000009F5000000391000BDDD59
:10D7F000DDDD8EFFFFFFFA000000000000048A95C7
:10D80000000001CF846EE3001EF50872FF40BFE008
:10D810002DF5BFE0DFE3FFF6AFF14FF3AFD1EF70CF
:10D8200005FD312BF7000019DFEA3000B6000000DB
:10D83000000006FA16AA83000003EFE649FB000089
:10D8400001BE4928FD001D408FFE1FF904FF505FF7
:10D85000F1FFB00AFC002DDFF2000AFA101BF700FE
:10D860000004BEE408F7000000000004F50000001A
:10D8700000000100000002E60000000000BFE1001F
:10D880000000004FFF900000000DE7CF20000007D0
:10D89000FC08FB000001EFD09FF400009FFF5CFF3D
:10D8A000D0002FFFE1AFFF600BFFFE2BFFFE00EF6C
:10D8B000FFFFFFFFF201333333333200000000007B
:10D8C0000000000007C1EFD103EFFC99FB2EECF83C
:10D8D0000054DE2570000CF4011000BF5C78D1FF0D
:10D8E000F60AFFFD7860007CF6000000056000008D
:10D8F00030000000AF600000AFEF6000AF90CF607D
:10D900009F8000CF57800000A4110000020CE200AD
:10D9100005F83FE205FD103FE7FD10003FFD100058
:10D92000003B100000800000000000CFC3FFFFF5A7
:10D9300000BEFEB3444E60043F340000D60002F245
:10D9400000000D60002F20008CEAF101FFFFF7DFDF
:10D95000F70004444411C7005888200000FFFFE48A
:10D960004441FFFFFFFFFEFFFFFFFFFFFFFFFFFF41
:10D97000FFFFFFFFFFFFFFFFFFFFFFCFFFFFFFFCEA
:10D9800000003300000003FF4000003FFFF40002EE
:10D99000FFFFFF200036FF63000004FF400000048B
:10D9A000FF40009AA5FF5AA9FFFFDDFEDFFFFFFF42
:10D9B000FCBE000000000000000000A840000000C5
:10D9C0005FFF0000000CFFE00000006FFA000000A5
:10D9D00000CF500000005FD00039104FF400BFFCB2
:10D9E0009FF6000DFFFFE400009FFD810000013164
:10D9F000000000000000000006FE3005C6E7BB0581
:10DA0000FF4DBDB4FF403CFFFF400008FFB0006F7A
:10DA1000FFDF800E7BB2EF80DBD902EF73CA10020A
:10DA200072005DDD480008FFF6F8CC8FFF843FE808
:10DA3000FFFFFCFE8FFFFFCFE8FFFFFCFE8FFFFF25
:10DA4000CFE7FFFFFCFF4666663FFFFFF40034446C
:10DA5000430000022222000EFFFFFE20F52222FEDC
:10DA60001F40000EF8F74444FF9FFFFFFFF9FFF649
:10DA70000CFF9FFF209FF9FFFC7FFF9ADDDDDDD4C7
:10DA8000677777774EFFFFFFFB0000000006777790
:10DA90007774EFFFFFFFB000000000455555553F7C
:10DAA000FFFFFFFB11111111005888888884FFFFC8
:10DAB000FFFFFF6FFFFFFFF6C5DFFFFD5CFE6AFFA4
:10DAC000A5EFFFF9559FFFFFFFFFFFFFCFFFFFFF10
:10DAD000FC03AAA20007FFF20009FFD0000BFFD849
:10DAE000810EFFFFE10EFFFF600005FD000009F45D
:10DAF00000000DA000000F200000020000017911BD
:10DB0000000FFC9FF400FFFDCC300FFA799340FF2B
:10DB10008EFF6F5FF8EFF764FF8EFFFFCFF8EFFF28
:10DB2000FC463EFFFFC000DFFFFC00024444200033
:10DB30000190000002AF810002FFFFD0009FFFFFB5
:10DB4000500CFFFFF800EFFFFFA03FFFFFFE0DFFAF
:10DB5000FFFFF9466666662000BF700000003000D7
:10DB600000244444444430FFFFFFFFFFF3F4A0A02F
:10DB7000B0B0F4FFBEAEAEAFF4FF3A0A0A0FF4FB4A
:10DB8000EAAAAAEAF4F7B44444C4F4CFFFFFFFFFC3
:10DB9000E10000000029700000003AFFE000004BA7
:10DBA000FFFF70005DFFFFFF100CFFFFFFF9000A91
:10DBB000EEEFFFF20000000AFFA00000000AFF30B5
:10DBC0000000000AFB0000000008F4000000000054
:10DBD000200000EFFF5B00FFFF6FB0FFFF6883FFD7
:10DBE000FFFDD6FFFFFFF8FFFFFFF8FFFFFFF8FF85
:10DBF000FFFFF8FFFFFFF8FFFFFFF7000000000046
:10DC000000011000000005BFFFFD81002CFEA87878
:10DC1000CFF70DF70000003CF52205BEFD810500A1
:10DC200009FEA9CFE2000037000038000000008C98
:10DC300020000000000FF700000000005810000056
:10DC4000CFFFFFFFFFF90F755555555AF2F6FFFF4D
:10DC5000FFFD4F5F6FFFFFFFD1F5F5777777768F89
:10DC60004FFFFFFFFFFFD024444444444100CFFF57
:10DC7000FFFFFFF90F755555544AF2F6FFFFFF00FD
:10DC80004F5F6FFFFFF001F5F5777777008F4FFF5C
:10DC9000FFFFFFFFD024444444444100CFFFFFFF77
:10DCA000FFF90F755554444AF2F6FFFF20004F5F0D
:10DCB0006FFFF20001F5F5777710008F4FFFFFFF40
:10DCC000FFFFD024444444444100CFFFFFFFFFF94D
:10DCD0000F755444444AF2F6FF5000004F5F6FF551
:10DCE000000001F5F5772000008F4FFFFFFFFFFFD9
:10DCF000D024444444444100CFFFFFFFFFFA0F7497
:10DD00004444444AF2F4000000004F5F4000000029
:10DD100001F5F4000000008F4FFFFFFFFFFFD0244C
:10DD20004444444441000000005B1000000003BD77
:10DD3000F400000000A10300000AF73900000760AA
:10DD4000FFEABFAAAADF45A3009300041000000168
:10DD5000B8FB00000000029FB000000000001000AF
:10DD600000006BCA40009FF6FF401FFF26FB04F631
:10DD7000B46BF06FF406FF06FF90BFF05F9534CFF1
:10DD800002FBF34DC00CFF3DF7001BFEF900000045
:10DD9000100000123BCA221FFFFFFFFB36666666BB
:10DDA00016FFFFFFF26F6F6F7F26F6F6F7F26F6FC9
:10DDB0006F7F26F6F6F7F26F6F6F7F24FFFFFFF19C
:10DDC00003444442000000000097000000009FF858
:10DDD000000000A5EFE00000BFE5D40000BFFFE0B9
:10DDE0000000BFFFF40000BFFFF40000AFFFF4002D
:10DDF000000DFFF4000000FFF4000000022000000E
:10DE000000000005888888860008FFFFFFFFF608ED
:10DE1000FFF96F69FF88FFFFC121CFF8DFFFFF50D7
:10DE20005FFF82EFFF71917FF802EFFEDFDEFF7090
:10DE300002DFFFFFFFE301DFFFE51D6C5AABDF3BB5
:10DE4000188BFFDFDEEBFFFFFFFBFFFFFFFBFFFF9A
:10DE5000FFFBFFFFFFFBFFFFFFFBBFFFFFF6000025
:10DE60000000000000000A0008100007F00BF2009C
:10DE7000008F0BFFFFFFFFF07FFA999999006F2049
:10DE8000000000003000000000000000DD2E02084D
:10DE9000AD2E02081000030000FF0100A8DE0408F8
:10DEA000000000000000000054F1040864EC0408C5
:10DEB000C0EB0408C0DE04081000022840D0002097
:10DEC000D0DE040820EB040880EA04083D3100009D
:10DED000000100000000000000010000020000003E
:10DEE0000002000000000000000000000000000030
:10DEF0000000010000000000000000000000000021
:10DF000000010A0006FB00000000F4F3020B050408
:10DF1000F7020B01090207000000000000000000EA
:10DF200000000D02FE0000000000000000000000E4
:10DF3000000400F90000000000FC04040000FE00E2
:10DF4000FE0200FE00FEFFFC00000000FE0000FDDF
:10DF5000FD0000FE00FC000000000000000000FECC
:10DF6000FE00FD00FA00E50000FC0004070000FCD4
:10DF700002020704FC040000F3000000000000009F
:10DF800000000000F8000000000000000000000099
:10DF9000000000FAFDF500F7FE0000000000090097
:10DFA000F9FEFF0100FC0000FEEF00000000000091
:10DFB0000000000000EEFE0900000000000000006C
:10DFC00000000000F7000000000000000000000753
:10DFD00000020000FC000000000000000000000043
:10DFE0000000000000000902010000000000000025
:10DFF0000000000000000000000000000000000021
:10E000000000000000000000000000000000000010
:10E01000F800000000000000000000000000000008
:10E020000000000000000002040207FE000004FEE1
:10E03000F9E102060400FD00080007000700EB00FC
:10E04000FD070007FE0402000001FE0000FC1200B4
:10E050001200070009030407000000F80000000098
:10E0600001FE0002FCFDFC0200FE000000F70000C3
:10E07000000000000000000000F1000000000000AF
:10E0800000000000000000000001F400F2000000A9
:10E0900000FE0016FDFD0202FE00FD020000F4007D
:10E0A00000000000000000000000EA000200000084
:10E0B000000000000000000000F2000D0000F80069
:10E0C0000700F1EAF1FC070000F10003FB00FD008E
:10E0D00000000000000000000000000607E500004E
:10E0E000000000000000000000000B000200000023
:10E0F00000000202FDFC00FFFFFE0000FE00000029
:10E10000FC00FE00FBFC00FAF9F9FC00FC00FC003E
:10E11000000000FE0000020002FE000100000002FC
:10E12000FE000000FE0202FF000000FC00FF0000F5
:10E13000000000010003FE00FD00FC0000FE0007DF
:10E140000000FE0000000000FF01FEFE0000FE00D7
:10E15000FE000000000000000000FFFF00FEFD00C8
:10E1600000000000010000FE00FEFEFE00000000B6
:10E170000000000000FF00000000FEFD00FD00F9AF
:10E18000FEF9040000FC02040600FAFFFD00FFF5A2
:10E1900002FE02F402000001F400F4FEEDFE00F5C0
:10E1A0000004060003000000000000FCFD00F90070
:10E1B0000000FE000000FE0000000000FFFF00FF66
:10E1C000FD00000000000000FEFE00FEFDFE00005D
:10E1D000FE0000000000000000000000FEFE00FD48
:10E1E00000FE00FC020000FD010202000000000031
:10E1F00000FE0000000000020000FE00FEFEFD0028
:10E200000000000000000200FE00000000FEFD0013
:10E21000FC0007FE01F9000006F5F4F7FC0200FE21
:10E22000F1FC00FC00FC03FCF200FA000001FF021C
:10E23000FE000200F9F700F5FBFBFBF9FDFA00FC1C
:10E24000FA01000100FE00000002000200000000D0
:10E2500000000000000000FE00FF00FFFE00FCFBCD
:10E26000FBFF00F9000000000000FE0000000001BC
:10E27000FF0000000200000000000000000B000092
:10E280000000000002000000FE000000000000008E
:10E2900000000000FC000200000000000000000080
:10E2A00000000000FE000000FC00000000F5F90086
:10E2B0000000FDF50000FE0200FA00000000000072
:10E2C00000000000FC0000FC000000000000000056
:10E2D000000000000200FC00000000030002FCFC43
:10E2E00000FEFEFD000000000000F900FE00FDFE43
:10E2F00000FBFAF9FE00FC00F9000000001200002B
:10E30000010000FD000200F60000000000EBFC0729
:10E3100007FEF70002FD00F5FFFD02F0FE0300031B
:10E32000F8FDF8F9F70000F3000D0000FF00000011
:10E33000FFFFFEFAF900EB00000000000000000003
:10E3400001000000000000000000000000000000CC
:10E3500000FE00FFFEFD0000FC00FE0000000000CB
:10E3600000000000000000000000FF00FC000004AE
:10E37000FF0300FB02FEFFFAFE00FDFEFE00FDFCB7
:10E380000000FEFFFEFCFD0000FE0002FE00FB00A0
:10E390000000FC00FC00FCFC02000000000000008B
:10E3A00000FC0200FD00FEFDF9FEFEFEFFFEFDFF8B
:10E3B0000000000000FEFEFE0000000003FE00FE64
:10E3C000000000FEFDFEFEFDFE000209FF00FA0057
:10E3D000FE0400FEF7FD030000F5FC02FC0200FE57
:10E3E000FEF900FD010000FC0000000202FCFC0040
:10E3F000FCFEFDFEFE00FC01FCFC0700000000002E
:10E40000000000000200000000000000000000000A
:10E41000000000000000000000000000FC00000000
:10E4200000000000000000000000000000000000EC
:10E4300000000000000000000000000000000000DC
:10E440000000000000000000FE00000000000000CE
:10E4500000000000000000000000000000000000BC
:10E46000000000000000FEFE0000000000000000B0
:10E4700000000000FD0000FD0000FEFE00000000A6
:10E48000FE00000000FF0000000000FE0000000091
:10E49000FD00FC000000F90002FB0400FEF5000096
:10E4A000FBFE00F7FAFA0000F6FEF7F7F500FA00B7
:10E4B000020FFD00FBFEFFFEFCFAFCF8F7FBFE007E
:10E4C00000FE00010000F0FE0705FBF80001F90066
:10E4D000F5FEFE04EBFD010000F1FDF4FEF000008E
:10E4E000F0000D0100FE00000000FFFEF7FE00F14D
:10E4F00000000000F900FE00FFFAF50000FFFDF942
:10E50000FE00FE00000000F6FEF9F9FEFCFAFEFC3B
:10E5100000FCFEF9FD00FDFCFEFC000100FEF90020
:10E520000400FC00000000030002FC0900FEFEFDE8
:10E53000000000000000F900FE00FDFE00FBFAF9FB
:10E54000FE00FC020900000000120000010000FDB6
:10E5500000020000000000000000000000000000B9
:10E56000FEFC0000000000FF000000FEFE0000FCBA
:10E57000FE0000FC0004FF0000000000000100009D
:10E580000000030402FE00F9FC0007F9F9FCFC0995
:10E590000402EDFE04FE00FE02FEF800FE02FDFE97
:10E5A000F9FE0000070400FA00F4FD06FDF701FD86
:10E5B000F9F9FE090200FD00FA000207FBF8F7FA7C
:10E5C000070001F0FE02FCFEFB00FBF8FDFDFE0073
:10E5D00000FBFBFE000705FEF400F4FD00F8F3FF6E
:10E5E000F9FCF9FA060000FD00FCFE00FEFC000448
:10E5F000F9020000F400FEFBFCFEF9FAF9FB00F959
:10E60000FEFBFCF9FE0000010BFC00F9FE00FEFC25
:10E61000FBFAFAF7FDFC0400FD00F5FD0104F9F832
:10E62000FCF907FE01EBFC04FBFCF800F9F7FDFE2A
:10E63000FEFEFBF9FF00000706FEF100F3FB05F705
:10E64000F1FCF8F7F5F90400000000FD000002FD00
:10E650000402FC040000F9FF00FF000101FE0000BD
:10E6600000000000FE0000000002070000FD0000A6
:10E670000000FEFEFD00000001020000000002009C
:10E68000FE000900040101FD00040000000200007A
:10E69000000000000000000000070006000000006D
:10E6A00000000000000000000000F300FE0400076E
:10E6B00000001603FCFC0202FE01F500000BF30053
:10E6C00000000000000000000000F1091F00000031
:10E6D000000000000000000000F300000000000047
:10E6E000000000000000000000000000000000002A
:10E6F00000000000FC0000FCFE0000000000000024
:10E70000000000000000000000000000FE00FA0011
:10E7100000010000021DFCFE0706FA0200000202D2
:10E72000FD0000000000000000000000E306000003
:10E73000000000000000000000000000000000FADF
:10E74000000000FA00000000FBFF000000FB00FDDD
:10E7500000F50000000000000000000000F10000D3
:10E76000000001000000000000FE0000FC00FD00B1
:10E77000FA000000FC02FD0000FAFEFB0000FA00B7
:10E78000FE00F500FE0000EEFCF7FEF80000F100D0
:10E79000FAFF0000000000000000FDFCFEFC00008D
:10E7A0000000FB00FB03FE0400FEFBFEFCFC00FD82
:10E7B000FFFE02FAFF000000ECFEFD00FB00FEF58C
:10E7C000FE0000FEFE000000000200FEFCFE040051
:10E7D0000000000000000000000000000000000039
:10E7E0000000000000000000000000000000000029
:10E7F0000000000000000000000003000000000016
:10E8000000FB00FE000000FC02000000FAFEFC001D
:10E8100000FA00FE00F500000000EA00FCF8F50038
:10E8200000F100FEFD0000000000000000FEFDFF02
:10E83000FD01000004FD00070BFEFEF9030B0405BB
:10E84000FA030903060506000000000000000000AE
:10E8500000000E0BFCFE00FE120A12000000020077
:10E8600000080000FC000000000000000000FE00A6
:10E87000000000000000000300000000EDFDFEF7B6
:10E88000F50000F1000000000000000000000000A2
:10E890000000000000FC000000000000000000FE7E
:10E8A00000000000000000000300000000EDFDFE7D
:10E8B000F7F50000F7000000000000000000000075
:10E8C0000000000000000000FE000000FB0200FE4F
:10E8D000020402F90000FE02000200000000FA003B
:10E8E000FEFEFC00FEF7000EFE00FBFE00FEFC003C
:10E8F000FEFAFCFD000000FC00000000000000002B
:10E9000000FE00000000000000000300000000ED19
:10E91000FDFEF7F50000F10000000000000B000014
:10E920000000000000000000FC00F9FDFE07FEFEF4
:10E93000F701FF01FEFA000500020102FBF7FD00EE
:10E94000F7FCFAF7F700FCFCFDFDFEFEFDFE00FE05
:10E95000FF030003FE0007000000000000000000AD
:10E96000000000FEFEFE0000FA00FF00FC000000B8
:10E970000000000000000000F300000000000000A4
:10E9800000000000FEFE00FD00000000FE0000FC94
:10E99000FE0200FCFCFE00FAFEFBFEFD00FC000097
:10E9A000000000000000000000F100070000FC0073
:10E9B000000000FD00FE0000FF0000FE00FB000064
:10E9C00009FDF9F902020200FA020302070207FE3A
:10E9D000FA0000F70000F9FA0000FC00FDFC00FD61
:10E9E00000FD00FE0300FEF9FE080000FE00FC0032
:10E9F0000003FB0002FE020000F900FEFF00FE0221
:10EA0000FE000000F7FDFB00F90000F50008FE0025
:10EA1000FC000100FE00FEF900FE0200000000FE06
:10EA2000000002FD010000FDFE00FD0000000000EE
:10EA3000000000000000000000000000F2000500DF
:10EA400000FE000000000000FEFE000000040005C3
:10EA50000000000000F2F3010A0704F702090008B1
:10EA6000000400000000000000000000000C000096
:10EA70000000000000000000000000000000000096
:10EA8000000001020003040502060708090A090A3A
:10EA90000B0C0D0E0F10110C1213141515000000A5
:10EAA00016171819171919191719191A19191919DF
:10EAB00017191719031B1C1D1D1E1F2021222300BF
:10EAC00024002526272727002726282926262A2A24
:10EAD000272A272A2B2C2D2E2E2F2E3000002309FB
:10EAE00031090000000000000000000000000000EC
:10EAF0000000000000000000000000000000000016
:10EB00000000000000000000000000000000000005
:10EB100000000000000000000000000000000000F5
:10EB2000000001020003040502060708090A090A99
:10EB30000B0C000D0E0F101112130C14140000001A
:10EB40001516171819161A1B1C1D1D1E1F201D1D1A
:10EB50001621222303241E2525262728292A2B00B7
:10EB60002C002D2E2F303132332D343435302D2DD5
:10EB70002E2E36373839333A3A3B3A3C29000009D1
:10EB80003D0900000000000000000000000000003F
:10EB90000000000000000000000000000000000075
:10EBA0000000000000000000000000000000000065
:10EBB0000000000000000000000000000000000055
:10EBC000200000005F0001000000000000000000C5
:10EBD00000000200B0000000F3F76000E8EB04085A
:10EBE000000000003E0003000000721F51EF58EFCC
:10EBF0005BEF5CEF5DEF61EF63EF65EF69EF6CEF8B
:10EC000071EF76EF77EF78EF8EEF93EF98EF9BEF62
:10EC10009CEF9DEFA1EFA2EFA3EFA4EFB7EFB8EF4A
:10EC2000BEEFC0EFC1EFC4EFC7EFC8EFC9EFCBEF46
:10EC3000E3EFE5EF14F015F017F019F030F037F0CE
:10EC40003AF043F06CF074F0ABF03BF190F191F1DD
:10EC500092F193F194F1D7F1E3F13DF254F2AAF479
:10EC600012F7F2F700000000000000000000C003EF
:10EC7000000000000000C003030A00000F00800530
:10EC8000050500051C00D0090A0A00004E00B00866
:10EC9000090F00FE9200D00B0C0A0000CE00A00964
:10ECA0000A0B00FF0501F002030500050D01B00489
:10ECB000040E01FD2901C004040E00FD4501A0055C
:10ECC00006060005570120080807000273013003FB
:10ECD000030500FE7B01600505030003830130038B
:10ECE000030300008801F004070EFFFFB90150097B
:10ECF000090A0000E6013005040A0000FA011008C4
:10ED0000080A000022020008080A00004A026009FE
:10ED10000A0A00007C021008080A0000A402A008E9
:10ED2000090A0000D1026008080A0000F90200097F
:10ED3000090A00002603A008080A00004E03300359
:10ED4000030800005A033003030B00FD6B03200887
:10ED5000080800018B03200808060002A30320080E
:10ED600008080001C3030008080A0000EB03800E36
:10ED70000E0D00FD4604400A0C0AFF008204A00AA2
:10ED8000090A0100AF04200A0A0A0000E104900BFE
:10ED90000A0A010013056009080A01003B05E008A2
:10EDA000080A01006305D00A0A0A00009505600BF5
:10EDB000090A0100C2055004020A0100CC0530070F
:10EDC000070AFF00EF05100A0A0A01002106500891
:10EDD000080A01004906600D0B0A01008006600B5D
:10EDE000090A0100AD06C00B0C0A0000E906200A62
:10EDF000090A01001607C00B0C0D00FD6407300A5C
:10EE0000090A01009107B008090A0000BE0730088E
:10EE1000090A0000EB07100B090A01001808F009A5
:10EE20000B0AFF004F08C00F100A00009F0870096E
:10EE30000A0A0000D10810090B0AFF00080930096E
:10EE4000090A00003509B004040E01FD5109F0045F
:10EE5000070EFFFF8209B004040E00FD9E09300872
:10EE600007060102B3090007070100FFB7096008A0
:10EE700005020109BC09600808080000DC099009C6
:10EE8000080B0100080A000808080000280A900979
:10EE9000090B00005A0A9008080800007A0AF004DA
:10EEA000060B00009B0AB009090B00FDCD0A900972
:10EEB000080B0100F90AE003020B0100040B000437
:10EEC000050EFEFD270BA008080B0100530BE00305
:10EED000020B01005E0BD00E0D080100920B900991
:10EEE00008080100B20BE00809080000D60B9009E1
:10EEF000080B01FD020C9009090B00FD340CC00544
:10EF000005080100480C000707080000640CD00544
:10EF1000060A0000820C800908080100A20CD00734
:10EF20000908FF00C60C900C0D080000FA0CC00781
:10EF3000080800001A0DD007090BFFFD4C0D500703
:10EF400007080000680DF004050E00FD8B0D30046D
:10EF5000020E01FD990DF004050E00FDBC0D200808
:10EF600008030003C80DE00506050006D70D600480
:10EF700004030003DD0D000E0F0FFFFE4E0E000E0A
:10EF80000E0B00009B0E000E0E0D00FFF60E000E85
:10EF90000E0B0000430FA0090A0B00007A0F000EB1
:10EFA0000E0F00FEE30F000E0E0F00FE4C10C00F00
:10EFB000100D00FFB410000E0E0F00FE1D11C00F4B
:10EFC000100B00007511000E0E0F00FEDE11000781
:10EFD000070C00FF0812800A0B0C00FF4A12C00F3A
:10EFE000100E00FEBA12000E0E0B00000713A0094F
:10EFF0000A0F00FE5213400C0A0E01FE9813400C3B
:10F000000D0F00FEFA13400C0D0D00FF4F14400CC5
:10F010000D0D00FFA414400C0A0E01FEEA14400C72
:10F020000E0DFFFF4515C008090D00FF8015C00833
:10F03000090D00FFBB15400C0D0D00FF1016400C14
:10F040000D0400032A16C00F100B00008216801159
:10F05000120F00FE0917C00F110FFFFE8917000ED7
:10F060000E0D00FFE417400C0D0800011818400CAD
:10F070000D0800014C188011120B0000AF18000E93
:10F080000E0B0000FC18000E0E0F00FE6519000E9E
:10F090000F0FFFFED619400C0D0D00FF2B1A400C70
:10F0A0000D0F00FE8D1A400C0D0D00FFE21A400CF2
:10F0B0000D0C00FF301B000E0E0B00007D1BC00866
:10F0C0000A0FFFFEC81B400C0D0F00FE2A1C400C4F
:10F0D0000D0F00FE8C1CC00F100B0000E41C000E76
:10F0E000100FFFFE5C1D800A0B0F00FEAF1D80118C
:10F0F000120D00FF241E8011120A00007E1E8011D6
:10F10000120A0000D81E8011120A0000321F80115E
:10F11000120A00008C1F8011120A0000E61F8011E5
:10F12000120C00FF5220400C0C0F00FEAC20400CD3
:10F130000D0F00FE0E21000E0F0FFFFE7F2180112C
:10F14000120B0000E221800A0B0F00FE3522100E88
:10F150000F0A00000EA0D90D90C80C80B70A6011EC
:10F160000B80D91F0991F0881F0880F088000000EB
:10F17000000D203C00000F0069002FFFFFFFF7018A
:10F180005C11A610006900C300008800D2009FFF38
:10F19000FFFFF012C523E22000D203C00000F004FC
:10F1A000B0000000700000000E00000000E0000051
:10F1B00019EFEA300CD6E6A702F40E00001F80E03B
:10F1C00000006FEF50000016FFE500000E0AF0018E
:10F1D00000E05F13F85E6EB005CFFE9100000E00F8
:10F1E00000000070000008DD3000A7004B02D004D2
:10F1F000C0007700D01D20004B03D0A7000007DC23
:10F2000034C4CC3000001D2D22D00000A63B00B33A
:10F210000005C03A00A3001D200D00D000A6000488
:10F22000CC40004DFC300000F718C00001F205D0C2
:10F230000000BB6E4000005FF3000007E6DB0380C8
:10F240002F301DBAA05F0001DF401FB448FEC0038D
:10F25000BFFC40B200000000001F01F01F00F000E2
:10F260000003F10B900F404F007D009B00AA00AA05
:10F27000009B007D004F000F400B9003F15E000EDD
:10F280006008C004F001F300F500E600E600F501B7
:10F29000F304F008C00E605E0000930088A6C20967
:10F2A000FE404DDDB142935000520000045000007A
:10F2B00008A0000008A0001FFFFFF30339B33000CF
:10F2C00008A0000008A0000103F61E60E12C000069
:10F2D0000003FFF90333100003F52E4000000E4039
:10F2E0000004E000009A00000E400004F000009AC4
:10F2F00000000E400003F000009A00000E500003D2
:10F30000F000009A00000E500003F00000004CFED8
:10F3100070004FB68F900DB0005F32F40000E74FE1
:10F3200020000CA4F20000CA2F40000E70DB000584
:10F33000F204FB68F90004CFE700EFFB44CB00AB1D
:10F3400000AB00AB00AB00AB00AB00AB00AB07DF2A
:10F35000EA108E857EC0010006F1000006F0000074
:10F360000D900000CC00001CC00001DB00001DE57A
:10F3700044427FFFFFF97FFFFFF024445F900000CD
:10F38000BC000009E100003FD81000046DD000006F
:10F3900002F4100002F4BD757DD019DFEA10000000
:10F3A0000DA0000000AC00000007E10000004F408D
:10F3B000100002F600F5001DA000F5007FFFFFFF22
:10F3C000F3133333F730000000F500000000F500C0
:10F3D00009FFFFF00AB444400C8000000E700000EA
:10F3E0000FFFFC4003345CF2000000F7100000F750
:10F3F0008E856CF108DFFB30002AEFD5003FD65731
:10F40000400CC0000002F40000004F5BFFA104FEAE
:10F41000845DD03F80003F30E80003F206F845DC11
:10F420000005DFE9109FFFFFFD9D4444E99C0004B7
:10F43000F200000BB000002F400000AD000001F60C
:10F44000000008E000000E8000006F1000019EFE2A
:10F450009100BE636EC00F60006F00CC202BC00215
:10F46000EFFFE200DC424CD05F20001F55F20002AB
:10F47000F50ED535DE001AEFEA1003BFEA202FA4FF
:10F480004BE18E0000E99D0000DD4F7129FF07FF71
:10F49000FC9E000210AC000002F607658FB00AEF78
:10F4A000D7002E53F50000000000003F52E42E5319
:10F4B000F50000000000002E52F60D21D0010000E2
:10F4C00000003100006CF2018ED6000FC300000A6C
:10F4D000FB40000017EE70000005C3000000001F95
:10F4E000FFFFF30333333000000000000000001F73
:10F4F000FFFFF303333330040000000ED710000089
:10F500005CF92000002AF20003AFB106DE82001C85
:10F510006000000000000007DFEA109E746EC0016A
:10F520000006F0000009C000008E200006F2000076
:10F5300008700000000000000B8000000C9000002C
:10F54000006CEFDA4000003DA41016D90001E50977
:10F55000EE98CA900A80BD43AFC0D30F13F2000CDF
:10F56000C0693C06D00007C03B4B06D00007C02C4A
:10F570003C03F2000CC04A0F10BD439EE3C50A8055
:10F5800009EE91CF9001E50000000000003DA410BD
:10F5900028000000007CEFD9100000000CF10000F2
:10F5A00000003FD700000000B96E00000002F20E1C
:10F5B00050000009A007D000001F3000F400007FB9
:10F5C000FFFFFB0000E733334F2005F000000C90F5
:10F5D0000C90000006F18FFFFEC408E3334BF28E5F
:10F5E00000001F58E00018F18FFFFFF808E33337E1
:10F5F000F68E000009C8E000009D8E33347F78FF4E
:10F60000FFFD700007CFFB4000CF966AF50AE200CD
:10F6100000301F600000004F200000004F2000005D
:10F62000001F600000000AE200003001CF966AF57A
:10F630000007DFFB408FFFFEA4008E4446CF708E94
:10F64000000007F38E000000DA8E0000009D8E009F
:10F6500000009D8E000000DA8E000007F38E444605
:10F66000BF708FFFFEA4008FFFFFF68E4444418ED3
:10F670000000008E0000008FFFFFC08E3333208E0D
:10F680000000008E0000008E4444428FFFFFF98F7F
:10F69000FFFFF68E4444418E0000008E0000008E75
:10F6A0000000008FFFFFC08E3333208E0000008EDD
:10F6B0000000008E0000000007CFFC5000CF966ACB
:10F6C000F60AE20000201F600000004F200000004A
:10F6D0004F200000B91F600000B90AE30000B90024
:10F6E000CF966AF80007DFFC608E000008E8E000B3
:10F6F000008E8E000008E8E000008E8FFFFFFFE81C
:10F70000E333339E8E000008E8E000008E8E000098
:10F7100008E8E000008E8E8E8E8E8E8E8E8E8E8EFF
:10F7200002FFFFC00444BC000009C000009C0000B0
:10F7300009C000009C000009C02000BA0EB58F600F
:10F740003CFE808E00004F508E0004F6008E003F7D
:10F7500070008E03F800008E2EC000008EECF600C4
:10F76000008FB07F30008E000AE1008E0000CC00D8
:10F770008E00001EA08E0000008E0000008E000093
:10F78000008E0000008E0000008E0000008E000041
:10F79000008E0000008E4444408FFFFFF28E000078
:10F7A0000008E8F7000002FE8FF10000BFE8DCA0CF
:10F7B000004F9E8D2F300D87E8D09C06E07E8D0196
:10F7C000E7E507E8D006FC007E8D000A2007E8D0B8
:10F7D0000000007E8E100008E8FC00008E8FF9000B
:10F7E00008E8E6F6008E8E09F308E8E00CE18E8E5C
:10F7F000001EB8E8E0003FEE8E00006FE8E0000079
:10F80000AE0007CFEB500000CF966BF9000AE20084
:10F81000005F601F6000000AD04F20000006F04F1C
:10F8200020000006F01F6000000AD00AE200005F1E
:10F830006000CF966BFA000007DFEB50008FFFFDF2
:10F840007008E4458FB08E00005F38E00001F58E4F
:10F8500000003F48E0014DD08FFFFFB208E33310B6
:10F86000008E00000008E00000000007CFEB500011
:10F8700000CF966BF9000AE200005F601F60000095
:10F880000AD04F20000006F04F20000005F01F6056
:10F8900000000AD00AE200005F6001DF855AFA002A
:10F8A0000008DFFC5000000001EC21940000001B68
:10F8B000FFC10000000012008FFFFD7008E4458FBB
:10F8C000B08E00005F38E00001F58E00003F38E0A8
:10F8D000014DD08FFFFFC208E333DA008E0002F63D
:10F8E00008E00005F3019EFDA200CE646B702F407E
:10F8F000000001F800000006FD950000016AEE50CE
:10F900000000009F00200005F13FA547EB004BEFF2
:10F91000E910FFFFFFFF2444BD44400009C0000080
:10F92000009C00000009C00000009C00000009C00D
:10F930000000009C00000009C00000009C00009C2A
:10F9400000000BA9C00000BA9C00000BA9C0000079
:10F95000BA9C00000BA9C00000BA8E00000D94F400
:10F960000003F50CF868FD0009EFE9100CB0000089
:10F970000AC05F200001F500E900008E0008F000D9
:10F980000E70001F6005F10000AD00C9000003F417
:10F990003F3000000CBAC00000005FF5000000001E
:10F9A000EE00006F10000DB00002F21F60003FF18A
:10F9B0000008D00BB0008BE6000D7006F000E69B4F
:10F9C000002F2001F503F14F108D0000CA09B00E81
:10F9D00060D800006F0E6009B2F300001F9F100492
:10F9E000F9D000000CFB0000EF80000007F60000DB
:10F9F0009F30003F50000DA008F2009D0000CC0495
:10FA0000F300002F9E70000006FC00000009FE10AD
:10FA100000004F4DB00001E802F7000BD0007F203E
:10FA20007F20000BD00CB000009C002F50002F3026
:10FA3000009E000C900000E805F1000005F3E600D0
:10FA400000000CFD000000003F4000000002F30039
:10FA50000000002F3000000002F300004FFFFFFF06
:10FA60009144444AF3000003F6000001EA0000005C
:10FA7000CC0000009E1000006F4000003F700000AE
:10FA80001ED4444436FFFFFFFC8FF68D318D008D70
:10FA9000008D008D008D008D008D008D008D008DFE
:10FAA000008D318FF65D000000F200000B80000039
:10FAB0006D000001F200000B8000006D000001F2FB
:10FAC00000000B7000006D000001F200000B7000E0
:10FAD000006D000001F2BFF325F302F302F302F31D
:10FAE00002F302F302F302F302F302F302F325F34B
:10FAF000BFF300AD00001EC4000885A000E20E1098
:10FB00005B00970B5002E0EEEEEEE00BC00009B098
:10FB100004CFEA100B745DB0000004F004CEEEF2E6
:10FB20001F8214F24F1004F21F703DF204DFD7F26F
:10FB3000BA000000BA000000BA000000BA8EFC3023
:10FB4000BFD54BF3BE1000CABA00007EBA00007EDB
:10FB5000BE1000CABFD55BF3B98EFC30007DFD60DE
:10FB600009F748F42F5000205F0000005F000000FC
:10FB70002F50002009F748F4007DFD600000001FB1
:10FB800040000001F40000001F4008EFC4F40AF731
:10FB900048FF42F50007F45F00002F45F00001F434
:10FBA0002F50006F40AE637EF4008EFC4F40008EFD
:10FBB000FC400AD538F42F20008C5FEEEEFF5F2169
:10FBC00011112F70001009F846E4007DFE80009EA0
:10FBD000E305F44108C000CFFFF029D32008D0008E
:10FBE00008D00008D00008D00008D00008D00000DD
:10FBF0007EFC4E60AF747FF62F50005F65F0000012
:10FC0000F65F00000F62F60006F609F747FF50079F
:10FC1000EFC4F50000003F20CB646EB003AEFD8062
:10FC200000BA000000BA000000BA000000BA8EFB63
:10FC300020BFC56DD0BE0003F2BA0000F4BA0000C8
:10FC4000F5BA0000F5BA0000F5BA0000F5BAA80050
:10FC5000BABABABABABABABA000AB0009900000081
:10FC600000AB000AB000AB000AB000AB000AB00065
:10FC7000AB000AB000AA064E71DFA0BA000000BABD
:10FC8000000000BA000000BA001CC0BA01CC00BAE3
:10FC90001CD100BBCF6000BFDBE100BD11DC00BAAE
:10FCA000003F70BA0007F3BABABABABABABABABA67
:10FCB000BABAB99EFA15DFD40BFB45EDE64AF2BE9F
:10FCC0000006F6000E7BA0004F2000C9BA0003F129
:10FCD000000C9BA0003F1000C9BA0003F1000C9B70
:10FCE000A0003F1000C9B99EFB20BFB45DD0BE008C
:10FCF00003F2BA0000F4BA0000F5BA0000F5BA0049
:10FD000000F5BA0000F5007DFD60009F748F702F34
:10FD100050007F05F00001F35F00002F32F500076F
:10FD2000F009F748F70007DFD600B98EFC30BFC4F2
:10FD30003AF3BE1000CABA00007EBA00007EBE10C0
:10FD400000CABFD55BF3BA7EFC30BA000000BA002F
:10FD50000000BA000000008EFC3F40AF748EF42F0C
:10FD600050007F45F00001F45F00002F42F50007CE
:10FD7000F40AF748FF4008EFC4F40000001F4000F9
:10FD80000001F40000001F40B98E4BFD71BE100B46
:10FD9000B000BA000BA000BA000BA00005DFEA1308
:10FDA000F735A06F000001EE9610016AEF300000F9
:10FDB000D96C646F62AEFD7008D00008D000CFFF30
:10FDC000F029D32008D00008D00008D00008D000C7
:10FDD00005F551009FE3C80002F3C80002F3C80014
:10FDE00002F3C80002F3C90003F3AB0007F35F831B
:10FDF0007EF306DFC5F30D90000AA06E0001F3004C
:10FE0000F5007D0009C00E60003F24F00000C8B975
:10FE1000000006FF3000000FC000C80006F1000D12
:10FE200056D000CF6003F01F302F9C009A00B80717
:10FE3000B2F10E4005E0D60C74E0000F6F007C9923
:10FE40000000AFA001FF400005F4000BE0004F30C0
:10FE500007E109D02F4000D9D900003FD000004F62
:10FE6000E10001E7BB000BB01E707E1005F30D90A2
:10FE7000000AA06F0001F300F6007D0009C00D60CC
:10FE8000002F34F00000C9A9000005FF2000000E7B
:10FE9000C0000000E5000094AD00001BFC20000045
:10FEA0005FFFFFA13337F40001E70000CB00008EB5
:10FEB00010004F40001EA33326FFFFFC006EA00F72
:10FEC0009201F4001F4001F4003F303FC0006F304A
:10FED00001F4001F4001F4001F4000FA2005EA8BE6
:10FEE0008B8B8B8B8B8B8B8B8B8B8B8B8BBE5002F3
:10FEF000AE0005F0005F0005F0004F1000DF104F6E
:10FF00005005F0005F0005F0005F002AE00BE40000
:10FF100007EC40B41E25DFC00100000004CC302BEC
:10FF200001C05700932B01C005CC3006A10FF60B82
:10FF3000E2000000000000000000000000027BFB67
:10FF4000000000049DFFFFD00003AFFFFFFFFD0096
:10FF500000AFFFFFFFDFD0000AFFFFB610ED00008B
:10FF6000AF9400000ED0000AF1000000ED0000AFD9
:10FF70001000000ED0000AF1000045FD0000AF1097
:10FF800001EFFFD0179DF1005FFFFC0EFFFF100097
:10FF9000AFFD31FFFFE00000010003BDA300000042
:10FFA000000050188888888405FABFDDDDDDFDAFCC
:10FFB000E47F100000CA4EE04F100000C80EFEEFB4
:10FFC000100000CFEFE03FEEEEEEF80EF68F766613
:10FFD00066EB6FF8AF100000CC8FE03F100000C858
:10FFE0000EFCDF655555EECFC25FFFFFFFF92C57C2
:10FFF000750577777775FFFF1FFFFFFFFFFFFF2F67
:020000040805ED
:10000000FFFFFFFFEFFF0EFFFFFFFE0110001111CA
:100010001110EFFE0EFFFFFFFEFFFF2FFFFFFFFFA0
:10002000FFFF1FFFFFFFFF688707888888866887B4
:100030000788888886FFFF1FFFFFFFFFFFFF2FFF56
:10004000FFFFFFDFFD0DFFFFFFFD000000000001CF
:100050005000000000001DF80000000001DFFD005E
:100060000000001DFFE22D600001DFFE20DFF70031
:100070001DFFE2008FFF71DFFE200008FFFEFFE2A0
:100080000000008FFFFE2000000008FFE2000000DB
:1000900000007D2000000000000000007F60000BD9
:1000A000E2EFF600BFF84FFF6BFFD104FFFFFD103A
:1000B000005FFFE10000BFFFF6000BFFDFFF60BF46
:1000C000FD14FFF5CFD1004FF617100003600000BC
:1000D0000011000000000000FF000000006F21FF81
:1000E00012F70006FF61FF16FF601FF901FF109F66
:1000F000F16FE001FF100EF6AF8001FF1008FACF9C
:100100006001FF1006FCAF8000AA0008FB7FD00052
:1001100000000DF71FF80000008FF107FF91002A83
:10012000FF70009FFFEEFFF9000005CFFFFD5000BC
:100130000000024420000000000000000000000059
:100140000AFFA0000000000CFFC0000003D6DFFF84
:10015000FD6D300EFFFFFFFFFFE05FFFFFAAFFFF17
:10016000F51AFFF4004FFFA103FFD0000DFF30048C
:10017000FFF0000FFF404FFFFB22BFFFF42FFFFFF8
:10018000FFFFFFF209FEFFFFFFEF9000505EFFE56B
:10019000050000000CFFC0000000000477400000D4
:1001A00000000003100341000000009FF50DF50062
:1001B00000001BFDFF8DF5000002DFB12DFFF500F3
:1001C000004FF83EC2BFF50007FF55FFFE39FE4065
:1001D0009FE38FFFFFF56FF6AC2AFFFFFFFF73E68B
:1001E000005FFFFFFFFFF100006FFFD77FFFF2000E
:1001F000006FFF900DFFF200006FFF900DFFF20007
:10020000004FFF700BFFE100000000330000000012
:10021000000BFFB0000000000CFFC0000000000C4D
:10022000FFC0000000000CFFC0000000000CFFC079
:100230000000008FFFFFFFF800002EFFFFFFE2002D
:100240000002EFFFFE200000002DFFE20000799980
:1002500082DE289997FFFFFB22BFFFFFFFFFFFFF12
:10026000FFFFFFFFFFFFFFFAB3CFACCCCCCCCCCC71
:10027000CA0006BBBBBBBA3000004FFFFFFFFFE167
:100280000000EF30000006FB0009F800000000CF7E
:10029000504FD0000000002FE1DF84420000344BBB
:1002A000F9FFFFFD0001FFFFFBFFFFFF988BFFFF42
:1002B000FCFFFFFFFFFFFFFFFCFFFFFFFFFFFFFF54
:1002C000FB9FFFFFFFFFFFFFF60000000000003371
:1002D00000018DFFC600EF004EFFFFFFE4DF04FFCB
:1002E000B3004CFFFF0EF90000008FFF6FC000014C
:1002F000FFFFFF8E500001DEEEED00000000000069
:100300000022222200000021FFFFFF100008F8FF5A
:10031000FBBC10001EF4FFFC100001DFC0FEEFE884
:10032000448EFE10FE1AFFFFFFC100FD0028BB94A3
:100330000000000002700002EF0002EFFDFFFFFF6F
:10034000FFFFFFFFFFFFFFFFFFFFFFFFFFFF344740
:10035000FFF00005FF000005C00000000000027073
:1003600000000002EF00000002EFF0000DFFFFFFB1
:100370000220FFFFFFF08E1FFFFFFF00E7FFFFFFE0
:10038000F03F5FFFFFFF08903447FFF000000005DB
:10039000FF0000000005C000000000000000000099
:1003A000000000077000000002700005FA00000065
:1003B0002EF000814F600002EFF001DD07F0DFFF5B
:1003C000FFF0321E80F6FFFFFFF08E27E0B9FFFF3F
:1003D000FFF00E73F19BFFFFFFF03F54F09AFFFF19
:1003E000FFF0890AC0D83447FFF0007F43F30000D4
:1003F0005FF002F60CB0000005C00000BF10000066
:1004000000000009E300000000000002100037882F
:100410008888888873EFFFFFFFFFFFFEFE32DFFF53
:10042000FFFFFFF9007FFFFDFFFFFD10CFFFA07F63
:10043000FFFFFFFFFA0007FFFFF35FA00000CFFF01
:100440003003000000CFFC0000000000CFFFCCCC48
:10045000CCCCCCFFAFFFFFFFFFFFF9000020000076
:100460000001FA00000006FF1000000DFF70000000
:100470006FFFF10001EFFFFA000BFFFFFF605FFF6E
:10048000FFFFE0CFFFFFFFF6FEBFFFFFF9FD4FFFCD
:10049000FFF9BF49FFFFF53FE52EFFD006FFFFFD47
:1004A000200028BA600004300000311FE00006F987
:1004B0001FE0007FFA1FE009FFFA1FE0AFFFFA1FFD
:1004C000EBFFFFFA1FFFFFFFFA1FFFFFFFFA1FE618
:1004D000FFFFFA1FE05FFFFA1FE004FFFA1FE000D2
:1004E0003EFA0FD00002D70000000000020000001A
:1004F00000000CFB2000000000FFFF900000000F38
:10050000FFFFE6000000FFFFFFFC30000FFFFFFFD2
:10051000FF9100FFFFFFFFFFE60FFFFFFFFFFFF26E
:10052000FFFFFFFFFFFD0FFFFFFFFFF800FFFFFFD3
:10053000FFB2000FFFFFFD400000FFFFF7000000CB
:100540000FFFA1000000006A4000000000001444FA
:10055000200144420DFFFF10DFFFF1FFFFF30FFF0B
:10056000FF3FFFFF40FFFFF4FFFFF40FFFFF4FFFD0
:10057000FF40FFFFF4FFFFF40FFFFF4FFFFF40FFBF
:10058000FFF4FFFFF40FFFFF4FFFFF40FFFFF4FFFB
:10059000FFF40FFFFF4FFFFF30FFFFF39FFFC00986
:1005A000FFFC001444444444420DFFFFFFFFFFF1F1
:1005B000FFFFFFFFFFFF3FFFFFFFFFFFF4FFFFFF16
:1005C000FFFFFF4FFFFFFFFFFFF4FFFFFFFFFFFFF6
:1005D0004FFFFFFFFFFFF4FFFFFFFFFFFF4FFFFF96
:1005E000FFFFFFF4FFFFFFFFFFFF4FFFFFFFFFFFD6
:1005F000F39FFFFFFFFFFC0002100000420FE2002C
:1006000003FB0FFE3004FB0FFFF404FB0FFFFF544E
:10061000FB0FFFFFFAFB0FFFFFFFFB0FFFFFFFFBCF
:100620000FFFFFD6FB0FFFFD14FB0FFFC104FB0FF5
:10063000FB0004FB0CA00003FA0000000000000017
:100640000012000000000003FF60000000002EFF09
:10065000F500000001EFFFFF4000001DFFFFFFF36A
:100660000000CFFFFFFFFE200AFFFFFFFFFFE00EAD
:10067000FFFFFFFFFFF20399999999995005888828
:10068000888888700FFFFFFFFFFFF30FFFFFFFFF5A
:10069000FFF40BFFFFFFFFFFD10000000000000090
:1006A0003F9000003FFC00003FFD10003FFD1000A8
:1006B0003FFD10001FFD100000CFF4000000CFF43C
:1006C000000000CFF4000000CFF4000000CFE000F5
:1006D0000000A4000000000000CD1000001FFD106D
:1006E00000003FFD1000003FFD1000003FFD100026
:1006F000003FFD000008FF900008FF900008FF90F9
:100700000008FF900002FF9000000780000000003A
:100710000004500000000002FF60000000003FF7EE
:100720000000000003FF70000000003FF70000061B
:10073000999AFFC99980FFFFFFFFFFFF3DFFFFFF71
:10074000FFFFF201113FF71110000003FF700000DE
:1007500000003FF70000000003FF70000000000CE5
:10076000D30000006999999999980FFFFFFFFFFF47
:10077000F3DFFFFFFFFFFF2000000000000000008C
:100780000156640000000003BFFEEFF91000007F77
:10079000FA1003DFE40008FFA009B41EFF504FFF6A
:1007A000200BFF26FFE1EFFF09CFFF63FFFABFFF3A
:1007B00009FFFF54FFF61EFF51DFFB09FFB003EFF7
:1007C000E204305FFC10002CFF956AFF90000000EF
:1007D00049DFFD920000000000000000000000CD95
:1007E00020000000000000008FF5001466400000AB
:1007F0000004EFACFFEFFF910000001CFFA1004DD3
:10080000FE300000009FF5AB31EFF40007B105FFAB
:10081000FFE17FFE100FFE302DFFF54FFF900CFF24
:10082000E000AFF65FFF6002FFF40006FFEFFB00A1
:10083000004FFD10003EFFC0000002DFE85401BF82
:10084000E300000005AEFF6007FF6000000000004D
:1008500000004EF60000000000000001A1000000B2
:100860000000000000000000003ED000000000007A
:10087000000CFF80000000000006FFFF20000000C9
:100880000000EFFFFB00000000008FFCCFF4000031
:1008900000002FFB00FFD00000000BFFC00FFF7017
:1008A000000004FFFD01FFFF100000DFFFE02FFF4D
:1008B000FA00007FFFFF9BFFFFF3001FFFFFB00E5A
:1008C000FFFFC00AFFFFFE24FFFFFF60FFFFFFFFE7
:1008D000FFFFFFFA06CCCCCCCCCCCCCB3000000058
:1008E0000000360000000000007F80DDDB00008D8E
:1008F000EFF8FFFFB007FFFFFD556FF46FF8AFE2B1
:10090000000574FF907E2000003FFA000000000206
:10091000EFB2504A00012EFD1DF48FB0FFFFD10B46
:10092000FFFFFBFFFE2000CFFFFB12210000029F14
:10093000C000000000005B00000007A000000000F5
:1009400008FFB000000008FFFFB0000008FF95FF9F
:10095000B00008FF9005FFB007FF900005FFB09FB3
:1009600090000005FD004000000003104C20000036
:1009700000B60BFE200000CFF02EFE2000CFF400CA
:100980002EFE20CFF400002EFECFF40000002EFF3C
:10099000F4000000002EF40000000000130000002E
:1009A00000083000000000000000BFF308BBBBBB24
:1009B00090000BFFFF39FFFFFFF1008FCFCFF0005A
:1009C000000AF100382F948000000AF100002F90F7
:1009D0000000000AF100002F900000030AF130002F
:1009E0002F9000001FCBF8F8002FEBBBBB39FFFFA7
:1009F000E2001FFFFFFFB09FFD200000000000008D
:100A000008D10037888700000000EFFFFFA000003A
:100A100000FFFFFFFDCCCCB6FFFFFFFFFFFFFFFF96
:100A2000FFFFFFFFFFFFFFFFFFFFFFFFFFFFFFFFD6
:100A3000FFFFFFFFFFFFFFFFFFFFFFFFFFFFFFFFC6
:100A4000FFFFFFFFFFFFFFFFFFAFFFFFFFFFFFF90C
:100A500000000000000000000001DD1000000000A8
:100A60001DFFD100000001DFFFFD1000001DFFFF92
:100A7000FFD100009FFFFFFFF90000011CFFC11024
:100A80000000000CFFC0000000000CFFC0000000D0
:100A9000000CFFC0000079993BFFB39997FFFFB2AC
:100AA000442BFFFFFFFFFEDDEFFFFFFFFFFFFFFA1D
:100AB000B3CFACCCCCCCCCCCCA0000000000020040
:100AC000000000000004FFC70000000000AFFFF0BE
:100AD000000000001FFFFD0000000006FFFFC00037
:100AE00000000008FFF700000000000CFF300000CD
:100AF000000004FFC00000000001EFF300004A30D6
:100B000002DFF80005DFFE15EFFB0000EFFFFFFF3F
:100B1000FA00000BFFFFFFF70000007FFFFFA200BD
:100B2000000002BA850000000000048600000010EA
:100B300006FFFA0002DFD1EF3CF101DFFA0EE0AF71
:100B400021DFFA009FEFF6DFFA00008DFFFFFB00C8
:100B5000000006FFFD00000048EFFFF600006FFFF9
:100B6000FBFFF6000EF3CF23FFF600EE0AF204FFC0
:100B7000F609FEFC0004FFF108DA10000262000032
:100B8000000000000000006FFFF987000008FFFF71
:100B900098F708A68FFFF95990FFA8FFFFFCCC0F2C
:100BA000FA8FFFFFFFF1FFA8FFFFFFFF1FFA8FFF84
:100BB000FFFFF1FFA8FFFFFFFF1FFA8FFFFFFFF10D
:100BC000FFA8FFFFFFFF1FFA7FFFFFFFF0FFE31209
:100BD0002222210FFFFFFFF90000ACCCCCCB50004C
:100BE000004999999995000EFFFFFFFFF600FD223D
:100BF00022224FF60FC0000001FFF3FC0000001F8F
:100C0000FF6FC0000002FFF6FFFFFFFFFFFF6FFF57
:100C1000FFDCFFFFF6FFFFB005FFFF6FFFF6000FE1
:100C2000FFF6FFFFC006FFFF6FFFFFEDFFFFF69F20
:100C3000FFFFFFFFFD10CDDDDDDDDDDD2FFFFFFF61
:100C4000FFFFF312222222222200000000000000F7
:100C50000000000000000FFFFFFFFFFFF3DEEEEEDD
:100C6000EEEEEE200000000000000000000000009A
:100C70000DEEEEEEEEEEE2FFFFFFFFFFFF300000B5
:100C80000000000037888888888873EFFFFFFFFF27
:100C9000FFFEEFFFFFFFFFFFFE1CFFFFFFFFFFC197
:100CA000D28FFFFFFFF82DFF64EFFFFE45FFFFFA35
:100CB0002BFFB2AFFFFFFFD3553DFFFFFFFFFFBB91
:100CC000FFFFFFFFFFFFFFFFFFFFAFFFFFFFFFFF84
:100CD000F9000000000001FFFFF00004FFFFD0005A
:100CE00006FFFF800008FFFF30000AFFFFAAA60CE6
:100CF000FFFFFFF80EFFFFFFE10BDDDFFF600000ED
:100D00004FFD0000007FF3000000BFA0000000FFC7
:100D100010000003F800000003C0000000002000E5
:100D200000000455EFB5520000FFFD1FFFB0000F9B
:100D3000FFFFFFFC0000FFFF533320000FFF97FF72
:100D4000FB5700FFF8AFFFC6F80FFF8AFFFC4AA170
:100D5000FFF8AFFFE3220FFF8AFFFFFFF4FFF8AFBA
:100D6000FFFFFF4FFF8AFFFFFFF43552AFFFFFFF8A
:100D700040000AFFFFFFF400007FFFFFFE2000009D
:100D800001100000000000AF00000000018FFA30E9
:100D9000000002EFFFFF500000BFFFFFFF10001F29
:100DA000FFFFFFF50003FFFFFFFF70005FFFFFFF86
:100DB000F90008FFFFFFFFC000DFFFFFFFFF209FDC
:100DC000FFFFFFFFFD0EFFFFFFFFFFF202222222C7
:100DD0002221000008FFC00000000009A20000005E
:100DE0005BBBBBBBBBBBBBA3FFFFFFFFFFFFFFFBAF
:100DF000FC0C30E11D0D11FCFC0B30E01D0D10FC56
:100E0000FFFEFFEFFEFEEFFCFFF15A0870A05FFC53
:100E1000FFF37B2992C27FFCFFBFCBBBBBBFCBFCE8
:100E2000FC0B2000000D00FCFFCFCCCCCCCFCCFBCA
:100E30009FFFFFFFFFFFFFF6000000000000020021
:100E4000000000000005DFB00000000007EFFFD049
:100E500000000018FFFFFF70000029FFFFFFFF00E8
:100E6000003BFFFFFFFFF8000AFFFFFFFFFFF1005D
:100E70000FFFFFFFFFFFA000049AAAAFFFFF2000B3
:100E80000000000EFFFB00000000000EFFF4000059
:100E90000000000EFFC000000000000EFF50000028
:100EA0000000000DFD00000000000004B300000081
:100EB00035555502000FFFFFF2F400FFFFFF2FF43E
:100EC0000FFFFFF2FFF3FFFFFF32221FFFFFFFFFC5
:100ED000F7FFFFFFFFFF8FFFFFFFFFF8FFFFFFFFA1
:100EE000FF8FFFFFFFFFF8FFFFFFFFFF8FFFFFFFF9
:100EF000FFF8FFFFFFFFFF8FFFFFFFFFF88AAAAA9F
:100F0000AAAA300000002455310000000003AFFF02
:100F1000FFFFC7000002BFFFFEDEFFFFF6005FFF1E
:100F2000B51000038EFFB0DFD300000000008FF586
:100F3000180005AEFEC81004600002DFFFFFFFF8D6
:100F40000000000CFF95347DFF40000002A200006D
:100F50000077000000000002960000000000000082
:100F60000DFF500000000000000EFF6000000000B8
:100F7000000005DA000000005BBBBBBBBBBBBBBA1B
:100F800020FFFFFFFFFFFFFFFF90FC122222222223
:100F9000220FF7FC5FFFFFFFFFFF2CFAFC5FFFFF54
:100FA000FFFFFF21FAFC5FFFFFFFFFFF27FAFC2690
:100FB00066666666661FFAFEBBBBBBBBBBBBBFB14A
:100FC000AFFFFFFFFFFFFFFF500000000000000029
:100FD00000005BBBBBBBBBBBBBBA20FFFFFFFFFF7F
:100FE000FFFFFF90FC1222222221000FF7FC5FFF7F
:100FF000FFFFF8000CFAFC5FFFFFFFF80001FAFCAE
:101000005FFFFFFFF80007FAFC2666666663000FC5
:10101000FAFEBBBBBBBBBBBBBFB1AFFFFFFFFFFF5C
:10102000FFFF500000000000000000005BBBBBBBE6
:10103000BBBBBBBA20FFFFFFFFFFFFFFFF90FC120F
:1010400022221000000FF7FC5FFFFFD000000CFA17
:10105000FC5FFFFFD0000001FAFC5FFFFFD0000043
:1010600007FAFC2666665000000FFAFEBBBBBBBB4E
:10107000BBBBBFB1AFFFFFFFFFFFFFFF5000000092
:101080000000000000005BBBBBBBBBBBBBBA20FFCA
:10109000FFFFFFFFFFFFFF90FC1222000000000F88
:1010A000F7FC5FFF300000000CFAFC5FFF3000002F
:1010B0000001FAFC5FFF3000000007FAFC26661012
:1010C0000000000FFAFEBBBBBBBBBBBBBFB1AFFF99
:1010D000FFFFFFFFFFFF50000000000000000000C6
:1010E0005BBBBBBBBBBBBBBA20FFFFFFFFFFFFFF70
:1010F000FF90FC0000000000000FF7FC0000000063
:1011000000000CFAFC00000000000001FAFC0000E6
:101110000000000007FAFC0000000000000FFAFECB
:10112000BBBBBBBBBBBBBFB1AFFFFFFFFFFFFFFF45
:10113000500000000000000000000000000007B2A6
:101140000000000000000ADFFA000000000000A913
:101150003DF5000000044002E00010000000AFF880
:101160000B600000006C30FFFFFFFFFFFFFFFFF48C
:10117000AFF9000C5000006D4005500004C00000A5
:10118000100000000000C43EE80000000000002E37
:10119000EFFA000000000000004FFA00000000001D
:1011A0000000000000000000011000000007EFFF39
:1011B000B30000AFFD8FFF2004FFFD09FFB00AFE62
:1011C000FD12AFF00EF55D2C0EF30FFF33129FF5FD
:1011D0000FFFF307FFF60FFFE206FFF60FFE2413E3
:1011E0007FF50DF57D2C0DF30AFFFD11BFF003FF18
:1011F000FE0BFFA0007FFEBFFE100003ACDC8100F1
:1012000000003443000005667FFFF96650FFFFFFD2
:10121000FFFFFF356666666666501CCCCCCCCCC43E
:1012200002FFFFFFFFFF602FF3FB7F6DF602FF2F32
:10123000B7F5DF602FF2FB7F5DF602FF2FB7F5DF1A
:10124000602FF2FB7F5DF602FF2FB7F5DF602FF313
:10125000FB7F6DF601FFFFFFFFFF5007BCCCCCCC3E
:10126000900000000000000120000000000004FFCA
:10127000500000000002FFFF500000000439FFFE94
:1012800000000004FF39FFA0000004FFFF39B00098
:101290000004FFFFFF20000004FFFFFFB000000478
:1012A000FFFFFFB0000004FFFFFFB0000004FFFFDE
:1012B000FFB0000000BFFFFFB00000000DFFFFB057
:1012C00000000000FFFFB00000000009A86000005F
:1012D0000000000000178888888887400002EFFF20
:1012E000FFFFFFFFF4003EFFFFCFFFCFFFF703EF4D
:1012F000FFF908F809FFF83EFFFFFE20402EFFF837
:10130000DFFFFFFFE101EFFFF89FFFFFFF80008F8E
:10131000FFF809FFFFF902C209FFF8009FFFFE4E28
:10132000FE4EFFF80009FFFFFFFFFFFFF700008FF1
:10133000FFFFFFFFFFC100000000000003EFFFFF01
:10134000E203FBFBCEBFA4FF1D03A1FAFFF1D03ADD
:101350001FAFFFFFFFFFFAFFFFFFFFFFAFFFFFFF22
:10136000FFFAFFFFFFFFFFAFFFFFFFFFFAFFFFFFE7
:10137000FFFFAFFFFFFFFFFAFFFFFFFFFFADFFFF24
:10138000FFFFF829AAAAAAA8000000000000000395
:1013900000000000000004F1000820000001FF1020
:1013A0000BF70000002FF10CFF94444445FF1BFF96
:1013B000FFFFFFFFFFF18FFFFFFFFFFFFD007FF744
:1013C0000000000000006F6000000000000030001E
:1013D00000000000DD2E0208AD2E02080A00020007
:1013E00000FF0000F01305080000000000000000EE
:1013F0009C260508AC2105080821050808140508E5
:101400001000022848D0002018140508682005089C
:10141000C81F05083D31000000000000000000006A
:1014200000000000010000000001000000000000BA
:1014300000000000000000000000000000000000AC
:1014400000000000000000000000060003FD000096
:101450000000F9F801060302FB0106000501040083
:10146000000000000000000000000801FF00000074
:101470000000000000000000000300FC000000006D
:1014800000FD02030000FF00FF0100FF00FFFFFD61
:1014900000000000FF0000FEFE0000FF00FD000055
:1014A00000000000000000FFFF00FE00FD00F10052
:1014B00000FD0003040000FD01010403FE03000021
:1014C000F90000000000000000000000FB00000028
:1014D0000000000000000000000000FDFEFA00FB1C
:1014E000FF00000000000500FCFF000000FE0000FF
:1014F000FFF70000000000000000000000F6FF05FC
:10150000000000000000000000000000FB000000E0
:10151000000000000000000400010000FD000000C9
:1015200000000000000000000000000000000501B5
:1015300000000000000000000000000000000000AB
:10154000000000000000000000000000000000009B
:101550000000000000000000FB0000000000000090
:10156000000000000000000000000000000000017A
:10157000030104FF000003FFFCEE01030300FE0073
:10158000050004000400F400FE040004FF03010051
:101590000000FF0000FE0A000A0004000502020429
:1015A000000000FB0000000000FF0001FEFEFD0146
:1015B00000FF000000FB0000000000000000000031
:1015C00000F8000000000000000000000000000023
:1015D0000000F900F800000000FF000DFEFE010110
:1015E000FF00FE010000F900000000000000000004
:1015F0000000F400010000000000000000000000F6
:1016000000F800080000FB000400F7F4F7FD0400F8
:1016100000F70002FD00FE000000000000000000D6
:101620000000000304F000000000000000000000C3
:10163000000006000100000000000101FEFD0000A6
:1016400000FF0000FF000000FD00FF00FDFD00FDA9
:10165000FCFCFE00FD00FD00000000FF000001009A
:1016600001FF000000000001FF000000FF01010079
:10167000000000FE00000000000000000002FF006B
:10168000FE00FE0000FF00040000FF00000000005C
:101690000000FFFF0000FF00FF000000000000004E
:1016A0000000FFFF00FFFE0000000000000000FF40
:1016B00000FFFFFF000000000000000000FF00002E
:1016C0000000FFFE00FE00FCFFFC030000FD010324
:1016D0000300FD00FE0000FA01FF01F90100000017
:1016E000F900F9FFF5FF00FA000304000200000012
:1016F000000000FEFE00FC000000FF000000FF00F4
:1017000000000000FFFF00FFFE00000000000000DE
:10171000FFFF00FFFEFF0000FF00000000000000D0
:1017200000000000FFFF00FE00FF00FD010000FEC2
:10173000010101000000000000FF000000000001A6
:101740000000FF00FFFFFE0000000000000001009D
:10175000FF00000000FFFE00FE0004FF00FC000090
:1017600003FAF9FBFD0100FFF8FE00FE00FD02FE9A
:10177000F800FD0000010001FF000100FCFB00FA81
:10178000FDFDFDFCFEFD00FEFD01000000FF000070
:10179000000100010000000000000000000000FF48
:1017A00000FF0000FF00FEFDFD0000FC0000000047
:1017B0000000FF0000000001FF0000000100000029
:1017C0000000000000060000000000000100000012
:1017D000FF0000000000000000000000FE0001000B
:1017E000000000000000000000000000FF000000FA
:1017F000FE00000000FAFC000000FEFA0000FF01FD
:1018000000FD00000000000000000000FE0000FEDF
:101810000000000000000000000000000100FE00C9
:10182000000000020001FDFD00FFFFFE00000000BF
:101830000000FC00FF00FEFF00FDFDFCFF00FD00BE
:10184000FC000000000A0000010000FE000100FA98
:101850000000000000F4FE0404FFFB0001FE00FA9B
:10186000FFFE01F7FF020002FCFEFBFCFB0000F89C
:1018700000070000FF000000FFFFFFFDFC00F40078
:101880000000000000000000000000000000000058
:10189000000000000000000000FF00FFFFFE00004D
:1018A000FD00FF000000000000000000000000003C
:1018B00000000000FD000003000200FD01FF00FD2C
:1018C000FF00FEFFFF00FEFE0000FF00FFFEFE0027
:1018D00000FF0001FF00FD000000FD00FE00FEFE15
:1018E000010000000000000000FD0100FE00FFFEFE
:1018F000FCFFFFFF00FFFE000000000000FFFFFFF5
:101900000000000002FF00FF000000FFFEFFFFFEDE
:10191000FF0001050000FD00FF0300FFFBFE0200C9
:1019200000FAFE01FE0100FFFFFC00FE010000FEC8
:101930000000000101FDFE00FEFFFEFFFF00FE01B2
:10194000FEFE040000000000000000000100000096
:101950000000000000000000000000000000000087
:1019600000000000FE000000000000000000000079
:101970000000000000000000000000000000000067
:101980000000000000000000000000000000000057
:10199000FF00000000000000000000000000000048
:1019A0000000000000000000000000000000FFFF39
:1019B000000000000000000000000000FE0000FE2B
:1019C0000000FFFF00000000FF00000000FF00001B
:1019D000000000FF00000000FE00FD000000FC0011
:1019E00001FD0300FFFA0000FDFF00FBFDFC00000D
:1019F000FAFFFBFBFA00FD000109FE00FDFF00FFFE
:101A0000FEFDFEFBFBFDFF0000FF00000000F7FFF6
:101A10000403FDFB0000FC00FAFFFF03F4FE0000DE
:101A200000F8FEF9FFF70000F700080000FF0000D3
:101A30000000FFFFFBFF00F800000000FC00FF00BB
:101A400000FCFA0000FFFEFCFF00FF00000000FAAF
:101A5000FFFCFCFFFEFDFFFE00FDFFFCFE00FEFEA6
:101A6000FFFE000100FFFC000300FE00000000027A
:101A70000001FD0500FFFFFE000000000000FC006B
:101A8000FF00FEFF00FDFDFCFF00FD010500000062
:101A9000000A0000010000FE00010000000000003C
:101AA0000000000000000000FFFD0000000000FF3B
:101AB000000000FFFF0000FDFF0000FD0002FF002E
:101AC00000000000000100000000020301FF00FC14
:101AD000FE0004FCFCFDFD050201F5FF03FF00FF15
:101AE00001FFFC00FF01FEFFFCFF0000040300FCFF
:101AF00000F9FE04FEFB00FEFCFCFF050100FE00F9
:101B0000FD000104FDFBFBFD040000F7FF01FEFFEB
:101B1000FD00FDFBFEFEFF0000FDFDFF000403FFD6
:101B2000F900F9FE00FCF900FCFEFCFC030000FEDD
:101B300000FDFF00FFFE0002FC010000F900FFFDB8
:101B4000FEFFFCFDFCFD00FCFFFDFEFCFF000000B5
:101B500006FE00FCFF00FFFDFDFDFCFBFEFD03009B
:101B6000FE00FAFE0103FCFBFDFC04FF01F4FE0392
:101B7000FDFEFB00FCFBFEFFFFFFFDFC0000000480
:101B800004FFF800F8FD03FBF7FDFCFBFAFC030083
:101B9000000000FE000001FE0301FE030000FC0047
:101BA0000000000000FF000000000000FF00000037
:101BB0000001040000FE00000000FFFFFE00000026
:101BC0000001000000000100FF000500020000FE0F
:101BD0000003000000010000000000000000000001
:101BE00000040004000000000000000000000000ED
:101BF0000000F800FF02000400000D02FDFD0101DD
:101C0000FF00FA000006F8000000000000000000DD
:101C10000000F705120000000000000000000000B6
:101C200000F80000000000000000000000000000BC
:101C3000000000000000000000000000FE0000FEA8
:101C4000FF00000000000000000000000000000095
:101C500000000000FF00FD00000000000111FDFF7A
:101C60000403FD0100000101FE000000000000006F
:101C700000000000EF040000000000000000000071
:101C800000000000000000FC000000FD000000005B
:101C9000FDFF000000FD00FE00FA00000000000053
:101CA0000000000000F7000000000000000000003D
:101CB00000FF0000FE00FE00FD000000FE01FE002F
:101CC00000FDFFFD0000FD00FF00FA00FF0000F630
:101CD000FEFBFFFB0000F700FDFF0000000000001E
:101CE0000000FEFEFFFE00000000FD00FD02FF03FD
:101CF00000FFFDFFFEFE00FEFFFF01FD00000000F3
:101D0000F5FFFE00FD00FFFAFF0000FFFF000000EE
:101D1000000100FFFEFF02000000000000000000C4
:101D200000000000000000000000000000000000B3
:101D300000000000000000000000000000000000A3
:101D4000000002000000000000FD00FF000000FD98
:101D500001000000FDFFFD0000FC00FF00FA000094
:101D60000000F400FDFBFA0000F700FFFE00000099
:101D70000000000000FFFEFFFE00000002FE000465
:101D800006FFFFFC02060203FD0205020403030036
:101D9000000000000000000000000806FEFF00FF39
:101DA0000A060A000000010000050000FE00000015
:101DB000000000000000FF00000000000000000222
:101DC00000000000F5FEFFFBFA0000F70000000035
:101DD00000000000000000000000000000FE000005
:101DE00000000000000000FF0000000000000000F4
:101DF0000200000000F5FEFFFBFA0000FB000000FF
:101E000000000000000000000000000000000000D2
:101E1000FF000000FD0100FF010201FC0000FF01C6
:101E2000000100000000FD00FFFFFD00FFFB0008B7
:101E3000FF00FDFF00FFFE00FFFCFDFE000000FEB6
:101E4000000000000000000000FF00000000000093
:101E500000000200000000F5FEFFFBFA0000F700A2
:101E6000000000000006000000000000000000006C
:101E7000FE00FCFEFF04FFFFFB00FF00FFFD000370
:101E800000010001FDFBFE00FBFEFDFBFB00FEFD73
:101E9000FEFEFFFFFEFF00FF00020002FF00040045
:101EA0000000000000000000000000FFFFFF000035
:101EB000FD00FF00FE000000000000000000000028
:101EC000F80000000000000000000000FFFF00FE1E
:101ED00000000000FF0000FEFF0100FEFEFF00FC0E
:101EE000FFFDFFFE00FE00000000000000000000FB
:101EF00000F700040000FE00000000FE00FF0000EC
:101F0000FF0000FF00FD000005FEFCFC01010100D8
:101F1000FC010201040104FFFD0000FB0000FCFDC8
:101F20000000FD00FEFE00FE00FE00FF0200FFFCC0
:101F3000FF050000FF00FD000002FD0001FF0100A1
:101F400000FC00FF0000FF01FF000000FBFEFD00A1
:101F5000FC0000FA0005FF00FE000100FF00FFFC8E
:101F600000FF0100000000FF000001FE000000FE75
:101F7000FF00FE0000000000000000000000000064
:101F800000000000F800030000FF00000000000057
:101F9000FFFF0000000300030000000000F8F9004C
:101FA000060402FB0105000500030000000000001C
:101FB000000000000007000000000000000000001A
:101FC0000000000000000000000001020003040502
:101FD00002060708090A090A0B0C0D0E0F10110C56
:101FE00012131415150000001617181917191919CE
:101FF0001719191A1919191917191719031B1C1D63
:102000001D1E1F202122230024002526272727000C
:102010002726282926262A2A272A272A2B2C2D2E2E
:102020002E2F2E300000230931090000000000008F
:1020300000000000000000000000000000000000A0
:102040000000000000000000000000000000000090
:102050000000000000000000000000000000000080
:102060000000000000000000000001020003040561
:1020700002060708090A090A0B0C000D0E0F1011C1
:1020800012130C14140000001516171819161A1B39
:102090001C1D1D1E1F201D1D1621222303241E256D
:1020A00025262728292A2B002C002D2E2F303132CF
:1020B000332D343435302D2D2E2E36373839333AF2
:1020C0003A3B3A3C290000093D09000000000000AD
:1020D0000000000000000000000000000000000000
:1020E00000000000000000000000000000000000F0
:1020F00000000000000000000000000000000000E0
:102100000000000000000000200000005F0001004F
:10211000000000000000000000000200B00000000D
:10212000F3F7600030210508000000003E000300C6
:102130000000721F51EF58EF5BEF5CEF5DEF61EF56
:1021400063EF65EF69EF6CEF71EF76EF77EF78EFA4
:102150008EEF93EF98EF9BEF9CEF9DEFA1EFA2EF37
:10216000A3EFA4EFB7EFB8EFBEEFC0EFC1EFC4EF3E
:10217000C7EFC8EFC9EFCBEFE3EFE5EF14F015F0D1
:1021800017F019F030F037F03AF043F06CF074F0DB
:10219000ABF03BF190F191F192F193F194F1D7F121
:1021A000E3F13DF254F2AAF412F7F2F70000000056
:1021B00000000000000020020000000000002002DB
:1021C0000205000005002003030300020A00A00529
:1021D000060500001900F004050700FF2B00C006EB
:1021E000070500003D008005060600FF4F00B00116
:1021F000020300025200B002030700FF5D00B002BC
:10220000020700FF64003003040300036A00A00417
:10221000050400017400D001020300FF77001003E1
:10222000030100027900D001020200007B00D0020D
:102230000507FFFF8D005005050500009A00F0021C
:1022400003050000A200900405050000AF00900403
:1022500005050000BC00600506050000CB009004E9
:1022600005050000D800F00405050000E500D004D5
:1022700005050000F200200505050000FF00F00440
:10228000050500000C01D001020400001001D0017E
:10229000020600FE1601A004050500002301A004AB
:1022A000050300012B01A00405050000380190047E
:1022B0000505000045014008080600FF5D01E00536
:1022C0000705FF006F011006060500007E01D0051E
:1022D000060500008D01A006070500009F016005AE
:1022E00005050000AC01100505050000B901300628
:1022F00006050000C801800606050000D70180021F
:1023000002050000DC0120040505FF00E901C0050D
:1023100006050000F801C004050500000502A0073D
:102320000705000017028006060500002602C00609
:10233000070500003802C005060500004702C00678
:10234000070600FF5C02D005060500006B02F004E2
:10235000050500007802B00405050000850250065E
:10236000060500009402B0050705FF00A60200095B
:1023700009050000BD02600506050000CC0230051D
:102380000705FF00DE02400506050000ED02B00271
:10239000030700FFF802D0020507FFFF0A03B0029F
:1023A000020700FF1103B004050300011903000434
:1023B000040100FF1B03D004030100051D03D0042A
:1023C0000504000027037005060600003903900489
:1023D0000504000043037005050600005203E004F5
:1023E000050400005C03D0020406000068038005B9
:1023F000050500FF75037005050600008403400213
:10240000020600008A0340020307FFFF9503F00461
:1024100005060000A403400202060000AA0370089B
:1024200008040000BA03700505040000C403100589
:1024300005040000CE037005060500FFDD037005EE
:10244000050500FFEA03400304040000F203000452
:1024500004040000FA03500304050000040470059E
:10246000050400000E0480040604FF001A0430076F
:10247000080400002A0470040504000034048004E9
:102480000605FFFF43043004040400004B04D0029F
:10249000030700FF56046002020700FF5D04D0023C
:1024A000030700FF6804A004050200026D04600336
:1024B0000303000372048002020300017504000894
:1024C000080900FF9904000808060000B10400088C
:1024D000080800FFD104000808060000E904800590
:1024E00006060000FB040008080800FF1B050008A2
:1024F000080800FF3B050009090800FF5F05000808
:10250000080800FF7F050009090600009A05000879
:10251000080A00FEC2050004040700FFD0050006FB
:10252000060700FFE5050009090800FF0906000885
:102530000806000021068005060800FF390600078E
:10254000050801FF4D060007070A00FE7006000798
:10255000070800FF8C060007070800FFA806000711
:10256000050801FFBC0600070908FFFFE00600059B
:10257000050800FFF4060005050800FF080700072E
:10258000070800FF24070007070200022B070009C5
:10259000090600004607000A0B08FFFF7207000942
:1025A0000B08FFFF9E070008080800FFBE07000792
:1025B00007060000D307000707060000E807000A27
:1025C0000B07FFFF0F080008080600002708000897
:1025D000080800FF470800080909FFFF7008000706
:1025E000080800FF90080007070800FFAC08000774
:1025F000070800FFC8080007070800FFE4080008F4
:1026000008060000FC0800050708FFFF180900077E
:10261000070800FF34090007070800FF50090009F8
:10262000090600006B0900080A0AFFFE9D09000662
:10263000060800FFB509000A0A0800FFDD09000AC4
:102640000A060000FB09000A0A060000190A000A2F
:102650000A060000370A000A0A060000550A000AA6
:102660000A060000730A000A0B0800FF9F0A000711
:10267000070800FFBB0A0007070800FFD70A000889
:102680000909FFFE000B000A0A0600001E0B0006E7
:10269000070800FF3A0B10080906000058574623A8
:1026A0004673972900000452604B9BA30807206CD7
:1026B0008C81090900008002BDA27680008D810016
:1026C0008495ADB300800058706308083600275821
:1026D0006710082726062088200999000B3A001960
:1026E000C220831AA03A999200000072720008205A
:1026F000B01A03801A00B0082073190B0C0B197361
:1027000048406E8015100020000A0049D9100A00C8
:102710000075715A600074000A0002800082000A8D
:102720000004600091001900000ABB26601B9300A2
:10273000C6601B0ABB209E20A20A20A20A206AB9FA
:102740000000C000580087009EAA307ABE000A2010
:1027500004A90000A28AA90000490003A0001B08E8
:10276000208BADB20009303DAA0560005BA80000D7
:10277000937AAA0009AA367000989A26802A099AA4
:1027800040CAAD6700C00067000C000670001AABBD
:102790002560481DAD38401B3A9A404A990B109568
:1027A0003A998000953AB80074000074740000757E
:1027B000620000010049805C300016910000004971
:1027C000991000004999101000039820006D14948E
:1027D000000000006AB90000C000A40003000280ED
:1027E0000003877850284A9C7580B00A2880B00A78
:1027F00028284999A603887500000B9000038A10C9
:1028000000B139004D99D10B1003902D99B12A00D8
:10281000842D9AD12A00392D99B407BAA259000003
:1028200093000059000007BAA22EABB302A001C06A
:102830002A000922A001C02EABB3002EAA82A0005C
:102840002DAA42A0002EAA902EAA82A0002EAA4253
:10285000A0002A000007BAA25900009300235900E3
:102860004707BAA32A002A2A002A2EAABA2A002A2F
:102870002A002A2A2A2A2A2A05AD50007500075064
:10288000008409AB002A01A22A1B202CC7002D19A5
:10289000502A00A42A0002A0002A0002A0002EAAAA
:1028A000702C0003C2D700BC299284C291B90C29B4
:1028B0000300C02D102A2CB02A2A4B2A2A05CA2A26
:1028C000007A07BBB3059001C1930008459001C190
:1028D00007BBB3002EAA902A00842A00A32EAA6068
:1028E0002A000007BBB3059001C193000845900082
:1028F000C107BBB3000039932EAA902A00842A0096
:10290000A32DAC802A01A12AAA27600008981000F4
:10291000495AAA30AAEA600C0000C0000C0000C0AE
:10292000003900483900483900481C006606BAA042
:102930000B1005704900B000C15700049C00000C4A
:1029400070009400F10393A06970930C0B0B0B00C3
:102950007980897001F202F1005802A0087B100012
:10296000F5000A4B107602B00A200B001B0930005C
:102970005B800000D000000C00006AACD0001B108F
:1029800000B2000B30008DAAA02D429029029029A0
:1029900002902D40190000A0000550000A0000918F
:1029A000000370000A008C0C0C0C0C0C8C03C00093
:1029B00094502709007777066029980298D0840CF4
:1029C00013B9D14800004800004CAB504A00C04A3F
:1029D00000C04CAA501AAA184000840001AAA10005
:1029E00000B0000B1AAAB9403B9402B1A99B1999F7
:1029F000199886850101AAB10AA02A009D702900B4
:102A0000290029001A99B9401C9402C1AAAB189A4E
:102A10003048000480004C9B44901B4800C4800C4C
:102A20003700484848480370000380380380386BFB
:102A3000404800048000480A449C304D6A04807776
:102A40004848484848484C9B89B44903B00B480261
:102A5000A00C4802A00C4C9B44901B4800C4800C66
:102A60001AAA18403A8403A1AAA14CAB504A00C04C
:102A70004A00C04CAA504800001AA9B9403B940330
:102A8000B1AA9B0000B04BA04A00480048005B95EB
:102A9000873003797AA629009D70290029000B90C0
:102AA0005701B5701B4803B0A99B0B00840570B09B
:102AB00000B750006D00B00E20A0555982800AA0CA
:102AC000A82009806B00671B009B100AB20751B059
:102AD0000B10830381A000AA30004A000AB20059FB
:102AE000BB01B10B209C980A60C00C05B00C00C063
:102AF0000A60282828282828289700B00B00D30B24
:102B000000B0970029351506802647072750005D3D
:102B10000200000000000026BE008DFFFF00FFE95C
:102B20005F00F3000F00F0000F00F00AFFAFF00AA3
:102B3000FAAFA00000BDCCCEAB8B000758CD666AC3
:102B4000ACCD666AAC8B000758BDCCCEAB34144418
:102B500043FF7FFFFFAB4BBBBABC5CCCCBFF7FFF1F
:102B6000FF67178886FF7FFFFFAB4BBBBA000000F3
:102B70009A000009FAA9009FA0AF99FA000AFFA0E5
:102B80000000990000630082CF4AF41DFF600AFF35
:102B900030AF7DF3A601B3000C51001D7D6E708D2A
:102BA0000D65F1C70D60E6D70620E69D0004F21E14
:102BB000C78F80019DC600000CC000188FF8818F60
:102BC000FEEFF82FE00EF22FE00EF28FFEEFF81876
:102BD0008FF881000CC000000030220000AFAAA0D6
:102BE00001DA6AFA03E8BFB8E3B6DFFFD6B08FFBBD
:102BF000FF8008FC0CF8005B808B50000FF0000099
:102C00000FF000000FF00007FFFF70009FF9007841
:102C10007AA787FFFBBFFFFFFFFBBF05FFFFF501A3
:102C2000E30003E1A8000008AFFF606FFFFFFFFFB4
:102C3000FFFDFFFFFFFD0000000302BFFB3F2E91E1
:102C400018FF9A006CFF3100244444420013FFC671
:102C500000B9FEA55BD1F28CC8103000000000095D
:102C600034CFFFFFFFFFABFF004F0001000900342E
:102C7000CF01FFFF1BFFFF1BBBFF01004F00000147
:102C8000000000005400009023B334CF02C3BFFF04
:102C9000F1B56CFFFF1B56CABFF02C3A004F023B48
:102CA0003000100540DFFFFFFDF07FFFFFF8CFB1E0
:102CB000BFFB5B000FF000000FDFFFFFFD00B40063
:102CC00003FB000BFF406FFFD0DFFFF5F8FFF7AA13
:102CD0008FF21AFD4040002F208FF29FFFCFFFFFA1
:102CE000FFFF5EFFF22EFB10190000000DA1000097
:102CF000FFF7000FFFFD40FFFFFFAFFFFFFAFFFFF1
:102D0000D40FFF7000DA1000000000009B909B9F22
:102D1000FF0FFFFFF0FFFFFF0FFFFFF0FFFFFF0FB1
:102D2000FFFFF0FFF24202422444442FFFFFFFFF67
:102D3000FFFFFFFFFFFFFFFFFFFFFFFFFFFFFFFFA3
:102D4000F8BBBBB820004F802FFF92FFFFCFFFFFE3
:102D5000FFFE5FFD22F9101B0000200000008F80A5
:102D600000007FFF70005FFFFF500EFFFFFE005866
:102D70008888500FFFFFFF00ABBBBBA000062007F9
:102D8000F407F505F6001EB0002EB0002E6000100E
:102D9000260004F70005F70006F500BE10BE206E01
:102DA000200010000004000003F300004F40078AD9
:102DB000FA87EFFFFFE004F400004F400001B1008C
:102DC0007888887EFFFFFE008CCC8001DD163DD127
:102DD000CF55ED5FCBF5DFD5FC1DD373DD1008DCDF
:102DE000C8101D30000000005E8CCCA200002DB485
:102DF00049F4007A1AFF3FE107FA06F7FF100AF3D9
:102E000003EF400006CC71BB1000000000890000F9
:102E10003E300000000CFC00000006FCF600000044
:102E2000ED0DE000008FE0EF80002FFF6FFF200B23
:102E3000FFE2EFFA00DFFFFFFFD0000000204400B8
:102E400004F5EFB1CFFD018CD1C101DC81C1EFC12F
:102E5000BFFD440004F5000000200000000004E471
:102E60000004FCF404F808F4B80008B00000000006
:102E700000000B80008B4F808F404FCF40004E40B2
:102E800000000000009414444000BFF8BBBF1008CD
:102E9000B76000E1000B40001E2000B7445EFD500B
:102EA00007BBB85F80000000002000DFFB0000FFD0
:102EB000FFFFFDFFFFFFFFFFFFFFFFFFFFFFFFDF44
:102EC000FFFFFD00099000009FF90007FFFF700061
:102ED0000FF000000FF000784FF487FFE88EFFFF3F
:102EE000FFFBBF0000000000000007EA000000EF49
:102EF000E000000CFC0000004F7000001DE007DC4B
:102F00004DF300EFFFE3000AEC7000000300000047
:102F1000CDC02DC0E7F2EE204BFFE20004FFA00081
:102F2000CDF9F900E7E07F904A40045000FFF747F1
:102F30004FFF47F8FFFFFF8FFFFFF8FFFFFF8FFFF7
:102F4000FFFB78887FFFFF002444410FBBBBE2F00A
:102F5000000FDF4444FFFFFCFFFFF909FFFFD5DF4F
:102F6000F8BBBBB80111110FFFFFFF01111105558F
:102F70005555CCCCCCC0111110FFFFFFF011111032
:102F8000DFFFFFFD9FFFFFF9B7FFFF7BFE7CC7EF71
:102F9000FFFAAFFFDFFFFFFD07FF6000AFF2000C9D
:102FA000FF8700EFFFB0078EF20000F800003E0040
:102FB0000006500079B9700FFCFF00FF68830FF81E
:102FC000FF8BFF8FF88FF8FFFF788FFFF007FFFF71
:102FD000000D00004EFE300DFFFD00FFFFF03FFF33
:102FE000FF3BFFFFFB7888886004F400DFFFFFFFF2
:102FF000DF1881881FFEAACAAEFFEAACAAEFF180F3
:103000000081FDFFFFFFFD00000000000000004BFD
:10301000C000005CFFB0006EFFFF400DFFFFFC0032
:103020000688CFF50000008FE00000008F600000F0
:10303000005D00000000000000FFF8B0FFF8FBFF9B
:10304000FC88FFFFFFFFFFFFFFFFFFFFFFFFFFFF0A
:10305000FF000477400009FFCCFF90CD400004DC66
:10306000204BFFB40201FA55AF1000002100000010
:1030700000EE000000008700002444444440FBBBF5
:10308000BBBBDAF7EEEEEE5FF8FFFFFF2FF56666EB
:1030900066AB8BBBBBBBB32444444440FBBBBBBB54
:1030A000DAF7EEEE705FF8FFFF802FF5666654AB3F
:1030B0008BBBBBBBB32444444440FBBBBBBBDAF774
:1030C000EEE0005FF8FFF0002FF5666444AB8BBBC9
:1030D000BBBBB32444444440FBBBBBBBDAF7E700B3
:1030E000005FF8F800002FF5654444AB8BBBBBBB19
:1030F000B32444444440FBBBBBBBD8F00000005F9A
:10310000F00000002FF4444444AD8BBBBBBBB300C4
:1031100000000000000007D800000007364000094A
:10312000B191111720EF88D888D902200648700085
:10313000000006EC0000000000000006DDC304FFF4
:103140003ED09CB55F2BF71AF4BF81BF39C964F23A
:103150004FF3DE006DED3078DFD8778888878FFFFA
:10316000FF88CC8CC88CC8CC88CC8CC88CC8CC854B
:10317000FFFFF50000007E3000004BFE00008F9B3B
:1031800070008FFF40008FFF80007FFF80000EFFE8
:10319000800000EE700000000000000000AFFFFFA4
:1031A000FC0BFF9CC9FFAFFFC11CFFAFFFC11CFFA1
:1031B0000BFF9CC9FF00AFFFFFFC07FFFE17B62700
:1031C000C3FEB9BE3FFFFFF3FFFFFF3FFFFFF3FF6B
:1031D000FFFF3CFFFFE10000000300230002F02E90
:1031E00092225F0DFFFFFFF02E92222100230000AC
:1031F00000000000E1C6D165C145B0E3D8CCC0CB2A
:10320000A8AA8869893578F468D348B159B6517548
:10321000413430D23A5531F329B2190F1C5C1BBA34
:1032200013380A3404DC045A03B702B3057804B433
:103230000411030C044F03CD034B026845083C679F
:103240002BE61AE47D886CE754453343C646ADA5AA
:103250009CE483A2FEC6FE05FD44F3E2FD80FD0072
:10326000FC60FB60FC60F3E0EB60E280F283E24331
:10327000DA02B9A16A685A0649A53924536F42CCCB
:103280003229218773AE630C42082104EA8AE38E57
:10329000ECD3FE7AFF5DEA0FF312F476FDDAFF3D20
:1032A000AA37BB59CC9BE5FCF73E7AB893B9B4FB7F
:1032B000D63DEF3E5B587C399D5BC65DEF5E453E7B
:1032C00065BE965FBEFFE79F2DBE4E1E86BFB73F11
:1032D000E7BF263B4E9C86FDB75EE7BF25334DB565
:1032E0008658B6FBE79E65CD8630A6B4CF39EFBDD4
:1032F0009E6CAEB0C714DF79F7DDD70ADF2EE77317
:10330000F7B8FFDCFF6BFF8EFFB3FFD8FFFCFE4575
:10331000FEA9FF10FF76FFDCFD24FDA9FE70FF165D
:10332000FF9CFB88FC4CFD52FE77FF5C8B6CA44F2E
:10333000BD54D679EF5D7C939535B5F8CEDBEF7E45
:10334000BDF7E71CEF7DF7BEFFDF0000F206E8ECFB
:10335000993661D63A9624BE055E05FA04B14D6AE7
:103360008E09CEE7FF47FE00FCC0FAA47AA963F1FC
:103370009CF3000000003C027804B306EE08280B22
:10338000610D990FD01106143A166C189D1ACB1CBA
:10339000F71E212148236C258E27AC29C72BDF2D52
:1033A000F32F0332103418361C381C3A173C0E3EEB
:1033B000FF3FEC41D443B64593476A493C4B084D27
:1033C000CD4E8D504652F953A5554B57EA58825A67
:1033D000135C9C5D1F5F9A600D627963DD643966E2
:1033E0008D67D9681D6A596B8C6CB76DD96EF36F98
:1033F00004710C720B730174EE74D275AD767F7725
:1034000047780679BB79677A0A7BA27B327CB77CE6
:10341000337DA57D0D7E6C7EC07E0B7F4B7F827FD2
:10342000AF7FD27FEB7FFA7FFF7F000000040404B0
:103430000404040404040400000000000606060658
:10344000060605000000000000000000000000006B
:103450000000000002000000000000000000040066
:10346000000200020200000000000000020202024E
:103470000002000000020000000000000200000046
:103480000001010505050105000000000010010113
:10349000000000001002020C0C12120000000000DC
:1034A000B8B10408457602080000000000000000E2
:1034B000CD7A02080000000041040000B8B1040801
:1034C000118A02080589020800000000F18702083D
:1034D00004010D0000060000B8B10408DD8A0208EE
:1034E000000000000000000000000000D127D127EC
:1034F00044020000B8B10408A9940208B19102087E
:1035000000000000F196020804018200850300001B
:1035100080350508739D0208679D020800000000C1
:10352000000000000000000080040000B8B10408A2
:103530003DA2020821A2020800000000319F0208FB
:10354000D127D127C4020000B8B10408EBA40208B7
:1035500071A2020800000000C1A9020800000000DA
:1035600080020000B8B104081DA6020831A30208B9
:103570000000000011AC02088200D1270504000001
:10358000B8B1040811B10208E3B00208000000005D
:1035900015B30208D127D127C0030000B8B1040831
:1035A00081C60208A9BA020800000000D5C60208B8
:1035B000D127D127C0040000B8B1040811CF0208F8
:1035C000000000000000000085CD0208D127D127AF
:1035D000C00200009C35050800000000000000004B
:1035E00000000000F1D1020800000000C00400004B
:1035F000B8B1040825D40208000000000000000053
:10360000E5D40208D1278200C5020000BC340508B9
:10361000D5DA0208000000000000000031DB0208DB
:103620000000000085070000B8B1040899E6020810
:10363000C7E3020800000000D5E3020834001E00C2
:1036400084020000B8B1040809F302089DF20208E0
:103650000000000069EF0208D127D1278503000090
:10366000B8B1040875F7020809F402080000000068
:1036700095FE02080401820044060000053801029C
:10368000A00E0000883605080000FF0000FF0000C3
:10369000FF0000FF0000FF0000FF0000FF0000FF30
:1036A0000000FF0000FF0000FF0000FF0000FF001F
:1036B00000FF0000FF0000FF0000FF0000FF00000F
:1036C000FF0000FF0000FF0000FF0000FF0000FF00
:1036D0000000FF0000FF0000FF0000FF0000FF00EF
:1036E00000FF0000FF0000FF0000FF0000FF0000DF
:1036F000FF0000FF0000FF0000FF0000FF0000FFD0
:103700000000FF0000FF0000FF0000FF0000FF00BE
:1037100000FF0000FF0000FF0000FF0000FF0000AE
:10372000FF0000FF0000FF0000FF0000FF0000FF9F
:103730000000FF0000FF0000FF0000FF0000FF008E
:1037400000FF0000FF0000FF0000FF0000FF00007E
:10375000FF0000FF0000FF0000FF0000FF0000FF6F
:103760000000FF0000FF0000FF0000FF0000FF005E
:1037700000FF0000FF0000FF0000FF0000FF00004E
:10378000FF0000FF0000FF0000FF0000FF0000FF3F
:103790000000FF0000FF0000FF0000FF0000FF002E
:1037A00000FF0000FF0000FF0000FF0000FF00001E
:1037B000FF0000FF0000FF0000FF0000FF0000FF0F
:1037C0000000FF0000FF0000FF0000FF0000FF00FE
:1037D00000FF0000FF0000FF0000FF0000FF0000EE
:1037E000FF0000FF0000FF0000FF0000FF0000FFDF
:1037F0000000FF0000FF0000FF0000FF0000FF00CE
:1038000000FF0000FF0000FF0000FF0000FF0000BD
:10381000FF0000FF0000FF0000FF0000FF0000FFAE
:103820000000FF0000FF0000FF0000FF0000FF009D
:1038300000FF0000FF0000FF0000FF0000FF00008D
:10384000FF0000FF0000FF0000FF0000FF0000FF7E
:103850000000FF0000FF0000FF0000FF20A2FF307B
:1038600041FF3041FF4061FF4061FF5082FF5082C5
:10387000FF5082FF6882FF6882FF6882FF8861FFD5
:103880008861FF9882FF9882FF9882FFA182FFA142
:1038900082FFA2A2FFA2A2FFA2A2FFA3C2FFA3C215
:1038A000FF9CC2FF9CC2FF9CC2FF9CC2FF9CC2FF48
:1038B0006CE2FF6CE2FF6CE2FF44E2FF44E2FF4493
:1038C000E2FF14E5FF14E5FF14E5FF14E5FF14E53E
:1038D000FF14EBFF14EBFF14EFFF14EFFF14EFFFE7
:1038E00014D3FF14D3FF14D3FF13D4FF13D4FF1248
:1038F000F4FF1294FF1294FF1194FF1194FF1093A0
:10390000FF1093FF1093FF0870FF0870FF108DFFEA
:10391000108DFF108DFF1089FF1089FF1089FF1097
:1039200085FF1085FF1085FF1085FF1085FF10852E
:10393000FF1085FF1082FF1082FF1082FF1082FFB0
:103940001082FF20A2FF3041FF3800FF3800FF50F7
:1039500000FF5000FF6800FF7800FF8000FFA0001C
:10396000FFA000FFB800FFD000FFD000FFF800FF6D
:10397000F800FFF8A0FFFA00FFFA00FFFB60FFFC71
:1039800020FFFC80FFFDE0FFFDE0FFFF20FFFFE0E8
:10399000FFFFE0FFE7E0FFE7E0FFC7E0FF9FE0FF9A
:1039A0009FE0FF6FE0FF5FE0FF47E0FF07E0FF07FA
:1039B000E0FF07E6FF07E8FF07EAFF07F0FF07F071
:1039C000FF07F5FF07F9FF07FAFF07FFFF07FFFFF4
:1039D000073FFF061FFF05FFFF047FFF03FFFF03F5
:1039E0007FFF01FFFF01FFFF00BFFF001FFF001F60
:1039F000FF0019FF0019FF0016FF0012FF0012FF61
:103A0000000EFF000EFF000BFF0008FF0008FF0084
:103A100006FF0006FF0006FF0004FF0004FF00038E
:103A2000FF0002FF0002FF0000FF0000FF1082FF06
:103A30003041FF3800FF3800FF5000FF5000FF68A2
:103A400000FF7800FF8000FFA000FFA000FFB8008B
:103A5000FFD000FFD000FFF800FFF800FFF8A0FF44
:103A6000FA00FFFA00FFFB60FFFC00FFFC80FFFD97
:103A7000E0FFFDE0FFFF20FFFFE0FFFFE0FFE7E0EA
:103A8000FFE7E0FFC7E0FF9FE0FF9FE0FF6FE0FF81
:103A90005FE0FF47E0FF07E0FF07E0FF07E6FF0703
:103AA000E8FF07EAFF07F0FF07F0FF07F5FF07F958
:103AB000FF07FAFF07FFFF07FFFF073FFF061FFF94
:103AC00005FFFF047FFF03FFFF037FFF01FFFF01EF
:103AD000FFFF00BFFF001FFF001FFF0019FF0019BD
:103AE000FF0015FF0012FF0012FF000EFF000EFF87
:103AF000000BFF0008FF0008FF0006FF0006FF00A4
:103B000006FF0004FF0004FF0003FF0002FF0002A5
:103B1000FF0000FF0000FF1082FF3041FF3800FF70
:103B20003800FF5000FF5000FF6800FF7800FF8062
:103B300000FFA000FFA000FFB800FFD000FFD000F2
:103B4000FFF800FFF800FFF8A0FFFA00FFFA00FFFF
:103B5000FB60FFFC00FFFC80FFFDE0FFFDE0FFFFDE
:103B600020FFFFE0FFFFE0FFE7E0FFE7E0FFC7E047
:103B7000FF9FE0FF9FE0FF6FE0FF5FE0FF47E0FF98
:103B800007E0FF07E0FF07E6FF07E8FF07EAFF0798
:103B9000F0FF07F0FF07F5FF07F9FF07FAFF07FF40
:103BA000FF07FFFF073FFF061FFF05FFFF047FFF23
:103BB00003FFFF037FFF01FFFF01FFFF00BFFF00C7
:103BC0001FFF001FFF0019FF0019FF0015FF001263
:103BD000FF0012FF000EFF000EFF000BFF0008FFAA
:103BE0000008FF0006FF0006FF0006FF0004FF00BC
:103BF00004FF0003FF0002FF0002FF0000FF0000BF
:103C0000FF1082FF3041FF3800FF3800FF5000FFF7
:103C10005000FF6800FF7800FF8000FFA000FFA0B9
:103C200000FFB800FFD000FFD000FFF800FFF80051
:103C3000FFF8A0FFFA00FFFA00FFFB60FFFC00FFA7
:103C4000FC80FFFDE0FFFDE0FFFF20FFFFE0FFFF46
:103C5000E0FFE7E0FFE7E0FFC7E0FF9FE0FF9FE056
:103C6000FF6FE0FF5FE0FF47E0FF07E0FF07E0FFD7
:103C700007E6FF07E8FF07EAFF07F0FF07F0FF0787
:103C8000F5FF07F9FF07FAFF07FFFF07FFFF073FF1
:103C9000FF061FFF05FFFF047FFF03FFFF037FFFFA
:103CA00001FFFF01FFFF00BFFF001FFF001FFF001C
:103CB00019FF0019FF0015FF0012FF0012FF000E90
:103CC000FF000EFF000BFF0008FF0008FF0006FFCB
:103CD0000006FF0006FF0004FF0004FF0003FF00D2
:103CE00002FF0002FF0000FF0000FF1082FF3041D2
:103CF000FF3800FF3800FF5000FF5000FF6800FF52
:103D00007800FF8000FFA000FFA000FFB800FFD0F8
:103D100000FFD000FFF800FFF800FFF8A0FFFA0056
:103D2000FFFA00FFFB60FFFC00FFFC80FFFDE0FFEF
:103D3000FDE0FFFF20FFFFE0FFFFE0FFE7E0FFE720
:103D4000E0FFC7E0FF9FE0FF9FE0FF6FE0FF5FE065
:103D5000FF47E0FF07E0FF07E0FF07E6FF07E8FF98
:103D600007EAFF07F0FF07F0FF07F5FF07F9FF0776
:103D7000FAFF07FFFF07FFFF073FFF061FFF05FFD3
:103D8000FF047FFF03FFFF037FFF01FFFF01FFFF32
:103D900000BFFF001FFF001FFF0019FF0019FF00F9
:103DA00015FF0012FF0012FF000EFF000EFF000BB8
:103DB000FF0008FF0008FF0006FF0006FF0006FFE7
:103DC0000004FF0004FF0003FF0002FF0002FF00E9
:103DD00000FF0000FF1082FF3041FF3800FF380075
:103DE000FF5000FF5000FF6800FF7800FF8000FFD9
:103DF000A000FFA000FFB800FFD000FFD000FFF838
:103E000000FFF800FFF8A0FFFA00FFFA00FFFB60D8
:103E1000FFFC00FFFC80FFFDE0FFFDE0FFFF20FF57
:103E2000FFE0FFFFE0FFE7E0FFE7E0FFC7E0FF9F05
:103E3000E0FF9FE0FF6FE0FF5FE0FF47E0FF07E08C
:103E4000FF07E0FF07E6FF07E8FF07EAFF07F0FFCD
:103E500007F0FF07F5FF07F9FF07FAFF07FFFF0766
:103E6000FFFF073FFF061FFF05FFFF047FFF03FF64
:103E7000FF037FFF01FFFF01FFFF00BFFF001FFFE8
:103E8000001FFF0019FF0019FF0015FF0012FF00BF
:103E900012FF000EFF000EFF000BFF0008FF0008DE
:103EA000FF0006FF0006FF0006FF0004FF0004FFFE
:103EB0000003FF0002FF0002FF0000FF0000FF10F0
:103EC00082FF3041FF3800FF3800FF5000FF5000F4
:103ED000FF6800FF7800FF8000FFA000FFA000FF48
:103EE000B800FFD000FFD000FFF800FFF800FFF897
:103EF000A0FFFA00FFFA00FFFB60FFFC00FFFC8060
:103F0000FFFDE0FFFDE0FFFF20FFFFE0FFFFE0FF20
:103F1000E7E0FFE7E0FFC7E0FF9FE0FF9FE0FF6F04
:103F2000E0FF5FE0FF47E0FF07E0FF07E0FF07E695
:103F3000FF07E8FF07EAFF07F0FF07F0FF07F5FFBD
:103F400007F9FF07FAFF07FFFF07FFFF073FFF061D
:103F50001FFF05FFFF047FFF03FFFF037FFF01FF3C
:103F6000FF01FFFF00BFFF001FFF001FFF0019FF41
:103F70000019FF0015FF0012FF0012FF000EFF00E6
:103F80000EFF000BFF0008FF0008FF0006FF000601
:103F9000FF0006FF0004FF0004FF0003FF0002FF14
:103FA0000002FF0000FF0000FF1082FF3041FF38D9
:103FB00000FF3800FF5000FF5000FF6800FF78004E
:103FC000FF8000FFA000FFA000FFB800FFD000FFAF
:103FD000D000FFF800FFF800FFF8A0FFFA00FFFA9A
:103FE00000FFFB60FFFC00FFFC80FFFDE0FFFDE049
:103FF000FFFF20FFFFE0FFFFE0FFE7E0FFE7E0FF5C
:10400000C7E0FF9FE0FF9FE0FF6FE0FF5FE0FF473B
:10401000E0FF07E0FF07E0FF07E6FF07E8FF07EA2A
:10402000FF07F0FF07F0FF07F5FF07F9FF07FAFFAB
:1040300007FFFF07FFFF073FFF061FFF05FFFF0406
:104040007FFF03FFFF037FFF01FFFF01FFFF00BFB3
:10405000FF001FFF001FFF0019FF0019FF0015FFE1
:104060000012FF0012FF000EFF000EFF000BFF000A
:1040700008FF0008FF0006FF0006FF0006FF00041F
:10408000FF0004FF0003FF0002FF0002FF0000FF2B
:104090000000FF1082FF3041FF3800FF3800FF5062
:1040A00000FF5000FF6800FF7800FF8000FFA000C5
:1040B000FFA000FFB800FFD000FFD000FFF800FF16
:1040C000F800FFF8A0FFFA00FFFA00FFFB60FFFC1A
:1040D00020FFFC80FFFDE0FFFDE0FFFF20FFFFE091
:1040E000FFFFE0FFE7E0FFE7E0FFC7E0FF9FE0FF43
:1040F0009FE0FF6FE0FF5FE0FF47E0FF07E0FF07A3
:10410000E0FF07E6FF07E8FF07EAFF07F0FF07F019
:10411000FF07F5FF07F9FF07FAFF07FFFF07FFFF9C
:10412000073FFF061FFF05FFFF047FFF03FFFF039D
:104130007FFF01FFFF01FFFF00BFFF001FFF001F08
:10414000FF0019FF0019FF0016FF0012FF0012FF09
:10415000000EFF000EFF000BFF0008FF0008FF002D
:1041600006FF0006FF0006FF0004FF0004FF000337
:10417000FF0002FF0002FF0000FF0000FF1082FFAF
:104180003041FF3041FF3041FF4061FF4061FF504F
:1041900000FF6800FF6800FF8861FF8861FF988268
:1041A000FFB041FFB041FFD000FFD821FFD0C1FFD9
:1041B000D1C1FFD1C1FFD301FFD3A1FFD3A1FFD54F
:1041C00001FFD501FFD5E1FFD6A1FFD6A1FFB6A122
:1041D000FFB6A1FFB6A1FF86A1FF86A1FF5EA1FFEA
:1041E0005EA1FF3EA1FF0EA1FF0EA1FF0EA7FF0ED5
:1041F000A7FF0EA7FF0EAEFF0EAEFF0EB2FF0EB56D
:10420000FF0EB5FF0EBAFF0EBBFF0E1AFF0D1AFF11
:104210000CFAFF0B7AFF0B7AFF0B7AFF09DAFF0922
:10422000DAFF089BFF089BFF0019FF0855FF0855A0
:10423000FF0012FF0870FF0870FF000BFF000BFF6C
:10424000000BFF0846FF0846FF0846FF0846FF0828
:1042500046FF0004FF0004FF0003FF0003FF00020D
:10426000FF0841FF0841FF1082FF0000FF0000FF30
:104270000000FF0000FF0000FF0000FF0000FF0043
:1042800000FF0000FF0000FF0000FF0000FF000033
:10429000FF0000FF0000FF0000FF0000FF0000FF24
:1042A0000000FF0000FF0000FF0000FF0000FF0013
:1042B00000FF0000FF0000FF0000FF0000FF000003
:1042C000FF0000FF0000FF0000FF0000FF0000FFF4
:1042D0000000FF0000FF0000FF0000FF0000FF00E3
:1042E00000FF0000FF0000FF0000FF0000FF0000D3
:1042F000FF0000FF0000FF0000FF0000FF0841FF7B
:104300000000FF0000FF0000FF0000FF0000FF00B2
:1043100000FF0000FF0000FF0000FF0000FF0000A2
:10432000FF0000FF0000FF0000FF0000FF0000FF93
:104330000000FF0000FF0000FF0000FF0000FF0082
:1043400000FF0000FF0000FF0000FF0000FF000072
:10435000FF0000FF0000FF0000FF0000FF0000FF63
:104360000000FF0000FF0000FF0000FF0000FF0052
:1043700000FF0000FF0000FF0000FF0000FF000042
:10438000FF0000FF0000FF0000FF0000FF0000FF33
:104390000000FF0000FF0000FF0000FF0000FF0022
:1043A00000FF0000FF0000FF0000FF0000FF000012
:1043B000FF0000FF0000FF0000FF0000FF0000FF03
:1043C0000000FF0000FF0000FF0000FF0000FF00F2
:1043D00000FF0000FF0000FF0000FF0000FF0000E2
:1043E000FF0000FF0000FF0000FF0000FF0000FFD3
:1043F0000000FF0000FF0000FF0000FF0000FF00C2
:1044000000FF0000FF0000FF0000FF0000FF0000B1
:10441000FF0000FF0000FF0000FF0000FF0000FFA2
:104420000000FF0000FF0000FF0000FF0000FF0091
:1044300000FF0000FF0000FF0000FF0000FF000081
:10444000FF0000FF0000FF0000FF0000FF0000FF72
:104450000000FF0000FF0000FF0000FF0000FF0061
:1044600000FF0000FF0000FF0000FF0000FF000051
:10447000FF0000FF0000FF0000FF0000FF0000FF42
:104480000000FF0000FF0000FF0000FF0000FF0031
:1044900000FF0000FF0000FF0000FF0000FF000021
:1044A000FF0000FF0000FF0000FF0000FF0000FF12
:1044B0000000FF0000FF0000FF0000FF0000FF0001
:1044C00000FF0000FF0000FF0000FF0000FF0000F1
:1044D000FF0000FF0000FF0000FF0000FF0000FFE2
:1044E0000000FF0000FF0000FF0000FF0000FF00D1
:1044F00000FF0000FF0000FF0000FF0000FF0000C1
:10450000FF0000FF0000FF0000FF0000FF0000FFB1
:104510000000FF0000FF0000FF0000FF0000FF00A0
:1045200000FF0000FF0000FF494E4600696E660074
:104530004E414E006E616E00300030313233343502
:1045400036373839414243444546003031323334FE
:1045500035363738396162636465660065256C6499
:10456000002C2066756E6374696F6E3A200061736B
:1045700073657274696F6E202225732220666169EB
:104580006C65643A2066696C6520222573222C20B4
:104590006C696E65202564257325730A00496E6673
:1045A000696E697479004E614E005245454E542043
:1045B0006D616C6C6F6320737563636565646564BE
:1045C000002F6275696C642F676E752D746F6F6C48
:1045D000732D666F722D73746D33325F31342E33E9
:1045E0002E72656C312E32303235313032372D300B
:1045F0003730302F7372632F6E65776C69622F6E60
:1046000065776C69622F6C6962632F7374646C697F
:10461000622F64746F612E630042616C6C6F632063
:10462000737563636565646564002F6275696C64A6
:104630002F676E752D746F6F6C732D666F722D738F
:10464000746D33325F31342E332E72656C312E32FD
:10465000303235313032372D303730302F7372638E
:104660002F6E65776C69622F6E65776C69622F6C4F
:104670006962632F7374646C69622F6D7072656315
:104680002E63002E00232D302B2000686C4C00651B
:104690006667454647004300504F534958002F6214
:1046A00075696C642F676E752D746F6F6C732D66F2
:1046B0006F722D73746D33325F31342E332E726509
:1046C0006C312E32303235313032372D3037303098
:1046D0002F7372632F6E65776C69622F6E65776CCE
:1046E00069622F6C6962632F7374646C69622F67EF
:1046F00064746F612D6765746865782E63000000CF
:1047000005000000190000007D000000000000000E
:104710000080E03779C34143176E05B5B5B89346BD
:10472000F5F93FE9034F384D321D30F94877825A89
:104730003CBF737FDD4F1575000000000000F03FA7
:10474000000000000000244000000000000059406C
:104750000000000000408F40000000000088C340BF
:1047600000000000006AF8400000000080842E4134
:1047700000000000D01263410000000084D7974180
:104780000000000065CDCD41000000205FA0024286
:10479000000000E876483742000000A2941A6D42FB
:1047A000000040E59C30A2420000901EC4BCD642EE
:1047B00000003426F56B0C430080E03779C3414399
:1047C00000A0D8855734764300C84E676DC1AB430F
:1047D000003D9160E458E143408CB5781DAF15442D
:1047E00050EFE2D6E41A4B4492D54D06CFF0804408
:1047F000F64AE1C7022DB544B49DD9794378EA441D
:1048000034000000CEFBFFFFCB03000001000000DE
:104810000000000035000000CEFBFFFFCB030000CE
:104820000100000000000000BC89D897B2D29C3C77
:1048300033A7A8D523F649393DA7F444FD0FA53287
:104840009D978CCF08BA5B25436FAC64280668112E
:104850000020202020202020202028282828282050
:104860002020202020202020202020202020202048
:1048700020881010101010101010101010101010B0
:1048800010040404040404040404041010101010A0
:10489000101041414141414101010101010101016A
:1048A00001010101010101010101010110101010BC
:1048B000101042424242424202020202020202023C
:1048C0000202020202020202020202021010101090
:1048D00020000000000000000000000000000000B8
:1048E00000000000000000000000000000000000C8
:1048F00000000000000000000000000000000000B8
:1049000000000000000000000000000000000000A7
:104910000000000000000000000000000000000097
:104920000000000000000000000000000000000087
:104930000000000000000000000000000000000077
:104940000000000000000000000000000000000067
:044950000000000063
:084954008CB8FA7F010000009D
:04495C00C501000889
:04496000A1010008A9
:104964000800000008000000080000000800000023
:10497400317820696E740000000000003878382017
:104984007A6F6E65730000004C4956452056696580
:10499400770000005061676520312F30000000006F
:1049A4004C49564520566965770000000100000017
:1049B400640000000024F400010000001000000066
:1049C40001FFFFFF78B6040878B5040878B404083A
:1049D40000B4040878B6040878B6040878B6040865
:1049E40078B6040800000000C8B60408C8B5040876
:1049F400C8B4040824B40408C8B60408C8B6040833
:104A0400C8B60408C8B6040800000000000000800E
:104A1400D4C3B2A170000000CD6D0208956D0208E8
:104A2400596D0208096D0208EB6B0208656B0208F8
:104A34002F6B0208405903084859030850590308CA
:104A4400905403085859030860590308785403081C
:104A54005903030891030308FFFF0000000000004E
:104A640003000000EC9201200C0100200000000073
:104A7400EC92012054930120BC930120000000001B
:104A84000000000000000000000000000000000022
:104A94000000000000000000000000000000000012
:104AA4000000000000000000000000000000000002
:104AB40000000000000000004300000000000000AF
:104AC40000000000000000000000000000000000E2
:104AD400000000000000000043000000000000008F
:104AE40000000000000000000000000000000000C2
:104AF400000000000000000043000000000000006F
:104B040000000000000000000000000000000000A1
:104B1400000000000000000043000000000000004E
:104B24000000000000000000000000000000000081
:104B3400000000000000000043000000000000002E
:104B44000000000000000000000000000000000061
:104B5400000000000000000043000000000000000E
:104B64000000000000000000000000000000000041
:104B740000000000000000004300000000000000EE
:104B84000000000000000000000000000000000021
:104B94000000000000000000234B0308A34A0308A0
:104BA4000000000050480508834605089C45050898
:104BB4009C4505089C4505089C4505089C45050839
:104BC4009C4505089C4505089C4505089C45050829
:104BD400FFFFFFFFFFFFFFFFFFFFFFFFFFFF0000DF
:104BE4000100415343494900000000000000000057
:104BF40000000000000000000000000000000000B1
:104C04000000415343494900000000000000000037
:104C14000000000000000000000000000000000090
:044C2400000000008C
:0400000508003C3D76
:00000001FF
